tile_global,class,page,page_local,stem,obj_idx,bbox_xmin,bbox_ymin,bbox_xmax,bbox_ymax,image,rendered,mean_miou,poor
1,apple,1,1,apple001S(1),0,326,229,540,401,images\apple001S(1).jpg,True,0.7675176561736312,False
2,apple,1,2,apple001S(2),0,427,214,649,392,images\apple001S(2).jpg,True,0.7289362891924802,False
3,apple,1,3,apple001T(1),0,361,184,585,399,images\apple001T(1).jpg,True,0.7255514266917906,False
4,apple,1,4,apple001T(2),0,386,193,632,426,images\apple001T(2).jpg,True,0.6943659931423543,False
5,apple,1,5,apple002S(1),0,152,124,506,456,images\apple002S(1).jpg,True,0.7740628707833994,False
6,apple,1,6,apple002S(2),0,64,195,439,530,images\apple002S(2).jpg,True,0.7764209712319351,False
7,apple,1,7,apple002S(3),0,103,205,447,525,images\apple002S(3).jpg,True,0.7557980589977964,False
8,apple,1,8,apple002S(4),0,101,204,449,512,images\apple002S(4).jpg,True,0.7554625732334652,False
9,apple,1,9,apple002S(5),0,144,187,475,505,images\apple002S(5).jpg,True,0.7885151640864062,False
10,apple,1,10,apple002S(6),0,142,192,474,511,images\apple002S(6).jpg,True,0.7647989355881305,False
11,apple,1,11,apple002S(7),0,118,169,449,459,images\apple002S(7).jpg,True,0.7711186965128853,False
12,apple,1,12,apple002S(8),0,162,169,487,459,images\apple002S(8).jpg,True,0.7826869524657014,False
13,apple,1,13,apple002T(1),0,296,70,597,379,images\apple002T(1).jpg,True,0.7166652955353582,False
14,apple,1,14,apple002T(2),0,453,80,705,335,images\apple002T(2).jpg,True,0.7332132859432982,False
15,apple,1,15,apple002T(3),0,360,82,606,329,images\apple002T(3).jpg,True,0.7650135738563473,False
16,apple,1,16,apple002T(4),0,336,64,578,316,images\apple002T(4).jpg,True,0.7358420877744549,False
17,apple,1,17,apple002T(5),0,364,101,589,317,images\apple002T(5).jpg,True,0.7322549591456714,False
18,apple,1,18,apple002T(6),0,406,98,629,334,images\apple002T(6).jpg,True,0.7369833626549562,False
19,apple,1,19,apple003S(1),0,92,147,389,435,images\apple003S(1).jpg,True,0.7668299265050258,False
20,apple,1,20,apple003S(2),0,107,198,411,479,images\apple003S(2).jpg,True,0.7522010822785998,False
21,apple,1,21,apple003S(3),0,75,214,397,485,images\apple003S(3).jpg,True,0.7811453729992599,False
22,apple,1,22,apple003S(4),0,72,188,383,460,images\apple003S(4).jpg,True,0.805299257336865,False
23,apple,1,23,apple003S(5),0,62,177,360,460,images\apple003S(5).jpg,True,0.7536880082562876,False
24,apple,1,24,apple003S(6),0,61,149,386,433,images\apple003S(6).jpg,True,0.7591473425421186,False
25,apple,1,25,apple003T(1),0,361,226,583,464,images\apple003T(1).jpg,True,0.7680918513613975,False
26,apple,1,26,apple003T(2),0,379,205,606,455,images\apple003T(2).jpg,True,0.7502434094278965,False
27,apple,1,27,apple004S(1),0,349,161,737,525,images\apple004S(1).jpg,True,0.7638007642734108,False
28,apple,1,28,apple004S(2),0,323,187,690,544,images\apple004S(2).jpg,True,0.7570316157294076,False
29,apple,1,29,apple004S(3),0,377,135,799,533,images\apple004S(3).jpg,True,0.7006533954612573,False
30,apple,1,30,apple004S(4),0,442,152,778,442,images\apple004S(4).jpg,True,0.8103456412068156,False
31,apple,1,31,apple004T(1),0,261,45,577,362,images\apple004T(1).jpg,True,0.7206712294627229,False
32,apple,1,32,apple004T(2),0,418,183,683,433,images\apple004T(2).jpg,True,0.7342759731821962,False
33,apple,1,33,apple004T(3),0,246,90,528,376,images\apple004T(3).jpg,True,0.7335263901679705,False
34,apple,1,34,apple005S(1),0,396,192,698,493,images\apple005S(1).jpg,True,0.743044313703334,False
35,apple,1,35,apple005S(5),0,448,179,745,466,images\apple005S(5).jpg,True,0.786782436242137,False
36,apple,1,36,apple005S(6),0,451,158,798,488,images\apple005S(6).jpg,True,0.7605627074476,False
37,apple,1,37,apple005T(1),0,344,94,591,336,images\apple005T(1).jpg,True,0.7344996392463492,False
38,apple,1,38,apple005T(5),0,335,82,532,289,images\apple005T(5).jpg,True,0.7384955322455322,False
39,apple,1,39,apple005T(6),0,36,167,333,445,images\apple005T(6).jpg,True,0.7305320637235725,False
40,apple,1,40,apple006S(1),0,445,151,729,394,images\apple006S(1).jpg,True,0.7649426305427196,False
41,apple,1,41,apple006S(2),0,293,168,572,375,images\apple006S(2).jpg,True,0.7558107879439402,False
42,apple,1,42,apple006S(3),0,478,145,733,365,images\apple006S(3).jpg,True,0.7759350254524887,False
43,apple,1,43,apple006S(4),0,391,142,642,354,images\apple006S(4).jpg,True,0.7809177032586605,False
44,apple,1,44,apple006T(1),0,112,149,410,447,images\apple006T(1).jpg,True,0.741900219150739,False
45,apple,1,45,apple006T(2),0,455,166,729,427,images\apple006T(2).jpg,True,0.7251097068769112,False
46,apple,1,46,apple006T(3),0,334,250,578,519,images\apple006T(3).jpg,True,0.7613439540237716,False
47,apple,1,47,apple006T(4),0,290,260,543,508,images\apple006T(4).jpg,True,0.7135431689040288,False
48,apple,1,48,apple007S(1),0,413,110,679,358,images\apple007S(1).jpg,True,0.7778048898936946,False
49,apple,1,49,apple007S(2),0,451,186,704,414,images\apple007S(2).jpg,True,0.7667242883314984,False
50,apple,1,50,apple007S(3),0,392,111,662,364,images\apple007S(3).jpg,True,0.7604651887318863,False
51,apple,1,51,apple007S(4),0,447,68,728,337,images\apple007S(4).jpg,True,0.7714590219346031,False
52,apple,1,52,apple007T(1),0,281,83,543,357,images\apple007T(1).jpg,True,0.7574503655186308,False
53,apple,1,53,apple007T(2),0,197,110,458,380,images\apple007T(2).jpg,True,0.7165054973394315,False
54,apple,1,54,apple007T(3),0,251,100,530,383,images\apple007T(3).jpg,True,0.7549856460117689,False
55,apple,1,55,apple007T(4),0,320,57,545,314,images\apple007T(4).jpg,True,0.7327701724197297,False
56,apple,1,56,apple008S(1),0,441,190,662,381,images\apple008S(1).jpg,True,0.7656058156971582,False
57,apple,1,57,apple008S(2),0,443,136,698,349,images\apple008S(2).jpg,True,0.7932446020864077,False
58,apple,1,58,apple008S(3),0,405,83,670,305,images\apple008S(3).jpg,True,0.7456202009407198,False
59,apple,1,59,apple008S(4),0,431,98,708,324,images\apple008S(4).jpg,True,0.7556080452857505,False
60,apple,1,60,apple008T(1),0,146,130,395,384,images\apple008T(1).jpg,True,0.7620023644726843,False
61,apple,1,61,apple008T(2),0,71,189,331,432,images\apple008T(2).jpg,True,0.7321160489529979,False
62,apple,1,62,apple008T(3),0,393,126,644,383,images\apple008T(3).jpg,True,0.7116043373595018,False
63,apple,1,63,apple008T(4),0,144,204,361,420,images\apple008T(4).jpg,True,0.7653743975020821,False
64,apple,1,64,apple009S(1),0,411,121,695,402,images\apple009S(1).jpg,True,0.7816764556984388,False
65,apple,1,65,apple009S(2),0,423,136,688,375,images\apple009S(2).jpg,True,0.7329137480453269,False
66,apple,1,66,apple009S(3),0,372,36,665,317,images\apple009S(3).jpg,True,0.7702725510780135,False
67,apple,1,67,apple009S(4),0,392,129,679,398,images\apple009S(4).jpg,True,0.7536129319260674,False
68,apple,1,68,apple009T(1),0,192,197,458,466,images\apple009T(1).jpg,True,0.7390164525700562,False
69,apple,1,69,apple009T(2),0,218,290,409,488,images\apple009T(2).jpg,True,0.7187535596725386,False
70,apple,1,70,apple009T(3),0,180,250,446,488,images\apple009T(3).jpg,True,0.7275922346423263,False
71,apple,1,71,apple009T(4),0,147,235,413,477,images\apple009T(4).jpg,True,0.7312769812145592,False
72,apple,1,72,apple010S(1),0,429,170,671,400,images\apple010S(1).jpg,True,0.770963860346702,False
73,apple,1,73,apple010S(2),0,476,127,743,373,images\apple010S(2).jpg,True,0.7723973847959185,False
74,apple,1,74,apple010S(3),0,432,165,692,389,images\apple010S(3).jpg,True,0.7615702073173338,False
75,apple,1,75,apple010S(4),0,446,171,688,408,images\apple010S(4).jpg,True,0.7783856417183062,False
76,apple,1,76,apple010T(1),0,143,337,383,597,images\apple010T(1).jpg,True,0.7069115554861991,False
77,apple,1,77,apple010T(2),0,161,267,376,485,images\apple010T(2).jpg,True,0.7344987839362872,False
78,apple,1,78,apple010T(3),0,269,157,430,342,images\apple010T(3).jpg,True,0.7072142312121743,False
79,apple,1,79,apple010T(4),0,120,251,327,466,images\apple010T(4).jpg,True,0.755934651572046,False
80,apple,1,80,apple011S(1),0,410,173,620,361,images\apple011S(1).jpg,True,0.7587433563489119,False
81,apple,2,1,apple011S(2),0,427,168,647,356,images\apple011S(2).jpg,True,0.746100442983674,False
82,apple,2,2,apple011S(3),0,382,212,614,414,images\apple011S(3).jpg,True,0.7972151444211748,False
83,apple,2,3,apple011S(4),0,420,218,636,402,images\apple011S(4).jpg,True,0.7332073435578365,False
84,apple,2,4,apple011S(5),0,463,259,686,450,images\apple011S(5).jpg,True,0.7748526203312429,False
85,apple,2,5,apple011T(1),0,115,260,356,486,images\apple011T(1).jpg,True,0.7411431301873,False
86,apple,2,6,apple011T(2),0,161,247,379,467,images\apple011T(2).jpg,True,0.7197828910980487,False
87,apple,2,7,apple011T(3),0,177,213,405,432,images\apple011T(3).jpg,True,0.74111898992941,False
88,apple,2,8,apple011T(4),0,257,228,499,459,images\apple011T(4).jpg,True,0.7386958875201985,False
89,apple,2,9,apple011T(5),0,145,224,392,451,images\apple011T(5).jpg,True,0.7355802989146165,False
90,apple,2,10,apple012S(1),0,101,95,351,319,images\apple012S(1).jpg,True,0.7790700819249639,False
91,apple,2,11,apple012S(2),0,122,166,382,382,images\apple012S(2).jpg,True,0.7999469696466293,False
92,apple,2,12,apple012S(3),0,261,179,495,381,images\apple012S(3).jpg,True,0.7723421911397033,False
93,apple,2,13,apple012S(4),0,135,88,385,292,images\apple012S(4).jpg,True,0.7731185623528822,False
94,apple,2,14,apple012T(1),0,326,214,557,440,images\apple012T(1).jpg,True,0.7600140067745371,False
95,apple,2,15,apple012T(2),0,320,188,540,409,images\apple012T(2).jpg,True,0.7671339700293481,False
96,apple,2,16,apple012T(3),0,276,234,487,441,images\apple012T(3).jpg,True,0.754549536508292,False
97,apple,2,17,apple012T(4),0,270,230,489,440,images\apple012T(4).jpg,True,0.7449088036765761,False
98,apple,2,18,apple012T(5),0,240,252,439,450,images\apple012T(5).jpg,True,0.6879472720319791,False
99,apple,2,19,apple013S(1),0,445,180,661,385,images\apple013S(1).jpg,True,0.7549945490630958,False
100,apple,2,20,apple013S(2),0,473,175,666,344,images\apple013S(2).jpg,True,0.7706546603747242,False
101,apple,2,21,apple013S(3),0,447,208,634,383,images\apple013S(3).jpg,True,0.7646897074067346,False
102,apple,2,22,apple013S(4),0,447,200,633,379,images\apple013S(4).jpg,True,0.7892209650543279,False
103,apple,2,23,apple013S(5),0,474,199,692,402,images\apple013S(5).jpg,True,0.7619821276131624,False
104,apple,2,24,apple013S(6),0,475,195,692,408,images\apple013S(6).jpg,True,0.7694545958874166,False
105,apple,2,25,apple013S(7),0,464,183,661,385,images\apple013S(7).jpg,True,0.780692379033978,False
106,apple,2,26,apple013S(8),0,510,211,720,417,images\apple013S(8).jpg,True,0.7884587282737046,False
107,apple,2,27,apple013T(1),0,295,257,489,451,images\apple013T(1).jpg,True,0.7198634545990193,False
108,apple,2,28,apple013T(2),0,169,194,383,406,images\apple013T(2).jpg,True,0.7414505443513796,False
109,apple,2,29,apple013T(3),0,269,245,509,483,images\apple013T(3).jpg,True,0.7387856358078855,False
110,apple,2,30,apple013T(4),0,286,257,510,474,images\apple013T(4).jpg,True,0.7439694832879231,False
111,apple,2,31,apple013T(5),0,362,217,576,428,images\apple013T(5).jpg,True,0.7357473463686804,False
112,apple,2,32,apple013T(6),0,193,192,385,389,images\apple013T(6).jpg,True,0.733389159295895,False
113,apple,2,33,apple013T(7),0,321,186,472,347,images\apple013T(7).jpg,True,0.751789392941359,False
114,apple,2,34,apple013T(8),0,246,302,447,506,images\apple013T(8).jpg,True,0.721390628339537,False
115,apple,2,35,apple014S(1),0,28,143,322,380,images\apple014S(1).jpg,True,0.7716639424889529,False
116,apple,2,36,apple014S(2),0,15,124,281,356,images\apple014S(2).jpg,True,0.7850967758468319,False
117,apple,2,37,apple014S(3),0,173,239,398,445,images\apple014S(3).jpg,True,0.7743862833965368,False
118,apple,2,38,apple014S(4),0,123,201,391,428,images\apple014S(4).jpg,True,0.7792566519614914,False
119,apple,2,39,apple014S(5),0,119,175,346,376,images\apple014S(5).jpg,True,0.7441369560611353,False
120,apple,2,40,apple014S(6),0,195,199,409,385,images\apple014S(6).jpg,True,0.7595095943837837,False
121,apple,2,41,apple014S(7),0,208,180,426,382,images\apple014S(7).jpg,True,0.7711237801735638,False
122,apple,2,42,apple014S(8),0,215,167,408,344,images\apple014S(8).jpg,True,0.7588220680076193,False
123,apple,2,43,apple014T(1),0,365,270,613,492,images\apple014T(1).jpg,True,0.734493456430163,False
124,apple,2,44,apple014T(2),0,390,263,611,466,images\apple014T(2).jpg,True,0.7328684172376101,False
125,apple,2,45,apple014T(3),0,382,242,614,455,images\apple014T(3).jpg,True,0.7415974907071967,False
126,apple,2,46,apple014T(4),0,291,268,507,472,images\apple014T(4).jpg,True,0.7314861756238515,False
127,apple,2,47,apple014T(5),0,348,240,573,443,images\apple014T(5).jpg,True,0.7612787930379039,False
128,apple,2,48,apple014T(6),0,299,243,533,454,images\apple014T(6).jpg,True,0.7138209215707565,False
129,apple,2,49,apple014T(7),0,349,216,559,445,images\apple014T(7).jpg,True,0.7453978646911549,False
130,apple,2,50,apple014T(8),0,413,250,626,450,images\apple014T(8).jpg,True,0.7385283728827333,False
131,apple,2,51,apple015S(1),0,387,239,605,434,images\apple015S(1).jpg,True,0.7744255187540763,False
132,apple,2,52,apple015S(10),0,362,196,581,390,images\apple015S(10).jpg,True,0.7790559334445226,False
133,apple,2,53,apple015S(11),0,387,173,600,367,images\apple015S(11).jpg,True,0.7618750398047084,False
134,apple,2,54,apple015S(12),0,379,171,599,371,images\apple015S(12).jpg,True,0.7809735657099218,False
135,apple,2,55,apple015S(13),0,447,227,662,415,images\apple015S(13).jpg,True,0.7656257998921261,False
136,apple,2,56,apple015S(2),0,393,225,604,409,images\apple015S(2).jpg,True,0.7930021358708925,False
137,apple,2,57,apple015S(3),0,412,256,625,444,images\apple015S(3).jpg,True,0.7695226648351647,False
138,apple,2,58,apple015S(4),0,396,162,622,356,images\apple015S(4).jpg,True,0.7874076536074058,False
139,apple,2,59,apple015S(5),0,409,222,612,412,images\apple015S(5).jpg,True,0.790306898621747,False
140,apple,2,60,apple015S(6),0,384,244,598,428,images\apple015S(6).jpg,True,0.772761945445525,False
141,apple,2,61,apple015S(7),0,420,182,633,373,images\apple015S(7).jpg,True,0.7378827471716676,False
142,apple,2,62,apple015S(8),0,396,233,609,414,images\apple015S(8).jpg,True,0.8097063743476147,False
143,apple,2,63,apple015S(9),0,407,238,614,422,images\apple015S(9).jpg,True,0.7973610596778881,False
144,apple,2,64,apple015T(1),0,342,247,631,508,images\apple015T(1).jpg,True,0.7263908257905579,False
145,apple,2,65,apple015T(10),0,365,210,591,431,images\apple015T(10).jpg,True,0.7617185635037124,False
146,apple,2,66,apple015T(11),0,369,277,595,500,images\apple015T(11).jpg,True,0.7350112917912089,False
147,apple,2,67,apple015T(12),0,324,219,575,466,images\apple015T(12).jpg,True,0.7348872954734774,False
148,apple,2,68,apple015T(13),0,385,193,661,481,images\apple015T(13).jpg,True,0.732897959244458,False
149,apple,2,69,apple015T(2),0,398,207,625,439,images\apple015T(2).jpg,True,0.7501055848751805,False
150,apple,2,70,apple015T(3),0,436,207,723,469,images\apple015T(3).jpg,True,0.7335121259200126,False
151,apple,2,71,apple015T(4),0,404,229,678,503,images\apple015T(4).jpg,True,0.7574829993963874,False
152,apple,2,72,apple015T(5),0,390,185,695,478,images\apple015T(5).jpg,True,0.7364791116014906,False
153,apple,2,73,apple015T(6),0,406,235,666,482,images\apple015T(6).jpg,True,0.7447443677054106,False
154,apple,2,74,apple015T(7),0,440,246,714,534,images\apple015T(7).jpg,True,0.7474621760093267,False
155,apple,2,75,apple015T(8),0,401,236,656,474,images\apple015T(8).jpg,True,0.7345473404326024,False
156,apple,2,76,apple015T(9),0,321,243,573,501,images\apple015T(9).jpg,True,0.7422351766503634,False
157,apple,2,77,apple016S(1),0,381,155,594,358,images\apple016S(1).jpg,True,0.7744391501468482,False
158,apple,2,78,apple016S(10),0,392,148,606,340,images\apple016S(10).jpg,True,0.7996233747055754,False
159,apple,2,79,apple016S(11),0,398,154,615,360,images\apple016S(11).jpg,True,0.7782296697670561,False
160,apple,2,80,apple016S(12),0,394,131,613,341,images\apple016S(12).jpg,True,0.7843234434095295,False
161,apple,3,1,apple016S(13),0,418,140,645,344,images\apple016S(13).jpg,True,0.7846227360003132,False
162,apple,3,2,apple016S(14),0,394,147,630,365,images\apple016S(14).jpg,True,0.7611358702700588,False
163,apple,3,3,apple016S(15),0,404,182,611,386,images\apple016S(15).jpg,True,0.7983001400652273,False
164,apple,3,4,apple016S(16),0,426,134,643,339,images\apple016S(16).jpg,True,0.7640890883339901,False
165,apple,3,5,apple016S(17),0,420,139,643,345,images\apple016S(17).jpg,True,0.786937723391325,False
166,apple,3,6,apple016S(18),0,372,149,589,351,images\apple016S(18).jpg,True,0.7735374906664791,False
167,apple,3,7,apple016S(19),0,414,120,637,326,images\apple016S(19).jpg,True,0.7840358223854211,False
168,apple,3,8,apple016S(2),0,461,87,695,301,images\apple016S(2).jpg,True,0.7722084409125888,False
169,apple,3,9,apple016S(20),0,432,140,645,351,images\apple016S(20).jpg,True,0.7683006469024629,False
170,apple,3,10,apple016S(21),0,421,142,656,356,images\apple016S(21).jpg,True,0.7779820999127155,False
171,apple,3,11,apple016S(22),0,406,139,633,345,images\apple016S(22).jpg,True,0.7696775354619442,False
172,apple,3,12,apple016S(23),0,408,176,620,373,images\apple016S(23).jpg,True,0.7750508855124711,False
173,apple,3,13,apple016S(24),0,434,137,645,348,images\apple016S(24).jpg,True,0.7592672232991875,False
174,apple,3,14,apple016S(25),0,403,148,627,351,images\apple016S(25).jpg,True,0.7989502779304869,False
175,apple,3,15,apple016S(3),0,398,144,617,341,images\apple016S(3).jpg,True,0.7806351611053661,False
176,apple,3,16,apple016S(4),0,401,138,628,339,images\apple016S(4).jpg,True,0.7681953028121816,False
177,apple,3,17,apple016S(5),0,404,124,629,336,images\apple016S(5).jpg,True,0.7670368080480559,False
178,apple,3,18,apple016S(6),0,399,141,631,346,images\apple016S(6).jpg,True,0.8047677856583068,False
179,apple,3,19,apple016S(7),0,366,139,592,348,images\apple016S(7).jpg,True,0.7592069380499707,False
180,apple,3,20,apple016S(8),0,403,120,618,330,images\apple016S(8).jpg,True,0.7918369119185926,False
181,apple,3,21,apple016S(9),0,394,142,606,348,images\apple016S(9).jpg,True,0.7693475400808756,False
182,apple,3,22,apple016T(1),0,421,225,639,440,images\apple016T(1).jpg,True,0.7576589358145177,False
183,apple,3,23,apple016T(10),0,370,194,604,429,images\apple016T(10).jpg,True,0.7738270318831093,False
184,apple,3,24,apple016T(11),0,415,156,662,412,images\apple016T(11).jpg,True,0.7419820510642218,False
185,apple,3,25,apple016T(12),0,411,192,648,427,images\apple016T(12).jpg,True,0.7310325731045715,False
186,apple,3,26,apple016T(13),0,415,216,650,440,images\apple016T(13).jpg,True,0.7775378216370338,False
187,apple,3,27,apple016T(14),0,326,206,520,400,images\apple016T(14).jpg,True,0.7155507193755833,False
188,apple,3,28,apple016T(15),0,397,229,624,447,images\apple016T(15).jpg,True,0.7292939179939397,False
189,apple,3,29,apple016T(16),0,398,217,601,416,images\apple016T(16).jpg,True,0.7372911488690586,False
190,apple,3,30,apple016T(17),0,350,209,558,422,images\apple016T(17).jpg,True,0.719297527825162,False
191,apple,3,31,apple016T(18),0,413,219,663,466,images\apple016T(18).jpg,True,0.758840865627668,False
192,apple,3,32,apple016T(19),0,406,204,642,449,images\apple016T(19).jpg,True,0.7385932279738,False
193,apple,3,33,apple016T(2),0,359,228,587,460,images\apple016T(2).jpg,True,0.7414911755721384,False
194,apple,3,34,apple016T(20),0,381,255,615,481,images\apple016T(20).jpg,True,0.7471211516297017,False
195,apple,3,35,apple016T(21),0,355,220,555,426,images\apple016T(21).jpg,True,0.760194629531942,False
196,apple,3,36,apple016T(22),0,401,244,614,454,images\apple016T(22).jpg,True,0.7490439782715107,False
197,apple,3,37,apple016T(23),0,400,180,621,406,images\apple016T(23).jpg,True,0.7171675495568633,False
198,apple,3,38,apple016T(24),0,414,222,663,461,images\apple016T(24).jpg,True,0.7423570697340477,False
199,apple,3,39,apple016T(25),0,358,236,585,453,images\apple016T(25).jpg,True,0.7506828760100797,False
200,apple,3,40,apple016T(3),0,312,153,559,408,images\apple016T(3).jpg,True,0.7445633905256284,False
201,apple,3,41,apple016T(4),0,369,176,606,426,images\apple016T(4).jpg,True,0.7397213671620384,False
202,apple,3,42,apple016T(5),0,368,199,605,432,images\apple016T(5).jpg,True,0.740945753924567,False
203,apple,3,43,apple016T(6),0,363,183,629,451,images\apple016T(6).jpg,True,0.729142347100252,False
204,apple,3,44,apple016T(7),0,371,186,623,428,images\apple016T(7).jpg,True,0.735735444324565,False
205,apple,3,45,apple016T(8),0,384,177,599,407,images\apple016T(8).jpg,True,0.7476989548785268,False
206,apple,3,46,apple016T(9),0,368,200,619,440,images\apple016T(9).jpg,True,0.7516905977163885,False
207,apple,3,47,apple017S(1),0,442,228,676,417,images\apple017S(1).jpg,True,0.7910229561699196,False
208,apple,3,48,apple017S(10),0,453,223,689,436,images\apple017S(10).jpg,True,0.7485273399412824,False
209,apple,3,49,apple017S(11),0,426,194,669,406,images\apple017S(11).jpg,True,0.755753636809265,False
210,apple,3,50,apple017S(12),0,430,201,672,409,images\apple017S(12).jpg,True,0.7543871088780898,False
211,apple,3,51,apple017S(13),0,418,222,658,428,images\apple017S(13).jpg,True,0.7514774398269424,False
212,apple,3,52,apple017S(14),0,428,235,656,433,images\apple017S(14).jpg,True,0.7773820233940995,False
213,apple,3,53,apple017S(15),0,451,207,700,422,images\apple017S(15).jpg,True,0.7801090891257931,False
214,apple,3,54,apple017S(16),0,421,209,656,410,images\apple017S(16).jpg,True,0.763692173444656,False
215,apple,3,55,apple017S(17),0,425,216,663,421,images\apple017S(17).jpg,True,0.7864013288457213,False
216,apple,3,56,apple017S(18),0,437,226,675,428,images\apple017S(18).jpg,True,0.7550305495221349,False
217,apple,3,57,apple017S(19),0,436,201,674,400,images\apple017S(19).jpg,True,0.7533495879907559,False
218,apple,3,58,apple017S(2),0,451,250,691,459,images\apple017S(2).jpg,True,0.7786671064701656,False
219,apple,3,59,apple017S(20),0,420,222,660,422,images\apple017S(20).jpg,True,0.7670924288531711,False
220,apple,3,60,apple017S(21),0,455,207,688,406,images\apple017S(21).jpg,True,0.7756526832377817,False
221,apple,3,61,apple017S(22),0,450,196,686,401,images\apple017S(22).jpg,True,0.7559200230907546,False
222,apple,3,62,apple017S(23),0,418,221,659,419,images\apple017S(23).jpg,True,0.7756847528656177,False
223,apple,3,63,apple017S(24),0,428,213,671,412,images\apple017S(24).jpg,True,0.756627706217238,False
224,apple,3,64,apple017S(25),0,432,202,661,404,images\apple017S(25).jpg,True,0.7922186762310329,False
225,apple,3,65,apple017S(26),0,439,185,679,386,images\apple017S(26).jpg,True,0.7775593812726143,False
226,apple,3,66,apple017S(27),0,413,234,643,427,images\apple017S(27).jpg,True,0.813225334615912,False
227,apple,3,67,apple017S(3),0,424,245,661,451,images\apple017S(3).jpg,True,0.7575303896062348,False
228,apple,3,68,apple017S(4),0,405,233,645,434,images\apple017S(4).jpg,True,0.7742357061202462,False
229,apple,3,69,apple017S(5),0,448,224,685,428,images\apple017S(5).jpg,True,0.7726150743132476,False
230,apple,3,70,apple017S(6),0,411,207,651,420,images\apple017S(6).jpg,True,0.7846795085326573,False
231,apple,3,71,apple017S(7),0,430,226,665,434,images\apple017S(7).jpg,True,0.79157984876627,False
232,apple,3,72,apple017S(8),0,422,246,655,451,images\apple017S(8).jpg,True,0.7673732209092974,False
233,apple,3,73,apple017S(9),0,441,221,674,428,images\apple017S(9).jpg,True,0.7203847628067596,False
234,apple,3,74,apple017T(1),0,404,242,645,479,images\apple017T(1).jpg,True,0.7488576605629325,False
235,apple,3,75,apple017T(10),0,417,189,641,412,images\apple017T(10).jpg,True,0.6924484202045678,False
236,apple,3,76,apple017T(11),0,420,208,660,435,images\apple017T(11).jpg,True,0.7398511133492949,False
237,apple,3,77,apple017T(12),0,406,208,657,451,images\apple017T(12).jpg,True,0.7460849637742588,False
238,apple,3,78,apple017T(13),0,414,178,641,394,images\apple017T(13).jpg,True,0.7223665002619585,False
239,apple,3,79,apple017T(14),0,373,197,590,403,images\apple017T(14).jpg,True,0.7213270407925848,False
240,apple,3,80,apple017T(15),0,423,228,629,433,images\apple017T(15).jpg,True,0.7370690076880726,False
241,apple,4,1,apple017T(16),0,408,179,660,419,images\apple017T(16).jpg,True,0.7438761587978793,False
242,apple,4,2,apple017T(17),0,439,225,674,453,images\apple017T(17).jpg,True,0.7262227594797994,False
243,apple,4,3,apple017T(18),0,367,194,577,408,images\apple017T(18).jpg,True,0.7309315425950527,False
244,apple,4,4,apple017T(19),0,392,187,628,421,images\apple017T(19).jpg,True,0.7456855481755913,False
245,apple,4,5,apple017T(2),0,383,233,627,473,images\apple017T(2).jpg,True,0.7418705868079757,False
246,apple,4,6,apple017T(20),0,402,235,627,459,images\apple017T(20).jpg,True,0.7396357829225443,False
247,apple,4,7,apple017T(21),0,351,187,566,396,images\apple017T(21).jpg,True,0.7602688665914681,False
248,apple,4,8,apple017T(22),0,424,229,631,435,images\apple017T(22).jpg,True,0.7603630875104229,False
249,apple,4,9,apple017T(23),0,407,253,624,466,images\apple017T(23).jpg,True,0.782388376116429,False
250,apple,4,10,apple017T(24),0,356,195,560,398,images\apple017T(24).jpg,True,0.7249505525654398,False
251,apple,4,11,apple017T(25),0,351,202,582,414,images\apple017T(25).jpg,True,0.723401018886424,False
252,apple,4,12,apple017T(26),0,375,205,621,441,images\apple017T(26).jpg,True,0.7388758856275304,False
253,apple,4,13,apple017T(27),0,342,183,577,420,images\apple017T(27).jpg,True,0.7092034475949986,False
254,apple,4,14,apple017T(3),0,373,199,594,421,images\apple017T(3).jpg,True,0.7396457625812565,False
255,apple,4,15,apple017T(4),0,409,203,626,417,images\apple017T(4).jpg,True,0.7635189753670651,False
256,apple,4,16,apple017T(5),0,374,217,579,418,images\apple017T(5).jpg,True,0.732246653598593,False
257,apple,4,17,apple017T(6),0,364,185,583,395,images\apple017T(6).jpg,True,0.7186207674707561,False
258,apple,4,18,apple017T(7),0,415,211,643,436,images\apple017T(7).jpg,True,0.7459284068662575,False
259,apple,4,19,apple017T(8),0,413,173,636,395,images\apple017T(8).jpg,True,0.7639887883404632,False
260,apple,4,20,apple017T(9),0,395,137,629,367,images\apple017T(9).jpg,True,0.7223984777115131,False
261,apple,4,21,apple018S(1),0,446,192,644,369,images\apple018S(1).jpg,True,0.7728592620185415,False
262,apple,4,22,apple018S(10),0,444,176,646,365,images\apple018S(10).jpg,True,0.7674086832258187,False
263,apple,4,23,apple018S(11),0,456,146,665,331,images\apple018S(11).jpg,True,0.7921128592894263,False
264,apple,4,24,apple018S(2),0,381,173,597,354,images\apple018S(2).jpg,True,0.7869920495595026,False
265,apple,4,25,apple018S(3),0,433,180,623,358,images\apple018S(3).jpg,True,0.7664658024668801,False
266,apple,4,26,apple018S(4),0,436,191,644,367,images\apple018S(4).jpg,True,0.7539061557943754,False
267,apple,4,27,apple018S(5),0,467,190,658,357,images\apple018S(5).jpg,True,0.8109178289204376,False
268,apple,4,28,apple018S(6),0,449,194,655,371,images\apple018S(6).jpg,True,0.7827047141235689,False
269,apple,4,29,apple018S(7),0,472,192,672,370,images\apple018S(7).jpg,True,0.7771859378589605,False
270,apple,4,30,apple018S(8),0,442,191,654,364,images\apple018S(8).jpg,True,0.7634657372268219,False
271,apple,4,31,apple018S(9),0,447,165,646,339,images\apple018S(9).jpg,True,0.7611463762007225,False
272,apple,4,32,apple018T(1),0,417,244,631,445,images\apple018T(1).jpg,True,0.7811041215152875,False
273,apple,4,33,apple018T(10),0,422,202,664,434,images\apple018T(10).jpg,True,0.761665179821922,False
274,apple,4,34,apple018T(11),0,432,234,645,457,images\apple018T(11).jpg,True,0.7291961669120204,False
275,apple,4,35,apple018T(2),0,387,203,624,436,images\apple018T(2).jpg,True,0.7638688309943902,False
276,apple,4,36,apple018T(3),0,452,203,693,431,images\apple018T(3).jpg,True,0.7517415078919077,False
277,apple,4,37,apple018T(4),0,434,254,639,466,images\apple018T(4).jpg,True,0.7800569879620185,False
278,apple,4,38,apple018T(5),0,415,213,672,462,images\apple018T(5).jpg,True,0.7676722560468443,False
279,apple,4,39,apple018T(6),0,440,202,674,444,images\apple018T(6).jpg,True,0.7789567748307911,False
280,apple,4,40,apple018T(7),0,398,222,639,445,images\apple018T(7).jpg,True,0.7736011753862643,False
281,apple,4,41,apple018T(8),0,394,218,622,450,images\apple018T(8).jpg,True,0.7621291238260992,False
282,apple,4,42,apple018T(9),0,435,212,659,428,images\apple018T(9).jpg,True,0.7561757227038801,False
283,apple,4,43,apple019S(1),0,275,59,487,257,images\apple019S(1).jpg,True,0.7482056748388406,False
284,apple,4,44,apple019S(2),0,281,52,487,239,images\apple019S(2).jpg,True,0.7370269000661736,False
285,apple,4,45,apple019S(3),0,256,51,493,270,images\apple019S(3).jpg,True,0.7372899159663866,False
286,apple,4,46,apple019S(4),0,243,45,465,257,images\apple019S(4).jpg,True,0.7415849014456354,False
287,apple,4,47,apple019S(5),0,253,40,451,229,images\apple019S(5).jpg,True,0.7517170976897019,False
288,apple,4,48,apple019S(6),0,251,46,470,243,images\apple019S(6).jpg,True,0.7556382249349659,False
289,apple,4,49,apple019S(7),0,268,65,474,260,images\apple019S(7).jpg,True,0.7465835131928258,False
290,apple,4,50,apple019T(1),0,156,96,284,227,images\apple019T(1).jpg,True,0.6522747957876477,False
291,apple,4,51,apple019T(2),0,116,63,256,194,images\apple019T(2).jpg,True,0.7196595009444953,False
292,apple,4,52,apple019T(3),0,141,75,269,202,images\apple019T(3).jpg,True,0.7121429321828789,False
293,apple,4,53,apple019T(4),0,118,107,246,227,images\apple019T(4).jpg,True,0.6913306677017659,False
294,apple,4,54,apple019T(5),0,138,133,272,262,images\apple019T(5).jpg,True,0.6998770430349377,False
295,apple,4,55,apple019T(6),0,217,148,354,282,images\apple019T(6).jpg,True,0.7202457892675285,False
296,apple,4,56,apple019T(7),0,130,114,272,241,images\apple019T(7).jpg,True,0.6813538024475525,False
297,apple,4,57,mix001S(1),1,328,220,566,443,images\mix001S(1).jpg,True,0.7848835944018692,False
298,apple,4,58,mix001S(2),1,322,231,560,461,images\mix001S(2).jpg,True,0.751102604402358,False
299,apple,4,59,mix001T(1),0,172,223,417,469,images\mix001T(1).jpg,True,0.7743259450771417,False
300,apple,4,60,mix001T(2),1,366,236,580,444,images\mix001T(2).jpg,True,0.7567281454695122,False
301,apple,4,61,mix002S(1),1,510,214,748,418,images\mix002S(1).jpg,True,0.7077666264125518,False
302,apple,4,62,mix002S(2),1,463,216,696,422,images\mix002S(2).jpg,True,0.7269810954244518,False
303,apple,4,63,mix002S(3),1,521,163,775,386,images\mix002S(3).jpg,True,0.7171730639300785,False
304,apple,4,64,mix002S(4),0,343,62,538,268,images\mix002S(4).jpg,True,0.6716093855523422,False
305,apple,4,65,mix002T(1),1,354,39,584,276,images\mix002T(1).jpg,True,0.6442832289674661,False
306,apple,4,66,mix002T(2),0,351,126,528,308,images\mix002T(2).jpg,True,0.6186220464272485,False
307,apple,4,67,mix002T(3),0,314,34,528,255,images\mix002T(3).jpg,True,0.6504231115505629,False
308,apple,4,68,mix002T(4),1,460,152,716,369,images\mix002T(4).jpg,True,0.7606289621195189,False
309,apple,4,69,mix003S(1),0,109,233,310,414,images\mix003S(1).jpg,True,0.7769032304186192,False
310,apple,4,70,mix003S(2),1,320,257,518,436,images\mix003S(2).jpg,True,0.7775933725841019,False
311,apple,4,71,mix003S(3),0,63,235,283,432,images\mix003S(3).jpg,True,0.7947732959268663,False
312,apple,4,72,mix003T(1),0,352,117,609,347,images\mix003T(1).jpg,True,0.7515122125405033,False
313,apple,4,73,mix003T(2),0,368,89,597,307,images\mix003T(2).jpg,True,0.7563730873800457,False
314,apple,4,74,mix003T(3),1,311,342,512,533,images\mix003T(3).jpg,True,0.7688233203254585,False
315,apple,4,75,mix004S(1),1,495,150,698,349,images\mix004S(1).jpg,True,0.8033817215748189,False
316,apple,4,76,mix004S(2),1,515,209,747,408,images\mix004S(2).jpg,True,0.8053651926351314,False
317,apple,4,77,mix004S(3),0,313,183,526,386,images\mix004S(3).jpg,True,0.8178582663371715,False
318,apple,4,78,mix004S(4),0,316,148,534,363,images\mix004S(4).jpg,True,0.7721514572925893,False
319,apple,4,79,mix004T(1),0,300,144,521,361,images\mix004T(1).jpg,True,0.7798621402928841,False
320,apple,4,80,mix004T(2),1,356,343,571,559,images\mix004T(2).jpg,True,0.7522795014324334,False
321,apple,5,1,mix004T(3),1,242,360,456,577,images\mix004T(3).jpg,True,0.7563830582344203,False
322,apple,5,2,mix004T(4),0,339,110,554,327,images\mix004T(4).jpg,True,0.7634386745018924,False
323,banana,1,1,banana001S(1),0,226,299,564,387,images\banana001S(1).jpg,True,0.7947227080747606,False
324,banana,1,2,banana001S(2),0,106,286,511,371,images\banana001S(2).jpg,True,0.7836913494936367,False
325,banana,1,3,banana001S(3),0,216,260,609,352,images\banana001S(3).jpg,True,0.7272958286709448,False
326,banana,1,4,banana001T(1),0,284,188,633,330,images\banana001T(1).jpg,True,0.6188531335973837,False
327,banana,1,5,banana001T(2),0,271,166,631,384,images\banana001T(2).jpg,True,0.5879726638669749,False
328,banana,1,6,banana001T(3),0,220,246,598,389,images\banana001T(3).jpg,True,0.6160955283760305,False
329,banana,1,7,banana001T(4),0,339,184,666,369,images\banana001T(4).jpg,True,0.5831717552100824,False
330,banana,1,8,banana002S(1),0,31,371,369,554,images\banana002S(1).jpg,True,0.7830486227192214,False
331,banana,1,9,banana002S(2),0,107,339,372,494,images\banana002S(2).jpg,True,0.6518756754270998,False
332,banana,1,10,banana002S(3),0,466,291,772,450,images\banana002S(3).jpg,True,0.7746754968917788,False
333,banana,1,11,banana002T(1),0,95,83,646,503,images\banana002T(1).jpg,True,0.5851485490992976,False
334,banana,1,12,banana002T(2),0,106,143,654,456,images\banana002T(2).jpg,True,0.5937664950163285,False
335,banana,1,13,banana002T(3),0,73,79,719,442,images\banana002T(3).jpg,True,0.5866571304531989,False
336,banana,1,14,banana003S(1),0,157,219,586,333,images\banana003S(1).jpg,True,0.7063800274506937,False
337,banana,1,15,banana003S(2),0,143,257,536,368,images\banana003S(2).jpg,True,0.7487875723150523,False
338,banana,1,16,banana003S(3),0,140,255,537,361,images\banana003S(3).jpg,True,0.7832109415258429,False
339,banana,1,17,banana003T(1),0,338,119,515,462,images\banana003T(1).jpg,True,0.6300030082147942,False
340,banana,1,18,banana003T(2),0,254,197,413,561,images\banana003T(2).jpg,True,0.6525818398736567,False
341,banana,1,19,banana004S(1),0,490,325,751,481,images\banana004S(1).jpg,True,0.715750555195915,False
342,banana,1,20,banana004S(2),0,274,327,778,493,images\banana004S(2).jpg,True,0.7641834672219234,False
343,banana,1,21,banana004S(3),0,435,320,745,489,images\banana004S(3).jpg,True,0.6897586757404435,False
344,banana,1,22,banana004T(1),0,294,101,745,399,images\banana004T(1).jpg,True,0.522022101194115,False
345,banana,1,23,banana004T(2),0,283,59,670,516,images\banana004T(2).jpg,True,0.5361053022297521,False
346,banana,1,24,banana004T(3),0,182,95,754,343,images\banana004T(3).jpg,True,0.609402032900401,False
347,banana,1,25,banana005S(1),0,81,155,573,240,images\banana005S(1).jpg,True,0.7406504938910277,False
348,banana,1,26,banana005S(2),0,49,214,582,321,images\banana005S(2).jpg,True,0.7759035117542308,False
349,banana,1,27,banana005S(3),0,49,99,392,237,images\banana005S(3).jpg,True,0.6743942465603966,False
350,banana,1,28,banana005T(1),0,248,60,545,540,images\banana005T(1).jpg,True,0.5448316696438504,False
351,banana,1,29,banana005T(2),0,184,78,451,539,images\banana005T(2).jpg,True,0.5650457343155412,False
352,banana,1,30,banana005T(3),0,127,235,653,494,images\banana005T(3).jpg,True,0.5898038979044652,False
353,banana,1,31,banana006S(1),0,404,270,681,362,images\banana006S(1).jpg,True,0.6969742375914025,False
354,banana,1,32,banana006S(2),0,464,290,699,386,images\banana006S(2).jpg,True,0.719721454550776,False
355,banana,1,33,banana006S(3),0,287,226,728,327,images\banana006S(3).jpg,True,0.757896330898778,False
356,banana,1,34,banana006T(1),0,180,164,680,501,images\banana006T(1).jpg,True,0.5797322305752138,False
357,banana,1,35,banana006T(2),0,156,130,589,374,images\banana006T(2).jpg,True,0.6017924329102342,False
358,banana,1,36,banana006T(3),0,75,147,405,648,images\banana006T(3).jpg,True,0.5540359396366337,False
359,banana,1,37,banana007S(1),0,217,257,481,364,images\banana007S(1).jpg,True,0.6759377545282924,False
360,banana,1,38,banana007S(2),0,306,268,706,355,images\banana007S(2).jpg,True,0.7804476367734348,False
361,banana,1,39,banana007S(3),0,339,262,707,356,images\banana007S(3).jpg,True,0.7950619318696426,False
362,banana,1,40,banana007T(1),0,158,261,543,513,images\banana007T(1).jpg,True,0.6196455597759555,False
363,banana,1,41,banana007T(2),0,135,139,421,626,images\banana007T(2).jpg,True,0.578461694846221,False
364,banana,1,42,banana007T(3),0,362,89,640,565,images\banana007T(3).jpg,True,0.5827186942928237,False
365,banana,1,43,banana008S(1),0,266,242,757,339,images\banana008S(1).jpg,True,0.76323958124114,False
366,banana,1,44,banana008S(2),0,307,352,736,460,images\banana008S(2).jpg,True,0.7808719472679356,False
367,banana,1,45,banana008S(3),0,384,194,738,297,images\banana008S(3).jpg,True,0.7321794694606947,False
368,banana,1,46,banana008S(4),0,277,264,800,387,images\banana008S(4).jpg,True,0.763854432679762,False
369,banana,1,47,banana008S(5),0,305,262,791,381,images\banana008S(5).jpg,True,0.7680898404204359,False
370,banana,1,48,banana008T(1),0,268,15,503,546,images\banana008T(1).jpg,True,0.587741856424134,False
371,banana,1,49,banana008T(2),0,239,164,776,417,images\banana008T(2).jpg,True,0.5995656375158671,False
372,banana,1,50,banana008T(3),0,215,242,664,437,images\banana008T(3).jpg,True,0.5797793729794484,False
373,banana,1,51,banana008T(4),0,352,100,566,558,images\banana008T(4).jpg,True,0.5580731312789344,False
374,banana,1,52,banana008T(5),0,346,71,548,514,images\banana008T(5).jpg,True,0.5970789064308413,False
375,banana,1,53,banana009S(1),0,11,292,507,384,images\banana009S(1).jpg,True,0.737681581346358,False
376,banana,1,54,banana009S(2),0,13,277,585,366,images\banana009S(2).jpg,True,0.7768833128093178,False
377,banana,1,55,banana009S(3),0,29,241,528,351,images\banana009S(3).jpg,True,0.7831411756457112,False
378,banana,1,56,banana009S(4),0,18,258,553,336,images\banana009S(4).jpg,True,0.7942589929653943,False
379,banana,1,57,banana009S(5),0,64,257,554,361,images\banana009S(5).jpg,True,0.7599784462527948,False
380,banana,1,58,banana009S(6),0,64,231,567,338,images\banana009S(6).jpg,True,0.7787659907951003,False
381,banana,1,59,banana009S(7),0,8,256,573,356,images\banana009S(7).jpg,True,0.7183627009654052,False
382,banana,1,60,banana009S(8),0,116,258,561,353,images\banana009S(8).jpg,True,0.7705403202206527,False
383,banana,1,61,banana009T(1),0,275,56,516,549,images\banana009T(1).jpg,True,0.5451008649688661,False
384,banana,1,62,banana009T(2),0,409,67,578,494,images\banana009T(2).jpg,True,0.562330537899337,False
385,banana,1,63,banana009T(3),0,372,65,575,551,images\banana009T(3).jpg,True,0.5748255055879072,False
386,banana,1,64,banana009T(4),0,338,50,557,489,images\banana009T(4).jpg,True,0.5615008431989836,False
387,banana,1,65,banana009T(5),0,382,58,598,566,images\banana009T(5).jpg,True,0.5826058844055975,False
388,banana,1,66,banana009T(6),0,306,50,569,503,images\banana009T(6).jpg,True,0.5304687162983701,False
389,banana,1,67,banana009T(7),0,283,112,517,533,images\banana009T(7).jpg,True,0.5402163063460113,False
390,banana,1,68,banana009T(8),0,235,126,423,558,images\banana009T(8).jpg,True,0.5270637434628651,False
391,banana,1,69,banana010S(1),0,286,277,783,381,images\banana010S(1).jpg,True,0.71460495858233,False
392,banana,1,70,banana010S(2),0,280,297,750,388,images\banana010S(2).jpg,True,0.7817312675431896,False
393,banana,1,71,banana010S(3),0,162,287,567,378,images\banana010S(3).jpg,True,0.7722076344500923,False
394,banana,1,72,banana010S(4),0,154,320,570,423,images\banana010S(4).jpg,True,0.7987476446721105,False
395,banana,1,73,banana010S(5),0,74,256,560,335,images\banana010S(5).jpg,True,0.7973010981973572,False
396,banana,1,74,banana010S(6),0,252,287,754,390,images\banana010S(6).jpg,True,0.7778818723670038,False
397,banana,1,75,banana010S(7),0,332,292,786,409,images\banana010S(7).jpg,True,0.7499938741638854,False
398,banana,1,76,banana010S(8),0,323,347,791,469,images\banana010S(8).jpg,True,0.7584154783335957,False
399,banana,1,77,banana010T(1),0,346,137,542,554,images\banana010T(1).jpg,True,0.5786932783066567,False
400,banana,1,78,banana010T(2),0,180,113,395,517,images\banana010T(2).jpg,True,0.5553164110249735,False
401,banana,1,79,banana010T(3),0,332,126,557,551,images\banana010T(3).jpg,True,0.5741425514564759,False
402,banana,1,80,banana010T(4),0,343,188,518,545,images\banana010T(4).jpg,True,0.584779012050619,False
403,banana,2,1,banana010T(5),0,297,109,474,535,images\banana010T(5).jpg,True,0.6618320924231009,False
404,banana,2,2,banana010T(6),0,217,137,446,548,images\banana010T(6).jpg,True,0.5729706061083403,False
405,banana,2,3,banana010T(7),0,254,72,477,499,images\banana010T(7).jpg,True,0.5756529987892125,False
406,banana,2,4,banana010T(8),0,298,110,565,542,images\banana010T(8).jpg,True,0.5458981473596421,False
407,banana,2,5,banana011S(1),0,354,326,723,413,images\banana011S(1).jpg,True,0.8086036034856796,False
408,banana,2,6,banana011S(2),0,332,308,736,400,images\banana011S(2).jpg,True,0.7183510922361787,False
409,banana,2,7,banana011S(3),0,342,346,699,435,images\banana011S(3).jpg,True,0.7988856976175515,False
410,banana,2,8,banana011S(4),0,338,296,713,387,images\banana011S(4).jpg,True,0.8135715924560625,False
411,banana,2,9,banana011S(5),0,354,310,764,400,images\banana011S(5).jpg,True,0.7760102394857546,False
412,banana,2,10,banana011S(6),0,433,315,611,396,images\banana011S(6).jpg,True,0.8086882670076678,False
413,banana,2,11,banana011S(7),0,372,303,750,404,images\banana011S(7).jpg,True,0.757430603542445,False
414,banana,2,12,banana011S(8),0,343,324,767,417,images\banana011S(8).jpg,True,0.7604681556452559,False
415,banana,2,13,banana011S(9),0,335,338,746,427,images\banana011S(9).jpg,True,0.7498987484174482,False
416,banana,2,14,banana011T(1),0,416,164,611,547,images\banana011T(1).jpg,True,0.601825495678223,False
417,banana,2,15,banana011T(2),0,431,156,612,514,images\banana011T(2).jpg,True,0.6397551832663038,False
418,banana,2,16,banana011T(3),0,417,182,598,542,images\banana011T(3).jpg,True,0.6189153524024471,False
419,banana,2,17,banana011T(4),0,335,134,535,513,images\banana011T(4).jpg,True,0.6085379005252103,False
420,banana,2,18,banana011T(5),0,367,157,544,508,images\banana011T(5).jpg,True,0.6452882819657345,False
421,banana,2,19,banana011T(6),0,243,260,617,435,images\banana011T(6).jpg,True,0.6561727887673943,False
422,banana,2,20,banana011T(7),0,367,213,554,565,images\banana011T(7).jpg,True,0.6134883810266851,False
423,banana,2,21,banana011T(8),0,348,152,548,530,images\banana011T(8).jpg,True,0.583814155757211,False
424,banana,2,22,banana011T(9),0,355,118,573,536,images\banana011T(9).jpg,True,0.5972731536608165,False
425,banana,2,23,banana012S(1),0,342,295,677,370,images\banana012S(1).jpg,True,0.7543921401747133,False
426,banana,2,24,banana012S(2),0,373,275,696,350,images\banana012S(2).jpg,True,0.7712327836896431,False
427,banana,2,25,banana012S(3),0,354,317,694,391,images\banana012S(3).jpg,True,0.7707134233688233,False
428,banana,2,26,banana012S(4),0,354,289,691,363,images\banana012S(4).jpg,True,0.7403227415274279,False
429,banana,2,27,banana012S(5),0,307,282,624,356,images\banana012S(5).jpg,True,0.7976701840142384,False
430,banana,2,28,banana012S(6),0,332,271,671,347,images\banana012S(6).jpg,True,0.7383915928095078,False
431,banana,2,29,banana012S(7),0,316,298,635,373,images\banana012S(7).jpg,True,0.7656723690235203,False
432,banana,2,30,banana012S(8),0,328,296,643,378,images\banana012S(8).jpg,True,0.7663523658361371,False
433,banana,2,31,banana012T(1),0,470,132,658,506,images\banana012T(1).jpg,True,0.6208827818579061,False
434,banana,2,32,banana012T(2),0,411,71,582,455,images\banana012T(2).jpg,True,0.6551662010122994,False
435,banana,2,33,banana012T(3),0,426,142,621,529,images\banana012T(3).jpg,True,0.5931875648381972,False
436,banana,2,34,banana012T(4),0,391,141,564,499,images\banana012T(4).jpg,True,0.6210592983916524,False
437,banana,2,35,banana012T(5),0,368,101,555,486,images\banana012T(5).jpg,True,0.6284049112420547,False
438,banana,2,36,banana012T(6),0,370,123,560,518,images\banana012T(6).jpg,True,0.6193055463421152,False
439,banana,2,37,banana012T(7),0,398,167,556,511,images\banana012T(7).jpg,True,0.6698733023074421,False
440,banana,2,38,banana012T(8),0,412,143,588,487,images\banana012T(8).jpg,True,0.620959799464054,False
441,banana,2,39,banana013S(1),0,289,314,688,398,images\banana013S(1).jpg,True,0.7571801055332246,False
442,banana,2,40,banana013S(10),0,323,266,688,352,images\banana013S(10).jpg,True,0.7463655692608495,False
443,banana,2,41,banana013S(11),0,315,266,681,356,images\banana013S(11).jpg,True,0.7850122445344316,False
444,banana,2,42,banana013S(12),0,307,255,709,336,images\banana013S(12).jpg,True,0.7699049302816778,False
445,banana,2,43,banana013S(2),0,286,344,675,434,images\banana013S(2).jpg,True,0.7503129604162899,False
446,banana,2,44,banana013S(3),0,303,304,680,395,images\banana013S(3).jpg,True,0.7772997181964574,False
447,banana,2,45,banana013S(4),0,300,262,709,346,images\banana013S(4).jpg,True,0.7991848381328226,False
448,banana,2,46,banana013S(5),0,274,257,654,346,images\banana013S(5).jpg,True,0.7945257419156595,False
449,banana,2,47,banana013S(6),0,331,298,750,387,images\banana013S(6).jpg,True,0.773517749000975,False
450,banana,2,48,banana013S(7),0,254,268,660,352,images\banana013S(7).jpg,True,0.7608523417034055,False
451,banana,2,49,banana013S(8),0,317,284,687,370,images\banana013S(8).jpg,True,0.7694369744621334,False
452,banana,2,50,banana013S(9),0,278,273,667,357,images\banana013S(9).jpg,True,0.7591472822979581,False
453,banana,2,51,banana013T(1),0,343,130,522,502,images\banana013T(1).jpg,True,0.5825182671474245,False
454,banana,2,52,banana013T(10),0,380,128,543,503,images\banana013T(10).jpg,True,0.5653006034044403,False
455,banana,2,53,banana013T(11),0,374,182,536,537,images\banana013T(11).jpg,True,0.5505595298997569,False
456,banana,2,54,banana013T(12),0,359,130,505,516,images\banana013T(12).jpg,True,0.6172117079326884,False
457,banana,2,55,banana013T(2),0,414,83,643,540,images\banana013T(2).jpg,True,0.5890825607318774,False
458,banana,2,56,banana013T(3),0,407,72,580,550,images\banana013T(3).jpg,True,0.6192815559862477,False
459,banana,2,57,banana013T(4),0,371,97,553,528,images\banana013T(4).jpg,True,0.60326247018749,False
460,banana,2,58,banana013T(5),0,379,96,577,528,images\banana013T(5).jpg,True,0.579253247910784,False
461,banana,2,59,banana013T(6),0,363,97,527,489,images\banana013T(6).jpg,True,0.6063972756180603,False
462,banana,2,60,banana013T(7),0,367,148,552,539,images\banana013T(7).jpg,True,0.5330611847622208,False
463,banana,2,61,banana013T(8),0,370,104,551,488,images\banana013T(8).jpg,True,0.5869735226730265,False
464,banana,2,62,banana013T(9),0,421,133,597,545,images\banana013T(9).jpg,True,0.5873986983613668,False
465,banana,2,63,banana014S(1),0,316,336,759,445,images\banana014S(1).jpg,True,0.7766683145230526,False
466,banana,2,64,banana014S(10),0,315,324,770,453,images\banana014S(10).jpg,True,0.8045699079617232,False
467,banana,2,65,banana014S(2),0,327,286,740,415,images\banana014S(2).jpg,True,0.7016329010215151,False
468,banana,2,66,banana014S(3),0,366,418,789,519,images\banana014S(3).jpg,True,0.7736616562360449,False
469,banana,2,67,banana014S(4),0,352,388,744,498,images\banana014S(4).jpg,True,0.7917765986702687,False
470,banana,2,68,banana014S(5),0,335,356,774,479,images\banana014S(5).jpg,True,0.7883479049694541,False
471,banana,2,69,banana014S(6),0,329,382,780,494,images\banana014S(6).jpg,True,0.7703981975095202,False
472,banana,2,70,banana014S(7),0,293,367,732,490,images\banana014S(7).jpg,True,0.7806587757868599,False
473,banana,2,71,banana014S(8),0,276,312,712,427,images\banana014S(8).jpg,True,0.7092986858800023,False
474,banana,2,72,banana014S(9),0,250,273,749,382,images\banana014S(9).jpg,True,0.7732720158851925,False
475,banana,2,73,banana014T(1),0,411,70,657,503,images\banana014T(1).jpg,True,0.6110826483219631,False
476,banana,2,74,banana014T(10),0,346,160,537,496,images\banana014T(10).jpg,True,0.5475497876944159,False
477,banana,2,75,banana014T(2),0,390,79,623,529,images\banana014T(2).jpg,True,0.6111794975670578,False
478,banana,2,76,banana014T(3),0,298,155,482,491,images\banana014T(3).jpg,True,0.5894569543307748,False
479,banana,2,77,banana014T(4),0,416,108,612,515,images\banana014T(4).jpg,True,0.5900992132886428,False
480,banana,2,78,banana014T(5),0,380,95,615,513,images\banana014T(5).jpg,True,0.5923344206865292,False
481,banana,2,79,banana014T(6),0,389,77,638,495,images\banana014T(6).jpg,True,0.6111586184972629,False
482,banana,2,80,banana014T(7),0,314,90,576,500,images\banana014T(7).jpg,True,0.5386881623655089,False
483,banana,3,1,banana014T(8),0,336,99,560,459,images\banana014T(8).jpg,True,0.5625967685323603,False
484,banana,3,2,banana014T(9),0,316,90,530,466,images\banana014T(9).jpg,True,0.5466070671159127,False
485,banana,3,3,banana015S(1),0,25,153,272,247,images\banana015S(1).jpg,True,0.6535977704584353,False
486,banana,3,4,banana015S(2),0,33,173,319,246,images\banana015S(2).jpg,True,0.7678486258160898,False
487,banana,3,5,banana015S(3),0,29,177,209,258,images\banana015S(3).jpg,True,0.7577851741119785,False
488,banana,3,6,banana015S(4),0,52,174,335,228,images\banana015S(4).jpg,True,0.721890692499396,False
489,banana,3,7,banana015S(5),0,21,183,258,287,images\banana015S(5).jpg,True,0.7461045574975913,False
490,banana,3,8,banana015S(6),0,41,163,359,245,images\banana015S(6).jpg,True,0.7811696218764794,False
491,banana,3,9,banana015S(7),0,31,163,241,257,images\banana015S(7).jpg,True,0.6777298174276014,False
492,banana,3,10,banana015S(8),0,35,162,330,222,images\banana015S(8).jpg,True,0.7580163244142217,False
493,banana,3,11,banana015T(1),0,159,123,395,243,images\banana015T(1).jpg,True,0.546303143817728,False
494,banana,3,12,banana015T(2),0,178,58,304,293,images\banana015T(2).jpg,True,0.5667471844661731,False
495,banana,3,13,banana015T(3),0,143,96,426,243,images\banana015T(3).jpg,True,0.5607356762203847,False
496,banana,3,14,banana015T(4),0,203,81,327,310,images\banana015T(4).jpg,True,0.5753637097300235,False
497,banana,3,15,banana015T(5),0,139,113,389,232,images\banana015T(5).jpg,True,0.5581219186958115,False
498,banana,3,16,banana015T(6),0,212,80,356,312,images\banana015T(6).jpg,True,0.5683048632471452,False
499,banana,3,17,banana015T(7),0,188,121,420,242,images\banana015T(7).jpg,True,0.5596879819598458,False
500,banana,3,18,banana015T(8),0,225,73,342,298,images\banana015T(8).jpg,True,0.557793448763521,False
501,banana,3,19,mix002S(1),0,226,296,485,411,images\mix002S(1).jpg,True,0.7077666264125518,False
502,banana,3,20,mix002S(2),0,230,275,428,399,images\mix002S(2).jpg,True,0.7269810954244518,False
503,banana,3,21,mix002S(3),0,320,102,445,367,images\mix002S(3).jpg,True,0.7171730639300785,False
504,banana,3,22,mix002S(4),1,289,264,686,452,images\mix002S(4).jpg,True,0.6716093855523422,False
505,banana,3,23,mix002T(1),0,222,301,680,494,images\mix002T(1).jpg,True,0.6442832289674661,False
506,banana,3,24,mix002T(2),1,195,311,565,493,images\mix002T(2).jpg,True,0.6186220464272485,False
507,banana,3,25,mix002T(3),1,174,310,628,464,images\mix002T(3).jpg,True,0.6504231115505629,False
508,banana,3,26,mix002T(4),0,205,231,416,354,images\mix002T(4).jpg,True,0.7606289621195189,False
509,banana,3,27,mix006S(1),1,322,299,498,389,images\mix006S(1).jpg,True,0.7656354863132262,False
510,banana,3,28,mix006S(2),0,273,312,461,409,images\mix006S(2).jpg,True,0.7732383394000637,False
511,banana,3,29,mix006S(3),0,240,325,429,415,images\mix006S(3).jpg,True,0.7614241280285117,False
512,banana,3,30,mix006S(4),1,514,359,724,453,images\mix006S(4).jpg,True,0.7769983997578906,False
513,banana,3,31,mix006T(1),1,295,361,675,549,images\mix006T(1).jpg,True,0.69124327299594,False
514,banana,3,32,mix006T(2),0,267,154,659,331,images\mix006T(2).jpg,True,0.6781594583490845,False
515,banana,3,33,mix006T(3),0,252,101,667,312,images\mix006T(3).jpg,True,0.6614648640462621,False
516,banana,3,34,mix006T(4),0,360,124,729,320,images\mix006T(4).jpg,True,0.6641614914006693,False
517,banana,3,35,mix007S(1),0,280,311,448,391,images\mix007S(1).jpg,True,0.7065324837005343,False
518,banana,3,36,mix007S(2),1,479,288,654,360,images\mix007S(2).jpg,True,0.7772373840955789,False
519,banana,3,37,mix007S(3),0,315,301,475,374,images\mix007S(3).jpg,True,0.7718911944713888,False
520,banana,3,38,mix007S(4),1,464,308,654,383,images\mix007S(4).jpg,True,0.7541936827610703,False
521,banana,3,39,mix007S(5),0,342,326,517,398,images\mix007S(5).jpg,True,0.7599831654675638,False
522,banana,3,40,mix007T(1),1,302,362,690,569,images\mix007T(1).jpg,True,0.6729653355438846,False
523,banana,3,41,mix007T(2),0,273,124,648,334,images\mix007T(2).jpg,True,0.6669361430024234,False
524,banana,3,42,mix007T(3),0,301,108,692,294,images\mix007T(3).jpg,True,0.7042393868365856,False
525,banana,3,43,mix007T(4),1,311,304,666,485,images\mix007T(4).jpg,True,0.6885034808864744,False
526,banana,3,44,mix007T(5),0,334,94,725,285,images\mix007T(5).jpg,True,0.707135461497013,False
527,banana,3,45,mix008S(1),1,469,283,673,383,images\mix008S(1).jpg,True,0.7351777839315737,False
528,banana,3,46,mix008S(2),0,321,329,464,427,images\mix008S(2).jpg,True,0.7708377268203366,False
529,banana,3,47,mix008S(3),1,491,326,682,420,images\mix008S(3).jpg,True,0.7471323289655948,False
530,banana,3,48,mix008S(4),0,259,220,424,319,images\mix008S(4).jpg,True,0.7502653847993893,False
531,banana,3,49,mix008T(1),0,217,70,653,251,images\mix008T(1).jpg,True,0.6875677152344492,False
532,banana,3,50,mix008T(2),1,247,352,704,546,images\mix008T(2).jpg,True,0.6572340554640929,False
533,banana,3,51,mix008T(3),0,222,95,627,272,images\mix008T(3).jpg,True,0.6652530527421935,False
534,banana,3,52,mix008T(4),1,247,352,653,540,images\mix008T(4).jpg,True,0.6519690970998583,False
535,bread,1,1,bread001S(1),0,47,364,483,469,images\bread001S(1).jpg,True,0.7330121901677202,False
536,bread,1,2,bread001S(2),0,120,393,554,512,images\bread001S(2).jpg,True,0.7455757284445261,False
537,bread,1,3,bread001S(3),0,81,379,506,486,images\bread001S(3).jpg,True,0.7200163724582482,False
538,bread,1,4,bread001S(4),0,90,386,511,487,images\bread001S(4).jpg,True,0.7245762067130899,False
539,bread,1,5,bread001S(5),0,54,367,492,455,images\bread001S(5).jpg,True,0.7602620048556227,False
540,bread,1,6,bread001S(6),0,58,358,493,446,images\bread001S(6).jpg,True,0.7591558872830622,False
541,bread,1,7,bread001S(7),0,84,315,489,423,images\bread001S(7).jpg,True,0.7617210098966221,False
542,bread,1,8,bread001S(8),0,82,374,482,487,images\bread001S(8).jpg,True,0.7672130020951378,False
543,bread,1,9,bread001T(1),0,111,132,509,521,images\bread001T(1).jpg,True,0.67640917961888,False
544,bread,1,10,bread001T(2),0,57,129,467,519,images\bread001T(2).jpg,True,0.5980658481249831,False
545,bread,1,11,bread001T(3),0,151,140,442,474,images\bread001T(3).jpg,True,0.7815756412640021,False
546,bread,1,12,bread001T(4),0,85,124,484,532,images\bread001T(4).jpg,True,0.6140853896570853,False
547,bread,1,13,bread001T(5),0,178,191,514,494,images\bread001T(5).jpg,True,0.7661624710509195,False
548,bread,1,14,bread001T(6),0,139,134,544,561,images\bread001T(6).jpg,True,0.6317977312797183,False
549,bread,1,15,bread001T(7),0,161,176,478,510,images\bread001T(7).jpg,True,0.7477827446582437,False
550,bread,1,16,bread001T(8),0,72,126,506,526,images\bread001T(8).jpg,True,0.633249507189186,False
551,bread,1,17,bread002S(1),0,64,255,508,394,images\bread002S(1).jpg,True,0.7802121131396931,False
552,bread,1,18,bread002S(2),0,106,356,527,486,images\bread002S(2).jpg,True,0.7470390138542182,False
553,bread,1,19,bread002S(3),0,21,312,492,422,images\bread002S(3).jpg,True,0.7666295028019936,False
554,bread,1,20,bread002S(4),0,66,301,554,436,images\bread002S(4).jpg,True,0.7316804170708457,False
555,bread,1,21,bread002S(5),0,98,291,552,429,images\bread002S(5).jpg,True,0.788510676307776,False
556,bread,1,22,bread002S(6),0,39,286,556,415,images\bread002S(6).jpg,True,0.727221120494663,False
557,bread,1,23,bread002T(1),0,82,123,461,474,images\bread002T(1).jpg,True,0.6158938884824386,False
558,bread,1,24,bread002T(2),0,96,113,470,454,images\bread002T(2).jpg,True,0.6016032794271571,False
559,bread,1,25,bread003S(1),0,8,397,546,476,images\bread003S(1).jpg,True,0.7665991996286606,False
560,bread,1,26,bread003S(2),0,195,238,462,309,images\bread003S(2).jpg,True,0.7667930508318876,False
561,bread,1,27,bread003S(3),0,46,369,513,447,images\bread003S(3).jpg,True,0.7801506402311651,False
562,bread,1,28,bread003T(1),0,126,173,541,564,images\bread003T(1).jpg,True,0.6558728461810306,False
563,bread,1,29,bread003T(2),0,276,228,589,521,images\bread003T(2).jpg,True,0.754939234322666,False
564,bread,1,30,bread003T(3),0,277,118,680,515,images\bread003T(3).jpg,True,0.5801926437160578,False
565,bread,1,31,bread004S(1),0,310,292,785,423,images\bread004S(1).jpg,True,0.6985493379169849,False
566,bread,1,32,bread004S(2),0,251,329,775,423,images\bread004S(2).jpg,True,0.7214443043650614,False
567,bread,1,33,bread004S(3),0,342,275,784,386,images\bread004S(3).jpg,True,0.7701874624760436,False
568,bread,1,34,bread004S(4),0,344,283,816,387,images\bread004S(4).jpg,True,0.7942201613595279,False
569,bread,1,35,bread004T(1),0,294,68,624,398,images\bread004T(1).jpg,True,0.6302694738836873,False
570,bread,1,36,bread004T(2),0,398,83,739,383,images\bread004T(2).jpg,True,0.7697106816197745,False
571,bread,1,37,bread005S(1),0,289,320,790,400,images\bread005S(1).jpg,True,0.7555296103952029,False
572,bread,1,38,bread005S(2),0,274,258,708,334,images\bread005S(2).jpg,True,0.7546584540478602,False
573,bread,1,39,bread005S(3),0,347,284,779,361,images\bread005S(3).jpg,True,0.7275903920230049,False
574,bread,1,40,bread005T(1),0,116,67,561,502,images\bread005T(1).jpg,True,0.586055080417597,False
575,bread,1,41,bread005T(2),0,316,106,609,418,images\bread005T(2).jpg,True,0.7906890417021548,False
576,bread,1,42,bread005T(3),0,191,76,575,436,images\bread005T(3).jpg,True,0.6278841365304622,False
577,bread,1,43,bread006S(1),0,300,229,708,299,images\bread006S(1).jpg,True,0.7181917530526122,False
578,bread,1,44,bread006S(2),0,391,232,700,289,images\bread006S(2).jpg,True,0.7019842005520538,False
579,bread,1,45,bread006S(3),0,383,178,711,241,images\bread006S(3).jpg,True,0.7458128652448623,False
580,bread,1,46,bread006S(4),0,330,236,734,291,images\bread006S(4).jpg,True,0.7841239211363091,False
581,bread,1,47,bread006T(1),0,37,170,398,506,images\bread006T(1).jpg,True,0.6355426979841593,False
582,bread,1,48,bread006T(2),0,109,100,445,441,images\bread006T(2).jpg,True,0.7079044812556244,False
583,bread,1,49,bread006T(3),0,384,158,729,500,images\bread006T(3).jpg,True,0.8035042280353122,False
584,bread,1,50,bread006T(4),0,404,55,769,431,images\bread006T(4).jpg,True,0.6230439054068223,False
585,bread,1,51,bread007S(1),0,317,303,795,418,images\bread007S(1).jpg,True,0.6867105633412032,False
586,bread,1,52,bread007S(2),0,374,161,706,212,images\bread007S(2).jpg,True,0.7085852218830943,False
587,bread,1,53,bread007S(3),0,335,192,652,281,images\bread007S(3).jpg,True,0.7210772486967785,False
588,bread,1,54,bread007S(4),0,412,242,736,294,images\bread007S(4).jpg,True,0.7726456225062164,False
589,bread,1,55,bread007S(5),0,350,206,671,281,images\bread007S(5).jpg,True,0.722394410544774,False
590,bread,1,56,bread007S(6),0,266,330,792,433,images\bread007S(6).jpg,True,0.7954864543727103,False
591,bread,1,57,bread007S(7),0,313,333,714,420,images\bread007S(7).jpg,True,0.7435235233305353,False
592,bread,1,58,bread007S(8),0,313,280,745,370,images\bread007S(8).jpg,True,0.7912050554512411,False
593,bread,1,59,bread007T(1),0,178,166,610,575,images\bread007T(1).jpg,True,0.7191514477648795,False
594,bread,1,60,bread007T(2),0,71,93,443,508,images\bread007T(2).jpg,True,0.7586633583244591,False
595,bread,1,61,bread007T(3),0,220,59,585,433,images\bread007T(3).jpg,True,0.8073244758238747,False
596,bread,1,62,bread007T(4),0,73,91,457,475,images\bread007T(4).jpg,True,0.7647604155837613,False
597,bread,1,63,bread007T(5),0,214,72,555,442,images\bread007T(5).jpg,True,0.7781066214992278,False
598,bread,1,64,bread007T(6),0,164,118,554,523,images\bread007T(6).jpg,True,0.7395210582885932,False
599,bread,1,65,bread007T(7),0,213,152,606,546,images\bread007T(7).jpg,True,0.7203378386389574,False
600,bread,1,66,bread007T(8),0,75,80,468,467,images\bread007T(8).jpg,True,0.6899906011641481,False
601,bun,1,1,bun001S(1),0,440,231,616,375,images\bun001S(1).jpg,True,0.7904876534815222,False
602,bun,1,2,bun001S(2),0,398,206,612,387,images\bun001S(2).jpg,True,0.7489528743681568,False
603,bun,1,3,bun001S(3),0,368,199,599,357,images\bun001S(3).jpg,True,0.7895773558913439,False
604,bun,1,4,bun001S(4),0,386,156,601,336,images\bun001S(4).jpg,True,0.7785165803497062,False
605,bun,1,5,bun001S(5),0,432,248,658,388,images\bun001S(5).jpg,True,0.7557404254039106,False
606,bun,1,6,bun001S(6),0,418,252,607,402,images\bun001S(6).jpg,True,0.7501186876630007,False
607,bun,1,7,bun001S(7),0,394,220,602,364,images\bun001S(7).jpg,True,0.7730767278232892,False
608,bun,1,8,bun001T(1),0,395,268,667,493,images\bun001T(1).jpg,True,0.7175694370480442,False
609,bun,1,9,bun001T(2),0,366,263,596,465,images\bun001T(2).jpg,True,0.7346961715582729,False
610,bun,1,10,bun001T(3),0,420,183,651,468,images\bun001T(3).jpg,True,0.7372497121810762,False
611,bun,1,11,bun001T(4),0,367,263,622,479,images\bun001T(4).jpg,True,0.7705846733589498,False
612,bun,1,12,bun001T(5),0,433,259,633,475,images\bun001T(5).jpg,True,0.7367502770045142,False
613,bun,1,13,bun001T(6),0,386,262,637,447,images\bun001T(6).jpg,True,0.7962586946231347,False
614,bun,1,14,bun001T(7),0,442,261,646,499,images\bun001T(7).jpg,True,0.8272512251216029,False
615,bun,1,15,bun002S(1),0,431,235,652,377,images\bun002S(1).jpg,True,0.7192726690767299,False
616,bun,1,16,bun002S(2),0,457,262,684,410,images\bun002S(2).jpg,True,0.7448328507186073,False
617,bun,1,17,bun002S(3),0,436,262,691,393,images\bun002S(3).jpg,True,0.7656234446666532,False
618,bun,1,18,bun002S(4),0,482,284,707,424,images\bun002S(4).jpg,True,0.7418945571821619,False
619,bun,1,19,bun002S(5),0,441,239,695,369,images\bun002S(5).jpg,True,0.7774617358257321,False
620,bun,1,20,bun002T(1),0,332,227,591,430,images\bun002T(1).jpg,True,0.7455526710766915,False
621,bun,1,21,bun002T(2),0,374,202,603,478,images\bun002T(2).jpg,True,0.6934495936448142,False
622,bun,1,22,bun002T(3),0,335,264,590,465,images\bun002T(3).jpg,True,0.7388389599416216,False
623,bun,1,23,bun002T(4),0,432,202,684,417,images\bun002T(4).jpg,True,0.7219205757758747,False
624,bun,1,24,bun002T(5),0,339,210,556,467,images\bun002T(5).jpg,True,0.7675456856061286,False
625,bun,1,25,bun003S(1),0,436,203,742,391,images\bun003S(1).jpg,True,0.7385036195968337,False
626,bun,1,26,bun003S(2),0,447,176,734,373,images\bun003S(2).jpg,True,0.7158679505478663,False
627,bun,1,27,bun003S(3),0,395,154,708,344,images\bun003S(3).jpg,True,0.7703197207183574,False
628,bun,1,28,bun003S(4),0,402,220,662,407,images\bun003S(4).jpg,True,0.7708232508092776,False
629,bun,1,29,bun003T(1),0,414,213,635,511,images\bun003T(1).jpg,True,0.7240514339166167,False
630,bun,1,30,bun003T(2),0,332,221,617,462,images\bun003T(2).jpg,True,0.6917805409873533,False
631,bun,1,31,bun003T(3),0,357,204,580,504,images\bun003T(3).jpg,True,0.7324979722548273,False
632,bun,1,32,bun003T(4),0,356,254,644,481,images\bun003T(4).jpg,True,0.7061861098694098,False
633,bun,1,33,bun004S(1),0,466,198,692,384,images\bun004S(1).jpg,True,0.7631220482454337,False
634,bun,1,34,bun004S(2),0,554,198,786,356,images\bun004S(2).jpg,True,0.7838900977081756,False
635,bun,1,35,bun004S(3),0,439,212,789,391,images\bun004S(3).jpg,True,0.7811731234192043,False
636,bun,1,36,bun004S(4),0,103,260,378,393,images\bun004S(4).jpg,True,0.7429810903480261,False
637,bun,1,37,bun004S(5),0,490,254,733,438,images\bun004S(5).jpg,True,0.7788726958808926,False
638,bun,1,38,bun004S(6),0,432,200,747,375,images\bun004S(6).jpg,True,0.7804475844062809,False
639,bun,1,39,bun004S(7),0,505,257,747,438,images\bun004S(7).jpg,True,0.7716764810645576,False
640,bun,1,40,bun004S(8),0,467,252,778,417,images\bun004S(8).jpg,True,0.7244702575228287,False
641,bun,1,41,bun004T(1),0,293,263,584,462,images\bun004T(1).jpg,True,0.7977846205733592,False
642,bun,1,42,bun004T(2),0,358,247,616,414,images\bun004T(2).jpg,True,0.7716937645856237,False
643,bun,1,43,bun004T(3),0,439,138,644,414,images\bun004T(3).jpg,True,0.720915099314765,False
644,bun,1,44,bun004T(4),0,294,283,543,449,images\bun004T(4).jpg,True,0.8170134300700953,False
645,bun,1,45,bun004T(5),0,375,247,621,412,images\bun004T(5).jpg,True,0.7714102761819812,False
646,bun,1,46,bun004T(6),0,383,199,576,491,images\bun004T(6).jpg,True,0.6947921568605302,False
647,bun,1,47,bun004T(7),0,331,264,614,458,images\bun004T(7).jpg,True,0.7392976358321643,False
648,bun,1,48,bun004T(8),0,371,181,597,507,images\bun004T(8).jpg,True,0.7408260946521839,False
649,bun,1,49,bun005S(1),0,458,159,704,348,images\bun005S(1).jpg,True,0.7780256868187192,False
650,bun,1,50,bun005S(2),0,463,152,726,340,images\bun005S(2).jpg,True,0.7227862721584183,False
651,bun,1,51,bun005S(3),0,462,78,688,272,images\bun005S(3).jpg,True,0.7850076366331891,False
652,bun,1,52,bun005S(4),0,430,182,670,359,images\bun005S(4).jpg,True,0.7701149430450935,False
653,bun,1,53,bun005S(5),0,442,171,690,358,images\bun005S(5).jpg,True,0.7438498588602098,False
654,bun,1,54,bun005T(1),0,391,258,599,482,images\bun005T(1).jpg,True,0.767525742548061,False
655,bun,1,55,bun005T(2),0,404,171,581,368,images\bun005T(2).jpg,True,0.7458624271550636,False
656,bun,1,56,bun005T(3),0,423,277,627,461,images\bun005T(3).jpg,True,0.7193682244800579,False
657,bun,1,57,bun005T(4),0,419,201,598,407,images\bun005T(4).jpg,True,0.7532899824412966,False
658,bun,1,58,bun005T(5),0,370,260,620,464,images\bun005T(5).jpg,True,0.74483996428407,False
659,bun,1,59,bun006S(1),0,412,262,660,431,images\bun006S(1).jpg,True,0.743354417011898,False
660,bun,1,60,bun006S(2),0,454,270,752,427,images\bun006S(2).jpg,True,0.798515634599638,False
661,bun,1,61,bun006S(3),0,446,261,733,423,images\bun006S(3).jpg,True,0.7772490225703177,False
662,bun,1,62,bun006S(4),0,451,259,754,421,images\bun006S(4).jpg,True,0.7894259537792898,False
663,bun,1,63,bun006S(5),0,469,298,763,479,images\bun006S(5).jpg,True,0.7635542313490032,False
664,bun,1,64,bun006S(6),0,418,270,735,444,images\bun006S(6).jpg,True,0.7999505048156524,False
665,bun,1,65,bun006S(7),0,443,295,727,480,images\bun006S(7).jpg,True,0.7901558204560878,False
666,bun,1,66,bun006S(8),0,452,234,766,416,images\bun006S(8).jpg,True,0.7934597301589355,False
667,bun,1,67,bun006T(1),0,409,192,658,390,images\bun006T(1).jpg,True,0.8188808136208678,False
668,bun,1,68,bun006T(2),0,285,166,514,436,images\bun006T(2).jpg,True,0.7965881619256749,False
669,bun,1,69,bun006T(3),0,328,149,599,367,images\bun006T(3).jpg,True,0.7932896593339287,False
670,bun,1,70,bun006T(4),0,417,172,630,411,images\bun006T(4).jpg,True,0.8060270071223965,False
671,bun,1,71,bun006T(5),0,352,243,595,457,images\bun006T(5).jpg,True,0.79410810201056,False
672,bun,1,72,bun006T(6),0,393,188,585,436,images\bun006T(6).jpg,True,0.7937978256548235,False
673,bun,1,73,bun006T(7),0,398,220,628,411,images\bun006T(7).jpg,True,0.8113124132959914,False
674,bun,1,74,bun006T(8),0,406,185,627,442,images\bun006T(8).jpg,True,0.8327311906564483,False
675,bun,1,75,bun007S(1),0,465,230,723,363,images\bun007S(1).jpg,True,0.7527513525728273,False
676,bun,1,76,bun007S(2),0,414,200,699,337,images\bun007S(2).jpg,True,0.7478587917400344,False
677,bun,1,77,bun007S(3),0,420,188,683,330,images\bun007S(3).jpg,True,0.7118057794935266,False
678,bun,1,78,bun007S(4),0,447,209,758,337,images\bun007S(4).jpg,True,0.809406676236974,False
679,bun,1,79,bun007T(1),0,424,200,679,416,images\bun007T(1).jpg,True,0.776784769226484,False
680,bun,1,80,bun007T(2),0,435,155,665,412,images\bun007T(2).jpg,True,0.7579433569986169,False
681,bun,2,1,bun007T(3),0,395,251,661,480,images\bun007T(3).jpg,True,0.7557572969141433,False
682,bun,2,2,bun007T(4),0,417,229,644,484,images\bun007T(4).jpg,True,0.7678038589445706,False
683,bun,2,3,bun008S(1),0,457,210,636,336,images\bun008S(1).jpg,True,0.7536160188435375,False
684,bun,2,4,bun008S(2),0,419,205,678,333,images\bun008S(2).jpg,True,0.7712326766697937,False
685,bun,2,5,bun008S(3),0,446,192,642,316,images\bun008S(3).jpg,True,0.7449359867776381,False
686,bun,2,6,bun008S(4),0,433,229,694,349,images\bun008S(4).jpg,True,0.7474084262794536,False
687,bun,2,7,bun008T(1),0,395,283,631,441,images\bun008T(1).jpg,True,0.748326474207578,False
688,bun,2,8,bun008T(2),0,347,258,544,513,images\bun008T(2).jpg,True,0.7484571175317655,False
689,bun,2,9,bun008T(3),0,360,251,622,439,images\bun008T(3).jpg,True,0.7530000743570833,False
690,bun,2,10,bun008T(4),0,382,254,530,446,images\bun008T(4).jpg,True,0.7264289066401204,False
691,coin,1,1,apple001S(1),1,196,344,255,395,images\apple001S(1).jpg,True,0.7675176561736312,False
692,coin,1,2,apple001S(2),1,178,346,239,404,images\apple001S(2).jpg,True,0.7289362891924802,False
693,coin,1,3,apple001T(1),1,82,334,144,392,images\apple001T(1).jpg,True,0.7255514266917906,False
694,coin,1,4,apple001T(2),1,98,354,164,418,images\apple001T(2).jpg,True,0.6943659931423543,False
695,coin,1,5,apple002S(1),1,675,362,789,475,images\apple002S(1).jpg,True,0.7740628707833994,False
696,coin,1,6,apple002S(2),1,611,426,722,536,images\apple002S(2).jpg,True,0.7764209712319351,False
697,coin,1,7,apple002S(3),1,656,429,773,542,images\apple002S(3).jpg,True,0.7557980589977964,False
698,coin,1,8,apple002S(4),1,661,424,777,540,images\apple002S(4).jpg,True,0.7554625732334652,False
699,coin,1,9,apple002S(5),1,667,419,781,525,images\apple002S(5).jpg,True,0.7885151640864062,False
700,coin,1,10,apple002S(6),1,663,423,780,533,images\apple002S(6).jpg,True,0.7647989355881305,False
701,coin,1,11,apple002S(7),1,673,383,788,494,images\apple002S(7).jpg,True,0.7711186965128853,False
702,coin,1,12,apple002S(8),1,672,392,789,500,images\apple002S(8).jpg,True,0.7826869524657014,False
703,coin,1,13,apple002T(1),1,540,496,622,576,images\apple002T(1).jpg,True,0.7166652955353582,False
704,coin,1,14,apple002T(2),1,527,515,598,582,images\apple002T(2).jpg,True,0.7332132859432982,False
705,coin,1,15,apple002T(3),1,539,500,604,566,images\apple002T(3).jpg,True,0.7650135738563473,False
706,coin,1,16,apple002T(4),1,545,497,610,566,images\apple002T(4).jpg,True,0.7358420877744549,False
707,coin,1,17,apple002T(5),1,524,470,590,534,images\apple002T(5).jpg,True,0.7322549591456714,False
708,coin,1,18,apple002T(6),1,550,466,615,531,images\apple002T(6).jpg,True,0.7369833626549562,False
709,coin,1,19,apple003S(1),1,710,352,795,457,images\apple003S(1).jpg,True,0.7668299265050258,False
710,coin,1,20,apple003S(2),1,684,396,790,493,images\apple003S(2).jpg,True,0.7522010822785998,False
711,coin,1,21,apple003S(3),1,677,404,776,502,images\apple003S(3).jpg,True,0.7811453729992599,False
712,coin,1,22,apple003S(4),1,703,388,795,481,images\apple003S(4).jpg,True,0.805299257336865,False
713,coin,1,23,apple003S(5),1,703,377,801,476,images\apple003S(5).jpg,True,0.7536880082562876,False
714,coin,1,24,apple003S(6),1,705,348,800,449,images\apple003S(6).jpg,True,0.7591473425421186,False
715,coin,1,25,apple003T(1),1,645,56,710,116,images\apple003T(1).jpg,True,0.7680918513613975,False
716,coin,1,26,apple003T(2),1,629,52,696,112,images\apple003T(2).jpg,True,0.7502434094278965,False
717,coin,1,27,apple004S(1),1,141,400,262,518,images\apple004S(1).jpg,True,0.7638007642734108,False
718,coin,1,28,apple004S(2),1,196,434,321,558,images\apple004S(2).jpg,True,0.7570316157294076,False
719,coin,1,29,apple004S(3),1,87,388,210,518,images\apple004S(3).jpg,True,0.7006533954612573,False
720,coin,1,30,apple004S(4),1,67,380,163,456,images\apple004S(4).jpg,True,0.8103456412068156,False
721,coin,1,31,apple004T(1),1,375,451,462,535,images\apple004T(1).jpg,True,0.7206712294627229,False
722,coin,1,32,apple004T(2),1,295,346,360,414,images\apple004T(2).jpg,True,0.7342759731821962,False
723,coin,1,33,apple004T(3),1,469,399,541,474,images\apple004T(3).jpg,True,0.7335263901679705,False
724,coin,1,34,apple005S(1),1,217,383,313,475,images\apple005S(1).jpg,True,0.743044313703334,False
725,coin,1,35,apple005S(5),1,61,400,169,503,images\apple005S(5).jpg,True,0.786782436242137,False
726,coin,1,36,apple005S(6),1,24,393,135,493,images\apple005S(6).jpg,True,0.7605627074476,False
727,coin,1,37,apple005T(1),1,295,406,363,471,images\apple005T(1).jpg,True,0.7344996392463492,False
728,coin,1,38,apple005T(5),1,392,463,451,520,images\apple005T(5).jpg,True,0.7384955322455322,False
729,coin,1,39,apple005T(6),1,556,244,630,319,images\apple005T(6).jpg,True,0.7305320637235725,False
730,coin,1,40,apple006S(1),1,114,303,195,381,images\apple006S(1).jpg,True,0.7649426305427196,False
731,coin,1,41,apple006S(2),1,74,332,157,409,images\apple006S(2).jpg,True,0.7558107879439402,False
732,coin,1,42,apple006S(3),1,170,307,249,384,images\apple006S(3).jpg,True,0.7759350254524887,False
733,coin,1,43,apple006S(4),1,90,283,166,355,images\apple006S(4).jpg,True,0.7809177032586605,False
734,coin,1,44,apple006T(1),1,648,368,723,448,images\apple006T(1).jpg,True,0.741900219150739,False
735,coin,1,45,apple006T(2),1,288,257,358,328,images\apple006T(2).jpg,True,0.7251097068769112,False
736,coin,1,46,apple006T(3),1,370,117,436,182,images\apple006T(3).jpg,True,0.7613439540237716,False
737,coin,1,47,apple006T(4),1,546,323,613,392,images\apple006T(4).jpg,True,0.7135431689040288,False
738,coin,1,48,apple007S(1),1,102,287,179,360,images\apple007S(1).jpg,True,0.7778048898936946,False
739,coin,1,49,apple007S(2),1,134,365,207,432,images\apple007S(2).jpg,True,0.7667242883314984,False
740,coin,1,50,apple007S(3),1,124,300,200,370,images\apple007S(3).jpg,True,0.7604651887318863,False
741,coin,1,51,apple007S(4),1,128,284,207,358,images\apple007S(4).jpg,True,0.7714590219346031,False
742,coin,1,52,apple007T(1),1,529,480,593,546,images\apple007T(1).jpg,True,0.7574503655186308,False
743,coin,1,53,apple007T(2),1,566,452,632,524,images\apple007T(2).jpg,True,0.7165054973394315,False
744,coin,1,54,apple007T(3),1,447,369,509,431,images\apple007T(3).jpg,True,0.7549856460117689,False
745,coin,1,55,apple007T(4),1,420,485,479,543,images\apple007T(4).jpg,True,0.7327701724197297,False
746,coin,1,56,apple008S(1),1,179,317,243,380,images\apple008S(1).jpg,True,0.7656058156971582,False
747,coin,1,57,apple008S(2),1,106,294,181,368,images\apple008S(2).jpg,True,0.7932446020864077,False
748,coin,1,58,apple008S(3),1,106,242,182,320,images\apple008S(3).jpg,True,0.7456202009407198,False
749,coin,1,59,apple008S(4),1,100,262,180,338,images\apple008S(4).jpg,True,0.7556080452857505,False
750,coin,1,60,apple008T(1),1,548,313,611,379,images\apple008T(1).jpg,True,0.7620023644726843,False
751,coin,1,61,apple008T(2),1,582,243,647,311,images\apple008T(2).jpg,True,0.7321160489529979,False
752,coin,1,62,apple008T(3),1,262,493,329,563,images\apple008T(3).jpg,True,0.7116043373595018,False
753,coin,1,63,apple008T(4),1,556,167,613,226,images\apple008T(4).jpg,True,0.7653743975020821,False
754,coin,1,64,apple009S(1),1,57,332,138,407,images\apple009S(1).jpg,True,0.7816764556984388,False
755,coin,1,65,apple009S(2),1,94,322,171,393,images\apple009S(2).jpg,True,0.7329137480453269,False
756,coin,1,66,apple009S(3),1,49,250,134,331,images\apple009S(3).jpg,True,0.7702725510780135,False
757,coin,1,67,apple009S(4),1,56,333,144,415,images\apple009S(4).jpg,True,0.7536129319260674,False
758,coin,1,68,apple009T(1),1,615,187,685,255,images\apple009T(1).jpg,True,0.7390164525700562,False
759,coin,1,69,apple009T(2),1,479,162,531,213,images\apple009T(2).jpg,True,0.7187535596725386,False
760,coin,1,70,apple009T(3),1,613,212,676,276,images\apple009T(3).jpg,True,0.7275922346423263,False
761,coin,1,71,apple009T(4),1,567,202,631,267,images\apple009T(4).jpg,True,0.7312769812145592,False
762,coin,1,72,apple010S(1),1,126,358,202,428,images\apple010S(1).jpg,True,0.770963860346702,False
763,coin,1,73,apple010S(2),1,129,310,209,385,images\apple010S(2).jpg,True,0.7723973847959185,False
764,coin,1,74,apple010S(3),1,127,336,200,405,images\apple010S(3).jpg,True,0.7615702073173338,False
765,coin,1,75,apple010S(4),1,151,348,222,414,images\apple010S(4).jpg,True,0.7783856417183062,False
766,coin,1,76,apple010T(1),1,409,112,469,175,images\apple010T(1).jpg,True,0.7069115554861991,False
767,coin,1,77,apple010T(2),1,445,84,501,144,images\apple010T(2).jpg,True,0.7344987839362872,False
768,coin,1,78,apple010T(3),1,430,460,479,508,images\apple010T(3).jpg,True,0.7072142312121743,False
769,coin,1,79,apple010T(4),1,481,164,533,218,images\apple010T(4).jpg,True,0.755934651572046,False
770,coin,1,80,apple011S(1),1,127,308,191,376,images\apple011S(1).jpg,True,0.7587433563489119,False
771,coin,2,1,apple011S(2),1,179,299,250,365,images\apple011S(2).jpg,True,0.746100442983674,False
772,coin,2,2,apple011S(3),1,89,345,159,413,images\apple011S(3).jpg,True,0.7972151444211748,False
773,coin,2,3,apple011S(4),1,148,351,221,420,images\apple011S(4).jpg,True,0.7332073435578365,False
774,coin,2,4,apple011S(5),1,155,399,222,465,images\apple011S(5).jpg,True,0.7748526203312429,False
775,coin,2,5,apple011T(1),1,496,94,558,155,images\apple011T(1).jpg,True,0.7411431301873,False
776,coin,2,6,apple011T(2),1,509,82,566,139,images\apple011T(2).jpg,True,0.7197828910980487,False
777,coin,2,7,apple011T(3),1,518,80,575,142,images\apple011T(3).jpg,True,0.74111898992941,False
778,coin,2,8,apple011T(4),1,608,276,669,335,images\apple011T(4).jpg,True,0.7386958875201985,False
779,coin,2,9,apple011T(5),1,444,298,506,360,images\apple011T(5).jpg,True,0.7355802989146165,False
780,coin,2,10,apple012S(1),1,598,262,675,334,images\apple012S(1).jpg,True,0.7790700819249639,False
781,coin,2,11,apple012S(2),1,639,324,715,397,images\apple012S(2).jpg,True,0.7999469696466293,False
782,coin,2,12,apple012S(3),1,674,326,747,395,images\apple012S(3).jpg,True,0.7723421911397033,False
783,coin,2,13,apple012S(4),1,637,243,713,316,images\apple012S(4).jpg,True,0.7731185623528822,False
784,coin,2,14,apple012T(1),1,99,173,162,233,images\apple012T(1).jpg,True,0.7600140067745371,False
785,coin,2,15,apple012T(2),1,129,73,187,135,images\apple012T(2).jpg,True,0.7671339700293481,False
786,coin,2,16,apple012T(3),1,40,220,98,280,images\apple012T(3).jpg,True,0.754549536508292,False
787,coin,2,17,apple012T(4),1,39,220,98,277,images\apple012T(4).jpg,True,0.7449088036765761,False
788,coin,2,18,apple012T(5),1,572,165,629,222,images\apple012T(5).jpg,True,0.6879472720319791,False
789,coin,2,19,apple013S(1),1,168,335,236,399,images\apple013S(1).jpg,True,0.7549945490630958,False
790,coin,2,20,apple013S(2),1,189,306,246,362,images\apple013S(2).jpg,True,0.7706546603747242,False
791,coin,2,21,apple013S(3),1,193,341,253,399,images\apple013S(3).jpg,True,0.7646897074067346,False
792,coin,2,22,apple013S(4),1,161,334,213,390,images\apple013S(4).jpg,True,0.7892209650543279,False
793,coin,2,23,apple013S(5),1,154,348,222,416,images\apple013S(5).jpg,True,0.7619821276131624,False
794,coin,2,24,apple013S(6),1,181,346,248,406,images\apple013S(6).jpg,True,0.7694545958874166,False
795,coin,2,25,apple013S(7),1,137,339,205,405,images\apple013S(7).jpg,True,0.780692379033978,False
796,coin,2,26,apple013S(8),1,170,368,240,433,images\apple013S(8).jpg,True,0.7884587282737046,False
797,coin,2,27,apple013T(1),1,191,67,249,123,images\apple013T(1).jpg,True,0.7198634545990193,False
798,coin,2,28,apple013T(2),1,608,334,663,393,images\apple013T(2).jpg,True,0.7414505443513796,False
799,coin,2,29,apple013T(3),1,199,46,266,111,images\apple013T(3).jpg,True,0.7387856358078855,False
800,coin,2,30,apple013T(4),1,162,87,220,147,images\apple013T(4).jpg,True,0.7439694832879231,False
801,coin,2,31,apple013T(5),1,119,302,175,363,images\apple013T(5).jpg,True,0.7357473463686804,False
802,coin,2,32,apple013T(6),1,576,187,630,240,images\apple013T(6).jpg,True,0.733389159295895,False
803,coin,2,33,apple013T(7),1,418,505,464,556,images\apple013T(7).jpg,True,0.751789392941359,False
804,coin,2,34,apple013T(8),1,244,72,303,129,images\apple013T(8).jpg,True,0.721390628339537,False
805,coin,2,35,apple014S(1),1,571,300,654,382,images\apple014S(1).jpg,True,0.7716639424889529,False
806,coin,2,36,apple014S(2),1,599,291,675,368,images\apple014S(2).jpg,True,0.7850967758468319,False
807,coin,2,37,apple014S(3),1,651,386,729,463,images\apple014S(3).jpg,True,0.7743862833965368,False
808,coin,2,38,apple014S(4),1,670,362,743,434,images\apple014S(4).jpg,True,0.7792566519614914,False
809,coin,2,39,apple014S(5),1,586,321,655,385,images\apple014S(5).jpg,True,0.7441369560611353,False
810,coin,2,40,apple014S(6),1,590,333,657,400,images\apple014S(6).jpg,True,0.7595095943837837,False
811,coin,2,41,apple014S(7),1,643,329,710,397,images\apple014S(7).jpg,True,0.7711237801735638,False
812,coin,2,42,apple014S(8),1,636,296,699,358,images\apple014S(8).jpg,True,0.7588220680076193,False
813,coin,2,43,apple014T(1),1,140,177,206,237,images\apple014T(1).jpg,True,0.734493456430163,False
814,coin,2,44,apple014T(2),1,113,256,171,314,images\apple014T(2).jpg,True,0.7328684172376101,False
815,coin,2,45,apple014T(3),1,179,96,241,158,images\apple014T(3).jpg,True,0.7415974907071967,False
816,coin,2,46,apple014T(4),1,278,75,337,133,images\apple014T(4).jpg,True,0.7314861756238515,False
817,coin,2,47,apple014T(5),1,121,121,181,179,images\apple014T(5).jpg,True,0.7612787930379039,False
818,coin,2,48,apple014T(6),1,63,125,127,186,images\apple014T(6).jpg,True,0.7138209215707565,False
819,coin,2,49,apple014T(7),1,134,82,196,140,images\apple014T(7).jpg,True,0.7453978646911549,False
820,coin,2,50,apple014T(8),1,173,195,233,255,images\apple014T(8).jpg,True,0.7385283728827333,False
821,coin,2,51,apple015S(1),1,129,387,193,453,images\apple015S(1).jpg,True,0.7744255187540763,False
822,coin,2,52,apple015S(10),1,115,341,183,405,images\apple015S(10).jpg,True,0.7790559334445226,False
823,coin,2,53,apple015S(11),1,125,321,192,387,images\apple015S(11).jpg,True,0.7618750398047084,False
824,coin,2,54,apple015S(12),1,142,321,209,384,images\apple015S(12).jpg,True,0.7809735657099218,False
825,coin,2,55,apple015S(13),1,138,365,202,424,images\apple015S(13).jpg,True,0.7656257998921261,False
826,coin,2,56,apple015S(2),1,136,365,201,427,images\apple015S(2).jpg,True,0.7930021358708925,False
827,coin,2,57,apple015S(3),1,142,396,211,459,images\apple015S(3).jpg,True,0.7695226648351647,False
828,coin,2,58,apple015S(4),1,146,310,211,373,images\apple015S(4).jpg,True,0.7874076536074058,False
829,coin,2,59,apple015S(5),1,172,367,236,430,images\apple015S(5).jpg,True,0.790306898621747,False
830,coin,2,60,apple015S(6),1,139,385,205,449,images\apple015S(6).jpg,True,0.772761945445525,False
831,coin,2,61,apple015S(7),1,142,324,208,391,images\apple015S(7).jpg,True,0.7378827471716676,False
832,coin,2,62,apple015S(8),1,103,375,168,441,images\apple015S(8).jpg,True,0.8097063743476147,False
833,coin,2,63,apple015S(9),1,138,378,204,442,images\apple015S(9).jpg,True,0.7973610596778881,False
834,coin,2,64,apple015T(1),1,79,214,145,279,images\apple015T(1).jpg,True,0.7263908257905579,False
835,coin,2,65,apple015T(10),1,158,185,221,242,images\apple015T(10).jpg,True,0.7617185635037124,False
836,coin,2,66,apple015T(11),1,124,280,186,336,images\apple015T(11).jpg,True,0.7350112917912089,False
837,coin,2,67,apple015T(12),1,103,237,169,301,images\apple015T(12).jpg,True,0.7348872954734774,False
838,coin,2,68,apple015T(13),1,116,183,185,248,images\apple015T(13).jpg,True,0.732897959244458,False
839,coin,2,69,apple015T(2),1,165,280,221,334,images\apple015T(2).jpg,True,0.7501055848751805,False
840,coin,2,70,apple015T(3),1,181,215,245,281,images\apple015T(3).jpg,True,0.7335121259200126,False
841,coin,2,71,apple015T(4),1,145,220,210,283,images\apple015T(4).jpg,True,0.7574829993963874,False
842,coin,2,72,apple015T(5),1,134,196,204,266,images\apple015T(5).jpg,True,0.7364791116014906,False
843,coin,2,73,apple015T(6),1,144,257,210,320,images\apple015T(6).jpg,True,0.7447443677054106,False
844,coin,2,74,apple015T(7),1,116,221,186,294,images\apple015T(7).jpg,True,0.7474621760093267,False
845,coin,2,75,apple015T(8),1,158,176,223,237,images\apple015T(8).jpg,True,0.7345473404326024,False
846,coin,2,76,apple015T(9),1,78,229,148,293,images\apple015T(9).jpg,True,0.7422351766503634,False
847,coin,2,77,apple016S(1),1,81,311,152,377,images\apple016S(1).jpg,True,0.7744391501468482,False
848,coin,2,78,apple016S(10),1,98,308,167,373,images\apple016S(10).jpg,True,0.7996233747055754,False
849,coin,2,79,apple016S(11),1,113,321,183,387,images\apple016S(11).jpg,True,0.7782296697670561,False
850,coin,2,80,apple016S(12),1,114,297,183,363,images\apple016S(12).jpg,True,0.7843234434095295,False
851,coin,3,1,apple016S(13),1,123,301,194,366,images\apple016S(13).jpg,True,0.7846227360003132,False
852,coin,3,2,apple016S(14),1,119,312,190,378,images\apple016S(14).jpg,True,0.7611358702700588,False
853,coin,3,3,apple016S(15),1,123,337,190,402,images\apple016S(15).jpg,True,0.7983001400652273,False
854,coin,3,4,apple016S(16),1,94,290,168,356,images\apple016S(16).jpg,True,0.7640890883339901,False
855,coin,3,5,apple016S(17),1,87,296,156,362,images\apple016S(17).jpg,True,0.786937723391325,False
856,coin,3,6,apple016S(18),1,89,301,161,369,images\apple016S(18).jpg,True,0.7735374906664791,False
857,coin,3,7,apple016S(19),1,92,276,162,341,images\apple016S(19).jpg,True,0.7840358223854211,False
858,coin,3,8,apple016S(2),1,137,266,209,331,images\apple016S(2).jpg,True,0.7722084409125888,False
859,coin,3,9,apple016S(20),1,92,301,166,365,images\apple016S(20).jpg,True,0.7683006469024629,False
860,coin,3,10,apple016S(21),1,78,307,147,372,images\apple016S(21).jpg,True,0.7779820999127155,False
861,coin,3,11,apple016S(22),1,105,295,175,364,images\apple016S(22).jpg,True,0.7696775354619442,False
862,coin,3,12,apple016S(23),1,130,328,199,394,images\apple016S(23).jpg,True,0.7750508855124711,False
863,coin,3,13,apple016S(24),1,112,295,177,359,images\apple016S(24).jpg,True,0.7592672232991875,False
864,coin,3,14,apple016S(25),1,95,302,164,365,images\apple016S(25).jpg,True,0.7989502779304869,False
865,coin,3,15,apple016S(3),1,75,308,147,372,images\apple016S(3).jpg,True,0.7806351611053661,False
866,coin,3,16,apple016S(4),1,77,301,149,366,images\apple016S(4).jpg,True,0.7681953028121816,False
867,coin,3,17,apple016S(5),1,97,291,167,360,images\apple016S(5).jpg,True,0.7670368080480559,False
868,coin,3,18,apple016S(6),1,92,306,161,367,images\apple016S(6).jpg,True,0.8047677856583068,False
869,coin,3,19,apple016S(7),1,70,303,145,370,images\apple016S(7).jpg,True,0.7592069380499707,False
870,coin,3,20,apple016S(8),1,107,288,175,353,images\apple016S(8).jpg,True,0.7918369119185926,False
871,coin,3,21,apple016S(9),1,108,307,179,374,images\apple016S(9).jpg,True,0.7693475400808756,False
872,coin,3,22,apple016T(1),1,188,220,247,280,images\apple016T(1).jpg,True,0.7576589358145177,False
873,coin,3,23,apple016T(10),1,116,159,175,221,images\apple016T(10).jpg,True,0.7738270318831093,False
874,coin,3,24,apple016T(11),1,145,134,212,200,images\apple016T(11).jpg,True,0.7419820510642218,False
875,coin,3,25,apple016T(12),1,146,185,208,247,images\apple016T(12).jpg,True,0.7310325731045715,False
876,coin,3,26,apple016T(13),1,151,171,212,231,images\apple016T(13).jpg,True,0.7775378216370338,False
877,coin,3,27,apple016T(14),1,150,238,208,292,images\apple016T(14).jpg,True,0.7155507193755833,False
878,coin,3,28,apple016T(15),1,141,240,201,301,images\apple016T(15).jpg,True,0.7292939179939397,False
879,coin,3,29,apple016T(16),1,154,179,210,237,images\apple016T(16).jpg,True,0.7372911488690586,False
880,coin,3,30,apple016T(17),1,160,202,220,257,images\apple016T(17).jpg,True,0.719297527825162,False
881,coin,3,31,apple016T(18),1,173,229,236,290,images\apple016T(18).jpg,True,0.758840865627668,False
882,coin,3,32,apple016T(19),1,128,197,192,257,images\apple016T(19).jpg,True,0.7385932279738,False
883,coin,3,33,apple016T(2),1,153,292,212,354,images\apple016T(2).jpg,True,0.7414911755721384,False
884,coin,3,34,apple016T(20),1,163,224,226,282,images\apple016T(20).jpg,True,0.7471211516297017,False
885,coin,3,35,apple016T(21),1,169,197,222,250,images\apple016T(21).jpg,True,0.760194629531942,False
886,coin,3,36,apple016T(22),1,215,257,268,310,images\apple016T(22).jpg,True,0.7490439782715107,False
887,coin,3,37,apple016T(23),1,162,193,222,250,images\apple016T(23).jpg,True,0.7171675495568633,False
888,coin,3,38,apple016T(24),1,140,187,201,248,images\apple016T(24).jpg,True,0.7423570697340477,False
889,coin,3,39,apple016T(25),1,132,209,190,263,images\apple016T(25).jpg,True,0.7506828760100797,False
890,coin,3,40,apple016T(3),1,113,220,172,282,images\apple016T(3).jpg,True,0.7445633905256284,False
891,coin,3,41,apple016T(4),1,150,171,214,231,images\apple016T(4).jpg,True,0.7397213671620384,False
892,coin,3,42,apple016T(5),1,148,186,210,248,images\apple016T(5).jpg,True,0.740945753924567,False
893,coin,3,43,apple016T(6),1,126,202,188,267,images\apple016T(6).jpg,True,0.729142347100252,False
894,coin,3,44,apple016T(7),1,130,198,194,262,images\apple016T(7).jpg,True,0.735735444324565,False
895,coin,3,45,apple016T(8),1,135,179,193,237,images\apple016T(8).jpg,True,0.7476989548785268,False
896,coin,3,46,apple016T(9),1,129,183,188,243,images\apple016T(9).jpg,True,0.7516905977163885,False
897,coin,3,47,apple017S(1),1,99,371,171,434,images\apple017S(1).jpg,True,0.7910229561699196,False
898,coin,3,48,apple017S(10),1,110,374,186,447,images\apple017S(10).jpg,True,0.7485273399412824,False
899,coin,3,49,apple017S(11),1,100,346,173,418,images\apple017S(11).jpg,True,0.755753636809265,False
900,coin,3,50,apple017S(12),1,98,350,173,420,images\apple017S(12).jpg,True,0.7543871088780898,False
901,coin,3,51,apple017S(13),1,81,369,154,442,images\apple017S(13).jpg,True,0.7514774398269424,False
902,coin,3,52,apple017S(14),1,112,373,181,446,images\apple017S(14).jpg,True,0.7773820233940995,False
903,coin,3,53,apple017S(15),1,124,360,193,429,images\apple017S(15).jpg,True,0.7801090891257931,False
904,coin,3,54,apple017S(16),1,94,359,167,430,images\apple017S(16).jpg,True,0.763692173444656,False
905,coin,3,55,apple017S(17),1,89,366,163,433,images\apple017S(17).jpg,True,0.7864013288457213,False
906,coin,3,56,apple017S(18),1,120,380,190,449,images\apple017S(18).jpg,True,0.7550305495221349,False
907,coin,3,57,apple017S(19),1,108,349,179,417,images\apple017S(19).jpg,True,0.7533495879907559,False
908,coin,3,58,apple017S(2),1,142,402,212,470,images\apple017S(2).jpg,True,0.7786671064701656,False
909,coin,3,59,apple017S(20),1,105,368,175,437,images\apple017S(20).jpg,True,0.7670924288531711,False
910,coin,3,60,apple017S(21),1,132,354,202,420,images\apple017S(21).jpg,True,0.7756526832377817,False
911,coin,3,61,apple017S(22),1,112,351,185,421,images\apple017S(22).jpg,True,0.7559200230907546,False
912,coin,3,62,apple017S(23),1,100,373,171,441,images\apple017S(23).jpg,True,0.7756847528656177,False
913,coin,3,63,apple017S(24),1,105,364,173,433,images\apple017S(24).jpg,True,0.756627706217238,False
914,coin,3,64,apple017S(25),1,103,353,170,419,images\apple017S(25).jpg,True,0.7922186762310329,False
915,coin,3,65,apple017S(26),1,119,336,189,403,images\apple017S(26).jpg,True,0.7775593812726143,False
916,coin,3,66,apple017S(27),1,114,390,182,455,images\apple017S(27).jpg,True,0.813225334615912,False
917,coin,3,67,apple017S(3),1,110,398,184,468,images\apple017S(3).jpg,True,0.7575303896062348,False
918,coin,3,68,apple017S(4),1,94,381,164,452,images\apple017S(4).jpg,True,0.7742357061202462,False
919,coin,3,69,apple017S(5),1,116,372,187,442,images\apple017S(5).jpg,True,0.7726150743132476,False
920,coin,3,70,apple017S(6),1,94,362,162,430,images\apple017S(6).jpg,True,0.7846795085326573,False
921,coin,3,71,apple017S(7),1,118,378,189,446,images\apple017S(7).jpg,True,0.79157984876627,False
922,coin,3,72,apple017S(8),1,121,394,191,465,images\apple017S(8).jpg,True,0.7673732209092974,False
923,coin,3,73,apple017S(9),1,101,367,177,442,images\apple017S(9).jpg,True,0.7203847628067596,False
924,coin,3,74,apple017T(1),1,158,222,215,283,images\apple017T(1).jpg,True,0.7488576605629325,False
925,coin,3,75,apple017T(10),1,163,169,227,229,images\apple017T(10).jpg,True,0.6924484202045678,False
926,coin,3,76,apple017T(11),1,156,190,218,252,images\apple017T(11).jpg,True,0.7398511133492949,False
927,coin,3,77,apple017T(12),1,118,183,183,248,images\apple017T(12).jpg,True,0.7460849637742588,False
928,coin,3,78,apple017T(13),1,162,149,222,209,images\apple017T(13).jpg,True,0.7223665002619585,False
929,coin,3,79,apple017T(14),1,151,174,208,231,images\apple017T(14).jpg,True,0.7213270407925848,False
930,coin,3,80,apple017T(15),1,171,200,228,254,images\apple017T(15).jpg,True,0.7370690076880726,False
931,coin,4,1,apple017T(16),1,146,176,207,236,images\apple017T(16).jpg,True,0.7438761587978793,False
932,coin,4,2,apple017T(17),1,174,199,235,259,images\apple017T(17).jpg,True,0.7262227594797994,False
933,coin,4,3,apple017T(18),1,146,178,201,234,images\apple017T(18).jpg,True,0.7309315425950527,False
934,coin,4,4,apple017T(19),1,153,178,216,238,images\apple017T(19).jpg,True,0.7456855481755913,False
935,coin,4,5,apple017T(2),1,126,214,190,277,images\apple017T(2).jpg,True,0.7418705868079757,False
936,coin,4,6,apple017T(20),1,188,211,246,267,images\apple017T(20).jpg,True,0.7396357829225443,False
937,coin,4,7,apple017T(21),1,130,147,188,203,images\apple017T(21).jpg,True,0.7602688665914681,False
938,coin,4,8,apple017T(22),1,216,193,270,247,images\apple017T(22).jpg,True,0.7603630875104229,False
939,coin,4,9,apple017T(23),1,184,231,242,286,images\apple017T(23).jpg,True,0.782388376116429,False
940,coin,4,10,apple017T(24),1,142,163,202,218,images\apple017T(24).jpg,True,0.7249505525654398,False
941,coin,4,11,apple017T(25),1,135,185,195,241,images\apple017T(25).jpg,True,0.723401018886424,False
942,coin,4,12,apple017T(26),1,141,185,204,244,images\apple017T(26).jpg,True,0.7388758856275304,False
943,coin,4,13,apple017T(27),1,125,170,188,229,images\apple017T(27).jpg,True,0.7092034475949986,False
944,coin,4,14,apple017T(3),1,106,188,167,244,images\apple017T(3).jpg,True,0.7396457625812565,False
945,coin,4,15,apple017T(4),1,154,198,210,251,images\apple017T(4).jpg,True,0.7635189753670651,False
946,coin,4,16,apple017T(5),1,128,185,185,238,images\apple017T(5).jpg,True,0.732246653598593,False
947,coin,4,17,apple017T(6),1,118,174,178,233,images\apple017T(6).jpg,True,0.7186207674707561,False
948,coin,4,18,apple017T(7),1,153,211,211,267,images\apple017T(7).jpg,True,0.7459284068662575,False
949,coin,4,19,apple017T(8),1,141,161,199,217,images\apple017T(8).jpg,True,0.7639887883404632,False
950,coin,4,20,apple017T(9),1,103,118,170,179,images\apple017T(9).jpg,True,0.7223984777115131,False
951,coin,4,21,apple018S(1),1,155,321,220,383,images\apple018S(1).jpg,True,0.7728592620185415,False
952,coin,4,22,apple018S(10),1,145,317,207,380,images\apple018S(10).jpg,True,0.7674086832258187,False
953,coin,4,23,apple018S(11),1,127,285,191,345,images\apple018S(11).jpg,True,0.7921128592894263,False
954,coin,4,24,apple018S(2),1,127,313,188,375,images\apple018S(2).jpg,True,0.7869920495595026,False
955,coin,4,25,apple018S(3),1,158,317,225,376,images\apple018S(3).jpg,True,0.7664658024668801,False
956,coin,4,26,apple018S(4),1,171,324,236,388,images\apple018S(4).jpg,True,0.7539061557943754,False
957,coin,4,27,apple018S(5),1,168,318,228,378,images\apple018S(5).jpg,True,0.8109178289204376,False
958,coin,4,28,apple018S(6),1,148,327,212,384,images\apple018S(6).jpg,True,0.7827047141235689,False
959,coin,4,29,apple018S(7),1,151,323,217,383,images\apple018S(7).jpg,True,0.7771859378589605,False
960,coin,4,30,apple018S(8),1,166,322,233,381,images\apple018S(8).jpg,True,0.7634657372268219,False
961,coin,4,31,apple018S(9),1,181,294,246,356,images\apple018S(9).jpg,True,0.7611463762007225,False
962,coin,4,32,apple018T(1),1,207,225,260,282,images\apple018T(1).jpg,True,0.7811041215152875,False
963,coin,4,33,apple018T(10),1,151,165,214,225,images\apple018T(10).jpg,True,0.761665179821922,False
964,coin,4,34,apple018T(11),1,176,222,241,281,images\apple018T(11).jpg,True,0.7291961669120204,False
965,coin,4,35,apple018T(2),1,121,150,186,213,images\apple018T(2).jpg,True,0.7638688309943902,False
966,coin,4,36,apple018T(3),1,171,209,232,267,images\apple018T(3).jpg,True,0.7517415078919077,False
967,coin,4,37,apple018T(4),1,173,205,232,260,images\apple018T(4).jpg,True,0.7800569879620185,False
968,coin,4,38,apple018T(5),1,116,186,180,249,images\apple018T(5).jpg,True,0.7676722560468443,False
969,coin,4,39,apple018T(6),1,153,200,211,258,images\apple018T(6).jpg,True,0.7789567748307911,False
970,coin,4,40,apple018T(7),1,150,183,213,244,images\apple018T(7).jpg,True,0.7736011753862643,False
971,coin,4,41,apple018T(8),1,164,211,225,269,images\apple018T(8).jpg,True,0.7621291238260992,False
972,coin,4,42,apple018T(9),1,168,193,227,251,images\apple018T(9).jpg,True,0.7561757227038801,False
973,coin,4,43,apple019S(1),1,13,202,67,255,images\apple019S(1).jpg,True,0.7482056748388406,False
974,coin,4,44,apple019S(2),1,12,187,66,241,images\apple019S(2).jpg,True,0.7370269000661736,False
975,coin,4,45,apple019S(3),1,6,200,61,254,images\apple019S(3).jpg,True,0.7372899159663866,False
976,coin,4,46,apple019S(4),1,33,192,88,246,images\apple019S(4).jpg,True,0.7415849014456354,False
977,coin,4,47,apple019S(5),1,25,176,80,230,images\apple019S(5).jpg,True,0.7517170976897019,False
978,coin,4,48,apple019S(6),1,26,186,81,238,images\apple019S(6).jpg,True,0.7556382249349659,False
979,coin,4,49,apple019S(7),1,26,209,81,264,images\apple019S(7).jpg,True,0.7465835131928258,False
980,coin,4,50,apple019T(1),1,393,119,430,157,images\apple019T(1).jpg,True,0.6522747957876477,False
981,coin,4,51,apple019T(2),1,385,114,422,149,images\apple019T(2).jpg,True,0.7196595009444953,False
982,coin,4,52,apple019T(3),1,363,105,398,141,images\apple019T(3).jpg,True,0.7121429321828789,False
983,coin,4,53,apple019T(4),1,345,100,378,135,images\apple019T(4).jpg,True,0.6913306677017659,False
984,coin,4,54,apple019T(5),1,407,142,442,179,images\apple019T(5).jpg,True,0.6998770430349377,False
985,coin,4,55,apple019T(6),1,60,208,96,247,images\apple019T(6).jpg,True,0.7202457892675285,False
986,coin,4,56,apple019T(7),1,399,135,436,173,images\apple019T(7).jpg,True,0.6813538024475525,False
987,coin,4,57,banana001S(1),1,621,334,674,388,images\banana001S(1).jpg,True,0.7947227080747606,False
988,coin,4,58,banana001S(2),1,583,318,638,370,images\banana001S(2).jpg,True,0.7836913494936367,False
989,coin,4,59,banana001S(3),1,655,294,714,350,images\banana001S(3).jpg,True,0.7272958286709448,False
990,coin,4,60,banana001T(1),1,218,480,276,536,images\banana001T(1).jpg,True,0.6188531335973837,False
991,coin,4,61,banana001T(2),1,167,471,224,532,images\banana001T(2).jpg,True,0.5879726638669749,False
992,coin,4,62,banana001T(3),1,630,137,687,192,images\banana001T(3).jpg,True,0.6160955283760305,False
993,coin,4,63,banana001T(4),1,194,434,249,487,images\banana001T(4).jpg,True,0.5831717552100824,False
994,coin,4,64,banana002S(1),1,676,443,779,541,images\banana002S(1).jpg,True,0.7830486227192214,False
995,coin,4,65,banana002S(2),1,692,396,766,496,images\banana002S(2).jpg,True,0.6518756754270998,False
996,coin,4,66,banana002S(3),1,11,363,114,457,images\banana002S(3).jpg,True,0.7746754968917788,False
997,coin,4,67,banana002T(1),1,405,241,488,322,images\banana002T(1).jpg,True,0.5851485490992976,False
998,coin,4,68,banana002T(2),1,345,117,425,193,images\banana002T(2).jpg,True,0.5937664950163285,False
999,coin,4,69,banana002T(3),1,383,365,478,458,images\banana002T(3).jpg,True,0.5866571304531989,False
1000,coin,4,70,banana003S(1),1,719,288,802,368,images\banana003S(1).jpg,True,0.7063800274506937,False
1001,coin,4,71,banana003S(2),1,694,326,754,402,images\banana003S(2).jpg,True,0.7487875723150523,False
1002,coin,4,72,banana003S(3),1,696,321,779,399,images\banana003S(3).jpg,True,0.7832109415258429,False
1003,coin,4,73,banana003T(1),1,643,462,703,525,images\banana003T(1).jpg,True,0.6300030082147942,False
1004,coin,4,74,banana003T(2),1,113,622,178,681,images\banana003T(2).jpg,True,0.6525818398736567,False
1005,coin,4,75,banana004S(1),1,88,381,178,465,images\banana004S(1).jpg,True,0.715750555195915,False
1006,coin,4,76,banana004S(2),1,24,392,125,486,images\banana004S(2).jpg,True,0.7641834672219234,False
1007,coin,4,77,banana004S(3),1,105,394,191,480,images\banana004S(3).jpg,True,0.6897586757404435,False
1008,coin,4,78,banana004T(1),1,453,444,519,512,images\banana004T(1).jpg,True,0.522022101194115,False
1009,coin,4,79,banana004T(2),1,343,308,415,378,images\banana004T(2).jpg,True,0.5361053022297521,False
1010,coin,4,80,banana004T(3),1,435,355,508,426,images\banana004T(3).jpg,True,0.609402032900401,False
1011,coin,5,1,banana005S(1),1,672,212,750,289,images\banana005S(1).jpg,True,0.7406504938910277,False
1012,coin,5,2,banana005S(2),1,640,278,724,355,images\banana005S(2).jpg,True,0.7759035117542308,False
1013,coin,5,3,banana005S(3),1,685,197,781,292,images\banana005S(3).jpg,True,0.6743942465603966,False
1014,coin,5,4,banana005T(1),1,481,284,547,349,images\banana005T(1).jpg,True,0.5448316696438504,False
1015,coin,5,5,banana005T(2),1,572,126,632,192,images\banana005T(2).jpg,True,0.5650457343155412,False
1016,coin,5,6,banana005T(3),1,360,151,430,223,images\banana005T(3).jpg,True,0.5898038979044652,False
1017,coin,5,7,banana006S(1),1,151,302,228,378,images\banana006S(1).jpg,True,0.6969742375914025,False
1018,coin,5,8,banana006S(2),1,114,324,186,391,images\banana006S(2).jpg,True,0.719721454550776,False
1019,coin,5,9,banana006S(3),1,95,270,166,346,images\banana006S(3).jpg,True,0.757896330898778,False
1020,coin,5,10,banana006T(1),1,366,400,438,474,images\banana006T(1).jpg,True,0.5797322305752138,False
1021,coin,5,11,banana006T(2),1,326,351,401,417,images\banana006T(2).jpg,True,0.6017924329102342,False
1022,coin,5,12,banana006T(3),1,343,375,427,457,images\banana006T(3).jpg,True,0.5540359396366337,False
1023,coin,5,13,banana007S(1),1,537,291,604,355,images\banana007S(1).jpg,True,0.6759377545282924,False
1024,coin,5,14,banana007S(2),1,178,295,247,362,images\banana007S(2).jpg,True,0.7804476367734348,False
1025,coin,5,15,banana007S(3),1,192,289,258,353,images\banana007S(3).jpg,True,0.7950619318696426,False
1026,coin,5,16,banana007T(1),1,368,198,435,260,images\banana007T(1).jpg,True,0.6196455597759555,False
1027,coin,5,17,banana007T(2),1,407,363,486,443,images\banana007T(2).jpg,True,0.578461694846221,False
1028,coin,5,18,banana007T(3),1,313,287,390,366,images\banana007T(3).jpg,True,0.5827186942928237,False
1029,coin,5,19,banana008S(1),1,95,290,170,361,images\banana008S(1).jpg,True,0.76323958124114,False
1030,coin,5,20,banana008S(2),1,128,401,195,470,images\banana008S(2).jpg,True,0.7808719472679356,False
1031,coin,5,21,banana008S(3),1,82,256,156,329,images\banana008S(3).jpg,True,0.7321794694606947,False
1032,coin,5,22,banana008S(4),1,92,299,170,378,images\banana008S(4).jpg,True,0.763854432679762,False
1033,coin,5,23,banana008S(5),1,116,314,196,390,images\banana008S(5).jpg,True,0.7680898404204359,False
1034,coin,5,24,banana008T(1),1,521,269,597,338,images\banana008T(1).jpg,True,0.587741856424134,False
1035,coin,5,25,banana008T(2),1,427,344,502,417,images\banana008T(2).jpg,True,0.5995656375158671,False
1036,coin,5,26,banana008T(3),1,399,180,463,243,images\banana008T(3).jpg,True,0.5797793729794484,False
1037,coin,5,27,banana008T(4),1,303,261,368,327,images\banana008T(4).jpg,True,0.5580731312789344,False
1038,coin,5,28,banana008T(5),1,295,294,360,356,images\banana008T(5).jpg,True,0.5970789064308413,False
1039,coin,5,29,banana009S(1),1,635,343,706,409,images\banana009S(1).jpg,True,0.737681581346358,False
1040,coin,5,30,banana009S(2),1,633,325,702,398,images\banana009S(2).jpg,True,0.7768833128093178,False
1041,coin,5,31,banana009S(3),1,634,281,706,352,images\banana009S(3).jpg,True,0.7831411756457112,False
1042,coin,5,32,banana009S(4),1,627,298,692,361,images\banana009S(4).jpg,True,0.7942589929653943,False
1043,coin,5,33,banana009S(5),1,638,306,707,371,images\banana009S(5).jpg,True,0.7599784462527948,False
1044,coin,5,34,banana009S(6),1,675,276,740,341,images\banana009S(6).jpg,True,0.7787659907951003,False
1045,coin,5,35,banana009S(7),1,665,301,741,371,images\banana009S(7).jpg,True,0.7183627009654052,False
1046,coin,5,36,banana009S(8),1,642,308,706,368,images\banana009S(8).jpg,True,0.7705403202206527,False
1047,coin,5,37,banana009T(1),1,101,99,164,166,images\banana009T(1).jpg,True,0.5451008649688661,False
1048,coin,5,38,banana009T(2),1,140,270,198,326,images\banana009T(2).jpg,True,0.562330537899337,False
1049,coin,5,39,banana009T(3),1,81,224,139,277,images\banana009T(3).jpg,True,0.5748255055879072,False
1050,coin,5,40,banana009T(4),1,191,203,243,256,images\banana009T(4).jpg,True,0.5615008431989836,False
1051,coin,5,41,banana009T(5),1,117,355,174,410,images\banana009T(5).jpg,True,0.5826058844055975,False
1052,coin,5,42,banana009T(6),1,62,166,119,224,images\banana009T(6).jpg,True,0.5304687162983701,False
1053,coin,5,43,banana009T(7),1,180,49,236,106,images\banana009T(7).jpg,True,0.5402163063460113,False
1054,coin,5,44,banana009T(8),1,392,39,451,99,images\banana009T(8).jpg,True,0.5270637434628651,False
1055,coin,5,45,banana010S(1),1,68,336,154,413,images\banana010S(1).jpg,True,0.71460495858233,False
1056,coin,5,46,banana010S(2),1,83,340,146,408,images\banana010S(2).jpg,True,0.7817312675431896,False
1057,coin,5,47,banana010S(3),1,643,334,710,400,images\banana010S(3).jpg,True,0.7722076344500923,False
1058,coin,5,48,banana010S(4),1,659,362,728,427,images\banana010S(4).jpg,True,0.7987476446721105,False
1059,coin,5,49,banana010S(5),1,651,299,717,365,images\banana010S(5).jpg,True,0.7973010981973572,False
1060,coin,5,50,banana010S(6),1,24,342,98,418,images\banana010S(6).jpg,True,0.7778818723670038,False
1061,coin,5,51,banana010S(7),1,78,348,156,422,images\banana010S(7).jpg,True,0.7499938741638854,False
1062,coin,5,52,banana010S(8),1,89,397,163,469,images\banana010S(8).jpg,True,0.7584154783335957,False
1063,coin,5,53,banana010T(1),1,256,47,319,108,images\banana010T(1).jpg,True,0.5786932783066567,False
1064,coin,5,54,banana010T(2),1,575,173,637,236,images\banana010T(2).jpg,True,0.5553164110249735,False
1065,coin,5,55,banana010T(3),1,183,82,247,146,images\banana010T(3).jpg,True,0.5741425514564759,False
1066,coin,5,56,banana010T(4),1,125,289,178,339,images\banana010T(4).jpg,True,0.584779012050619,False
1067,coin,5,57,banana010T(5),1,51,214,105,270,images\banana010T(5).jpg,True,0.6618320924231009,False
1068,coin,5,58,banana010T(6),1,573,167,635,230,images\banana010T(6).jpg,True,0.5729706061083403,False
1069,coin,5,59,banana010T(7),1,99,144,159,204,images\banana010T(7).jpg,True,0.5756529987892125,False
1070,coin,5,60,banana010T(8),1,132,93,197,157,images\banana010T(8).jpg,True,0.5458981473596421,False
1071,coin,5,61,banana011S(1),1,110,361,182,426,images\banana011S(1).jpg,True,0.8086036034856796,False
1072,coin,5,62,banana011S(2),1,66,346,138,416,images\banana011S(2).jpg,True,0.7183510922361787,False
1073,coin,5,63,banana011S(3),1,89,385,161,451,images\banana011S(3).jpg,True,0.7988856976175515,False
1074,coin,5,64,banana011S(4),1,114,328,182,395,images\banana011S(4).jpg,True,0.8135715924560625,False
1075,coin,5,65,banana011S(5),1,100,351,170,417,images\banana011S(5).jpg,True,0.7760102394857546,False
1076,coin,5,66,banana011S(6),1,84,349,152,414,images\banana011S(6).jpg,True,0.8086882670076678,False
1077,coin,5,67,banana011S(7),1,131,348,200,412,images\banana011S(7).jpg,True,0.757430603542445,False
1078,coin,5,68,banana011S(8),1,95,367,165,434,images\banana011S(8).jpg,True,0.7604681556452559,False
1079,coin,5,69,banana011S(9),1,80,382,153,448,images\banana011S(9).jpg,True,0.7498987484174482,False
1080,coin,5,70,banana011T(1),1,129,60,197,125,images\banana011T(1).jpg,True,0.601825495678223,False
1081,coin,5,71,banana011T(2),1,160,109,220,170,images\banana011T(2).jpg,True,0.6397551832663038,False
1082,coin,5,72,banana011T(3),1,174,87,235,149,images\banana011T(3).jpg,True,0.6189153524024471,False
1083,coin,5,73,banana011T(4),1,49,46,116,111,images\banana011T(4).jpg,True,0.6085379005252103,False
1084,coin,5,74,banana011T(5),1,102,100,161,156,images\banana011T(5).jpg,True,0.6452882819657345,False
1085,coin,5,75,banana011T(6),1,70,100,134,160,images\banana011T(6).jpg,True,0.6561727887673943,False
1086,coin,5,76,banana011T(7),1,123,104,189,162,images\banana011T(7).jpg,True,0.6134883810266851,False
1087,coin,5,77,banana011T(8),1,90,106,159,172,images\banana011T(8).jpg,True,0.583814155757211,False
1088,coin,5,78,banana011T(9),1,81,45,156,116,images\banana011T(9).jpg,True,0.5972731536608165,False
1089,coin,5,79,banana012S(1),1,122,327,185,388,images\banana012S(1).jpg,True,0.7543921401747133,False
1090,coin,5,80,banana012S(2),1,148,304,211,364,images\banana012S(2).jpg,True,0.7712327836896431,False
1091,coin,6,1,banana012S(3),1,111,346,173,408,images\banana012S(3).jpg,True,0.7707134233688233,False
1092,coin,6,2,banana012S(4),1,108,326,172,387,images\banana012S(4).jpg,True,0.7403227415274279,False
1093,coin,6,3,banana012S(5),1,70,314,130,374,images\banana012S(5).jpg,True,0.7976701840142384,False
1094,coin,6,4,banana012S(6),1,92,305,156,366,images\banana012S(6).jpg,True,0.7383915928095078,False
1095,coin,6,5,banana012S(7),1,89,325,153,387,images\banana012S(7).jpg,True,0.7656723690235203,False
1096,coin,6,6,banana012S(8),1,109,330,167,391,images\banana012S(8).jpg,True,0.7663523658361371,False
1097,coin,6,7,banana012T(1),1,205,274,271,336,images\banana012T(1).jpg,True,0.6208827818579061,False
1098,coin,6,8,banana012T(2),1,96,251,161,315,images\banana012T(2).jpg,True,0.6551662010122994,False
1099,coin,6,9,banana012T(3),1,150,284,221,351,images\banana012T(3).jpg,True,0.5931875648381972,False
1100,coin,6,10,banana012T(4),1,121,264,189,326,images\banana012T(4).jpg,True,0.6210592983916524,False
1101,coin,6,11,banana012T(5),1,79,167,147,234,images\banana012T(5).jpg,True,0.6284049112420547,False
1102,coin,6,12,banana012T(6),1,93,268,163,334,images\banana012T(6).jpg,True,0.6193055463421152,False
1103,coin,6,13,banana012T(7),1,131,283,191,340,images\banana012T(7).jpg,True,0.6698733023074421,False
1104,coin,6,14,banana012T(8),1,138,268,199,328,images\banana012T(8).jpg,True,0.620959799464054,False
1105,coin,6,15,banana013S(1),1,139,356,205,416,images\banana013S(1).jpg,True,0.7571801055332246,False
1106,coin,6,16,banana013S(10),1,135,310,201,373,images\banana013S(10).jpg,True,0.7463655692608495,False
1107,coin,6,17,banana013S(11),1,156,313,219,374,images\banana013S(11).jpg,True,0.7850122445344316,False
1108,coin,6,18,banana013S(12),1,130,295,198,354,images\banana013S(12).jpg,True,0.7699049302816778,False
1109,coin,6,19,banana013S(2),1,111,386,177,448,images\banana013S(2).jpg,True,0.7503129604162899,False
1110,coin,6,20,banana013S(3),1,135,345,198,407,images\banana013S(3).jpg,True,0.7772997181964574,False
1111,coin,6,21,banana013S(4),1,119,304,178,364,images\banana013S(4).jpg,True,0.7991848381328226,False
1112,coin,6,22,banana013S(5),1,89,298,156,356,images\banana013S(5).jpg,True,0.7945257419156595,False
1113,coin,6,23,banana013S(6),1,163,346,224,403,images\banana013S(6).jpg,True,0.773517749000975,False
1114,coin,6,24,banana013S(7),1,106,314,171,376,images\banana013S(7).jpg,True,0.7608523417034055,False
1115,coin,6,25,banana013S(8),1,132,328,201,386,images\banana013S(8).jpg,True,0.7694369744621334,False
1116,coin,6,26,banana013S(9),1,112,320,180,380,images\banana013S(9).jpg,True,0.7591472822979581,False
1117,coin,6,27,banana013T(1),1,147,223,201,275,images\banana013T(1).jpg,True,0.5825182671474245,False
1118,coin,6,28,banana013T(10),1,134,224,194,277,images\banana013T(10).jpg,True,0.5653006034044403,False
1119,coin,6,29,banana013T(11),1,150,214,206,271,images\banana013T(11).jpg,True,0.5505595298997569,False
1120,coin,6,30,banana013T(12),1,134,233,191,285,images\banana013T(12).jpg,True,0.6172117079326884,False
1121,coin,6,31,banana013T(2),1,145,216,210,282,images\banana013T(2).jpg,True,0.5890825607318774,False
1122,coin,6,32,banana013T(3),1,108,218,176,286,images\banana013T(3).jpg,True,0.6192815559862477,False
1123,coin,6,33,banana013T(4),1,127,228,187,284,images\banana013T(4).jpg,True,0.60326247018749,False
1124,coin,6,34,banana013T(5),1,121,244,185,303,images\banana013T(5).jpg,True,0.579253247910784,False
1125,coin,6,35,banana013T(6),1,107,197,167,253,images\banana013T(6).jpg,True,0.6063972756180603,False
1126,coin,6,36,banana013T(7),1,149,264,212,321,images\banana013T(7).jpg,True,0.5330611847622208,False
1127,coin,6,37,banana013T(8),1,151,217,207,270,images\banana013T(8).jpg,True,0.5869735226730265,False
1128,coin,6,38,banana013T(9),1,154,248,213,304,images\banana013T(9).jpg,True,0.5873986983613668,False
1129,coin,6,39,banana014S(1),1,43,399,120,477,images\banana014S(1).jpg,True,0.7766683145230526,False
1130,coin,6,40,banana014S(10),1,98,379,173,450,images\banana014S(10).jpg,True,0.8045699079617232,False
1131,coin,6,41,banana014S(2),1,33,353,121,439,images\banana014S(2).jpg,True,0.7016329010215151,False
1132,coin,6,42,banana014S(3),1,76,475,146,547,images\banana014S(3).jpg,True,0.7736616562360449,False
1133,coin,6,43,banana014S(4),1,57,443,126,517,images\banana014S(4).jpg,True,0.7917765986702687,False
1134,coin,6,44,banana014S(5),1,36,420,105,491,images\banana014S(5).jpg,True,0.7883479049694541,False
1135,coin,6,45,banana014S(6),1,27,444,96,518,images\banana014S(6).jpg,True,0.7703981975095202,False
1136,coin,6,46,banana014S(7),1,70,412,143,481,images\banana014S(7).jpg,True,0.7806587757868599,False
1137,coin,6,47,banana014S(8),1,58,352,131,424,images\banana014S(8).jpg,True,0.7092986858800023,False
1138,coin,6,48,banana014S(9),1,31,332,110,408,images\banana014S(9).jpg,True,0.7732720158851925,False
1139,coin,6,49,banana014T(1),1,153,215,216,279,images\banana014T(1).jpg,True,0.6110826483219631,False
1140,coin,6,50,banana014T(10),1,129,249,187,305,images\banana014T(10).jpg,True,0.5475497876944159,False
1141,coin,6,51,banana014T(2),1,88,172,162,241,images\banana014T(2).jpg,True,0.6111794975670578,False
1142,coin,6,52,banana014T(3),1,6,329,63,383,images\banana014T(3).jpg,True,0.5894569543307748,False
1143,coin,6,53,banana014T(4),1,118,305,182,366,images\banana014T(4).jpg,True,0.5900992132886428,False
1144,coin,6,54,banana014T(5),1,89,272,157,335,images\banana014T(5).jpg,True,0.5923344206865292,False
1145,coin,6,55,banana014T(6),1,94,285,155,347,images\banana014T(6).jpg,True,0.6111586184972629,False
1146,coin,6,56,banana014T(7),1,94,238,161,304,images\banana014T(7).jpg,True,0.5386881623655089,False
1147,coin,6,57,banana014T(8),1,123,230,184,291,images\banana014T(8).jpg,True,0.5625967685323603,False
1148,coin,6,58,banana014T(9),1,84,236,145,296,images\banana014T(9).jpg,True,0.5466070671159127,False
1149,coin,6,59,banana015S(1),1,426,193,486,252,images\banana015S(1).jpg,True,0.6535977704584353,False
1150,coin,6,60,banana015S(2),1,429,208,483,258,images\banana015S(2).jpg,True,0.7678486258160898,False
1151,coin,6,61,banana015S(3),1,413,215,475,274,images\banana015S(3).jpg,True,0.7577851741119785,False
1152,coin,6,62,banana015S(4),1,420,198,467,245,images\banana015S(4).jpg,True,0.721890692499396,False
1153,coin,6,63,banana015S(5),1,428,229,493,292,images\banana015S(5).jpg,True,0.7461045574975913,False
1154,coin,6,64,banana015S(6),1,436,205,496,262,images\banana015S(6).jpg,True,0.7811696218764794,False
1155,coin,6,65,banana015S(7),1,413,207,479,267,images\banana015S(7).jpg,True,0.6777298174276014,False
1156,coin,6,66,banana015S(8),1,416,197,463,242,images\banana015S(8).jpg,True,0.7580163244142217,False
1157,coin,6,67,banana015T(1),1,59,149,96,184,images\banana015T(1).jpg,True,0.546303143817728,False
1158,coin,6,68,banana015T(2),1,425,216,465,252,images\banana015T(2).jpg,True,0.5667471844661731,False
1159,coin,6,69,banana015T(3),1,42,132,81,173,images\banana015T(3).jpg,True,0.5607356762203847,False
1160,coin,6,70,banana015T(4),1,50,152,86,188,images\banana015T(4).jpg,True,0.5753637097300235,False
1161,coin,6,71,banana015T(5),1,47,138,85,174,images\banana015T(5).jpg,True,0.5581219186958115,False
1162,coin,6,72,banana015T(6),1,47,160,82,196,images\banana015T(6).jpg,True,0.5683048632471452,False
1163,coin,6,73,banana015T(7),1,53,146,91,182,images\banana015T(7).jpg,True,0.5596879819598458,False
1164,coin,6,74,banana015T(8),1,51,149,88,182,images\banana015T(8).jpg,True,0.557793448763521,False
1165,coin,6,75,bread001S(1),1,692,385,780,477,images\bread001S(1).jpg,True,0.7330121901677202,False
1166,coin,6,76,bread001S(2),1,665,400,754,488,images\bread001S(2).jpg,True,0.7455757284445261,False
1167,coin,6,77,bread001S(3),1,669,392,757,483,images\bread001S(3).jpg,True,0.7200163724582482,False
1168,coin,6,78,bread001S(4),1,668,400,757,490,images\bread001S(4).jpg,True,0.7245762067130899,False
1169,coin,6,79,bread001S(5),1,686,380,776,466,images\bread001S(5).jpg,True,0.7602620048556227,False
1170,coin,6,80,bread001S(6),1,662,374,753,462,images\bread001S(6).jpg,True,0.7591558872830622,False
1171,coin,7,1,bread001S(7),1,660,334,753,424,images\bread001S(7).jpg,True,0.7617210098966221,False
1172,coin,7,2,bread001S(8),1,690,390,780,480,images\bread001S(8).jpg,True,0.7672130020951378,False
1173,coin,7,3,bread001T(1),1,651,204,727,275,images\bread001T(1).jpg,True,0.67640917961888,False
1174,coin,7,4,bread001T(2),1,573,135,642,205,images\bread001T(2).jpg,True,0.5980658481249831,False
1175,coin,7,5,bread001T(3),1,597,157,665,223,images\bread001T(3).jpg,True,0.7815756412640021,False
1176,coin,7,6,bread001T(4),1,593,174,662,241,images\bread001T(4).jpg,True,0.6140853896570853,False
1177,coin,7,7,bread001T(5),1,608,182,675,247,images\bread001T(5).jpg,True,0.7661624710509195,False
1178,coin,7,8,bread001T(6),1,586,100,655,170,images\bread001T(6).jpg,True,0.6317977312797183,False
1179,coin,7,9,bread001T(7),1,597,179,672,245,images\bread001T(7).jpg,True,0.7477827446582437,False
1180,coin,7,10,bread001T(8),1,604,181,673,252,images\bread001T(8).jpg,True,0.633249507189186,False
1181,coin,7,11,bread002S(1),1,720,280,814,378,images\bread002S(1).jpg,True,0.7802121131396931,False
1182,coin,7,12,bread002S(2),1,712,383,813,478,images\bread002S(2).jpg,True,0.7470390138542182,False
1183,coin,7,13,bread002S(3),1,714,333,814,426,images\bread002S(3).jpg,True,0.7666295028019936,False
1184,coin,7,14,bread002S(4),1,718,332,816,424,images\bread002S(4).jpg,True,0.7316804170708457,False
1185,coin,7,15,bread002S(5),1,723,315,813,412,images\bread002S(5).jpg,True,0.788510676307776,False
1186,coin,7,16,bread002S(6),1,715,305,814,404,images\bread002S(6).jpg,True,0.727221120494663,False
1187,coin,7,17,bread002T(1),1,579,221,643,288,images\bread002T(1).jpg,True,0.6158938884824386,False
1188,coin,7,18,bread002T(2),1,590,226,660,298,images\bread002T(2).jpg,True,0.6016032794271571,False
1189,coin,7,19,bread003S(1),1,716,403,813,503,images\bread003S(1).jpg,True,0.7665991996286606,False
1190,coin,7,20,bread003S(2),1,639,273,714,344,images\bread003S(2).jpg,True,0.7667930508318876,False
1191,coin,7,21,bread003S(3),1,695,366,777,449,images\bread003S(3).jpg,True,0.7801506402311651,False
1192,coin,7,22,bread003T(1),1,641,271,708,342,images\bread003T(1).jpg,True,0.6558728461810306,False
1193,coin,7,23,bread003T(2),1,533,91,601,156,images\bread003T(2).jpg,True,0.754939234322666,False
1194,coin,7,24,bread003T(3),1,50,164,125,235,images\bread003T(3).jpg,True,0.5801926437160578,False
1195,coin,7,25,bread004S(1),1,37,319,141,418,images\bread004S(1).jpg,True,0.6985493379169849,False
1196,coin,7,26,bread004S(2),1,68,389,216,512,images\bread004S(2).jpg,True,0.7214443043650614,False
1197,coin,7,27,bread004S(3),1,51,296,156,399,images\bread004S(3).jpg,True,0.7701874624760436,False
1198,coin,7,28,bread004S(4),1,47,343,189,479,images\bread004S(4).jpg,True,0.7942201613595279,False
1199,coin,7,29,bread004T(1),1,352,475,409,533,images\bread004T(1).jpg,True,0.6302694738836873,False
1200,coin,7,30,bread004T(2),1,244,438,314,508,images\bread004T(2).jpg,True,0.7697106816197745,False
1201,coin,7,31,bread005S(1),1,86,292,185,384,images\bread005S(1).jpg,True,0.7555296103952029,False
1202,coin,7,32,bread005S(2),1,144,238,231,310,images\bread005S(2).jpg,True,0.7546584540478602,False
1203,coin,7,33,bread005S(3),1,82,268,163,344,images\bread005S(3).jpg,True,0.7275903920230049,False
1204,coin,7,34,bread005T(1),1,483,405,558,483,images\bread005T(1).jpg,True,0.586055080417597,False
1205,coin,7,35,bread005T(2),1,397,486,463,551,images\bread005T(2).jpg,True,0.7906890417021548,False
1206,coin,7,36,bread005T(3),1,474,456,541,521,images\bread005T(3).jpg,True,0.6278841365304622,False
1207,coin,7,37,bread006S(1),1,108,252,181,323,images\bread006S(1).jpg,True,0.7181917530526122,False
1208,coin,7,38,bread006S(2),1,139,256,210,324,images\bread006S(2).jpg,True,0.7019842005520538,False
1209,coin,7,39,bread006S(3),1,173,206,247,284,images\bread006S(3).jpg,True,0.7458128652448623,False
1210,coin,7,40,bread006S(4),1,117,257,198,333,images\bread006S(4).jpg,True,0.7841239211363091,False
1211,coin,7,41,bread006T(1),1,550,148,620,214,images\bread006T(1).jpg,True,0.6355426979841593,False
1212,coin,7,42,bread006T(2),1,517,271,584,340,images\bread006T(2).jpg,True,0.7079044812556244,False
1213,coin,7,43,bread006T(3),1,193,238,267,311,images\bread006T(3).jpg,True,0.8035042280353122,False
1214,coin,7,44,bread006T(4),1,214,478,283,544,images\bread006T(4).jpg,True,0.6230439054068223,False
1215,coin,7,45,bread007S(1),1,84,289,186,387,images\bread007S(1).jpg,True,0.6867105633412032,False
1216,coin,7,46,bread007S(2),1,145,185,219,257,images\bread007S(2).jpg,True,0.7085852218830943,False
1217,coin,7,47,bread007S(3),1,153,231,235,310,images\bread007S(3).jpg,True,0.7210772486967785,False
1218,coin,7,48,bread007S(4),1,183,260,262,334,images\bread007S(4).jpg,True,0.7726456225062164,False
1219,coin,7,49,bread007S(5),1,171,232,248,303,images\bread007S(5).jpg,True,0.722394410544774,False
1220,coin,7,50,bread007S(6),1,119,293,235,403,images\bread007S(6).jpg,True,0.7954864543727103,False
1221,coin,7,51,bread007S(7),1,175,322,266,404,images\bread007S(7).jpg,True,0.7435235233305353,False
1222,coin,7,52,bread007S(8),1,161,271,246,352,images\bread007S(8).jpg,True,0.7912050554512411,False
1223,coin,7,53,bread007T(1),1,227,45,311,128,images\bread007T(1).jpg,True,0.7191514477648795,False
1224,coin,7,54,bread007T(2),1,512,301,591,386,images\bread007T(2).jpg,True,0.7586633583244591,False
1225,coin,7,55,bread007T(3),1,359,494,438,572,images\bread007T(3).jpg,True,0.8073244758238747,False
1226,coin,7,56,bread007T(4),1,510,220,594,304,images\bread007T(4).jpg,True,0.7647604155837613,False
1227,coin,7,57,bread007T(5),1,310,470,382,540,images\bread007T(5).jpg,True,0.7781066214992278,False
1228,coin,7,58,bread007T(6),1,554,423,637,506,images\bread007T(6).jpg,True,0.7395210582885932,False
1229,coin,7,59,bread007T(7),1,115,165,198,244,images\bread007T(7).jpg,True,0.7203378386389574,False
1230,coin,7,60,bread007T(8),1,509,292,589,377,images\bread007T(8).jpg,True,0.6899906011641481,False
1231,coin,7,61,bun001S(1),1,79,322,135,381,images\bun001S(1).jpg,True,0.7904876534815222,False
1232,coin,7,62,bun001S(2),1,55,309,131,378,images\bun001S(2).jpg,True,0.7489528743681568,False
1233,coin,7,63,bun001S(3),1,64,292,134,355,images\bun001S(3).jpg,True,0.7895773558913439,False
1234,coin,7,64,bun001S(4),1,33,270,107,340,images\bun001S(4).jpg,True,0.7785165803497062,False
1235,coin,7,65,bun001S(5),1,108,338,169,399,images\bun001S(5).jpg,True,0.7557404254039106,False
1236,coin,7,66,bun001S(6),1,78,349,133,413,images\bun001S(6).jpg,True,0.7501186876630007,False
1237,coin,7,67,bun001S(7),1,50,316,109,378,images\bun001S(7).jpg,True,0.7730767278232892,False
1238,coin,7,68,bun001T(1),1,139,241,207,309,images\bun001T(1).jpg,True,0.7175694370480442,False
1239,coin,7,69,bun001T(2),1,95,269,159,333,images\bun001T(2).jpg,True,0.7346961715582729,False
1240,coin,7,70,bun001T(3),1,95,233,171,303,images\bun001T(3).jpg,True,0.7372497121810762,False
1241,coin,7,71,bun001T(4),1,70,263,142,330,images\bun001T(4).jpg,True,0.7705846733589498,False
1242,coin,7,72,bun001T(5),1,176,240,238,304,images\bun001T(5).jpg,True,0.7367502770045142,False
1243,coin,7,73,bun001T(6),1,114,214,181,280,images\bun001T(6).jpg,True,0.7962586946231347,False
1244,coin,7,74,bun001T(7),1,152,236,214,297,images\bun001T(7).jpg,True,0.8272512251216029,False
1245,coin,7,75,bun002S(1),1,100,321,172,387,images\bun002S(1).jpg,True,0.7192726690767299,False
1246,coin,7,76,bun002S(2),1,139,345,209,409,images\bun002S(2).jpg,True,0.7448328507186073,False
1247,coin,7,77,bun002S(3),1,117,340,185,406,images\bun002S(3).jpg,True,0.7656234446666532,False
1248,coin,7,78,bun002S(4),1,143,365,213,428,images\bun002S(4).jpg,True,0.7418945571821619,False
1249,coin,7,79,bun002S(5),1,139,321,209,381,images\bun002S(5).jpg,True,0.7774617358257321,False
1250,coin,7,80,bun002T(1),1,104,237,166,297,images\bun002T(1).jpg,True,0.7455526710766915,False
1251,coin,8,1,bun002T(2),1,98,268,169,335,images\bun002T(2).jpg,True,0.6934495936448142,False
1252,coin,8,2,bun002T(3),1,75,284,146,348,images\bun002T(3).jpg,True,0.7388389599416216,False
1253,coin,8,3,bun002T(4),1,141,293,212,356,images\bun002T(4).jpg,True,0.7219205757758747,False
1254,coin,8,4,bun002T(5),1,88,243,154,308,images\bun002T(5).jpg,True,0.7675456856061286,False
1255,coin,8,5,bun003S(1),1,59,317,138,392,images\bun003S(1).jpg,True,0.7385036195968337,False
1256,coin,8,6,bun003S(2),1,45,290,112,351,images\bun003S(2).jpg,True,0.7158679505478663,False
1257,coin,8,7,bun003S(3),1,47,269,122,342,images\bun003S(3).jpg,True,0.7703197207183574,False
1258,coin,8,8,bun003S(4),1,4,333,47,409,images\bun003S(4).jpg,True,0.7708232508092776,False
1259,coin,8,9,bun003T(1),1,148,247,219,315,images\bun003T(1).jpg,True,0.7240514339166167,False
1260,coin,8,10,bun003T(2),1,92,216,162,283,images\bun003T(2).jpg,True,0.6917805409873533,False
1261,coin,8,11,bun003T(3),1,75,254,148,324,images\bun003T(3).jpg,True,0.7324979722548273,False
1262,coin,8,12,bun003T(4),1,121,252,186,314,images\bun003T(4).jpg,True,0.7061861098694098,False
1263,coin,8,13,bun004S(1),1,50,302,124,375,images\bun004S(1).jpg,True,0.7631220482454337,False
1264,coin,8,14,bun004S(2),1,80,309,168,389,images\bun004S(2).jpg,True,0.7838900977081756,False
1265,coin,8,15,bun004S(3),1,8,329,95,416,images\bun004S(3).jpg,True,0.7811731234192043,False
1266,coin,8,16,bun004S(4),1,717,338,779,399,images\bun004S(4).jpg,True,0.7429810903480261,False
1267,coin,8,17,bun004S(5),1,90,355,161,424,images\bun004S(5).jpg,True,0.7788726958808926,False
1268,coin,8,18,bun004S(6),1,94,304,171,370,images\bun004S(6).jpg,True,0.7804475844062809,False
1269,coin,8,19,bun004S(7),1,82,365,156,435,images\bun004S(7).jpg,True,0.7716764810645576,False
1270,coin,8,20,bun004S(8),1,73,345,154,420,images\bun004S(8).jpg,True,0.7244702575228287,False
1271,coin,8,21,bun004T(1),1,76,235,143,300,images\bun004T(1).jpg,True,0.7977846205733592,False
1272,coin,8,22,bun004T(2),1,106,175,168,234,images\bun004T(2).jpg,True,0.7716937645856237,False
1273,coin,8,23,bun004T(3),1,100,298,166,361,images\bun004T(3).jpg,True,0.720915099314765,False
1274,coin,8,24,bun004T(4),1,132,93,190,147,images\bun004T(4).jpg,True,0.8170134300700953,False
1275,coin,8,25,bun004T(5),1,148,229,208,287,images\bun004T(5).jpg,True,0.7714102761819812,False
1276,coin,8,26,bun004T(6),1,109,240,179,309,images\bun004T(6).jpg,True,0.6947921568605302,False
1277,coin,8,27,bun004T(7),1,92,240,156,305,images\bun004T(7).jpg,True,0.7392976358321643,False
1278,coin,8,28,bun004T(8),1,85,214,160,287,images\bun004T(8).jpg,True,0.7408260946521839,False
1279,coin,8,29,bun005S(1),1,117,279,188,347,images\bun005S(1).jpg,True,0.7780256868187192,False
1280,coin,8,30,bun005S(2),1,160,274,232,345,images\bun005S(2).jpg,True,0.7227862721584183,False
1281,coin,8,31,bun005S(3),1,116,211,190,279,images\bun005S(3).jpg,True,0.7850076366331891,False
1282,coin,8,32,bun005S(4),1,94,304,166,374,images\bun005S(4).jpg,True,0.7701149430450935,False
1283,coin,8,33,bun005S(5),1,94,289,169,359,images\bun005S(5).jpg,True,0.7438498588602098,False
1284,coin,8,34,bun005T(1),1,75,291,140,355,images\bun005T(1).jpg,True,0.767525742548061,False
1285,coin,8,35,bun005T(2),1,95,186,150,241,images\bun005T(2).jpg,True,0.7458624271550636,False
1286,coin,8,36,bun005T(3),1,119,252,182,313,images\bun005T(3).jpg,True,0.7193682244800579,False
1287,coin,8,37,bun005T(4),1,130,235,188,288,images\bun005T(4).jpg,True,0.7532899824412966,False
1288,coin,8,38,bun005T(5),1,74,274,138,337,images\bun005T(5).jpg,True,0.74483996428407,False
1289,coin,8,39,bun006S(1),1,68,382,153,460,images\bun006S(1).jpg,True,0.743354417011898,False
1290,coin,8,40,bun006S(2),1,80,383,161,460,images\bun006S(2).jpg,True,0.798515634599638,False
1291,coin,8,41,bun006S(3),1,96,378,181,450,images\bun006S(3).jpg,True,0.7772490225703177,False
1292,coin,8,42,bun006S(4),1,104,374,188,448,images\bun006S(4).jpg,True,0.7894259537792898,False
1293,coin,8,43,bun006S(5),1,68,416,147,495,images\bun006S(5).jpg,True,0.7635542313490032,False
1294,coin,8,44,bun006S(6),1,99,390,178,466,images\bun006S(6).jpg,True,0.7999505048156524,False
1295,coin,8,45,bun006S(7),1,55,417,136,491,images\bun006S(7).jpg,True,0.7901558204560878,False
1296,coin,8,46,bun006S(8),1,87,354,169,429,images\bun006S(8).jpg,True,0.7934597301589355,False
1297,coin,8,47,bun006T(1),1,183,194,238,251,images\bun006T(1).jpg,True,0.8188808136208678,False
1298,coin,8,48,bun006T(2),1,99,185,166,246,images\bun006T(2).jpg,True,0.7965881619256749,False
1299,coin,8,49,bun006T(3),1,93,131,158,194,images\bun006T(3).jpg,True,0.7932896593339287,False
1300,coin,8,50,bun006T(4),1,154,158,211,214,images\bun006T(4).jpg,True,0.8060270071223965,False
1301,coin,8,51,bun006T(5),1,135,186,191,241,images\bun006T(5).jpg,True,0.79410810201056,False
1302,coin,8,52,bun006T(6),1,116,182,171,239,images\bun006T(6).jpg,True,0.7937978256548235,False
1303,coin,8,53,bun006T(7),1,149,196,205,253,images\bun006T(7).jpg,True,0.8113124132959914,False
1304,coin,8,54,bun006T(8),1,151,191,210,249,images\bun006T(8).jpg,True,0.8327311906564483,False
1305,coin,8,55,bun007S(1),1,120,311,187,376,images\bun007S(1).jpg,True,0.7527513525728273,False
1306,coin,8,56,bun007S(2),1,96,282,169,351,images\bun007S(2).jpg,True,0.7478587917400344,False
1307,coin,8,57,bun007S(3),1,60,281,131,349,images\bun007S(3).jpg,True,0.7118057794935266,False
1308,coin,8,58,bun007S(4),1,76,286,146,350,images\bun007S(4).jpg,True,0.809406676236974,False
1309,coin,8,59,bun007T(1),1,193,257,255,316,images\bun007T(1).jpg,True,0.776784769226484,False
1310,coin,8,60,bun007T(2),1,132,200,194,253,images\bun007T(2).jpg,True,0.7579433569986169,False
1311,coin,8,61,bun007T(3),1,115,262,179,319,images\bun007T(3).jpg,True,0.7557572969141433,False
1312,coin,8,62,bun007T(4),1,152,225,212,285,images\bun007T(4).jpg,True,0.7678038589445706,False
1313,coin,8,63,bun008S(1),1,138,287,210,351,images\bun008S(1).jpg,True,0.7536160188435375,False
1314,coin,8,64,bun008S(2),1,117,281,184,346,images\bun008S(2).jpg,True,0.7712326766697937,False
1315,coin,8,65,bun008S(3),1,119,274,189,341,images\bun008S(3).jpg,True,0.7449359867776381,False
1316,coin,8,66,bun008S(4),1,151,300,223,363,images\bun008S(4).jpg,True,0.7474084262794536,False
1317,coin,8,67,bun008T(1),1,156,233,220,290,images\bun008T(1).jpg,True,0.748326474207578,False
1318,coin,8,68,bun008T(2),1,48,197,114,262,images\bun008T(2).jpg,True,0.7484571175317655,False
1319,coin,8,69,bun008T(3),1,125,201,193,262,images\bun008T(3).jpg,True,0.7530000743570833,False
1320,coin,8,70,bun008T(4),1,160,242,214,294,images\bun008T(4).jpg,True,0.7264289066401204,False
1321,coin,8,71,doughnut001S(1),1,667,373,799,497,images\doughnut001S(1).jpg,True,0.8093926992912805,False
1322,coin,8,72,doughnut001S(2),1,595,446,715,562,images\doughnut001S(2).jpg,True,0.7963830544938353,False
1323,coin,8,73,doughnut001S(3),1,666,408,791,529,images\doughnut001S(3).jpg,True,0.7995336824071775,False
1324,coin,8,74,doughnut001S(4),1,663,413,792,531,images\doughnut001S(4).jpg,True,0.8092466707176182,False
1325,coin,8,75,doughnut001T(1),1,603,281,671,348,images\doughnut001T(1).jpg,True,0.7321334030133178,False
1326,coin,8,76,doughnut001T(2),1,706,265,785,346,images\doughnut001T(2).jpg,True,0.7314922518253845,False
1327,coin,8,77,doughnut001T(3),1,702,256,780,339,images\doughnut001T(3).jpg,True,0.7305322163672205,False
1328,coin,8,78,doughnut001T(4),1,664,250,734,321,images\doughnut001T(4).jpg,True,0.7426843784131881,False
1329,coin,8,79,doughnut002S(1),1,688,321,799,426,images\doughnut002S(1).jpg,True,0.8217171130444083,False
1330,coin,8,80,doughnut002S(2),1,670,422,784,530,images\doughnut002S(2).jpg,True,0.7895640568377094,False
1331,coin,9,1,doughnut002S(3),1,674,404,768,515,images\doughnut002S(3).jpg,True,0.7702801517134965,False
1332,coin,9,2,doughnut002S(4),1,701,367,810,474,images\doughnut002S(4).jpg,True,0.7951834242438041,False
1333,coin,9,3,doughnut002S(5),1,684,379,805,493,images\doughnut002S(5).jpg,True,0.798644145828755,False
1334,coin,9,4,doughnut002S(6),1,683,336,808,451,images\doughnut002S(6).jpg,True,0.7884450587712827,False
1335,coin,9,5,doughnut002S(7),1,702,385,813,490,images\doughnut002S(7).jpg,True,0.8056288114810171,False
1336,coin,9,6,doughnut002T(1),1,262,44,326,113,images\doughnut002T(1).jpg,True,0.7390058450607675,False
1337,coin,9,7,doughnut002T(2),1,430,47,498,114,images\doughnut002T(2).jpg,True,0.7038175874854145,False
1338,coin,9,8,doughnut002T(3),1,568,191,629,255,images\doughnut002T(3).jpg,True,0.7439727958322875,False
1339,coin,9,9,doughnut002T(4),1,130,102,198,168,images\doughnut002T(4).jpg,True,0.7410198187703096,False
1340,coin,9,10,doughnut002T(5),1,540,196,596,250,images\doughnut002T(5).jpg,True,0.7002741283840981,False
1341,coin,9,11,doughnut002T(6),1,532,122,595,189,images\doughnut002T(6).jpg,True,0.7279804266044052,False
1342,coin,9,12,doughnut002T(7),1,121,122,190,194,images\doughnut002T(7).jpg,True,0.7190819398602095,False
1343,coin,9,13,doughnut003S(1),1,710,288,810,387,images\doughnut003S(1).jpg,True,0.8044106608011343,False
1344,coin,9,14,doughnut003S(2),1,703,357,805,458,images\doughnut003S(2).jpg,True,0.7898680168733136,False
1345,coin,9,15,doughnut003S(3),1,707,318,807,417,images\doughnut003S(3).jpg,True,0.8140799055397374,False
1346,coin,9,16,doughnut003T(1),1,544,80,622,153,images\doughnut003T(1).jpg,True,0.736919867131731,False
1347,coin,9,17,doughnut003T(2),1,70,277,143,348,images\doughnut003T(2).jpg,True,0.6822785956390351,False
1348,coin,9,18,doughnut003T(3),1,562,97,626,167,images\doughnut003T(3).jpg,True,0.7601609272859757,False
1349,coin,9,19,doughnut004S(1),1,96,345,164,411,images\doughnut004S(1).jpg,True,0.7378873482854383,False
1350,coin,9,20,doughnut004S(10),1,96,339,163,404,images\doughnut004S(10).jpg,True,0.7642828929951819,False
1351,coin,9,21,doughnut004S(11),1,98,373,164,438,images\doughnut004S(11).jpg,True,0.7612708972533561,False
1352,coin,9,22,doughnut004S(12),1,48,345,115,406,images\doughnut004S(12).jpg,True,0.7830977620730271,False
1353,coin,9,23,doughnut004S(13),1,107,331,171,395,images\doughnut004S(13).jpg,True,0.8120672536828748,False
1354,coin,9,24,doughnut004S(14),1,106,355,174,420,images\doughnut004S(14).jpg,True,0.777305964786202,False
1355,coin,9,25,doughnut004S(15),1,97,354,167,420,images\doughnut004S(15).jpg,True,0.7848360801729994,False
1356,coin,9,26,doughnut004S(2),1,65,313,130,377,images\doughnut004S(2).jpg,True,0.7965271337268349,False
1357,coin,9,27,doughnut004S(3),1,87,328,150,390,images\doughnut004S(3).jpg,True,0.8203542819271554,False
1358,coin,9,28,doughnut004S(4),1,103,331,167,395,images\doughnut004S(4).jpg,True,0.8050049086716979,False
1359,coin,9,29,doughnut004S(5),1,122,339,185,402,images\doughnut004S(5).jpg,True,0.793162458511111,False
1360,coin,9,30,doughnut004S(6),1,92,341,156,401,images\doughnut004S(6).jpg,True,0.8116464121826933,False
1361,coin,9,31,doughnut004S(7),1,82,365,146,428,images\doughnut004S(7).jpg,True,0.8021993269761127,False
1362,coin,9,32,doughnut004S(8),1,83,363,149,425,images\doughnut004S(8).jpg,True,0.7981971596359039,False
1363,coin,9,33,doughnut004S(9),1,79,320,143,381,images\doughnut004S(9).jpg,True,0.8248855546383885,False
1364,coin,9,34,doughnut004T(1),1,149,154,219,214,images\doughnut004T(1).jpg,True,0.7303972425271084,False
1365,coin,9,35,doughnut004T(10),1,176,157,242,218,images\doughnut004T(10).jpg,True,0.7184340394800193,False
1366,coin,9,36,doughnut004T(11),1,156,167,220,229,images\doughnut004T(11).jpg,True,0.7617988597929221,False
1367,coin,9,37,doughnut004T(12),1,160,141,227,205,images\doughnut004T(12).jpg,True,0.7229271669999308,False
1368,coin,9,38,doughnut004T(13),1,163,138,233,205,images\doughnut004T(13).jpg,True,0.6956816582242812,False
1369,coin,9,39,doughnut004T(14),1,171,152,234,211,images\doughnut004T(14).jpg,True,0.7114145309902826,False
1370,coin,9,40,doughnut004T(15),1,140,138,208,201,images\doughnut004T(15).jpg,True,0.779033057989968,False
1371,coin,9,41,doughnut004T(2),1,146,68,213,134,images\doughnut004T(2).jpg,True,0.7545980219284947,False
1372,coin,9,42,doughnut004T(3),1,138,114,208,182,images\doughnut004T(3).jpg,True,0.7486587666714504,False
1373,coin,9,43,doughnut004T(4),1,173,153,236,215,images\doughnut004T(4).jpg,True,0.7167735519381351,False
1374,coin,9,44,doughnut004T(5),1,157,156,221,214,images\doughnut004T(5).jpg,True,0.7686155116420026,False
1375,coin,9,45,doughnut004T(6),1,151,77,216,143,images\doughnut004T(6).jpg,True,0.7400116911756656,False
1376,coin,9,46,doughnut004T(7),1,163,177,227,238,images\doughnut004T(7).jpg,True,0.7470822950940104,False
1377,coin,9,47,doughnut004T(8),1,150,149,213,209,images\doughnut004T(8).jpg,True,0.7420650251107395,False
1378,coin,9,48,doughnut004T(9),1,157,135,224,200,images\doughnut004T(9).jpg,True,0.7206819773363891,False
1379,coin,9,49,doughnut005S(1),1,142,324,209,386,images\doughnut005S(1).jpg,True,0.796276862787022,False
1380,coin,9,50,doughnut005S(10),1,128,358,191,420,images\doughnut005S(10).jpg,True,0.7821478263851914,False
1381,coin,9,51,doughnut005S(11),1,129,303,197,367,images\doughnut005S(11).jpg,True,0.7924698489915881,False
1382,coin,9,52,doughnut005S(12),1,120,329,184,393,images\doughnut005S(12).jpg,True,0.7925965907968249,False
1383,coin,9,53,doughnut005S(13),1,131,333,196,396,images\doughnut005S(13).jpg,True,0.8044507065668753,False
1384,coin,9,54,doughnut005S(14),1,111,383,178,451,images\doughnut005S(14).jpg,True,0.7877221804010692,False
1385,coin,9,55,doughnut005S(15),1,142,359,210,425,images\doughnut005S(15).jpg,True,0.7878293762167972,False
1386,coin,9,56,doughnut005S(2),1,117,363,185,425,images\doughnut005S(2).jpg,True,0.7872042638328315,False
1387,coin,9,57,doughnut005S(3),1,134,326,200,388,images\doughnut005S(3).jpg,True,0.7856823561534925,False
1388,coin,9,58,doughnut005S(4),1,134,333,201,396,images\doughnut005S(4).jpg,True,0.7865341947596369,False
1389,coin,9,59,doughnut005S(5),1,84,376,148,439,images\doughnut005S(5).jpg,True,0.8109662277867249,False
1390,coin,9,60,doughnut005S(6),1,82,339,147,398,images\doughnut005S(6).jpg,True,0.8100534147418202,False
1391,coin,9,61,doughnut005S(7),1,136,358,225,420,images\doughnut005S(7).jpg,True,0.7112362079888346,False
1392,coin,9,62,doughnut005S(8),1,101,353,170,416,images\doughnut005S(8).jpg,True,0.7706732722826408,False
1393,coin,9,63,doughnut005S(9),1,103,331,170,395,images\doughnut005S(9).jpg,True,0.8169553093616313,False
1394,coin,9,64,doughnut005T(1),1,139,152,207,217,images\doughnut005T(1).jpg,True,0.7474205970160435,False
1395,coin,9,65,doughnut005T(10),1,162,113,228,175,images\doughnut005T(10).jpg,True,0.7303042936093528,False
1396,coin,9,66,doughnut005T(11),1,144,103,210,166,images\doughnut005T(11).jpg,True,0.7253957457189193,False
1397,coin,9,67,doughnut005T(12),1,154,78,218,133,images\doughnut005T(12).jpg,True,0.7107684740562892,False
1398,coin,9,68,doughnut005T(13),1,180,119,247,178,images\doughnut005T(13).jpg,True,0.7285268596462342,False
1399,coin,9,69,doughnut005T(14),1,136,141,205,209,images\doughnut005T(14).jpg,True,0.7344470228945262,False
1400,coin,9,70,doughnut005T(15),1,146,164,209,225,images\doughnut005T(15).jpg,True,0.7420001258029427,False
1401,coin,9,71,doughnut005T(2),1,179,45,243,108,images\doughnut005T(2).jpg,True,0.7191227573655852,False
1402,coin,9,72,doughnut005T(3),1,134,91,205,156,images\doughnut005T(3).jpg,True,0.7130303288299062,False
1403,coin,9,73,doughnut005T(4),1,196,121,252,176,images\doughnut005T(4).jpg,True,0.7386970433757218,False
1404,coin,9,74,doughnut005T(5),1,189,139,247,193,images\doughnut005T(5).jpg,True,0.7383218164913191,False
1405,coin,9,75,doughnut005T(6),1,193,144,250,202,images\doughnut005T(6).jpg,True,0.7152245941974396,False
1406,coin,9,76,doughnut005T(7),1,147,125,212,189,images\doughnut005T(7).jpg,True,0.7031895304200138,False
1407,coin,9,77,doughnut005T(8),1,147,169,212,233,images\doughnut005T(8).jpg,True,0.6976694913754868,False
1408,coin,9,78,doughnut005T(9),1,150,133,215,197,images\doughnut005T(9).jpg,True,0.7146900498106192,False
1409,coin,9,79,doughnut006S(1),1,94,352,165,416,images\doughnut006S(1).jpg,True,0.7517750938000489,False
1410,coin,9,80,doughnut006S(10),1,125,341,191,403,images\doughnut006S(10).jpg,True,0.7833168438693159,False
1411,coin,10,1,doughnut006S(11),1,138,364,205,428,images\doughnut006S(11).jpg,True,0.7792760444852165,False
1412,coin,10,2,doughnut006S(12),1,107,332,173,395,images\doughnut006S(12).jpg,True,0.8118228730351893,False
1413,coin,10,3,doughnut006S(13),1,129,329,197,394,images\doughnut006S(13).jpg,True,0.7775806275675317,False
1414,coin,10,4,doughnut006S(14),1,123,316,190,380,images\doughnut006S(14).jpg,True,0.8140606681369587,False
1415,coin,10,5,doughnut006S(15),1,132,317,202,384,images\doughnut006S(15).jpg,True,0.7399089879739993,False
1416,coin,10,6,doughnut006S(16),1,139,328,203,389,images\doughnut006S(16).jpg,True,0.8176046709130302,False
1417,coin,10,7,doughnut006S(17),1,122,345,191,407,images\doughnut006S(17).jpg,True,0.7653119140461804,False
1418,coin,10,8,doughnut006S(18),1,92,342,156,402,images\doughnut006S(18).jpg,True,0.8042154950674194,False
1419,coin,10,9,doughnut006S(19),1,109,313,179,379,images\doughnut006S(19).jpg,True,0.7456464370397418,False
1420,coin,10,10,doughnut006S(2),1,105,366,173,430,images\doughnut006S(2).jpg,True,0.7656547842742881,False
1421,coin,10,11,doughnut006S(3),1,139,339,203,400,images\doughnut006S(3).jpg,True,0.8041323773185158,False
1422,coin,10,12,doughnut006S(4),1,137,345,203,408,images\doughnut006S(4).jpg,True,0.7885748663720713,False
1423,coin,10,13,doughnut006S(5),1,180,337,243,400,images\doughnut006S(5).jpg,True,0.8260905361854654,False
1424,coin,10,14,doughnut006S(6),1,115,354,183,418,images\doughnut006S(6).jpg,True,0.7859158472773273,False
1425,coin,10,15,doughnut006S(7),1,125,284,192,353,images\doughnut006S(7).jpg,True,0.7676423509462079,False
1426,coin,10,16,doughnut006S(8),1,136,327,203,389,images\doughnut006S(8).jpg,True,0.8054081103449771,False
1427,coin,10,17,doughnut006T(1),1,141,158,211,225,images\doughnut006T(1).jpg,True,0.7373867036152006,False
1428,coin,10,18,doughnut006T(10),1,153,139,221,205,images\doughnut006T(10).jpg,True,0.7180130118310811,False
1429,coin,10,19,doughnut006T(11),1,121,129,192,194,images\doughnut006T(11).jpg,True,0.7464071525731207,False
1430,coin,10,20,doughnut006T(12),1,125,110,192,181,images\doughnut006T(12).jpg,True,0.722935097852843,False
1431,coin,10,21,doughnut006T(13),1,137,129,205,195,images\doughnut006T(13).jpg,True,0.7301788858270727,False
1432,coin,10,22,doughnut006T(14),1,152,144,221,209,images\doughnut006T(14).jpg,True,0.7204940095158656,False
1433,coin,10,23,doughnut006T(15),1,124,114,186,172,images\doughnut006T(15).jpg,True,0.7679987920267456,False
1434,coin,10,24,doughnut006T(16),1,147,143,225,221,images\doughnut006T(16).jpg,True,0.6323611784279549,False
1435,coin,10,25,doughnut006T(17),1,91,105,166,182,images\doughnut006T(17).jpg,True,0.7702003478969613,False
1436,coin,10,26,doughnut006T(18),1,127,116,192,180,images\doughnut006T(18).jpg,True,0.729607630708583,False
1437,coin,10,27,doughnut006T(2),1,113,145,184,214,images\doughnut006T(2).jpg,True,0.7168236685533391,False
1438,coin,10,28,doughnut006T(3),1,124,102,197,169,images\doughnut006T(3).jpg,True,0.7079995774502013,False
1439,coin,10,29,doughnut006T(4),1,133,108,196,171,images\doughnut006T(4).jpg,True,0.7637550677407713,False
1440,coin,10,30,doughnut006T(5),1,134,168,209,236,images\doughnut006T(5).jpg,True,0.6780406663376639,False
1441,coin,10,31,doughnut006T(6),1,144,143,216,212,images\doughnut006T(6).jpg,True,0.7064657271041115,False
1442,coin,10,32,doughnut006T(7),1,126,54,194,121,images\doughnut006T(7).jpg,True,0.7192037697338536,False
1443,coin,10,33,doughnut006T(8),1,138,144,206,214,images\doughnut006T(8).jpg,True,0.7306799948102185,False
1444,coin,10,34,doughnut006T(9),1,125,155,192,220,images\doughnut006T(9).jpg,True,0.7210117944273401,False
1445,coin,10,35,doughnut007S(1),1,55,327,124,395,images\doughnut007S(1).jpg,True,0.8348653727325459,False
1446,coin,10,36,doughnut007S(10),1,49,350,119,420,images\doughnut007S(10).jpg,True,0.7991961978396962,False
1447,coin,10,37,doughnut007S(11),1,36,316,105,387,images\doughnut007S(11).jpg,True,0.7616771708683474,False
1448,coin,10,38,doughnut007S(12),1,43,339,112,410,images\doughnut007S(12).jpg,True,0.7952101896832122,False
1449,coin,10,39,doughnut007S(13),1,67,323,143,393,images\doughnut007S(13).jpg,True,0.7614825648376802,False
1450,coin,10,40,doughnut007S(14),1,46,316,121,388,images\doughnut007S(14).jpg,True,0.7597397673342767,False
1451,coin,10,41,doughnut007S(15),1,60,333,128,401,images\doughnut007S(15).jpg,True,0.8104820893940438,False
1452,coin,10,42,doughnut007S(2),1,88,297,160,366,images\doughnut007S(2).jpg,True,0.7960361471517095,False
1453,coin,10,43,doughnut007S(3),1,57,324,126,390,images\doughnut007S(3).jpg,True,0.8140814045648067,False
1454,coin,10,44,doughnut007S(4),1,57,308,124,375,images\doughnut007S(4).jpg,True,0.8380554516409917,False
1455,coin,10,45,doughnut007S(5),1,93,343,165,412,images\doughnut007S(5).jpg,True,0.7566074601736534,False
1456,coin,10,46,doughnut007S(6),1,80,326,146,398,images\doughnut007S(6).jpg,True,0.8068111503988571,False
1457,coin,10,47,doughnut007S(7),1,73,320,144,387,images\doughnut007S(7).jpg,True,0.8087157295498417,False
1458,coin,10,48,doughnut007S(8),1,56,306,127,376,images\doughnut007S(8).jpg,True,0.807648727507107,False
1459,coin,10,49,doughnut007S(9),1,77,298,146,369,images\doughnut007S(9).jpg,True,0.8045798942657836,False
1460,coin,10,50,doughnut007T(1),1,120,136,193,201,images\doughnut007T(1).jpg,True,0.7421073180150375,False
1461,coin,10,51,doughnut007T(10),1,98,198,162,259,images\doughnut007T(10).jpg,True,0.7571932081547028,False
1462,coin,10,52,doughnut007T(11),1,110,201,172,257,images\doughnut007T(11).jpg,True,0.7271753639159697,False
1463,coin,10,53,doughnut007T(12),1,140,183,198,241,images\doughnut007T(12).jpg,True,0.7590794661041023,False
1464,coin,10,54,doughnut007T(13),1,100,164,156,218,images\doughnut007T(13).jpg,True,0.7759437879787573,False
1465,coin,10,55,doughnut007T(14),1,111,140,175,204,images\doughnut007T(14).jpg,True,0.7568289032355762,False
1466,coin,10,56,doughnut007T(15),1,131,166,200,229,images\doughnut007T(15).jpg,True,0.7242722803826857,False
1467,coin,10,57,doughnut007T(2),1,141,159,198,214,images\doughnut007T(2).jpg,True,0.751641519973604,False
1468,coin,10,58,doughnut007T(3),1,102,134,163,194,images\doughnut007T(3).jpg,True,0.721527427005068,False
1469,coin,10,59,doughnut007T(4),1,128,117,194,184,images\doughnut007T(4).jpg,True,0.7492580710226308,False
1470,coin,10,60,doughnut007T(5),1,82,149,150,212,images\doughnut007T(5).jpg,True,0.7170984294139401,False
1471,coin,10,61,doughnut007T(6),1,105,90,162,145,images\doughnut007T(6).jpg,True,0.7732791411913772,False
1472,coin,10,62,doughnut007T(7),1,112,120,178,184,images\doughnut007T(7).jpg,True,0.7469852955594678,False
1473,coin,10,63,doughnut007T(8),1,137,145,201,206,images\doughnut007T(8).jpg,True,0.7261857497341369,False
1474,coin,10,64,doughnut007T(9),1,101,133,178,203,images\doughnut007T(9).jpg,True,0.7376234720474039,False
1475,coin,10,65,doughnut008S(1),1,59,297,134,366,images\doughnut008S(1).jpg,True,0.8129790415930372,False
1476,coin,10,66,doughnut008S(10),1,96,313,171,385,images\doughnut008S(10).jpg,True,0.7916447667289861,False
1477,coin,10,67,doughnut008S(11),1,66,302,144,372,images\doughnut008S(11).jpg,True,0.7599345478270843,False
1478,coin,10,68,doughnut008S(12),1,44,321,120,392,images\doughnut008S(12).jpg,True,0.8129779014684086,False
1479,coin,10,69,doughnut008S(13),1,50,336,120,404,images\doughnut008S(13).jpg,True,0.817052346644564,False
1480,coin,10,70,doughnut008S(14),1,25,306,104,377,images\doughnut008S(14).jpg,True,0.7754439709143408,False
1481,coin,10,71,doughnut008S(2),1,70,298,140,367,images\doughnut008S(2).jpg,True,0.7957756153861915,False
1482,coin,10,72,doughnut008S(3),1,70,314,140,387,images\doughnut008S(3).jpg,True,0.7659514232136908,False
1483,coin,10,73,doughnut008S(4),1,72,282,140,354,images\doughnut008S(4).jpg,True,0.7835014592311079,False
1484,coin,10,74,doughnut008S(5),1,33,292,104,364,images\doughnut008S(5).jpg,True,0.7806815770933226,False
1485,coin,10,75,doughnut008S(6),1,70,312,136,380,images\doughnut008S(6).jpg,True,0.8401379847603181,False
1486,coin,10,76,doughnut008S(7),1,33,291,103,361,images\doughnut008S(7).jpg,True,0.8025156517648424,False
1487,coin,10,77,doughnut008S(8),1,57,290,128,353,images\doughnut008S(8).jpg,True,0.8330998269210317,False
1488,coin,10,78,doughnut008S(9),1,56,311,125,380,images\doughnut008S(9).jpg,True,0.8096077157794617,False
1489,coin,10,79,doughnut008T(1),1,126,141,196,202,images\doughnut008T(1).jpg,True,0.7432174070444615,False
1490,coin,10,80,doughnut008T(10),1,124,120,182,177,images\doughnut008T(10).jpg,True,0.7749089003629719,False
1491,coin,11,1,doughnut008T(11),1,140,127,193,180,images\doughnut008T(11).jpg,True,0.7885297312327839,False
1492,coin,11,2,doughnut008T(12),1,152,138,213,202,images\doughnut008T(12).jpg,True,0.7774230246852256,False
1493,coin,11,3,doughnut008T(13),1,127,108,195,178,images\doughnut008T(13).jpg,True,0.7611903540481311,False
1494,coin,11,4,doughnut008T(14),1,103,186,170,250,images\doughnut008T(14).jpg,True,0.7226733534864287,False
1495,coin,11,5,doughnut008T(2),1,79,101,146,168,images\doughnut008T(2).jpg,True,0.7715597937365736,False
1496,coin,11,6,doughnut008T(3),1,109,105,174,159,images\doughnut008T(3).jpg,True,0.7751768230226368,False
1497,coin,11,7,doughnut008T(4),1,110,166,183,234,images\doughnut008T(4).jpg,True,0.7432257743505212,False
1498,coin,11,8,doughnut008T(5),1,95,164,161,231,images\doughnut008T(5).jpg,True,0.7757971384001305,False
1499,coin,11,9,doughnut008T(6),1,136,134,199,200,images\doughnut008T(6).jpg,True,0.7465387491066424,False
1500,coin,11,10,doughnut008T(7),1,145,166,203,226,images\doughnut008T(7).jpg,True,0.7921755014581088,False
1501,coin,11,11,doughnut008T(8),1,141,128,210,195,images\doughnut008T(8).jpg,True,0.6942839026344336,False
1502,coin,11,12,doughnut008T(9),1,149,182,213,243,images\doughnut008T(9).jpg,True,0.717305487047497,False
1503,coin,11,13,doughnut009S(1),1,27,292,103,364,images\doughnut009S(1).jpg,True,0.7830300527482881,False
1504,coin,11,14,doughnut009S(10),1,36,310,110,381,images\doughnut009S(10).jpg,True,0.7908591182768343,False
1505,coin,11,15,doughnut009S(11),1,32,295,108,362,images\doughnut009S(11).jpg,True,0.8026027212617732,False
1506,coin,11,16,doughnut009S(12),1,53,285,129,358,images\doughnut009S(12).jpg,True,0.7851517059334454,False
1507,coin,11,17,doughnut009S(13),1,56,298,129,365,images\doughnut009S(13).jpg,True,0.807505109584417,False
1508,coin,11,18,doughnut009S(14),1,69,287,144,357,images\doughnut009S(14).jpg,True,0.7883182796116132,False
1509,coin,11,19,doughnut009S(2),1,61,257,137,332,images\doughnut009S(2).jpg,True,0.7649205928236336,False
1510,coin,11,20,doughnut009S(3),1,74,286,150,359,images\doughnut009S(3).jpg,True,0.737014179772558,False
1511,coin,11,21,doughnut009S(4),1,55,312,127,387,images\doughnut009S(4).jpg,True,0.7376900607512323,False
1512,coin,11,22,doughnut009S(5),1,49,317,121,388,images\doughnut009S(5).jpg,True,0.8215516907343483,False
1513,coin,11,23,doughnut009S(6),1,44,297,114,369,images\doughnut009S(6).jpg,True,0.8277092857123638,False
1514,coin,11,24,doughnut009S(7),1,36,289,110,359,images\doughnut009S(7).jpg,True,0.7642201481178501,False
1515,coin,11,25,doughnut009S(8),1,18,279,87,352,images\doughnut009S(8).jpg,True,0.7856001765225067,False
1516,coin,11,26,doughnut009S(9),1,25,283,100,357,images\doughnut009S(9).jpg,True,0.7814508790653261,False
1517,coin,11,27,doughnut009T(1),1,130,222,193,284,images\doughnut009T(1).jpg,True,0.7809434348345159,False
1518,coin,11,28,doughnut009T(10),1,98,190,167,254,images\doughnut009T(10).jpg,True,0.7517072584517632,False
1519,coin,11,29,doughnut009T(11),1,151,220,218,283,images\doughnut009T(11).jpg,True,0.7552339479609522,False
1520,coin,11,30,doughnut009T(12),1,160,151,221,209,images\doughnut009T(12).jpg,True,0.7778470696429882,False
1521,coin,11,31,doughnut009T(13),1,96,249,161,311,images\doughnut009T(13).jpg,True,0.7639610925210062,False
1522,coin,11,32,doughnut009T(14),1,133,181,189,237,images\doughnut009T(14).jpg,True,0.7387648313060793,False
1523,coin,11,33,doughnut009T(2),1,153,198,199,246,images\doughnut009T(2).jpg,True,0.7200344291360548,False
1524,coin,11,34,doughnut009T(3),1,161,145,214,198,images\doughnut009T(3).jpg,True,0.784403319026484,False
1525,coin,11,35,doughnut009T(4),1,146,194,206,252,images\doughnut009T(4).jpg,True,0.7363073912645466,False
1526,coin,11,36,doughnut009T(5),1,124,212,180,269,images\doughnut009T(5).jpg,True,0.7194840455283052,False
1527,coin,11,37,doughnut009T(6),1,140,171,209,238,images\doughnut009T(6).jpg,True,0.7614040457316928,False
1528,coin,11,38,doughnut009T(7),1,109,154,173,212,images\doughnut009T(7).jpg,True,0.7432610054574513,False
1529,coin,11,39,doughnut009T(8),1,128,159,191,219,images\doughnut009T(8).jpg,True,0.7610913831043284,False
1530,coin,11,40,doughnut009T(9),1,101,173,169,242,images\doughnut009T(9).jpg,True,0.7271505120455646,False
1531,coin,11,41,egg001S(1),1,129,349,194,410,images\egg001S(1).jpg,True,0.7101950588936976,False
1532,coin,11,42,egg001S(2),1,132,342,195,403,images\egg001S(2).jpg,True,0.7134899757672082,False
1533,coin,11,43,egg001S(3),1,126,356,193,419,images\egg001S(3).jpg,True,0.7233393387217427,False
1534,coin,11,44,egg001S(4),1,169,333,231,394,images\egg001S(4).jpg,True,0.7018997035879501,False
1535,coin,11,45,egg001S(5),1,170,327,228,387,images\egg001S(5).jpg,True,0.7481549528882157,False
1536,coin,11,46,egg001S(6),1,135,329,200,388,images\egg001S(6).jpg,True,0.7273415977961433,False
1537,coin,11,47,egg001S(7),1,112,325,173,386,images\egg001S(7).jpg,True,0.749470084837955,False
1538,coin,11,48,egg001T(1),1,80,219,149,282,images\egg001T(1).jpg,True,0.758802750389012,False
1539,coin,11,49,egg001T(2),1,105,249,173,311,images\egg001T(2).jpg,True,0.7285473519320866,False
1540,coin,11,50,egg001T(3),1,138,229,200,293,images\egg001T(3).jpg,True,0.7297618894244577,False
1541,coin,11,51,egg001T(4),1,56,250,125,320,images\egg001T(4).jpg,True,0.7089175679074446,False
1542,coin,11,52,egg001T(5),1,146,244,210,306,images\egg001T(5).jpg,True,0.6833531852360698,False
1543,coin,11,53,egg001T(6),1,84,232,154,295,images\egg001T(6).jpg,True,0.7158121618169819,False
1544,coin,11,54,egg001T(7),1,78,205,148,276,images\egg001T(7).jpg,True,0.7236638077821187,False
1545,coin,11,55,egg002T(1),1,173,300,243,370,images\egg002T(1).jpg,True,0.7066955316604064,False
1546,coin,11,56,egg002T(2),1,138,300,200,361,images\egg002T(2).jpg,True,0.7766657557685495,False
1547,coin,11,57,egg002T(3),1,88,312,162,385,images\egg002T(3).jpg,True,0.7175831255076857,False
1548,coin,11,58,egg002T(4),1,115,262,187,329,images\egg002T(4).jpg,True,0.6870198764437282,False
1549,coin,11,59,egg002T(5),1,147,262,207,323,images\egg002T(5).jpg,True,0.7590532658793915,False
1550,coin,11,60,egg002T(6),1,97,225,168,299,images\egg002T(6).jpg,True,0.7094409627018323,False
1551,coin,11,61,egg002T(7),1,118,266,190,335,images\egg002T(7).jpg,True,0.7307275888785933,False
1552,coin,11,62,egg002T(8),1,130,218,208,295,images\egg002T(8).jpg,True,0.6958446798323712,False
1553,coin,11,63,egg002T(9),1,106,277,180,348,images\egg002T(9).jpg,True,0.7293248602848387,False
1554,coin,11,64,egg002s(1),1,65,289,137,360,images\egg002s(1).jpg,True,0.7003760358532047,False
1555,coin,11,65,egg002s(2),1,151,292,216,355,images\egg002s(2).jpg,True,0.7160052178665852,False
1556,coin,11,66,egg002s(3),1,159,319,224,381,images\egg002s(3).jpg,True,0.7404906299376763,False
1557,coin,11,67,egg002s(4),1,171,292,236,355,images\egg002s(4).jpg,True,0.7119800873896781,False
1558,coin,11,68,egg002s(5),1,131,290,198,353,images\egg002s(5).jpg,True,0.7131533780621002,False
1559,coin,11,69,egg002s(6),1,64,286,135,357,images\egg002s(6).jpg,True,0.7402982695249747,False
1560,coin,11,70,egg002s(7),1,75,302,148,373,images\egg002s(7).jpg,True,0.7529751766070074,False
1561,coin,11,71,egg002s(8),1,28,269,107,343,images\egg002s(8).jpg,True,0.733413565627707,False
1562,coin,11,72,egg002s(9),1,70,288,145,358,images\egg002s(9).jpg,True,0.7282326888002305,False
1563,coin,11,73,egg003S(1),1,193,284,258,353,images\egg003S(1).jpg,True,0.7070153007676898,False
1564,coin,11,74,egg003S(2),1,127,320,195,384,images\egg003S(2).jpg,True,0.7089779144932125,False
1565,coin,11,75,egg003S(3),1,135,327,197,386,images\egg003S(3).jpg,True,0.7767031152046561,False
1566,coin,11,76,egg003S(4),1,116,315,187,379,images\egg003S(4).jpg,True,0.7033233219961218,False
1567,coin,11,77,egg003S(5),1,154,347,220,412,images\egg003S(5).jpg,True,0.6890083898166534,False
1568,coin,11,78,egg003S(6),1,125,372,191,432,images\egg003S(6).jpg,True,0.7435113176700783,False
1569,coin,11,79,egg003T(1),1,101,276,178,353,images\egg003T(1).jpg,True,0.7494533797035674,False
1570,coin,11,80,egg003T(2),1,131,282,205,355,images\egg003T(2).jpg,True,0.7444858245636005,False
1571,coin,12,1,egg003T(3),1,99,258,169,328,images\egg003T(3).jpg,True,0.7228208418557314,False
1572,coin,12,2,egg003T(4),1,167,269,234,334,images\egg003T(4).jpg,True,0.6992323984259469,False
1573,coin,12,3,egg003T(5),1,176,272,244,340,images\egg003T(5).jpg,True,0.6653264473314834,False
1574,coin,12,4,egg003T(6),1,119,299,192,370,images\egg003T(6).jpg,True,0.7162430287430288,False
1575,coin,12,5,egg004S(1),1,50,335,124,410,images\egg004S(1).jpg,True,0.7461482306500433,False
1576,coin,12,6,egg004S(2),1,80,294,156,370,images\egg004S(2).jpg,True,0.743706896304299,False
1577,coin,12,7,egg004S(3),1,80,316,153,386,images\egg004S(3).jpg,True,0.7666460546475413,False
1578,coin,12,8,egg004S(4),1,95,313,171,387,images\egg004S(4).jpg,True,0.7295782952679504,False
1579,coin,12,9,egg004S(5),1,70,318,147,389,images\egg004S(5).jpg,True,0.7376254449964708,False
1580,coin,12,10,egg004T(1),1,125,253,186,312,images\egg004T(1).jpg,True,0.7351934876894044,False
1581,coin,12,11,egg004T(2),1,139,218,194,279,images\egg004T(2).jpg,True,0.735035912875539,False
1582,coin,12,12,egg004T(3),1,81,207,160,281,images\egg004T(3).jpg,True,0.7211642487943942,False
1583,coin,12,13,egg004T(4),1,80,269,150,333,images\egg004T(4).jpg,True,0.6896559527345352,False
1584,coin,12,14,egg004T(5),1,146,231,214,296,images\egg004T(5).jpg,True,0.6804861211489864,False
1585,coin,12,15,egg005S(1),1,226,254,301,326,images\egg005S(1).jpg,True,0.720809776160089,False
1586,coin,12,16,egg005S(2),1,131,285,202,351,images\egg005S(2).jpg,True,0.7706288078537784,False
1587,coin,12,17,egg005S(3),1,137,288,208,356,images\egg005S(3).jpg,True,0.7579590444074987,False
1588,coin,12,18,egg005S(4),1,115,278,186,350,images\egg005S(4).jpg,True,0.7270886551839182,False
1589,coin,12,19,egg005S(5),1,88,267,165,339,images\egg005S(5).jpg,True,0.7095558798317847,False
1590,coin,12,20,egg005S(6),1,189,272,263,343,images\egg005S(6).jpg,True,0.7231125356125356,False
1591,coin,12,21,egg005S(7),1,227,232,297,299,images\egg005S(7).jpg,True,0.7775875035544635,False
1592,coin,12,22,egg005S(8),1,204,237,281,307,images\egg005S(8).jpg,True,0.7104892752562051,False
1593,coin,12,23,egg005T(1),1,76,270,134,331,images\egg005T(1).jpg,True,0.7074933711392947,False
1594,coin,12,24,egg005T(2),1,129,267,189,325,images\egg005T(2).jpg,True,0.7655654298083943,False
1595,coin,12,25,egg005T(3),1,116,250,178,309,images\egg005T(3).jpg,True,0.7297314016602809,False
1596,coin,12,26,egg005T(4),1,141,260,202,318,images\egg005T(4).jpg,True,0.7754056570253633,False
1597,coin,12,27,egg005T(5),1,135,300,196,359,images\egg005T(5).jpg,True,0.7275599625797434,False
1598,coin,12,28,egg005T(6),1,108,223,165,283,images\egg005T(6).jpg,True,0.7285375052093435,False
1599,coin,12,29,egg005T(7),1,130,333,187,387,images\egg005T(7).jpg,True,0.7416215554651446,False
1600,coin,12,30,egg005T(8),1,76,314,134,366,images\egg005T(8).jpg,True,0.719098702203724,False
1601,coin,12,31,egg006S(1),1,106,391,175,462,images\egg006S(1).jpg,True,0.7657176443360654,False
1602,coin,12,32,egg006S(2),1,92,341,167,412,images\egg006S(2).jpg,True,0.7210409955191597,False
1603,coin,12,33,egg006S(3),1,112,327,182,404,images\egg006S(3).jpg,True,0.7036340215264322,False
1604,coin,12,34,egg006S(4),1,115,357,189,427,images\egg006S(4).jpg,True,0.7354582813591206,False
1605,coin,12,35,egg006S(5),1,103,366,173,433,images\egg006S(5).jpg,True,0.7672922977493137,False
1606,coin,12,36,egg006S(6),1,34,390,107,460,images\egg006S(6).jpg,True,0.7409199027361586,False
1607,coin,12,37,egg006S(7),1,116,329,188,399,images\egg006S(7).jpg,True,0.7489402993836689,False
1608,coin,12,38,egg006S(8),1,88,365,160,435,images\egg006S(8).jpg,True,0.7424722843941833,False
1609,coin,12,39,egg006T(1),1,122,217,189,278,images\egg006T(1).jpg,True,0.749510209377382,False
1610,coin,12,40,egg006T(2),1,163,234,230,303,images\egg006T(2).jpg,True,0.734485924713263,False
1611,coin,12,41,egg006T(3),1,79,270,142,337,images\egg006T(3).jpg,True,0.7152557611269879,False
1612,coin,12,42,egg006T(4),1,113,228,176,287,images\egg006T(4).jpg,True,0.7379404298366163,False
1613,coin,12,43,egg006T(5),1,115,248,176,304,images\egg006T(5).jpg,True,0.7114172526444067,False
1614,coin,12,44,egg006T(6),1,151,212,220,278,images\egg006T(6).jpg,True,0.7447527366604753,False
1615,coin,12,45,egg006T(7),1,115,205,180,270,images\egg006T(7).jpg,True,0.7667609990825311,False
1616,coin,12,46,egg006T(8),1,127,240,189,303,images\egg006T(8).jpg,True,0.7486777589979751,False
1617,coin,12,47,egg007S(1),1,126,343,193,404,images\egg007S(1).jpg,True,0.7606043375496419,False
1618,coin,12,48,egg007S(2),1,67,312,136,376,images\egg007S(2).jpg,True,0.7414096617668047,False
1619,coin,12,49,egg007S(3),1,68,363,138,431,images\egg007S(3).jpg,True,0.7154982876528038,False
1620,coin,12,50,egg007S(4),1,71,342,140,408,images\egg007S(4).jpg,True,0.7239304812834224,False
1621,coin,12,51,egg007S(5),1,74,352,141,412,images\egg007S(5).jpg,True,0.7743077059520187,False
1622,coin,12,52,egg007S(6),1,78,303,149,369,images\egg007S(6).jpg,True,0.7269750464130373,False
1623,coin,12,53,egg007S(7),1,123,284,191,350,images\egg007S(7).jpg,True,0.7623462122623299,False
1624,coin,12,54,egg007S(8),1,109,325,175,390,images\egg007S(8).jpg,True,0.7810959974421343,False
1625,coin,12,55,egg007S(9),1,93,316,160,384,images\egg007S(9).jpg,True,0.7299983550502653,False
1626,coin,12,56,egg007T(1),1,161,267,225,327,images\egg007T(1).jpg,True,0.7193456514570085,False
1627,coin,12,57,egg007T(2),1,267,235,335,301,images\egg007T(2).jpg,True,0.7553235017506477,False
1628,coin,12,58,egg007T(3),1,200,202,266,267,images\egg007T(3).jpg,True,0.7147879129721372,False
1629,coin,12,59,egg007T(4),1,171,225,238,288,images\egg007T(4).jpg,True,0.7692518524336439,False
1630,coin,12,60,egg007T(5),1,184,245,247,303,images\egg007T(5).jpg,True,0.7188243930948952,False
1631,coin,12,61,egg007T(6),1,185,261,244,314,images\egg007T(6).jpg,True,0.7397234534128292,False
1632,coin,12,62,egg007T(7),1,72,185,143,253,images\egg007T(7).jpg,True,0.7347447158576983,False
1633,coin,12,63,egg007T(8),1,128,256,200,316,images\egg007T(8).jpg,True,0.7450206983344616,False
1634,coin,12,64,egg007T(9),1,131,255,203,319,images\egg007T(9).jpg,True,0.7180095429560602,False
1635,coin,12,65,fired_dough_twist001S(1),1,95,245,172,315,images\fired_dough_twist001S(1).jpg,True,0.6875333281889391,False
1636,coin,12,66,fired_dough_twist001S(2),1,66,320,139,390,images\fired_dough_twist001S(2).jpg,True,0.693967384007621,False
1637,coin,12,67,fired_dough_twist001S(3),1,13,292,86,363,images\fired_dough_twist001S(3).jpg,True,0.6620836830931406,False
1638,coin,12,68,fired_dough_twist001S(4),1,101,291,176,360,images\fired_dough_twist001S(4).jpg,True,0.6948610963648034,False
1639,coin,12,69,fired_dough_twist001S(5),1,61,282,139,352,images\fired_dough_twist001S(5).jpg,True,0.656616578602341,False
1640,coin,12,70,fired_dough_twist001S(6),1,92,293,165,364,images\fired_dough_twist001S(6).jpg,True,0.6782875488771634,False
1641,coin,12,71,fired_dough_twist001S(7),1,48,284,123,357,images\fired_dough_twist001S(7).jpg,True,0.6593509424340835,False
1642,coin,12,72,fired_dough_twist001S(8),1,101,286,175,359,images\fired_dough_twist001S(8).jpg,True,0.6626484234415463,False
1643,coin,12,73,fired_dough_twist001S(9),1,68,286,144,356,images\fired_dough_twist001S(9).jpg,True,0.6645369375342967,False
1644,coin,12,74,fired_dough_twist001T(1),1,147,136,207,195,images\fired_dough_twist001T(1).jpg,True,0.7117796888984464,False
1645,coin,12,75,fired_dough_twist001T(2),1,136,185,209,256,images\fired_dough_twist001T(2).jpg,True,0.6773898718529072,False
1646,coin,12,76,fired_dough_twist001T(3),1,143,175,206,237,images\fired_dough_twist001T(3).jpg,True,0.6436554589377999,False
1647,coin,12,77,fired_dough_twist001T(4),1,175,208,229,265,images\fired_dough_twist001T(4).jpg,True,0.6814604980732344,False
1648,coin,12,78,fired_dough_twist001T(5),1,131,137,199,201,images\fired_dough_twist001T(5).jpg,True,0.6576466525616351,False
1649,coin,12,79,fired_dough_twist001T(6),1,181,179,244,239,images\fired_dough_twist001T(6).jpg,True,0.6933935708608483,False
1650,coin,12,80,fired_dough_twist001T(7),1,114,138,180,206,images\fired_dough_twist001T(7).jpg,True,0.6689295525468235,False
1651,coin,13,1,fired_dough_twist001T(8),1,153,190,212,250,images\fired_dough_twist001T(8).jpg,True,0.6698142304581389,False
1652,coin,13,2,fired_dough_twist001T(9),1,151,151,210,213,images\fired_dough_twist001T(9).jpg,True,0.663714417390888,False
1653,coin,13,3,fired_dough_twist002S(1),1,91,322,168,395,images\fired_dough_twist002S(1).jpg,True,0.7421294743690421,False
1654,coin,13,4,fired_dough_twist002S(10),1,26,322,99,396,images\fired_dough_twist002S(10).jpg,True,0.7440381956028554,False
1655,coin,13,5,fired_dough_twist002S(2),1,87,272,165,344,images\fired_dough_twist002S(2).jpg,True,0.7271698705940779,False
1656,coin,13,6,fired_dough_twist002S(3),1,73,307,147,379,images\fired_dough_twist002S(3).jpg,True,0.7399248205459591,False
1657,coin,13,7,fired_dough_twist002S(4),1,43,283,120,354,images\fired_dough_twist002S(4).jpg,True,0.752590170940171,False
1658,coin,13,8,fired_dough_twist002S(5),1,32,313,107,389,images\fired_dough_twist002S(5).jpg,True,0.7305284297922159,False
1659,coin,13,9,fired_dough_twist002S(6),1,86,315,165,390,images\fired_dough_twist002S(6).jpg,True,0.6979668920749784,False
1660,coin,13,10,fired_dough_twist002S(7),1,53,284,129,353,images\fired_dough_twist002S(7).jpg,True,0.755031315457358,False
1661,coin,13,11,fired_dough_twist002S(8),1,27,302,105,374,images\fired_dough_twist002S(8).jpg,True,0.7180853223826296,False
1662,coin,13,12,fired_dough_twist002S(9),1,18,299,95,373,images\fired_dough_twist002S(9).jpg,True,0.7243153412132861,False
1663,coin,13,13,fired_dough_twist002T(1),1,144,192,210,257,images\fired_dough_twist002T(1).jpg,True,0.6783462803837299,False
1664,coin,13,14,fired_dough_twist002T(10),1,79,107,157,182,images\fired_dough_twist002T(10).jpg,True,0.7361236222704346,False
1665,coin,13,15,fired_dough_twist002T(2),1,60,143,130,209,images\fired_dough_twist002T(2).jpg,True,0.7061363758912977,False
1666,coin,13,16,fired_dough_twist002T(3),1,91,126,161,188,images\fired_dough_twist002T(3).jpg,True,0.6524613364240894,False
1667,coin,13,17,fired_dough_twist002T(4),1,109,130,175,195,images\fired_dough_twist002T(4).jpg,True,0.7728594803292388,False
1668,coin,13,18,fired_dough_twist002T(5),1,170,135,232,195,images\fired_dough_twist002T(5).jpg,True,0.680494983498409,False
1669,coin,13,19,fired_dough_twist002T(6),1,114,113,176,173,images\fired_dough_twist002T(6).jpg,True,0.7368321982158088,False
1670,coin,13,20,fired_dough_twist002T(7),1,132,119,195,178,images\fired_dough_twist002T(7).jpg,True,0.6930235043433375,False
1671,coin,13,21,fired_dough_twist002T(8),1,100,223,160,285,images\fired_dough_twist002T(8).jpg,True,0.7293761583188171,False
1672,coin,13,22,fired_dough_twist002T(9),1,149,192,204,245,images\fired_dough_twist002T(9).jpg,True,0.7482742321702631,False
1673,coin,13,23,fired_dough_twist003S(1),1,36,330,118,407,images\fired_dough_twist003S(1).jpg,True,0.7095216461784483,False
1674,coin,13,24,fired_dough_twist003S(10),1,27,321,106,397,images\fired_dough_twist003S(10).jpg,True,0.7410429278632127,False
1675,coin,13,25,fired_dough_twist003S(2),1,48,346,132,425,images\fired_dough_twist003S(2).jpg,True,0.7084706000924861,False
1676,coin,13,26,fired_dough_twist003S(3),1,91,333,171,410,images\fired_dough_twist003S(3).jpg,True,0.757788256730867,False
1677,coin,13,27,fired_dough_twist003S(4),1,33,310,116,390,images\fired_dough_twist003S(4).jpg,True,0.6521402527458373,False
1678,coin,13,28,fired_dough_twist003S(5),1,76,297,156,375,images\fired_dough_twist003S(5).jpg,True,0.7322635123708294,False
1679,coin,13,29,fired_dough_twist003S(6),1,42,332,121,408,images\fired_dough_twist003S(6).jpg,True,0.7365529413021189,False
1680,coin,13,30,fired_dough_twist003S(7),1,55,315,137,390,images\fired_dough_twist003S(7).jpg,True,0.7421132547290817,False
1681,coin,13,31,fired_dough_twist003S(8),1,52,304,126,380,images\fired_dough_twist003S(8).jpg,True,0.7477291721489931,False
1682,coin,13,32,fired_dough_twist003S(9),1,75,324,155,402,images\fired_dough_twist003S(9).jpg,True,0.7265835447907838,False
1683,coin,13,33,fired_dough_twist003T(1),1,193,281,255,342,images\fired_dough_twist003T(1).jpg,True,0.6628150011822138,False
1684,coin,13,34,fired_dough_twist003T(10),1,97,209,169,275,images\fired_dough_twist003T(10).jpg,True,0.6993697955976312,False
1685,coin,13,35,fired_dough_twist003T(2),1,81,160,154,238,images\fired_dough_twist003T(2).jpg,True,0.7387882931579467,False
1686,coin,13,36,fired_dough_twist003T(3),1,134,275,198,341,images\fired_dough_twist003T(3).jpg,True,0.7093778878648387,False
1687,coin,13,37,fired_dough_twist003T(4),1,139,191,209,259,images\fired_dough_twist003T(4).jpg,True,0.737311660582421,False
1688,coin,13,38,fired_dough_twist003T(5),1,118,206,183,270,images\fired_dough_twist003T(5).jpg,True,0.7182389615674226,False
1689,coin,13,39,fired_dough_twist003T(6),1,109,239,180,310,images\fired_dough_twist003T(6).jpg,True,0.7505232146778,False
1690,coin,13,40,fired_dough_twist003T(7),1,129,224,186,283,images\fired_dough_twist003T(7).jpg,True,0.7785744354811883,False
1691,coin,13,41,fired_dough_twist003T(8),1,87,222,154,287,images\fired_dough_twist003T(8).jpg,True,0.7208021640657273,False
1692,coin,13,42,fired_dough_twist003T(9),1,100,222,175,295,images\fired_dough_twist003T(9).jpg,True,0.7417747530405799,False
1693,coin,13,43,fired_dough_twist004S(1),1,88,294,158,366,images\fired_dough_twist004S(1).jpg,True,0.7628657043699459,False
1694,coin,13,44,fired_dough_twist004S(10),1,75,298,148,368,images\fired_dough_twist004S(10).jpg,True,0.7398350362832911,False
1695,coin,13,45,fired_dough_twist004S(2),1,99,295,174,373,images\fired_dough_twist004S(2).jpg,True,0.7361296256112598,False
1696,coin,13,46,fired_dough_twist004S(3),1,104,300,173,371,images\fired_dough_twist004S(3).jpg,True,0.7416957693737717,False
1697,coin,13,47,fired_dough_twist004S(4),1,92,328,165,396,images\fired_dough_twist004S(4).jpg,True,0.7621714404136141,False
1698,coin,13,48,fired_dough_twist004S(5),1,149,320,220,389,images\fired_dough_twist004S(5).jpg,True,0.7494836541505379,False
1699,coin,13,49,fired_dough_twist004S(6),1,117,288,191,358,images\fired_dough_twist004S(6).jpg,True,0.7579179090856702,False
1700,coin,13,50,fired_dough_twist004S(7),1,97,336,171,407,images\fired_dough_twist004S(7).jpg,True,0.7520195401244465,False
1701,coin,13,51,fired_dough_twist004S(8),1,112,273,187,343,images\fired_dough_twist004S(8).jpg,True,0.7504434850526692,False
1702,coin,13,52,fired_dough_twist004S(9),1,114,317,188,387,images\fired_dough_twist004S(9).jpg,True,0.7563156457941782,False
1703,coin,13,53,fired_dough_twist004T(1),1,117,209,196,278,images\fired_dough_twist004T(1).jpg,True,0.7582099678160611,False
1704,coin,13,54,fired_dough_twist004T(10),1,90,103,162,176,images\fired_dough_twist004T(10).jpg,True,0.7652407463155472,False
1705,coin,13,55,fired_dough_twist004T(2),1,144,129,213,202,images\fired_dough_twist004T(2).jpg,True,0.6765294726751026,False
1706,coin,13,56,fired_dough_twist004T(3),1,178,203,241,268,images\fired_dough_twist004T(3).jpg,True,0.7061000266181188,False
1707,coin,13,57,fired_dough_twist004T(4),1,162,156,235,227,images\fired_dough_twist004T(4).jpg,True,0.6948118489211128,False
1708,coin,13,58,fired_dough_twist004T(5),1,141,156,209,222,images\fired_dough_twist004T(5).jpg,True,0.7507954223524165,False
1709,coin,13,59,fired_dough_twist004T(6),1,134,119,205,193,images\fired_dough_twist004T(6).jpg,True,0.7473550822916697,False
1710,coin,13,60,fired_dough_twist004T(7),1,153,164,220,231,images\fired_dough_twist004T(7).jpg,True,0.736416225933523,False
1711,coin,13,61,fired_dough_twist004T(8),1,88,191,167,270,images\fired_dough_twist004T(8).jpg,True,0.7211703313183497,False
1712,coin,13,62,fired_dough_twist004T(9),1,164,207,235,271,images\fired_dough_twist004T(9).jpg,True,0.7074156410773742,False
1713,coin,13,63,fired_dough_twist005S(1),1,120,344,196,420,images\fired_dough_twist005S(1).jpg,True,0.7449360402656434,False
1714,coin,13,64,fired_dough_twist005S(2),1,140,347,215,418,images\fired_dough_twist005S(2).jpg,True,0.752150112895237,False
1715,coin,13,65,fired_dough_twist005S(3),1,158,323,232,397,images\fired_dough_twist005S(3).jpg,True,0.7429122241412397,False
1716,coin,13,66,fired_dough_twist005S(4),1,156,342,227,410,images\fired_dough_twist005S(4).jpg,True,0.8008430708733638,False
1717,coin,13,67,fired_dough_twist005S(5),1,187,369,263,441,images\fired_dough_twist005S(5).jpg,True,0.7298471086717384,False
1718,coin,13,68,fired_dough_twist005S(6),1,143,363,222,436,images\fired_dough_twist005S(6).jpg,True,0.7398102056965924,False
1719,coin,13,69,fired_dough_twist005S(7),1,79,343,155,416,images\fired_dough_twist005S(7).jpg,True,0.7301242009435355,False
1720,coin,13,70,fired_dough_twist005S(8),1,112,328,183,400,images\fired_dough_twist005S(8).jpg,True,0.7688323218924598,False
1721,coin,13,71,fired_dough_twist005S(9),1,113,323,185,395,images\fired_dough_twist005S(9).jpg,True,0.7738694107123982,False
1722,coin,13,72,fired_dough_twist005T(1),1,150,81,231,151,images\fired_dough_twist005T(1).jpg,True,0.7430698429647326,False
1723,coin,13,73,fired_dough_twist005T(2),1,188,136,255,205,images\fired_dough_twist005T(2).jpg,True,0.7363523604678369,False
1724,coin,13,74,fired_dough_twist005T(3),1,95,103,168,172,images\fired_dough_twist005T(3).jpg,True,0.7313995628896528,False
1725,coin,13,75,fired_dough_twist005T(4),1,180,121,250,189,images\fired_dough_twist005T(4).jpg,True,0.7326220038693848,False
1726,coin,13,76,fired_dough_twist005T(5),1,156,186,224,253,images\fired_dough_twist005T(5).jpg,True,0.6707238642783492,False
1727,coin,13,77,fired_dough_twist005T(6),1,168,229,234,292,images\fired_dough_twist005T(6).jpg,True,0.7424684093621337,False
1728,coin,13,78,fired_dough_twist005T(7),1,138,165,205,237,images\fired_dough_twist005T(7).jpg,True,0.742466915933842,False
1729,coin,13,79,fired_dough_twist005T(8),1,169,116,235,177,images\fired_dough_twist005T(8).jpg,True,0.7559624683658713,False
1730,coin,13,80,fired_dough_twist005T(9),1,163,138,229,197,images\fired_dough_twist005T(9).jpg,True,0.7428663623195848,False
1731,coin,14,1,fired_dough_twist006S(1),1,91,178,131,217,images\fired_dough_twist006S(1).jpg,True,0.7082296588643378,False
1732,coin,14,2,fired_dough_twist006S(2),1,87,191,125,231,images\fired_dough_twist006S(2).jpg,True,0.6910274587548049,False
1733,coin,14,3,fired_dough_twist006S(3),1,62,200,96,238,images\fired_dough_twist006S(3).jpg,True,0.7175216515223162,False
1734,coin,14,4,fired_dough_twist006S(4),1,80,178,114,216,images\fired_dough_twist006S(4).jpg,True,0.7952193855853409,False
1735,coin,14,5,fired_dough_twist006S(5),1,85,184,125,222,images\fired_dough_twist006S(5).jpg,True,0.7141178147275709,False
1736,coin,14,6,fired_dough_twist006S(6),1,66,200,103,240,images\fired_dough_twist006S(6).jpg,True,0.7408301506769843,False
1737,coin,14,7,fired_dough_twist006S(7),1,80,198,118,235,images\fired_dough_twist006S(7).jpg,True,0.7120828191079426,False
1738,coin,14,8,fired_dough_twist006T(1),1,359,202,397,237,images\fired_dough_twist006T(1).jpg,True,0.6787467426662196,False
1739,coin,14,9,fired_dough_twist006T(2),1,362,175,397,209,images\fired_dough_twist006T(2).jpg,True,0.6816892796525296,False
1740,coin,14,10,fired_dough_twist006T(3),1,363,180,398,216,images\fired_dough_twist006T(3).jpg,True,0.6981991355159307,False
1741,coin,14,11,fired_dough_twist006T(4),1,377,199,411,230,images\fired_dough_twist006T(4).jpg,True,0.6886355133369727,False
1742,coin,14,12,fired_dough_twist006T(5),1,381,187,413,216,images\fired_dough_twist006T(5).jpg,True,0.7155400155400156,False
1743,coin,14,13,fired_dough_twist006T(6),1,368,195,404,229,images\fired_dough_twist006T(6).jpg,True,0.72582063221827,False
1744,coin,14,14,fired_dough_twist006T(7),1,363,200,395,230,images\fired_dough_twist006T(7).jpg,True,0.7424554442044913,False
1745,coin,14,15,fired_dough_twist007S(1),1,3,171,61,225,images\fired_dough_twist007S(1).jpg,True,0.7381034401375035,False
1746,coin,14,16,fired_dough_twist007S(2),1,18,197,72,248,images\fired_dough_twist007S(2).jpg,True,0.724480629037326,False
1747,coin,14,17,fired_dough_twist007S(3),1,22,188,78,239,images\fired_dough_twist007S(3).jpg,True,0.7523391009991318,False
1748,coin,14,18,fired_dough_twist007S(4),1,8,185,67,239,images\fired_dough_twist007S(4).jpg,True,0.6974560169565831,False
1749,coin,14,19,fired_dough_twist007S(5),1,50,170,108,225,images\fired_dough_twist007S(5).jpg,True,0.6964069600619633,False
1750,coin,14,20,fired_dough_twist007S(6),1,59,170,116,223,images\fired_dough_twist007S(6).jpg,True,0.7332234940912548,False
1751,coin,14,21,fired_dough_twist007S(7),1,13,172,74,226,images\fired_dough_twist007S(7).jpg,True,0.6813352578022833,False
1752,coin,14,22,fired_dough_twist007T(1),1,337,128,371,162,images\fired_dough_twist007T(1).jpg,True,0.6537526858404463,False
1753,coin,14,23,fired_dough_twist007T(2),1,395,116,431,153,images\fired_dough_twist007T(2).jpg,True,0.6733411979294739,False
1754,coin,14,24,fired_dough_twist007T(3),1,411,147,449,187,images\fired_dough_twist007T(3).jpg,True,0.6619242316205041,False
1755,coin,14,25,fired_dough_twist007T(4),1,374,121,407,157,images\fired_dough_twist007T(4).jpg,True,0.6787163650667971,False
1756,coin,14,26,fired_dough_twist007T(5),1,412,113,450,153,images\fired_dough_twist007T(5).jpg,True,0.6832726951410294,False
1757,coin,14,27,fired_dough_twist007T(6),1,400,113,438,151,images\fired_dough_twist007T(6).jpg,True,0.7016148915187377,False
1758,coin,14,28,fired_dough_twist007T(7),1,428,116,470,159,images\fired_dough_twist007T(7).jpg,True,0.7159547898402393,False
1759,coin,14,29,grape001S(1),1,129,344,195,407,images\grape001S(1).jpg,True,0.6945605005786255,False
1760,coin,14,30,grape001S(10),1,84,305,151,372,images\grape001S(10).jpg,True,0.6384522948248215,False
1761,coin,14,31,grape001S(11),1,115,345,181,407,images\grape001S(11).jpg,True,0.7059758802363882,False
1762,coin,14,32,grape001S(12),1,127,350,194,414,images\grape001S(12).jpg,True,0.6621122499052821,False
1763,coin,14,33,grape001S(2),1,96,286,167,351,images\grape001S(2).jpg,True,0.6285818760133829,False
1764,coin,14,34,grape001S(3),1,126,334,190,400,images\grape001S(3).jpg,True,0.6951271406731858,False
1765,coin,14,35,grape001S(4),1,111,386,177,449,images\grape001S(4).jpg,True,0.6421162587771443,False
1766,coin,14,36,grape001S(5),1,113,358,176,421,images\grape001S(5).jpg,True,0.7074966506384694,False
1767,coin,14,37,grape001S(6),1,147,331,214,395,images\grape001S(6).jpg,True,0.6781963390573347,False
1768,coin,14,38,grape001S(7),1,124,378,190,442,images\grape001S(7).jpg,True,0.6487830874903338,False
1769,coin,14,39,grape001S(8),1,83,344,151,410,images\grape001S(8).jpg,True,0.6612186279999157,False
1770,coin,14,40,grape001S(9),1,102,350,167,413,images\grape001S(9).jpg,True,0.6817663164101947,False
1771,coin,14,41,grape001T(1),1,163,214,214,264,images\grape001T(1).jpg,True,0.6677929560589113,False
1772,coin,14,42,grape001T(10),1,161,196,208,246,images\grape001T(10).jpg,True,0.6758101055947485,False
1773,coin,14,43,grape001T(11),1,176,177,224,228,images\grape001T(11).jpg,True,0.6950375296305438,False
1774,coin,14,44,grape001T(12),1,166,214,213,263,images\grape001T(12).jpg,True,0.6744777567713068,False
1775,coin,14,45,grape001T(2),1,129,192,187,251,images\grape001T(2).jpg,True,0.6296405412923141,False
1776,coin,14,46,grape001T(3),1,137,194,188,247,images\grape001T(3).jpg,True,0.6619833725407437,False
1777,coin,14,47,grape001T(4),1,155,174,212,235,images\grape001T(4).jpg,True,0.6209077240467835,False
1778,coin,14,48,grape001T(5),1,119,90,177,152,images\grape001T(5).jpg,True,0.6715587261659849,False
1779,coin,14,49,grape001T(6),1,165,175,222,229,images\grape001T(6).jpg,True,0.6925945830470843,False
1780,coin,14,50,grape001T(7),1,160,198,217,251,images\grape001T(7).jpg,True,0.7183090373999783,False
1781,coin,14,51,grape001T(8),1,129,172,182,224,images\grape001T(8).jpg,True,0.6951492004510784,False
1782,coin,14,52,grape001T(9),1,189,174,237,226,images\grape001T(9).jpg,True,0.6969391853663627,False
1783,coin,14,53,grape002S(1),1,114,323,179,384,images\grape002S(1).jpg,True,0.7384522770650809,False
1784,coin,14,54,grape002S(10),1,101,302,166,366,images\grape002S(10).jpg,True,0.7352307775767059,False
1785,coin,14,55,grape002S(11),1,120,290,186,355,images\grape002S(11).jpg,True,0.7242771882647683,False
1786,coin,14,56,grape002S(12),1,108,282,176,347,images\grape002S(12).jpg,True,0.7271675723535336,False
1787,coin,14,57,grape002S(13),1,92,271,158,339,images\grape002S(13).jpg,True,0.6956483417200414,False
1788,coin,14,58,grape002S(14),1,102,354,166,418,images\grape002S(14).jpg,True,0.7394784476659961,False
1789,coin,14,59,grape002S(15),1,116,363,179,421,images\grape002S(15).jpg,True,0.7655920348834186,False
1790,coin,14,60,grape002S(16),1,133,315,200,378,images\grape002S(16).jpg,True,0.7401292722570424,False
1791,coin,14,61,grape002S(17),1,110,305,178,369,images\grape002S(17).jpg,True,0.7044790039618944,False
1792,coin,14,62,grape002S(2),1,99,332,163,391,images\grape002S(2).jpg,True,0.7931415807796189,False
1793,coin,14,63,grape002S(3),1,66,336,130,396,images\grape002S(3).jpg,True,0.7516572106595828,False
1794,coin,14,64,grape002S(4),1,132,348,196,411,images\grape002S(4).jpg,True,0.7379415354722998,False
1795,coin,14,65,grape002S(5),1,112,287,176,351,images\grape002S(5).jpg,True,0.7270032684701975,False
1796,coin,14,66,grape002S(6),1,109,316,175,380,images\grape002S(6).jpg,True,0.7344677367299841,False
1797,coin,14,67,grape002S(7),1,127,335,194,396,images\grape002S(7).jpg,True,0.732475069643506,False
1798,coin,14,68,grape002S(8),1,112,313,177,376,images\grape002S(8).jpg,True,0.735758681825571,False
1799,coin,14,69,grape002S(9),1,81,320,150,379,images\grape002S(9).jpg,True,0.7337627437409752,False
1800,coin,14,70,grape002T(1),1,189,180,243,235,images\grape002T(1).jpg,True,0.678688982006536,False
1801,coin,14,71,grape002T(10),1,130,160,187,216,images\grape002T(10).jpg,True,0.6512972450851242,False
1802,coin,14,72,grape002T(11),1,102,150,163,213,images\grape002T(11).jpg,True,0.6594629801681555,False
1803,coin,14,73,grape002T(12),1,153,191,215,248,images\grape002T(12).jpg,True,0.6711774532719961,False
1804,coin,14,74,grape002T(13),1,120,239,182,294,images\grape002T(13).jpg,True,0.6549815264100978,False
1805,coin,14,75,grape002T(14),1,88,206,152,273,images\grape002T(14).jpg,True,0.6841525300783247,False
1806,coin,14,76,grape002T(15),1,149,194,210,255,images\grape002T(15).jpg,True,0.6813052734863141,False
1807,coin,14,77,grape002T(16),1,157,175,222,238,images\grape002T(16).jpg,True,0.6889154224904939,False
1808,coin,14,78,grape002T(17),1,137,155,199,218,images\grape002T(17).jpg,True,0.667624616601415,False
1809,coin,14,79,grape002T(2),1,114,130,175,194,images\grape002T(2).jpg,True,0.6831787731706029,False
1810,coin,14,80,grape002T(3),1,172,198,228,257,images\grape002T(3).jpg,True,0.7131479074562157,False
1811,coin,15,1,grape002T(4),1,157,185,215,241,images\grape002T(4).jpg,True,0.7017514710972654,False
1812,coin,15,2,grape002T(5),1,148,177,205,235,images\grape002T(5).jpg,True,0.7158687495038928,False
1813,coin,15,3,grape002T(6),1,114,171,177,234,images\grape002T(6).jpg,True,0.6634880964601644,False
1814,coin,15,4,grape002T(7),1,132,168,193,230,images\grape002T(7).jpg,True,0.6739181549057669,False
1815,coin,15,5,grape002T(8),1,177,186,235,243,images\grape002T(8).jpg,True,0.6747683059196794,False
1816,coin,15,6,grape002T(9),1,158,241,213,297,images\grape002T(9).jpg,True,0.7011306833804525,False
1817,coin,15,7,lemon001S(1),1,175,332,238,390,images\lemon001S(1).jpg,True,0.698835938331358,False
1818,coin,15,8,lemon001S(10),1,163,305,223,362,images\lemon001S(10).jpg,True,0.7654343937840749,False
1819,coin,15,9,lemon001S(11),1,183,328,244,381,images\lemon001S(11).jpg,True,0.7535176464923684,False
1820,coin,15,10,lemon001S(12),1,205,349,265,407,images\lemon001S(12).jpg,True,0.73546304282928,False
1821,coin,15,11,lemon001S(13),1,196,299,259,355,images\lemon001S(13).jpg,True,0.731356920175002,False
1822,coin,15,12,lemon001S(14),1,205,352,264,407,images\lemon001S(14).jpg,True,0.7599901039540249,False
1823,coin,15,13,lemon001S(15),1,197,328,255,387,images\lemon001S(15).jpg,True,0.72941498086386,False
1824,coin,15,14,lemon001S(16),1,194,307,252,366,images\lemon001S(16).jpg,True,0.7230796856741604,False
1825,coin,15,15,lemon001S(17),1,177,290,236,348,images\lemon001S(17).jpg,True,0.7439054206404826,False
1826,coin,15,16,lemon001S(18),1,197,301,257,361,images\lemon001S(18).jpg,True,0.7053480824364107,False
1827,coin,15,17,lemon001S(2),1,151,304,213,358,images\lemon001S(2).jpg,True,0.7402141800542966,False
1828,coin,15,18,lemon001S(3),1,159,330,216,386,images\lemon001S(3).jpg,True,0.7746831203944167,False
1829,coin,15,19,lemon001S(4),1,205,315,262,371,images\lemon001S(4).jpg,True,0.7435662627314592,False
1830,coin,15,20,lemon001S(5),1,202,304,261,353,images\lemon001S(5).jpg,True,0.7677288532962199,False
1831,coin,15,21,lemon001S(6),1,187,310,246,364,images\lemon001S(6).jpg,True,0.7490812890879992,False
1832,coin,15,22,lemon001S(7),1,184,315,243,373,images\lemon001S(7).jpg,True,0.7414689066649696,False
1833,coin,15,23,lemon001S(8),1,181,333,240,391,images\lemon001S(8).jpg,True,0.749113628596701,False
1834,coin,15,24,lemon001S(9),1,183,373,242,429,images\lemon001S(9).jpg,True,0.7559617894776958,False
1835,coin,15,25,lemon001T(1),1,92,116,161,184,images\lemon001T(1).jpg,True,0.7161845619669207,False
1836,coin,15,26,lemon001T(10),1,91,320,161,390,images\lemon001T(10).jpg,True,0.7466262018987605,False
1837,coin,15,27,lemon001T(11),1,106,283,182,359,images\lemon001T(11).jpg,True,0.7184991232820135,False
1838,coin,15,28,lemon001T(12),1,104,309,180,381,images\lemon001T(12).jpg,True,0.7299494617099047,False
1839,coin,15,29,lemon001T(13),1,103,259,173,335,images\lemon001T(13).jpg,True,0.7104604856683931,False
1840,coin,15,30,lemon001T(14),1,105,247,170,316,images\lemon001T(14).jpg,True,0.7140662150847776,False
1841,coin,15,31,lemon001T(15),1,72,281,142,350,images\lemon001T(15).jpg,True,0.7319016879698925,False
1842,coin,15,32,lemon001T(16),1,161,174,212,223,images\lemon001T(16).jpg,True,0.7802276341586942,False
1843,coin,15,33,lemon001T(17),1,99,123,171,189,images\lemon001T(17).jpg,True,0.7404276867856974,False
1844,coin,15,34,lemon001T(18),1,65,117,139,189,images\lemon001T(18).jpg,True,0.7028096872500481,False
1845,coin,15,35,lemon001T(2),1,112,271,182,340,images\lemon001T(2).jpg,True,0.7151490459759429,False
1846,coin,15,36,lemon001T(3),1,87,255,153,319,images\lemon001T(3).jpg,True,0.7555984900216444,False
1847,coin,15,37,lemon001T(4),1,108,267,171,327,images\lemon001T(4).jpg,True,0.7528415586066535,False
1848,coin,15,38,lemon001T(5),1,125,257,189,323,images\lemon001T(5).jpg,True,0.7417055381664945,False
1849,coin,15,39,lemon001T(6),1,135,268,198,328,images\lemon001T(6).jpg,True,0.7734190864869552,False
1850,coin,15,40,lemon001T(7),1,103,196,177,270,images\lemon001T(7).jpg,True,0.7463979499794997,False
1851,coin,15,41,lemon001T(8),1,172,253,235,316,images\lemon001T(8).jpg,True,0.7626605326902933,False
1852,coin,15,42,lemon001T(9),1,111,206,176,274,images\lemon001T(9).jpg,True,0.7264263714018968,False
1853,coin,15,43,lemon002S(1),1,47,438,137,520,images\lemon002S(1).jpg,True,0.7178364730037091,False
1854,coin,15,44,lemon002S(10),1,200,341,262,402,images\lemon002S(10).jpg,True,0.731645120522881,False
1855,coin,15,45,lemon002S(11),1,203,326,262,385,images\lemon002S(11).jpg,True,0.7657046706098307,False
1856,coin,15,46,lemon002S(12),1,168,333,231,391,images\lemon002S(12).jpg,True,0.7581738673699561,False
1857,coin,15,47,lemon002S(13),1,156,355,219,414,images\lemon002S(13).jpg,True,0.7542322635135135,False
1858,coin,15,48,lemon002S(14),1,163,397,221,459,images\lemon002S(14).jpg,True,0.7521544952705046,False
1859,coin,15,49,lemon002S(15),1,173,327,234,383,images\lemon002S(15).jpg,True,0.757887161583163,False
1860,coin,15,50,lemon002S(16),1,171,329,232,389,images\lemon002S(16).jpg,True,0.7436885612088779,False
1861,coin,15,51,lemon002S(17),1,142,365,207,425,images\lemon002S(17).jpg,True,0.7523915029555392,False
1862,coin,15,52,lemon002S(18),1,155,350,215,410,images\lemon002S(18).jpg,True,0.7651566068906233,False
1863,coin,15,53,lemon002S(19),1,143,361,205,421,images\lemon002S(19).jpg,True,0.7383858157671095,False
1864,coin,15,54,lemon002S(2),1,163,343,223,403,images\lemon002S(2).jpg,True,0.7673505149547761,False
1865,coin,15,55,lemon002S(20),1,155,324,213,384,images\lemon002S(20).jpg,True,0.7545355473387416,False
1866,coin,15,56,lemon002S(21),1,177,356,240,413,images\lemon002S(21).jpg,True,0.7336567078351248,False
1867,coin,15,57,lemon002S(22),1,166,328,226,386,images\lemon002S(22).jpg,True,0.7440447995443431,False
1868,coin,15,58,lemon002S(23),1,167,355,227,413,images\lemon002S(23).jpg,True,0.7571562353446211,False
1869,coin,15,59,lemon002S(24),1,158,323,221,382,images\lemon002S(24).jpg,True,0.7374103178269162,False
1870,coin,15,60,lemon002S(25),1,166,361,228,421,images\lemon002S(25).jpg,True,0.7213649587980739,False
1871,coin,15,61,lemon002S(26),1,42,447,133,530,images\lemon002S(26).jpg,True,0.732613078383586,False
1872,coin,15,62,lemon002S(3),1,184,336,242,394,images\lemon002S(3).jpg,True,0.7807603995296093,False
1873,coin,15,63,lemon002S(4),1,162,318,223,376,images\lemon002S(4).jpg,True,0.7623436365654432,False
1874,coin,15,64,lemon002S(5),1,194,371,250,435,images\lemon002S(5).jpg,True,0.7300424946672943,False
1875,coin,15,65,lemon002S(6),1,175,361,236,419,images\lemon002S(6).jpg,True,0.7650194621446268,False
1876,coin,15,66,lemon002S(7),1,188,325,247,381,images\lemon002S(7).jpg,True,0.7812361347213406,False
1877,coin,15,67,lemon002S(8),1,192,366,251,424,images\lemon002S(8).jpg,True,0.7677528846107954,False
1878,coin,15,68,lemon002S(9),1,191,354,250,413,images\lemon002S(9).jpg,True,0.7746824887003125,False
1879,coin,15,69,lemon002T(1),1,90,245,169,316,images\lemon002T(1).jpg,True,0.7661109390949459,False
1880,coin,15,70,lemon002T(10),1,144,225,210,292,images\lemon002T(10).jpg,True,0.7751711119094105,False
1881,coin,15,71,lemon002T(11),1,147,174,216,243,images\lemon002T(11).jpg,True,0.7671449631869149,False
1882,coin,15,72,lemon002T(12),1,127,165,203,234,images\lemon002T(12).jpg,True,0.7268857433029735,False
1883,coin,15,73,lemon002T(13),1,120,163,192,232,images\lemon002T(13).jpg,True,0.7579400580821027,False
1884,coin,15,74,lemon002T(14),1,145,165,205,229,images\lemon002T(14).jpg,True,0.7867416482415501,False
1885,coin,15,75,lemon002T(15),1,159,187,220,247,images\lemon002T(15).jpg,True,0.7465475068102775,False
1886,coin,15,76,lemon002T(16),1,106,163,177,231,images\lemon002T(16).jpg,True,0.7183123777068161,False
1887,coin,15,77,lemon002T(17),1,160,192,233,261,images\lemon002T(17).jpg,True,0.7516011964943146,False
1888,coin,15,78,lemon002T(18),1,88,132,171,211,images\lemon002T(18).jpg,True,0.7301008280674175,False
1889,coin,15,79,lemon002T(19),1,112,163,183,233,images\lemon002T(19).jpg,True,0.7310001374799711,False
1890,coin,15,80,lemon002T(2),1,110,190,177,257,images\lemon002T(2).jpg,True,0.7335895503748664,False
1891,coin,16,1,lemon002T(20),1,164,150,236,217,images\lemon002T(20).jpg,True,0.7148551024547731,False
1892,coin,16,2,lemon002T(21),1,155,149,225,218,images\lemon002T(21).jpg,True,0.7176017130887261,False
1893,coin,16,3,lemon002T(22),1,122,148,198,215,images\lemon002T(22).jpg,True,0.7234388634166196,False
1894,coin,16,4,lemon002T(23),1,108,166,182,239,images\lemon002T(23).jpg,True,0.7292402108165654,False
1895,coin,16,5,lemon002T(24),1,112,120,191,192,images\lemon002T(24).jpg,True,0.698947234906139,False
1896,coin,16,6,lemon002T(25),1,109,113,175,180,images\lemon002T(25).jpg,True,0.7397111602107003,False
1897,coin,16,7,lemon002T(26),1,105,176,168,237,images\lemon002T(26).jpg,True,0.7153459329377267,False
1898,coin,16,8,lemon002T(3),1,121,181,186,247,images\lemon002T(3).jpg,True,0.7578700322646682,False
1899,coin,16,9,lemon002T(4),1,93,219,155,282,images\lemon002T(4).jpg,True,0.7651182621337509,False
1900,coin,16,10,lemon002T(5),1,123,165,187,232,images\lemon002T(5).jpg,True,0.7901561079199095,False
1901,coin,16,11,lemon002T(6),1,93,225,160,296,images\lemon002T(6).jpg,True,0.7566437485550459,False
1902,coin,16,12,lemon002T(7),1,157,166,224,229,images\lemon002T(7).jpg,True,0.7660243126708179,False
1903,coin,16,13,lemon002T(8),1,107,169,176,238,images\lemon002T(8).jpg,True,0.7256676091162282,False
1904,coin,16,14,lemon002T(9),1,123,139,190,212,images\lemon002T(9).jpg,True,0.7337316266508022,False
1905,coin,16,15,lemon003S(1),1,140,252,205,314,images\lemon003S(1).jpg,True,0.7558612635281228,False
1906,coin,16,16,lemon003S(10),1,143,272,203,333,images\lemon003S(10).jpg,True,0.7641416668686227,False
1907,coin,16,17,lemon003S(11),1,144,277,207,338,images\lemon003S(11).jpg,True,0.7484655578362127,False
1908,coin,16,18,lemon003S(12),1,157,280,222,343,images\lemon003S(12).jpg,True,0.7170200391032129,False
1909,coin,16,19,lemon003S(13),1,162,274,226,332,images\lemon003S(13).jpg,True,0.7399580738587617,False
1910,coin,16,20,lemon003S(14),1,166,287,227,347,images\lemon003S(14).jpg,True,0.7682425712673052,False
1911,coin,16,21,lemon003S(15),1,143,276,208,334,images\lemon003S(15).jpg,True,0.7720014732288059,False
1912,coin,16,22,lemon003S(16),1,144,260,207,322,images\lemon003S(16).jpg,True,0.742730054825472,False
1913,coin,16,23,lemon003S(17),1,163,256,220,317,images\lemon003S(17).jpg,True,0.7825746458498072,False
1914,coin,16,24,lemon003S(18),1,148,261,213,320,images\lemon003S(18).jpg,True,0.7597480042808856,False
1915,coin,16,25,lemon003S(2),1,145,255,208,315,images\lemon003S(2).jpg,True,0.7559942744523858,False
1916,coin,16,26,lemon003S(3),1,116,288,178,345,images\lemon003S(3).jpg,True,0.7733126340407224,False
1917,coin,16,27,lemon003S(4),1,148,271,213,332,images\lemon003S(4).jpg,True,0.7303089507825687,False
1918,coin,16,28,lemon003S(5),1,152,269,219,327,images\lemon003S(5).jpg,True,0.7517655857692567,False
1919,coin,16,29,lemon003S(6),1,180,277,244,334,images\lemon003S(6).jpg,True,0.7594496038742149,False
1920,coin,16,30,lemon003S(7),1,175,304,238,364,images\lemon003S(7).jpg,True,0.7530468642374983,False
1921,coin,16,31,lemon003S(8),1,167,278,233,340,images\lemon003S(8).jpg,True,0.7081485100359535,False
1922,coin,16,32,lemon003S(9),1,189,311,251,370,images\lemon003S(9).jpg,True,0.7612276388800496,False
1923,coin,16,33,lemon003T(1),1,135,239,202,307,images\lemon003T(1).jpg,True,0.7252195801794926,False
1924,coin,16,34,lemon003T(10),1,169,224,232,290,images\lemon003T(10).jpg,True,0.752934362944855,False
1925,coin,16,35,lemon003T(11),1,123,190,182,255,images\lemon003T(11).jpg,True,0.7676042751642531,False
1926,coin,16,36,lemon003T(12),1,137,220,198,285,images\lemon003T(12).jpg,True,0.7472709169502232,False
1927,coin,16,37,lemon003T(13),1,142,226,202,292,images\lemon003T(13).jpg,True,0.7567146620420062,False
1928,coin,16,38,lemon003T(14),1,133,244,194,309,images\lemon003T(14).jpg,True,0.7643857527426781,False
1929,coin,16,39,lemon003T(15),1,129,197,192,260,images\lemon003T(15).jpg,True,0.7605141815906898,False
1930,coin,16,40,lemon003T(16),1,142,207,206,275,images\lemon003T(16).jpg,True,0.7859925146284656,False
1931,coin,16,41,lemon003T(17),1,118,170,186,241,images\lemon003T(17).jpg,True,0.7331462850507775,False
1932,coin,16,42,lemon003T(18),1,106,212,171,275,images\lemon003T(18).jpg,True,0.7580160420865205,False
1933,coin,16,43,lemon003T(2),1,91,212,156,274,images\lemon003T(2).jpg,True,0.7563396252569823,False
1934,coin,16,44,lemon003T(3),1,120,211,189,280,images\lemon003T(3).jpg,True,0.7207277100792236,False
1935,coin,16,45,lemon003T(4),1,91,277,164,344,images\lemon003T(4).jpg,True,0.7276677028025731,False
1936,coin,16,46,lemon003T(5),1,119,229,185,292,images\lemon003T(5).jpg,True,0.7297987114371295,False
1937,coin,16,47,lemon003T(6),1,84,246,154,319,images\lemon003T(6).jpg,True,0.7059436712562785,False
1938,coin,16,48,lemon003T(7),1,81,175,151,242,images\lemon003T(7).jpg,True,0.742922059383327,False
1939,coin,16,49,lemon003T(8),1,93,221,161,289,images\lemon003T(8).jpg,True,0.7262424856703481,False
1940,coin,16,50,lemon003T(9),1,155,229,213,290,images\lemon003T(9).jpg,True,0.782157250463872,False
1941,coin,16,51,lemon004S(1),1,155,261,213,321,images\lemon004S(1).jpg,True,0.7749882774516492,False
1942,coin,16,52,lemon004S(10),1,119,264,177,330,images\lemon004S(10).jpg,True,0.7447065050614001,False
1943,coin,16,53,lemon004S(11),1,118,251,173,315,images\lemon004S(11).jpg,True,0.7841737867149545,False
1944,coin,16,54,lemon004S(12),1,105,301,164,362,images\lemon004S(12).jpg,True,0.7712024471653368,False
1945,coin,16,55,lemon004S(2),1,80,237,142,303,images\lemon004S(2).jpg,True,0.7407132204335853,False
1946,coin,16,56,lemon004S(3),1,101,244,161,309,images\lemon004S(3).jpg,True,0.7416544519296728,False
1947,coin,16,57,lemon004S(4),1,110,279,169,344,images\lemon004S(4).jpg,True,0.7592576905168777,False
1948,coin,16,58,lemon004S(5),1,110,254,173,315,images\lemon004S(5).jpg,True,0.768749705135104,False
1949,coin,16,59,lemon004S(6),1,84,258,145,320,images\lemon004S(6).jpg,True,0.7519030960542716,False
1950,coin,16,60,lemon004S(7),1,90,257,147,322,images\lemon004S(7).jpg,True,0.7633532315751814,False
1951,coin,16,61,lemon004S(8),1,120,295,182,358,images\lemon004S(8).jpg,True,0.732527300275851,False
1952,coin,16,62,lemon004S(9),1,91,250,156,313,images\lemon004S(9).jpg,True,0.7491290257501824,False
1953,coin,16,63,lemon004T(1),1,105,220,163,280,images\lemon004T(1).jpg,True,0.7666228325747673,False
1954,coin,16,64,lemon004T(10),1,65,130,140,201,images\lemon004T(10).jpg,True,0.7416729038798584,False
1955,coin,16,65,lemon004T(11),1,117,187,182,253,images\lemon004T(11).jpg,True,0.7930468070847004,False
1956,coin,16,66,lemon004T(12),1,108,187,178,253,images\lemon004T(12).jpg,True,0.7234680463630326,False
1957,coin,16,67,lemon004T(2),1,110,176,173,241,images\lemon004T(2).jpg,True,0.7449622508749394,False
1958,coin,16,68,lemon004T(3),1,95,161,163,237,images\lemon004T(3).jpg,True,0.7460390684043149,False
1959,coin,16,69,lemon004T(4),1,89,185,154,248,images\lemon004T(4).jpg,True,0.7660579093820814,False
1960,coin,16,70,lemon004T(5),1,127,202,189,265,images\lemon004T(5).jpg,True,0.7614639342643117,False
1961,coin,16,71,lemon004T(6),1,115,168,183,230,images\lemon004T(6).jpg,True,0.7298472815308744,False
1962,coin,16,72,lemon004T(7),1,135,143,199,207,images\lemon004T(7).jpg,True,0.7218305235567891,False
1963,coin,16,73,lemon004T(8),1,93,158,162,224,images\lemon004T(8).jpg,True,0.7588327586562994,False
1964,coin,16,74,lemon004T(9),1,139,207,202,270,images\lemon004T(9).jpg,True,0.7488924865427844,False
1965,coin,16,75,litchi001S(1),1,286,342,348,404,images\litchi001S(1).jpg,True,0.7263686855329278,False
1966,coin,16,76,litchi001S(2),1,298,372,360,435,images\litchi001S(2).jpg,True,0.7433363495042427,False
1967,coin,16,77,litchi001S(3),1,287,351,350,412,images\litchi001S(3).jpg,True,0.7258333953076102,False
1968,coin,16,78,litchi001S(4),1,296,365,352,425,images\litchi001S(4).jpg,True,0.7833317764370153,False
1969,coin,16,79,litchi001S(5),1,283,344,346,407,images\litchi001S(5).jpg,True,0.7175494091207517,False
1970,coin,16,80,litchi001S(6),1,292,355,351,417,images\litchi001S(6).jpg,True,0.7384394878998641,False
1971,coin,17,1,litchi001S(7),1,345,372,407,434,images\litchi001S(7).jpg,True,0.7328481501533075,False
1972,coin,17,2,litchi001T(1),1,116,229,195,308,images\litchi001T(1).jpg,True,0.7361013675016865,False
1973,coin,17,3,litchi001T(2),1,148,323,229,404,images\litchi001T(2).jpg,True,0.7763633964635186,False
1974,coin,17,4,litchi001T(3),1,120,190,196,268,images\litchi001T(3).jpg,True,0.750184954981088,False
1975,coin,17,5,litchi001T(4),1,145,194,226,272,images\litchi001T(4).jpg,True,0.6931278742357551,False
1976,coin,17,6,litchi001T(5),1,164,237,235,306,images\litchi001T(5).jpg,True,0.7536476617622281,False
1977,coin,17,7,litchi001T(6),1,168,218,233,284,images\litchi001T(6).jpg,True,0.7282713184595169,False
1978,coin,17,8,litchi001T(7),1,127,216,206,291,images\litchi001T(7).jpg,True,0.7414795351067912,False
1979,coin,17,9,litchi002S(1),1,246,342,306,408,images\litchi002S(1).jpg,True,0.7421966754307388,False
1980,coin,17,10,litchi002S(2),1,249,328,312,391,images\litchi002S(2).jpg,True,0.7347273558409588,False
1981,coin,17,11,litchi002S(3),1,263,357,325,418,images\litchi002S(3).jpg,True,0.774411600365237,False
1982,coin,17,12,litchi002S(4),1,272,330,334,389,images\litchi002S(4).jpg,True,0.728372859765464,False
1983,coin,17,13,litchi002S(5),1,265,347,327,408,images\litchi002S(5).jpg,True,0.7460249342619987,False
1984,coin,17,14,litchi002S(6),1,270,321,329,383,images\litchi002S(6).jpg,True,0.7661801445342782,False
1985,coin,17,15,litchi002S(7),1,263,343,325,404,images\litchi002S(7).jpg,True,0.7582490249315836,False
1986,coin,17,16,litchi002S(8),1,252,338,314,399,images\litchi002S(8).jpg,True,0.7562790894042679,False
1987,coin,17,17,litchi002T(1),1,204,247,273,311,images\litchi002T(1).jpg,True,0.7439194467418666,False
1988,coin,17,18,litchi002T(2),1,185,253,261,326,images\litchi002T(2).jpg,True,0.7297892086058502,False
1989,coin,17,19,litchi002T(3),1,179,233,254,305,images\litchi002T(3).jpg,True,0.7584452776811024,False
1990,coin,17,20,litchi002T(4),1,159,222,239,299,images\litchi002T(4).jpg,True,0.7537587667768562,False
1991,coin,17,21,litchi002T(5),1,160,235,236,315,images\litchi002T(5).jpg,True,0.7805993956173822,False
1992,coin,17,22,litchi002T(6),1,195,265,272,341,images\litchi002T(6).jpg,True,0.7339680437302465,False
1993,coin,17,23,litchi002T(7),1,189,234,268,303,images\litchi002T(7).jpg,True,0.73559351513767,False
1994,coin,17,24,litchi002T(8),1,181,258,256,329,images\litchi002T(8).jpg,True,0.7640197964795674,False
1995,coin,17,25,litchi003S(1),1,278,347,343,412,images\litchi003S(1).jpg,True,0.7409978316395429,False
1996,coin,17,26,litchi003S(2),1,251,366,315,431,images\litchi003S(2).jpg,True,0.7179881052111897,False
1997,coin,17,27,litchi003S(3),1,240,363,307,426,images\litchi003S(3).jpg,True,0.7465814157544279,False
1998,coin,17,28,litchi003S(4),1,271,346,332,410,images\litchi003S(4).jpg,True,0.7172166266319847,False
1999,coin,17,29,litchi003S(5),1,257,378,319,441,images\litchi003S(5).jpg,True,0.7400674159980416,False
2000,coin,17,30,litchi003S(6),1,263,340,324,404,images\litchi003S(6).jpg,True,0.7195425230250021,False
2001,coin,17,31,litchi003S(7),1,270,324,331,386,images\litchi003S(7).jpg,True,0.7355205091219441,False
2002,coin,17,32,litchi003S(8),1,247,341,313,403,images\litchi003S(8).jpg,True,0.7284222371956677,False
2003,coin,17,33,litchi003T(1),1,126,243,199,315,images\litchi003T(1).jpg,True,0.7738804065227263,False
2004,coin,17,34,litchi003T(2),1,166,267,246,348,images\litchi003T(2).jpg,True,0.7165658929371286,False
2005,coin,17,35,litchi003T(3),1,167,297,243,366,images\litchi003T(3).jpg,True,0.7521422815777654,False
2006,coin,17,36,litchi003T(4),1,155,228,231,305,images\litchi003T(4).jpg,True,0.7526271946726493,False
2007,coin,17,37,litchi003T(5),1,204,272,274,344,images\litchi003T(5).jpg,True,0.7386720299038747,False
2008,coin,17,38,litchi003T(6),1,154,213,219,278,images\litchi003T(6).jpg,True,0.7817599104264463,False
2009,coin,17,39,litchi003T(7),1,166,225,234,294,images\litchi003T(7).jpg,True,0.7158580847699751,False
2010,coin,17,40,litchi003T(8),1,119,220,193,292,images\litchi003T(8).jpg,True,0.7060531789664558,False
2011,coin,17,41,litchi004S(1),1,226,349,291,411,images\litchi004S(1).jpg,True,0.7933634004667607,False
2012,coin,17,42,litchi004S(2),1,238,343,304,410,images\litchi004S(2).jpg,True,0.7096614131921011,False
2013,coin,17,43,litchi004S(3),1,218,362,287,428,images\litchi004S(3).jpg,True,0.6929061784897026,False
2014,coin,17,44,litchi004S(4),1,245,356,307,420,images\litchi004S(4).jpg,True,0.7486703685866842,False
2015,coin,17,45,litchi004S(5),1,232,368,296,433,images\litchi004S(5).jpg,True,0.7206082625246908,False
2016,coin,17,46,litchi004S(6),1,218,365,284,428,images\litchi004S(6).jpg,True,0.758199485052309,False
2017,coin,17,47,litchi004S(7),1,268,351,330,417,images\litchi004S(7).jpg,True,0.7656753584570486,False
2018,coin,17,48,litchi004S(8),1,223,345,291,410,images\litchi004S(8).jpg,True,0.713098202163873,False
2019,coin,17,49,litchi004T(1),1,143,294,221,372,images\litchi004T(1).jpg,True,0.7630441732702293,False
2020,coin,17,50,litchi004T(2),1,117,197,197,274,images\litchi004T(2).jpg,True,0.7402161058492097,False
2021,coin,17,51,litchi004T(3),1,178,258,259,335,images\litchi004T(3).jpg,True,0.7337469614321388,False
2022,coin,17,52,litchi004T(4),1,140,287,216,366,images\litchi004T(4).jpg,True,0.7680519947654749,False
2023,coin,17,53,litchi004T(5),1,126,270,199,346,images\litchi004T(5).jpg,True,0.718946868946869,False
2024,coin,17,54,litchi004T(6),1,151,240,223,312,images\litchi004T(6).jpg,True,0.7575150460246036,False
2025,coin,17,55,litchi004T(7),1,155,270,226,341,images\litchi004T(7).jpg,True,0.7383378218457448,False
2026,coin,17,56,litchi004T(8),1,145,259,224,336,images\litchi004T(8).jpg,True,0.7475289577695889,False
2027,coin,17,57,litchi005S(1),1,200,376,271,443,images\litchi005S(1).jpg,True,0.6855090431015682,False
2028,coin,17,58,litchi005S(2),1,226,338,290,405,images\litchi005S(2).jpg,True,0.7411810457373142,False
2029,coin,17,59,litchi005S(3),1,267,349,331,411,images\litchi005S(3).jpg,True,0.7470234673425948,False
2030,coin,17,60,litchi005S(4),1,232,352,298,417,images\litchi005S(4).jpg,True,0.7044554776155394,False
2031,coin,17,61,litchi005S(5),1,235,343,300,409,images\litchi005S(5).jpg,True,0.7092678200810756,False
2032,coin,17,62,litchi005S(6),1,237,310,301,373,images\litchi005S(6).jpg,True,0.7619213787062044,False
2033,coin,17,63,litchi005S(7),1,245,355,307,417,images\litchi005S(7).jpg,True,0.7614870655157018,False
2034,coin,17,64,litchi005S(8),1,245,366,307,428,images\litchi005S(8).jpg,True,0.7691237596499059,False
2035,coin,17,65,litchi005T(1),1,147,251,220,324,images\litchi005T(1).jpg,True,0.7613662866711582,False
2036,coin,17,66,litchi005T(2),1,185,326,255,395,images\litchi005T(2).jpg,True,0.7439625512022768,False
2037,coin,17,67,litchi005T(3),1,152,279,233,356,images\litchi005T(3).jpg,True,0.7316351499558548,False
2038,coin,17,68,litchi005T(4),1,136,255,217,327,images\litchi005T(4).jpg,True,0.7142340314007327,False
2039,coin,17,69,litchi005T(5),1,134,270,212,345,images\litchi005T(5).jpg,True,0.7344952796249437,False
2040,coin,17,70,litchi005T(6),1,135,258,216,338,images\litchi005T(6).jpg,True,0.7280629599833346,False
2041,coin,17,71,litchi005T(7),1,178,269,249,339,images\litchi005T(7).jpg,True,0.758149660157307,False
2042,coin,17,72,litchi005T(8),1,134,209,210,285,images\litchi005T(8).jpg,True,0.7222246524553855,False
2043,coin,17,73,mango001S(1),1,125,410,193,478,images\mango001S(1).jpg,True,0.7706946414569477,False
2044,coin,17,74,mango001S(2),1,95,432,163,503,images\mango001S(2).jpg,True,0.7525192533493033,False
2045,coin,17,75,mango001S(3),1,60,384,125,452,images\mango001S(3).jpg,True,0.7870423956038122,False
2046,coin,17,76,mango001S(4),1,119,363,183,429,images\mango001S(4).jpg,True,0.768664653710182,False
2047,coin,17,77,mango001S(5),1,115,433,187,497,images\mango001S(5).jpg,True,0.7391656830267425,False
2048,coin,17,78,mango001S(6),1,113,355,182,422,images\mango001S(6).jpg,True,0.7432514918651129,False
2049,coin,17,79,mango001S(7),1,124,390,190,455,images\mango001S(7).jpg,True,0.7655015217771712,False
2050,coin,17,80,mango001S(8),1,131,381,198,449,images\mango001S(8).jpg,True,0.748892236672809,False
2051,coin,18,1,mango001T(1),1,182,124,246,189,images\mango001T(1).jpg,True,0.7624535059859467,False
2052,coin,18,2,mango001T(2),1,171,117,229,172,images\mango001T(2).jpg,True,0.771420310159905,False
2053,coin,18,3,mango001T(3),1,150,147,210,207,images\mango001T(3).jpg,True,0.7391959100490215,False
2054,coin,18,4,mango001T(4),1,76,260,142,323,images\mango001T(4).jpg,True,0.7300459939810395,False
2055,coin,18,5,mango001T(5),1,223,221,269,269,images\mango001T(5).jpg,True,0.7363545075793341,False
2056,coin,18,6,mango001T(6),1,157,125,214,182,images\mango001T(6).jpg,True,0.7763446458760392,False
2057,coin,18,7,mango001T(7),1,135,132,199,191,images\mango001T(7).jpg,True,0.741596367481834,False
2058,coin,18,8,mango001T(8),1,138,151,196,211,images\mango001T(8).jpg,True,0.744244862093426,False
2059,coin,18,9,mango002S(1),1,88,417,168,492,images\mango002S(1).jpg,True,0.6970283957016119,False
2060,coin,18,10,mango002S(10),1,98,377,164,448,images\mango002S(10).jpg,True,0.7383663663711134,False
2061,coin,18,11,mango002S(2),1,132,433,203,506,images\mango002S(2).jpg,True,0.7507300767057365,False
2062,coin,18,12,mango002S(3),1,148,378,217,446,images\mango002S(3).jpg,True,0.7874919741884674,False
2063,coin,18,13,mango002S(4),1,151,411,222,481,images\mango002S(4).jpg,True,0.7399318360109013,False
2064,coin,18,14,mango002S(5),1,113,336,182,405,images\mango002S(5).jpg,True,0.7265110130178815,False
2065,coin,18,15,mango002S(6),1,63,374,135,443,images\mango002S(6).jpg,True,0.7438138465715971,False
2066,coin,18,16,mango002S(7),1,125,368,194,434,images\mango002S(7).jpg,True,0.7454236298515555,False
2067,coin,18,17,mango002S(8),1,136,350,206,418,images\mango002S(8).jpg,True,0.762534603617109,False
2068,coin,18,18,mango002S(9),1,99,375,171,441,images\mango002S(9).jpg,True,0.7612262922519252,False
2069,coin,18,19,mango002T(1),1,83,73,153,141,images\mango002T(1).jpg,True,0.7479117894460889,False
2070,coin,18,20,mango002T(10),1,152,133,209,189,images\mango002T(10).jpg,True,0.7409993834726656,False
2071,coin,18,21,mango002T(2),1,87,112,159,180,images\mango002T(2).jpg,True,0.749082455787391,False
2072,coin,18,22,mango002T(3),1,61,74,129,139,images\mango002T(3).jpg,True,0.7474714403432616,False
2073,coin,18,23,mango002T(4),1,49,153,121,226,images\mango002T(4).jpg,True,0.7312024825848111,False
2074,coin,18,24,mango002T(5),1,80,75,150,148,images\mango002T(5).jpg,True,0.7188043491920082,False
2075,coin,18,25,mango002T(6),1,33,120,99,182,images\mango002T(6).jpg,True,0.7394477755545315,False
2076,coin,18,26,mango002T(7),1,111,97,180,164,images\mango002T(7).jpg,True,0.7585512323576935,False
2077,coin,18,27,mango002T(8),1,100,40,166,108,images\mango002T(8).jpg,True,0.7411989126639047,False
2078,coin,18,28,mango002T(9),1,129,97,192,159,images\mango002T(9).jpg,True,0.7199962797619048,False
2079,coin,18,29,mango003S(1),1,209,280,251,323,images\mango003S(1).jpg,True,0.7034504370773544,False
2080,coin,18,30,mango003S(10),1,93,345,162,414,images\mango003S(10).jpg,True,0.750870620975663,False
2081,coin,18,31,mango003S(11),1,91,342,166,410,images\mango003S(11).jpg,True,0.7364460849028927,False
2082,coin,18,32,mango003S(2),1,61,369,134,441,images\mango003S(2).jpg,True,0.7209444612970735,False
2083,coin,18,33,mango003S(3),1,122,359,195,427,images\mango003S(3).jpg,True,0.7220215935044699,False
2084,coin,18,34,mango003S(4),1,109,350,179,417,images\mango003S(4).jpg,True,0.7858925522746376,False
2085,coin,18,35,mango003S(5),1,91,375,166,442,images\mango003S(5).jpg,True,0.7426367752454139,False
2086,coin,18,36,mango003S(6),1,117,408,186,479,images\mango003S(6).jpg,True,0.7585093408651866,False
2087,coin,18,37,mango003S(7),1,87,382,156,451,images\mango003S(7).jpg,True,0.7539490881213313,False
2088,coin,18,38,mango003S(8),1,108,383,181,453,images\mango003S(8).jpg,True,0.7334134332710422,False
2089,coin,18,39,mango003S(9),1,131,327,201,399,images\mango003S(9).jpg,True,0.721702036466248,False
2090,coin,18,40,mango003T(1),1,109,252,171,310,images\mango003T(1).jpg,True,0.7633109001076335,False
2091,coin,18,41,mango003T(10),1,53,248,125,315,images\mango003T(10).jpg,True,0.731024829317376,False
2092,coin,18,42,mango003T(11),1,60,264,126,325,images\mango003T(11).jpg,True,0.6854731845853945,False
2093,coin,18,43,mango003T(2),1,139,196,204,258,images\mango003T(2).jpg,True,0.7395270204074409,False
2094,coin,18,44,mango003T(3),1,135,78,206,146,images\mango003T(3).jpg,True,0.691751770936736,False
2095,coin,18,45,mango003T(4),1,104,209,172,274,images\mango003T(4).jpg,True,0.7191662362919848,False
2096,coin,18,46,mango003T(5),1,138,296,201,362,images\mango003T(5).jpg,True,0.7407457297449754,False
2097,coin,18,47,mango003T(6),1,78,248,147,313,images\mango003T(6).jpg,True,0.7362463833721016,False
2098,coin,18,48,mango003T(7),1,113,252,177,312,images\mango003T(7).jpg,True,0.7277962819834844,False
2099,coin,18,49,mango003T(8),1,79,310,139,366,images\mango003T(8).jpg,True,0.7087787912337902,False
2100,coin,18,50,mango003T(9),1,155,313,208,364,images\mango003T(9).jpg,True,0.6988051947729367,False
2101,coin,18,51,mango004S(1),1,149,370,214,432,images\mango004S(1).jpg,True,0.7618522348758933,False
2102,coin,18,52,mango004S(10),1,152,326,226,396,images\mango004S(10).jpg,True,0.7547735801093602,False
2103,coin,18,53,mango004S(2),1,148,359,212,422,images\mango004S(2).jpg,True,0.7382017955019702,False
2104,coin,18,54,mango004S(3),1,94,354,168,417,images\mango004S(3).jpg,True,0.6989380081300813,False
2105,coin,18,55,mango004S(4),1,175,381,239,441,images\mango004S(4).jpg,True,0.7684511142358257,False
2106,coin,18,56,mango004S(5),1,138,363,204,424,images\mango004S(5).jpg,True,0.7587546289661731,False
2107,coin,18,57,mango004S(6),1,161,385,231,442,images\mango004S(6).jpg,True,0.7618568768483254,False
2108,coin,18,58,mango004S(7),1,90,396,150,463,images\mango004S(7).jpg,True,0.7392258469287989,False
2109,coin,18,59,mango004S(8),1,153,363,221,421,images\mango004S(8).jpg,True,0.7381046297334377,False
2110,coin,18,60,mango004S(9),1,156,364,215,424,images\mango004S(9).jpg,True,0.7910512848761352,False
2111,coin,18,61,mango004T(1),1,93,272,164,339,images\mango004T(1).jpg,True,0.730654311020365,False
2112,coin,18,62,mango004T(10),1,171,322,226,375,images\mango004T(10).jpg,True,0.7144313483303549,False
2113,coin,18,63,mango004T(2),1,118,328,202,409,images\mango004T(2).jpg,True,0.7345655875370936,False
2114,coin,18,64,mango004T(3),1,89,342,168,417,images\mango004T(3).jpg,True,0.7642286613606688,False
2115,coin,18,65,mango004T(4),1,103,312,174,384,images\mango004T(4).jpg,True,0.7440391695492821,False
2116,coin,18,66,mango004T(5),1,110,321,175,383,images\mango004T(5).jpg,True,0.7879717900672332,False
2117,coin,18,67,mango004T(6),1,120,217,191,286,images\mango004T(6).jpg,True,0.7525557417790447,False
2118,coin,18,68,mango004T(7),1,101,237,180,311,images\mango004T(7).jpg,True,0.7401525096844684,False
2119,coin,18,69,mango004T(8),1,91,229,165,304,images\mango004T(8).jpg,True,0.7761482019682356,False
2120,coin,18,70,mango004T(9),1,113,311,193,388,images\mango004T(9).jpg,True,0.7472388660941909,False
2121,coin,18,71,mango005S(1),1,193,413,259,478,images\mango005S(1).jpg,True,0.7601050384572225,False
2122,coin,18,72,mango005S(10),1,143,370,212,435,images\mango005S(10).jpg,True,0.7371361397223466,False
2123,coin,18,73,mango005S(11),1,172,367,238,433,images\mango005S(11).jpg,True,0.7557865507826026,False
2124,coin,18,74,mango005S(12),1,176,396,243,461,images\mango005S(12).jpg,True,0.7624950130161086,False
2125,coin,18,75,mango005S(2),1,100,363,169,431,images\mango005S(2).jpg,True,0.7316329637996712,False
2126,coin,18,76,mango005S(3),1,124,366,199,429,images\mango005S(3).jpg,True,0.7366312649730781,False
2127,coin,18,77,mango005S(4),1,127,372,192,438,images\mango005S(4).jpg,True,0.758765152099738,False
2128,coin,18,78,mango005S(5),1,125,395,203,460,images\mango005S(5).jpg,True,0.6985073258559947,False
2129,coin,18,79,mango005S(6),1,95,353,162,418,images\mango005S(6).jpg,True,0.7345145366966999,False
2130,coin,18,80,mango005S(7),1,128,398,195,461,images\mango005S(7).jpg,True,0.7487575807554205,False
2131,coin,19,1,mango005S(8),1,132,322,200,386,images\mango005S(8).jpg,True,0.7648876242528055,False
2132,coin,19,2,mango005S(9),1,127,371,200,438,images\mango005S(9).jpg,True,0.7169049120114028,False
2133,coin,19,3,mango005T(1),1,117,214,178,274,images\mango005T(1).jpg,True,0.7462814669319164,False
2134,coin,19,4,mango005T(10),1,131,237,198,302,images\mango005T(10).jpg,True,0.732821020645636,False
2135,coin,19,5,mango005T(11),1,96,287,160,348,images\mango005T(11).jpg,True,0.7931386523698288,False
2136,coin,19,6,mango005T(12),1,132,270,196,330,images\mango005T(12).jpg,True,0.7575625787104447,False
2137,coin,19,7,mango005T(2),1,114,316,178,377,images\mango005T(2).jpg,True,0.765675775047934,False
2138,coin,19,8,mango005T(3),1,131,280,194,338,images\mango005T(3).jpg,True,0.7416191685962443,False
2139,coin,19,9,mango005T(4),1,126,267,192,327,images\mango005T(4).jpg,True,0.746559038012676,False
2140,coin,19,10,mango005T(5),1,96,199,162,262,images\mango005T(5).jpg,True,0.7470631803825958,False
2141,coin,19,11,mango005T(6),1,51,209,120,271,images\mango005T(6).jpg,True,0.7296697034237707,False
2142,coin,19,12,mango005T(7),1,132,299,200,367,images\mango005T(7).jpg,True,0.7430060042094702,False
2143,coin,19,13,mango005T(8),1,98,206,164,274,images\mango005T(8).jpg,True,0.7540566572330218,False
2144,coin,19,14,mango005T(9),1,162,272,228,338,images\mango005T(9).jpg,True,0.7381870374721716,False
2145,coin,19,15,mango006S(1),1,99,374,166,440,images\mango006S(1).jpg,True,0.7586017009676869,False
2146,coin,19,16,mango006S(10),1,144,384,212,452,images\mango006S(10).jpg,True,0.7616780607511054,False
2147,coin,19,17,mango006S(11),1,153,351,220,418,images\mango006S(11).jpg,True,0.748612524422726,False
2148,coin,19,18,mango006S(12),1,132,348,205,410,images\mango006S(12).jpg,True,0.739285058918403,False
2149,coin,19,19,mango006S(13),1,131,327,199,391,images\mango006S(13).jpg,True,0.7584065385525425,False
2150,coin,19,20,mango006S(14),1,121,357,191,423,images\mango006S(14).jpg,True,0.7424852623512849,False
2151,coin,19,21,mango006S(2),1,158,323,227,389,images\mango006S(2).jpg,True,0.7349723788003875,False
2152,coin,19,22,mango006S(3),1,144,372,212,437,images\mango006S(3).jpg,True,0.7550898443002627,False
2153,coin,19,23,mango006S(4),1,119,377,186,440,images\mango006S(4).jpg,True,0.785364606462024,False
2154,coin,19,24,mango006S(5),1,160,325,229,392,images\mango006S(5).jpg,True,0.7482967489209351,False
2155,coin,19,25,mango006S(6),1,140,333,211,394,images\mango006S(6).jpg,True,0.7687480322113873,False
2156,coin,19,26,mango006S(7),1,166,320,234,382,images\mango006S(7).jpg,True,0.7936866324017504,False
2157,coin,19,27,mango006S(8),1,117,345,190,411,images\mango006S(8).jpg,True,0.7113655323814208,False
2158,coin,19,28,mango006S(9),1,126,331,200,394,images\mango006S(9).jpg,True,0.7492963034230475,False
2159,coin,19,29,mango006T(1),1,146,332,204,391,images\mango006T(1).jpg,True,0.7357515632751876,False
2160,coin,19,30,mango006T(10),1,117,236,178,298,images\mango006T(10).jpg,True,0.7593295473420469,False
2161,coin,19,31,mango006T(11),1,106,286,173,354,images\mango006T(11).jpg,True,0.724669772555717,False
2162,coin,19,32,mango006T(12),1,126,282,181,337,images\mango006T(12).jpg,True,0.780171579496559,False
2163,coin,19,33,mango006T(13),1,79,242,140,305,images\mango006T(13).jpg,True,0.7539648051027202,False
2164,coin,19,34,mango006T(14),1,127,271,195,337,images\mango006T(14).jpg,True,0.7397721015034302,False
2165,coin,19,35,mango006T(2),1,45,223,112,288,images\mango006T(2).jpg,True,0.7520143948782732,False
2166,coin,19,36,mango006T(3),1,80,251,151,318,images\mango006T(3).jpg,True,0.7041435163809113,False
2167,coin,19,37,mango006T(4),1,95,222,168,291,images\mango006T(4).jpg,True,0.7424356500418747,False
2168,coin,19,38,mango006T(5),1,93,272,169,343,images\mango006T(5).jpg,True,0.7237659852032885,False
2169,coin,19,39,mango006T(6),1,68,200,141,272,images\mango006T(6).jpg,True,0.7397484205371965,False
2170,coin,19,40,mango006T(7),1,116,271,186,337,images\mango006T(7).jpg,True,0.6948192959013941,False
2171,coin,19,41,mango006T(8),1,184,257,241,315,images\mango006T(8).jpg,True,0.6895643150020998,False
2172,coin,19,42,mango006T(9),1,101,213,165,276,images\mango006T(9).jpg,True,0.7282444049358765,False
2173,coin,19,43,mango007S(1),1,132,332,193,395,images\mango007S(1).jpg,True,0.7735186774261138,False
2174,coin,19,44,mango007S(10),1,113,326,180,386,images\mango007S(10).jpg,True,0.7422431490691663,False
2175,coin,19,45,mango007S(11),1,97,323,158,386,images\mango007S(11).jpg,True,0.7468051868363054,False
2176,coin,19,46,mango007S(12),1,69,323,134,385,images\mango007S(12).jpg,True,0.7355716871045996,False
2177,coin,19,47,mango007S(13),1,101,331,160,392,images\mango007S(13).jpg,True,0.7816467244658734,False
2178,coin,19,48,mango007S(2),1,136,316,202,377,images\mango007S(2).jpg,True,0.7400500250948255,False
2179,coin,19,49,mango007S(3),1,123,373,186,434,images\mango007S(3).jpg,True,0.7593774220996179,False
2180,coin,19,50,mango007S(4),1,100,339,162,396,images\mango007S(4).jpg,True,0.8066855688687093,False
2181,coin,19,51,mango007S(5),1,130,332,195,396,images\mango007S(5).jpg,True,0.7531019749024849,False
2182,coin,19,52,mango007S(6),1,81,286,146,349,images\mango007S(6).jpg,True,0.7436791141180592,False
2183,coin,19,53,mango007S(7),1,75,322,138,383,images\mango007S(7).jpg,True,0.75939306204392,False
2184,coin,19,54,mango007S(8),1,115,365,178,424,images\mango007S(8).jpg,True,0.780933652110587,False
2185,coin,19,55,mango007S(9),1,75,321,140,380,images\mango007S(9).jpg,True,0.7630271529518329,False
2186,coin,19,56,mango007T(1),1,93,299,155,359,images\mango007T(1).jpg,True,0.7729345785428048,False
2187,coin,19,57,mango007T(10),1,124,286,188,350,images\mango007T(10).jpg,True,0.7333630945153622,False
2188,coin,19,58,mango007T(11),1,124,272,187,334,images\mango007T(11).jpg,True,0.7148739090298758,False
2189,coin,19,59,mango007T(12),1,127,316,198,386,images\mango007T(12).jpg,True,0.6991061370728966,False
2190,coin,19,60,mango007T(13),1,86,302,147,361,images\mango007T(13).jpg,True,0.768496363483365,False
2191,coin,19,61,mango007T(2),1,104,250,168,315,images\mango007T(2).jpg,True,0.7346577806426797,False
2192,coin,19,62,mango007T(3),1,92,339,160,401,images\mango007T(3).jpg,True,0.7581941082809148,False
2193,coin,19,63,mango007T(4),1,136,260,200,325,images\mango007T(4).jpg,True,0.7456345199340889,False
2194,coin,19,64,mango007T(5),1,94,280,158,343,images\mango007T(5).jpg,True,0.741593139545752,False
2195,coin,19,65,mango007T(6),1,143,280,218,345,images\mango007T(6).jpg,True,0.7563644489776675,False
2196,coin,19,66,mango007T(7),1,119,332,186,391,images\mango007T(7).jpg,True,0.7435364425337636,False
2197,coin,19,67,mango007T(8),1,122,262,188,327,images\mango007T(8).jpg,True,0.7178463741896577,False
2198,coin,19,68,mango007T(9),1,107,268,180,336,images\mango007T(9).jpg,True,0.7058259805614402,False
2199,coin,19,69,mango008S(1),1,89,273,156,336,images\mango008S(1).jpg,True,0.756850698112782,False
2200,coin,19,70,mango008S(2),1,86,307,152,368,images\mango008S(2).jpg,True,0.7533151164936946,False
2201,coin,19,71,mango008S(3),1,100,317,164,378,images\mango008S(3).jpg,True,0.7601671793464347,False
2202,coin,19,72,mango008S(4),1,95,277,160,335,images\mango008S(4).jpg,True,0.7791113320353471,False
2203,coin,19,73,mango008S(5),1,137,275,203,339,images\mango008S(5).jpg,True,0.7208374219126948,False
2204,coin,19,74,mango008S(6),1,98,299,161,360,images\mango008S(6).jpg,True,0.7640953912303218,False
2205,coin,19,75,mango008S(7),1,111,314,173,374,images\mango008S(7).jpg,True,0.7617914157481647,False
2206,coin,19,76,mango008S(8),1,66,276,136,339,images\mango008S(8).jpg,True,0.7472878617183127,False
2207,coin,19,77,mango008T(1),1,140,301,205,365,images\mango008T(1).jpg,True,0.7076099881692425,False
2208,coin,19,78,mango008T(2),1,63,287,143,361,images\mango008T(2).jpg,True,0.7210435379371198,False
2209,coin,19,79,mango008T(3),1,117,319,185,388,images\mango008T(3).jpg,True,0.7066654954915146,False
2210,coin,19,80,mango008T(4),1,75,295,144,364,images\mango008T(4).jpg,True,0.7241172428452048,False
2211,coin,20,1,mango008T(5),1,105,264,179,337,images\mango008T(5).jpg,True,0.6821151942300901,False
2212,coin,20,2,mango008T(6),1,112,302,180,367,images\mango008T(6).jpg,True,0.7350064692537192,False
2213,coin,20,3,mango008T(7),1,147,322,210,387,images\mango008T(7).jpg,True,0.714148756367158,False
2214,coin,20,4,mango008T(8),1,114,265,173,324,images\mango008T(8).jpg,True,0.7212244262906494,False
2215,coin,20,5,mango009S(1),1,50,452,131,527,images\mango009S(1).jpg,True,0.7569176605034327,False
2216,coin,20,6,mango009S(10),1,25,408,108,487,images\mango009S(10).jpg,True,0.7468830343170132,False
2217,coin,20,7,mango009S(11),1,69,385,154,466,images\mango009S(11).jpg,True,0.7412310661994587,False
2218,coin,20,8,mango009S(12),1,56,388,144,468,images\mango009S(12).jpg,True,0.7415480012878906,False
2219,coin,20,9,mango009S(13),1,35,396,122,476,images\mango009S(13).jpg,True,0.7258129072497614,False
2220,coin,20,10,mango009S(2),1,52,388,139,468,images\mango009S(2).jpg,True,0.7234923947434135,False
2221,coin,20,11,mango009S(3),1,73,387,155,466,images\mango009S(3).jpg,True,0.7511984147931934,False
2222,coin,20,12,mango009S(4),1,64,382,147,460,images\mango009S(4).jpg,True,0.7389863665072356,False
2223,coin,20,13,mango009S(5),1,43,397,128,473,images\mango009S(5).jpg,True,0.7758917507289316,False
2224,coin,20,14,mango009S(6),1,48,405,131,485,images\mango009S(6).jpg,True,0.7630694986975048,False
2225,coin,20,15,mango009S(7),1,53,375,138,454,images\mango009S(7).jpg,True,0.7610577144038975,False
2226,coin,20,16,mango009S(8),1,65,367,150,448,images\mango009S(8).jpg,True,0.7543174197436413,False
2227,coin,20,17,mango009S(9),1,46,428,132,507,images\mango009S(9).jpg,True,0.7393092648049873,False
2228,coin,20,18,mango009T(1),1,134,291,202,353,images\mango009T(1).jpg,True,0.7311590285220826,False
2229,coin,20,19,mango009T(10),1,126,279,188,339,images\mango009T(10).jpg,True,0.7237730311333388,False
2230,coin,20,20,mango009T(11),1,117,235,174,292,images\mango009T(11).jpg,True,0.7508912388359692,False
2231,coin,20,21,mango009T(12),1,126,269,195,334,images\mango009T(12).jpg,True,0.7343547938382564,False
2232,coin,20,22,mango009T(13),1,90,263,161,326,images\mango009T(13).jpg,True,0.7311031357949601,False
2233,coin,20,23,mango009T(2),1,102,173,165,233,images\mango009T(2).jpg,True,0.7481052418181577,False
2234,coin,20,24,mango009T(3),1,130,264,198,324,images\mango009T(3).jpg,True,0.7187951240810131,False
2235,coin,20,25,mango009T(4),1,104,233,166,294,images\mango009T(4).jpg,True,0.7284571972499327,False
2236,coin,20,26,mango009T(5),1,72,246,136,307,images\mango009T(5).jpg,True,0.7533174259067961,False
2237,coin,20,27,mango009T(6),1,135,247,203,312,images\mango009T(6).jpg,True,0.7558734294928136,False
2238,coin,20,28,mango009T(7),1,98,202,167,266,images\mango009T(7).jpg,True,0.7408224706384747,False
2239,coin,20,29,mango009T(8),1,123,210,189,271,images\mango009T(8).jpg,True,0.7267447996741269,False
2240,coin,20,30,mango009T(9),1,89,229,152,290,images\mango009T(9).jpg,True,0.765474370331667,False
2241,coin,20,31,mango010S(1),1,181,317,242,378,images\mango010S(1).jpg,True,0.793913693478134,False
2242,coin,20,32,mango010S(10),1,171,314,235,377,images\mango010S(10).jpg,True,0.7527109588975829,False
2243,coin,20,33,mango010S(11),1,149,310,214,374,images\mango010S(11).jpg,True,0.7325242965025054,False
2244,coin,20,34,mango010S(2),1,133,304,194,366,images\mango010S(2).jpg,True,0.7741306177615881,False
2245,coin,20,35,mango010S(3),1,135,319,197,378,images\mango010S(3).jpg,True,0.7691481023116227,False
2246,coin,20,36,mango010S(4),1,150,299,211,360,images\mango010S(4).jpg,True,0.7561608120058134,False
2247,coin,20,37,mango010S(5),1,130,297,198,360,images\mango010S(5).jpg,True,0.7569546687613142,False
2248,coin,20,38,mango010S(6),1,114,301,175,363,images\mango010S(6).jpg,True,0.7535692534955543,False
2249,coin,20,39,mango010S(7),1,125,314,187,378,images\mango010S(7).jpg,True,0.742620051401516,False
2250,coin,20,40,mango010S(8),1,156,344,223,407,images\mango010S(8).jpg,True,0.7032951222603054,False
2251,coin,20,41,mango010S(9),1,132,330,196,394,images\mango010S(9).jpg,True,0.735459728059883,False
2252,coin,20,42,mango010T(1),1,137,207,199,269,images\mango010T(1).jpg,True,0.7757235241214486,False
2253,coin,20,43,mango010T(10),1,111,167,183,238,images\mango010T(10).jpg,True,0.739448428623207,False
2254,coin,20,44,mango010T(11),1,150,151,222,218,images\mango010T(11).jpg,True,0.7255699958497377,False
2255,coin,20,45,mango010T(2),1,131,251,196,315,images\mango010T(2).jpg,True,0.7331633334818048,False
2256,coin,20,46,mango010T(3),1,82,201,159,276,images\mango010T(3).jpg,True,0.7258388598951795,False
2257,coin,20,47,mango010T(4),1,94,171,161,239,images\mango010T(4).jpg,True,0.7395269771129085,False
2258,coin,20,48,mango010T(5),1,138,169,203,235,images\mango010T(5).jpg,True,0.7815758933850123,False
2259,coin,20,49,mango010T(6),1,130,136,189,195,images\mango010T(6).jpg,True,0.7806707937641348,False
2260,coin,20,50,mango010T(7),1,142,190,210,255,images\mango010T(7).jpg,True,0.7079094367344706,False
2261,coin,20,51,mango010T(8),1,154,159,219,223,images\mango010T(8).jpg,True,0.7108120157883191,False
2262,coin,20,52,mango010T(9),1,114,184,187,251,images\mango010T(9).jpg,True,0.7720692526900681,False
2263,coin,20,53,mix001S(1),2,693,392,782,478,images\mix001S(1).jpg,True,0.7848835944018692,False
2264,coin,20,54,mix001S(2),2,694,393,777,478,images\mix001S(2).jpg,True,0.751102604402358,False
2265,coin,20,55,mix001T(1),2,52,143,119,209,images\mix001T(1).jpg,True,0.7743259450771417,False
2266,coin,20,56,mix001T(2),2,653,301,712,357,images\mix001T(2).jpg,True,0.7567281454695122,False
2267,coin,20,57,mix002S(1),2,84,348,162,423,images\mix002S(1).jpg,True,0.7077666264125518,False
2268,coin,20,58,mix002S(2),2,75,344,148,412,images\mix002S(2).jpg,True,0.7269810954244518,False
2269,coin,20,59,mix002S(3),2,67,301,142,373,images\mix002S(3).jpg,True,0.7171730639300785,False
2270,coin,20,60,mix002S(4),2,283,490,340,550,images\mix002S(4).jpg,True,0.6716093855523422,False
2271,coin,20,61,mix002T(1),2,233,489,297,558,images\mix002T(1).jpg,True,0.6442832289674661,False
2272,coin,20,62,mix002T(3),2,265,498,326,560,images\mix002T(3).jpg,True,0.6504231115505629,False
2273,coin,20,63,mix002T(4),2,45,296,123,366,images\mix002T(4).jpg,True,0.7606289621195189,False
2274,coin,20,64,mix003S(1),2,642,364,708,430,images\mix003S(1).jpg,True,0.7769032304186192,False
2275,coin,20,65,mix003S(2),2,662,382,730,445,images\mix003S(2).jpg,True,0.7775933725841019,False
2276,coin,20,66,mix003S(3),2,617,376,687,446,images\mix003S(3).jpg,True,0.7947732959268663,False
2277,coin,20,67,mix003T(1),2,85,166,152,235,images\mix003T(1).jpg,True,0.7515122125405033,False
2278,coin,20,68,mix003T(2),2,121,104,181,169,images\mix003T(2).jpg,True,0.7563730873800457,False
2279,coin,20,69,mix003T(3),2,156,154,211,208,images\mix003T(3).jpg,True,0.7688233203254585,False
2280,coin,20,70,mix004S(1),2,122,302,186,364,images\mix004S(1).jpg,True,0.8033817215748189,False
2281,coin,20,71,mix004S(2),2,135,357,199,419,images\mix004S(2).jpg,True,0.8053651926351314,False
2282,coin,20,72,mix004S(3),2,105,337,166,402,images\mix004S(3).jpg,True,0.8178582663371715,False
2283,coin,20,73,mix004S(4),2,105,305,171,374,images\mix004S(4).jpg,True,0.7721514572925893,False
2284,coin,20,74,mix004T(1),2,162,75,222,135,images\mix004T(1).jpg,True,0.7798621402928841,False
2285,coin,20,75,mix004T(2),2,184,104,247,159,images\mix004T(2).jpg,True,0.7522795014324334,False
2286,coin,20,76,mix004T(3),2,487,74,546,133,images\mix004T(3).jpg,True,0.7563830582344203,False
2287,coin,20,77,mix004T(4),2,166,84,224,145,images\mix004T(4).jpg,True,0.7634386745018924,False
2288,coin,20,78,mix005T(4),2,46,84,110,148,images\mix005T(4).jpg,True,0.7663152882290518,False
2289,coin,20,79,mix005T(6),2,459,65,520,127,images\mix005T(6).jpg,True,0.7971358290103989,False
2290,coin,20,80,mix006S(1),2,96,348,164,419,images\mix006S(1).jpg,True,0.7656354863132262,False
2291,coin,21,1,mix006S(2),2,65,359,134,425,images\mix006S(2).jpg,True,0.7732383394000637,False
2292,coin,21,2,mix006S(3),2,51,375,119,443,images\mix006S(3).jpg,True,0.7614241280285117,False
2293,coin,21,3,mix006S(4),2,85,402,152,469,images\mix006S(4).jpg,True,0.7769983997578906,False
2294,coin,21,4,mix006T(1),2,91,45,157,113,images\mix006T(1).jpg,True,0.69124327299594,False
2295,coin,21,5,mix006T(2),2,111,64,176,125,images\mix006T(2).jpg,True,0.6781594583490845,False
2296,coin,21,6,mix006T(3),2,96,64,167,129,images\mix006T(3).jpg,True,0.6614648640462621,False
2297,coin,21,7,mix006T(4),2,120,37,183,98,images\mix006T(4).jpg,True,0.6641614914006693,False
2298,coin,21,8,mix007S(1),2,74,346,139,406,images\mix007S(1).jpg,True,0.7065324837005343,False
2299,coin,21,9,mix007S(2),2,114,318,173,378,images\mix007S(2).jpg,True,0.7772373840955789,False
2300,coin,21,10,mix007S(3),2,120,333,181,391,images\mix007S(3).jpg,True,0.7718911944713888,False
2301,coin,21,11,mix007S(4),2,115,341,178,400,images\mix007S(4).jpg,True,0.7541936827610703,False
2302,coin,21,12,mix007S(5),2,116,358,178,420,images\mix007S(5).jpg,True,0.7599831654675638,False
2303,coin,21,13,mix007T(1),2,57,254,128,321,images\mix007T(1).jpg,True,0.6729653355438846,False
2304,coin,21,14,mix007T(2),2,78,248,148,310,images\mix007T(2).jpg,True,0.6669361430024234,False
2305,coin,21,15,mix007T(3),2,105,249,168,314,images\mix007T(3).jpg,True,0.7042393868365856,False
2306,coin,21,16,mix007T(4),2,128,177,189,236,images\mix007T(4).jpg,True,0.6885034808864744,False
2307,coin,21,17,mix007T(5),2,109,213,172,277,images\mix007T(5).jpg,True,0.707135461497013,False
2308,coin,21,18,mix008S(1),2,108,343,169,402,images\mix008S(1).jpg,True,0.7351777839315737,False
2309,coin,21,19,mix008S(2),2,129,396,190,455,images\mix008S(2).jpg,True,0.7708377268203366,False
2310,coin,21,20,mix008S(3),2,112,380,172,442,images\mix008S(3).jpg,True,0.7471323289655948,False
2311,coin,21,21,mix008S(4),2,77,285,140,344,images\mix008S(4).jpg,True,0.7502653847993893,False
2312,coin,21,22,mix008T(1),2,116,200,176,257,images\mix008T(1).jpg,True,0.6875677152344492,False
2313,coin,21,23,mix008T(2),2,113,190,173,251,images\mix008T(2).jpg,True,0.6572340554640929,False
2314,coin,21,24,mix008T(3),2,111,201,170,257,images\mix008T(3).jpg,True,0.6652530527421935,False
2315,coin,21,25,mix008T(4),2,122,204,182,261,images\mix008T(4).jpg,True,0.6519690970998583,False
2316,coin,21,26,mix009S(1),2,167,341,229,401,images\mix009S(1).jpg,True,0.7492814840954679,False
2317,coin,21,27,mix009S(2),2,133,375,192,432,images\mix009S(2).jpg,True,0.7724719734202076,False
2318,coin,21,28,mix009S(3),2,134,343,194,398,images\mix009S(3).jpg,True,0.7639473991373168,False
2319,coin,21,29,mix009S(4),2,139,316,197,371,images\mix009S(4).jpg,True,0.7942846437692919,False
2320,coin,21,30,mix009T(1),2,116,136,174,193,images\mix009T(1).jpg,True,0.773505089480806,False
2321,coin,21,31,mix009T(2),2,97,162,155,221,images\mix009T(2).jpg,True,0.7712425093498428,False
2322,coin,21,32,mix009T(3),2,96,154,159,213,images\mix009T(3).jpg,True,0.7620330265704159,False
2323,coin,21,33,mix009T(4),2,166,148,223,201,images\mix009T(4).jpg,True,0.7540538995773994,False
2324,coin,21,34,mix010S(1),2,116,306,176,366,images\mix010S(1).jpg,True,0.7752411647120855,False
2325,coin,21,35,mix010S(2),2,91,367,153,426,images\mix010S(2).jpg,True,0.7597153587043565,False
2326,coin,21,36,mix010S(3),2,119,347,179,403,images\mix010S(3).jpg,True,0.7595680092994478,False
2327,coin,21,37,mix010S(4),2,119,327,179,382,images\mix010S(4).jpg,True,0.8049043860887962,False
2328,coin,21,38,mix010S(5),2,106,313,165,371,images\mix010S(5).jpg,True,0.7794598295958344,False
2329,coin,21,39,mix010S(6),2,132,349,195,409,images\mix010S(6).jpg,True,0.7697200661082122,False
2330,coin,21,40,mix010T(1),2,100,183,156,237,images\mix010T(1).jpg,True,0.740544273211443,False
2331,coin,21,41,mix010T(2),2,135,112,197,172,images\mix010T(2).jpg,True,0.7640249848981849,False
2332,coin,21,42,mix010T(3),2,108,184,173,252,images\mix010T(3).jpg,True,0.7287717347881464,False
2333,coin,21,43,mix010T(4),2,94,168,154,224,images\mix010T(4).jpg,True,0.762939255012307,False
2334,coin,21,44,mix010T(5),2,113,189,177,250,images\mix010T(5).jpg,True,0.7506748930071533,False
2335,coin,21,45,mix010T(6),2,137,159,194,213,images\mix010T(6).jpg,True,0.7731835395140093,False
2336,coin,21,46,mix010T(7),2,127,212,187,268,images\mix010T(7).jpg,True,0.7523354672909939,False
2337,coin,21,47,mix011S(1),2,104,293,168,356,images\mix011S(1).jpg,True,0.7780584134543117,False
2338,coin,21,48,mix011S(2),2,93,287,158,350,images\mix011S(2).jpg,True,0.7851078881476946,False
2339,coin,21,49,mix011S(3),2,70,258,136,323,images\mix011S(3).jpg,True,0.7801197515746895,False
2340,coin,21,50,mix011S(4),2,105,294,171,362,images\mix011S(4).jpg,True,0.7528219532429997,False
2341,coin,21,51,mix011T(1),2,101,169,162,229,images\mix011T(1).jpg,True,0.7612446009349846,False
2342,coin,21,52,mix011T(2),2,106,250,164,303,images\mix011T(2).jpg,True,0.7561805939357646,False
2343,coin,21,53,mix011T(3),2,128,149,185,209,images\mix011T(3).jpg,True,0.7568046340881258,False
2344,coin,21,54,mix011T(4),2,107,212,166,271,images\mix011T(4).jpg,True,0.7418684654771686,False
2345,coin,21,55,mix012S(1),2,105,261,171,321,images\mix012S(1).jpg,True,0.7535066860341252,False
2346,coin,21,56,mix012S(2),2,80,266,143,328,images\mix012S(2).jpg,True,0.7442034483480416,False
2347,coin,21,57,mix012S(3),2,103,301,164,359,images\mix012S(3).jpg,True,0.7907309081007198,False
2348,coin,21,58,mix012S(4),2,98,277,162,336,images\mix012S(4).jpg,True,0.7722933504667885,False
2349,coin,21,59,mix012T(1),2,115,134,175,192,images\mix012T(1).jpg,True,0.7324711899881798,False
2350,coin,21,60,mix012T(2),2,110,241,162,296,images\mix012T(2).jpg,True,0.7432477511646215,False
2351,coin,21,61,mix012T(3),2,117,179,176,236,images\mix012T(3).jpg,True,0.7474770636884284,False
2352,coin,21,62,mix012T(4),2,103,174,155,227,images\mix012T(4).jpg,True,0.7739478670147095,False
2353,coin,21,63,mix013S(1),2,73,284,135,346,images\mix013S(1).jpg,True,0.748808013031709,False
2354,coin,21,64,mix013S(2),2,66,265,123,325,images\mix013S(2).jpg,True,0.7778898293637377,False
2355,coin,21,65,mix013S(3),2,62,269,121,327,images\mix013S(3).jpg,True,0.7810740493755396,False
2356,coin,21,66,mix013S(4),2,61,277,122,338,images\mix013S(4).jpg,True,0.7966119296293805,False
2357,coin,21,67,mix013T(1),2,91,147,146,203,images\mix013T(1).jpg,True,0.7382150370105626,False
2358,coin,21,68,mix013T(2),2,149,181,201,230,images\mix013T(2).jpg,True,0.7684421182184166,False
2359,coin,21,69,mix013T(3),2,110,175,167,231,images\mix013T(3).jpg,True,0.7504844388249392,False
2360,coin,21,70,mix013T(4),2,103,209,158,262,images\mix013T(4).jpg,True,0.7361748933155262,False
2361,coin,21,71,mix014S(1),2,60,422,142,502,images\mix014S(1).jpg,True,0.7774913960377946,False
2362,coin,21,72,mix014S(2),2,23,389,106,470,images\mix014S(2).jpg,True,0.7734648766959332,False
2363,coin,21,73,mix014S(3),2,28,440,108,517,images\mix014S(3).jpg,True,0.7858695781404847,False
2364,coin,21,74,mix014S(4),2,19,434,100,516,images\mix014S(4).jpg,True,0.7688103769076854,False
2365,coin,21,75,mix014T(1),2,118,184,172,238,images\mix014T(1).jpg,True,0.7307940141557946,False
2366,coin,21,76,mix014T(2),2,116,221,174,275,images\mix014T(2).jpg,True,0.7392950722731375,False
2367,coin,21,77,mix014T(3),2,110,224,164,281,images\mix014T(3).jpg,True,0.7508576494108841,False
2368,coin,21,78,mix014T(4),2,93,172,151,226,images\mix014T(4).jpg,True,0.734119933468309,False
2369,coin,21,79,mooncake001S(1),1,139,366,205,429,images\mooncake001S(1).jpg,True,0.785918730503421,False
2370,coin,21,80,mooncake001S(10),1,145,336,209,396,images\mooncake001S(10).jpg,True,0.7983810840244617,False
2371,coin,22,1,mooncake001S(11),1,142,347,207,409,images\mooncake001S(11).jpg,True,0.7845421799442021,False
2372,coin,22,2,mooncake001S(12),1,122,346,188,410,images\mooncake001S(12).jpg,True,0.7597432621969795,False
2373,coin,22,3,mooncake001S(13),1,156,358,221,415,images\mooncake001S(13).jpg,True,0.8086796822530545,False
2374,coin,22,4,mooncake001S(14),1,158,341,223,405,images\mooncake001S(14).jpg,True,0.7927231901808173,False
2375,coin,22,5,mooncake001S(15),1,141,345,207,406,images\mooncake001S(15).jpg,True,0.7734566741430534,False
2376,coin,22,6,mooncake001S(16),1,124,329,188,389,images\mooncake001S(16).jpg,True,0.804751522702104,False
2377,coin,22,7,mooncake001S(2),1,156,434,217,495,images\mooncake001S(2).jpg,True,0.81962117828448,False
2378,coin,22,8,mooncake001S(3),1,131,358,195,422,images\mooncake001S(3).jpg,True,0.791441598534291,False
2379,coin,22,9,mooncake001S(4),1,160,346,228,409,images\mooncake001S(4).jpg,True,0.7779233361329463,False
2380,coin,22,10,mooncake001S(5),1,142,348,207,411,images\mooncake001S(5).jpg,True,0.7920703970508658,False
2381,coin,22,11,mooncake001S(6),1,122,341,188,401,images\mooncake001S(6).jpg,True,0.795966219572777,False
2382,coin,22,12,mooncake001S(7),1,125,334,187,394,images\mooncake001S(7).jpg,True,0.8234166130578057,False
2383,coin,22,13,mooncake001S(8),1,139,352,203,411,images\mooncake001S(8).jpg,True,0.8242786926478861,False
2384,coin,22,14,mooncake001S(9),1,148,332,212,393,images\mooncake001S(9).jpg,True,0.8175861386138614,False
2385,coin,22,15,mooncake001T(1),1,111,219,185,284,images\mooncake001T(1).jpg,True,0.7428003582154236,False
2386,coin,22,16,mooncake001T(10),1,45,208,115,274,images\mooncake001T(10).jpg,True,0.7666977594161499,False
2387,coin,22,17,mooncake001T(11),1,104,276,164,331,images\mooncake001T(11).jpg,True,0.7505988255891421,False
2388,coin,22,18,mooncake001T(12),1,81,259,155,327,images\mooncake001T(12).jpg,True,0.7316117883836764,False
2389,coin,22,19,mooncake001T(13),1,109,207,175,269,images\mooncake001T(13).jpg,True,0.7371480698533783,False
2390,coin,22,20,mooncake001T(14),1,90,173,161,241,images\mooncake001T(14).jpg,True,0.7367335406583344,False
2391,coin,22,21,mooncake001T(15),1,91,145,167,215,images\mooncake001T(15).jpg,True,0.7265223699087835,False
2392,coin,22,22,mooncake001T(16),1,75,172,147,239,images\mooncake001T(16).jpg,True,0.7337611471897665,False
2393,coin,22,23,mooncake001T(2),1,113,271,176,332,images\mooncake001T(2).jpg,True,0.7759047922989748,False
2394,coin,22,24,mooncake001T(3),1,91,228,157,293,images\mooncake001T(3).jpg,True,0.7713694961149047,False
2395,coin,22,25,mooncake001T(4),1,74,257,143,327,images\mooncake001T(4).jpg,True,0.7559962795556427,False
2396,coin,22,26,mooncake001T(5),1,104,217,169,282,images\mooncake001T(5).jpg,True,0.7599101209285789,False
2397,coin,22,27,mooncake001T(6),1,60,222,123,286,images\mooncake001T(6).jpg,True,0.7139315130838908,False
2398,coin,22,28,mooncake001T(7),1,71,200,139,266,images\mooncake001T(7).jpg,True,0.7514487699452699,False
2399,coin,22,29,mooncake001T(8),1,82,233,147,297,images\mooncake001T(8).jpg,True,0.7498787595847007,False
2400,coin,22,30,mooncake001T(9),1,136,266,207,329,images\mooncake001T(9).jpg,True,0.7422112777955157,False
2401,coin,22,31,mooncake002S(1),1,121,336,185,395,images\mooncake002S(1).jpg,True,0.8107150392222207,False
2402,coin,22,32,mooncake002S(10),1,138,365,205,427,images\mooncake002S(10).jpg,True,0.7464949698189135,False
2403,coin,22,33,mooncake002S(11),1,139,297,207,362,images\mooncake002S(11).jpg,True,0.7545113401091662,False
2404,coin,22,34,mooncake002S(12),1,124,334,187,396,images\mooncake002S(12).jpg,True,0.8097189567407026,False
2405,coin,22,35,mooncake002S(13),1,118,384,183,443,images\mooncake002S(13).jpg,True,0.8060653281105108,False
2406,coin,22,36,mooncake002S(14),1,112,345,175,411,images\mooncake002S(14).jpg,True,0.8104170327167208,False
2407,coin,22,37,mooncake002S(15),1,146,380,211,439,images\mooncake002S(15).jpg,True,0.7834249223097826,False
2408,coin,22,38,mooncake002S(16),1,146,367,214,429,images\mooncake002S(16).jpg,True,0.7724980139748399,False
2409,coin,22,39,mooncake002S(17),1,136,338,205,398,images\mooncake002S(17).jpg,True,0.7611114679570483,False
2410,coin,22,40,mooncake002S(2),1,128,340,195,404,images\mooncake002S(2).jpg,True,0.7825226244343891,False
2411,coin,22,41,mooncake002S(3),1,177,355,244,416,images\mooncake002S(3).jpg,True,0.7777715693703221,False
2412,coin,22,42,mooncake002S(4),1,144,341,206,402,images\mooncake002S(4).jpg,True,0.8097437236277245,False
2413,coin,22,43,mooncake002S(5),1,144,349,209,406,images\mooncake002S(5).jpg,True,0.8266318874676708,False
2414,coin,22,44,mooncake002S(6),1,148,331,213,391,images\mooncake002S(6).jpg,True,0.8048007638552397,False
2415,coin,22,45,mooncake002S(7),1,124,339,190,400,images\mooncake002S(7).jpg,True,0.804771966955816,False
2416,coin,22,46,mooncake002S(8),1,148,344,211,406,images\mooncake002S(8).jpg,True,0.845437223366911,False
2417,coin,22,47,mooncake002S(9),1,122,366,188,427,images\mooncake002S(9).jpg,True,0.8088332474134277,False
2418,coin,22,48,mooncake002T(1),1,155,216,212,274,images\mooncake002T(1).jpg,True,0.7392919967519445,False
2419,coin,22,49,mooncake002T(10),1,72,247,144,317,images\mooncake002T(10).jpg,True,0.753101397495543,False
2420,coin,22,50,mooncake002T(11),1,94,221,167,292,images\mooncake002T(11).jpg,True,0.7134606781438972,False
2421,coin,22,51,mooncake002T(12),1,113,187,181,247,images\mooncake002T(12).jpg,True,0.704470685747629,False
2422,coin,22,52,mooncake002T(13),1,131,266,193,326,images\mooncake002T(13).jpg,True,0.749620694979813,False
2423,coin,22,53,mooncake002T(14),1,90,152,163,219,images\mooncake002T(14).jpg,True,0.7340572853657938,False
2424,coin,22,54,mooncake002T(15),1,110,222,177,285,images\mooncake002T(15).jpg,True,0.7457221830805747,False
2425,coin,22,55,mooncake002T(16),1,121,192,183,256,images\mooncake002T(16).jpg,True,0.7197700879974842,False
2426,coin,22,56,mooncake002T(17),1,131,252,194,316,images\mooncake002T(17).jpg,True,0.738240696587523,False
2427,coin,22,57,mooncake002T(2),1,83,274,155,345,images\mooncake002T(2).jpg,True,0.7317041135703107,False
2428,coin,22,58,mooncake002T(3),1,98,202,162,268,images\mooncake002T(3).jpg,True,0.7635535145468652,False
2429,coin,22,59,mooncake002T(4),1,65,210,136,280,images\mooncake002T(4).jpg,True,0.7603619617343,False
2430,coin,22,60,mooncake002T(5),1,58,207,131,276,images\mooncake002T(5).jpg,True,0.7239479760827899,False
2431,coin,22,61,mooncake002T(6),1,109,193,172,254,images\mooncake002T(6).jpg,True,0.7259850376616996,False
2432,coin,22,62,mooncake002T(7),1,102,198,169,265,images\mooncake002T(7).jpg,True,0.7257551781016185,False
2433,coin,22,63,mooncake002T(8),1,109,205,173,269,images\mooncake002T(8).jpg,True,0.6963777283581114,False
2434,coin,22,64,mooncake002T(9),1,94,188,161,251,images\mooncake002T(9).jpg,True,0.7176740545594968,False
2435,coin,22,65,mooncake003S(1),1,136,356,196,412,images\mooncake003S(1).jpg,True,0.845031503337097,False
2436,coin,22,66,mooncake003S(10),1,105,360,167,423,images\mooncake003S(10).jpg,True,0.8017697421323375,False
2437,coin,22,67,mooncake003S(11),1,105,351,169,417,images\mooncake003S(11).jpg,True,0.8045980499028549,False
2438,coin,22,68,mooncake003S(12),1,152,315,213,374,images\mooncake003S(12).jpg,True,0.813161495160623,False
2439,coin,22,69,mooncake003S(13),1,138,291,204,352,images\mooncake003S(13).jpg,True,0.8182977317203155,False
2440,coin,22,70,mooncake003S(2),1,129,352,192,414,images\mooncake003S(2).jpg,True,0.8285034602076125,False
2441,coin,22,71,mooncake003S(3),1,112,345,179,408,images\mooncake003S(3).jpg,True,0.7647393600219556,False
2442,coin,22,72,mooncake003S(4),1,113,346,176,408,images\mooncake003S(4).jpg,True,0.8159592409269888,False
2443,coin,22,73,mooncake003S(5),1,114,323,178,385,images\mooncake003S(5).jpg,True,0.8282755985615033,False
2444,coin,22,74,mooncake003S(6),1,134,328,196,391,images\mooncake003S(6).jpg,True,0.8247882543253351,False
2445,coin,22,75,mooncake003S(7),1,117,321,182,383,images\mooncake003S(7).jpg,True,0.7893942141850583,False
2446,coin,22,76,mooncake003S(8),1,129,328,194,389,images\mooncake003S(8).jpg,True,0.827654501422719,False
2447,coin,22,77,mooncake003S(9),1,113,370,179,431,images\mooncake003S(9).jpg,True,0.7896584080203002,False
2448,coin,22,78,mooncake003T(1),1,131,213,193,277,images\mooncake003T(1).jpg,True,0.7706135428044879,False
2449,coin,22,79,mooncake003T(10),1,88,190,159,256,images\mooncake003T(10).jpg,True,0.7066405465656056,False
2450,coin,22,80,mooncake003T(11),1,70,233,149,305,images\mooncake003T(11).jpg,True,0.7529278056319075,False
2451,coin,23,1,mooncake003T(12),1,86,227,159,299,images\mooncake003T(12).jpg,True,0.7285527777236501,False
2452,coin,23,2,mooncake003T(13),1,103,216,171,284,images\mooncake003T(13).jpg,True,0.7451220637499749,False
2453,coin,23,3,mooncake003T(2),1,112,199,177,264,images\mooncake003T(2).jpg,True,0.7151413121110091,False
2454,coin,23,4,mooncake003T(3),1,88,185,170,265,images\mooncake003T(3).jpg,True,0.7689082433061979,False
2455,coin,23,5,mooncake003T(4),1,104,215,188,293,images\mooncake003T(4).jpg,True,0.7457731120965774,False
2456,coin,23,6,mooncake003T(5),1,75,178,141,245,images\mooncake003T(5).jpg,True,0.7288851458818439,False
2457,coin,23,7,mooncake003T(6),1,95,139,163,209,images\mooncake003T(6).jpg,True,0.7434959564497821,False
2458,coin,23,8,mooncake003T(7),1,97,159,169,231,images\mooncake003T(7).jpg,True,0.7428499769606363,False
2459,coin,23,9,mooncake003T(8),1,62,164,142,237,images\mooncake003T(8).jpg,True,0.7234721051571662,False
2460,coin,23,10,mooncake003T(9),1,119,211,184,272,images\mooncake003T(9).jpg,True,0.720869990224829,False
2461,coin,23,11,mooncake004S(1),1,126,304,190,369,images\mooncake004S(1).jpg,True,0.7905648001049511,False
2462,coin,23,12,mooncake004S(2),1,144,305,208,365,images\mooncake004S(2).jpg,True,0.8478532848615215,False
2463,coin,23,13,mooncake004S(3),1,126,322,188,387,images\mooncake004S(3).jpg,True,0.8142617791868734,False
2464,coin,23,14,mooncake004S(4),1,113,348,177,410,images\mooncake004S(4).jpg,True,0.8380638986733602,False
2465,coin,23,15,mooncake004S(5),1,180,329,243,386,images\mooncake004S(5).jpg,True,0.8243910038640617,False
2466,coin,23,16,mooncake004S(6),1,105,321,171,381,images\mooncake004S(6).jpg,True,0.8150576479306415,False
2467,coin,23,17,mooncake004T(1),1,71,292,152,367,images\mooncake004T(1).jpg,True,0.7395957889650475,False
2468,coin,23,18,mooncake004T(2),1,106,227,173,296,images\mooncake004T(2).jpg,True,0.7953415926691649,False
2469,coin,23,19,mooncake004T(3),1,96,246,168,314,images\mooncake004T(3).jpg,True,0.7613940060336726,False
2470,coin,23,20,mooncake004T(4),1,79,196,150,263,images\mooncake004T(4).jpg,True,0.771979860203482,False
2471,coin,23,21,mooncake004T(5),1,115,201,176,261,images\mooncake004T(5).jpg,True,0.7223741511574766,False
2472,coin,23,22,mooncake004T(6),1,70,163,144,234,images\mooncake004T(6).jpg,True,0.7334849971384187,False
2473,coin,23,23,mooncake005S(1),1,148,336,215,400,images\mooncake005S(1).jpg,True,0.7763502837032249,False
2474,coin,23,24,mooncake005S(2),1,74,346,141,410,images\mooncake005S(2).jpg,True,0.7806641352414628,False
2475,coin,23,25,mooncake005S(3),1,98,362,166,425,images\mooncake005S(3).jpg,True,0.7931547619047619,False
2476,coin,23,26,mooncake005S(4),1,114,340,178,404,images\mooncake005S(4).jpg,True,0.790915545992469,False
2477,coin,23,27,mooncake005S(5),1,140,339,201,401,images\mooncake005S(5).jpg,True,0.841547158522213,False
2478,coin,23,28,mooncake005S(6),1,108,360,176,425,images\mooncake005S(6).jpg,True,0.7715201623954484,False
2479,coin,23,29,mooncake005S(7),1,125,340,190,404,images\mooncake005S(7).jpg,True,0.8084255909290647,False
2480,coin,23,30,mooncake005T(1),1,110,239,172,301,images\mooncake005T(1).jpg,True,0.7617740330173445,False
2481,coin,23,31,mooncake005T(2),1,71,291,144,362,images\mooncake005T(2).jpg,True,0.7480238855913051,False
2482,coin,23,32,mooncake005T(3),1,120,246,187,312,images\mooncake005T(3).jpg,True,0.7429771117101553,False
2483,coin,23,33,mooncake005T(4),1,98,218,167,288,images\mooncake005T(4).jpg,True,0.7368917136906653,False
2484,coin,23,34,mooncake005T(5),1,119,173,189,242,images\mooncake005T(5).jpg,True,0.7211434571830329,False
2485,coin,23,35,mooncake005T(6),1,86,256,159,323,images\mooncake005T(6).jpg,True,0.7172722445350934,False
2486,coin,23,36,mooncake005T(7),1,81,228,153,300,images\mooncake005T(7).jpg,True,0.7500533035295729,False
2487,coin,23,37,mooncake006S(1),1,124,315,187,375,images\mooncake006S(1).jpg,True,0.8091359932250158,False
2488,coin,23,38,mooncake006S(2),1,116,313,179,373,images\mooncake006S(2).jpg,True,0.8241596734322144,False
2489,coin,23,39,mooncake006S(3),1,109,330,170,392,images\mooncake006S(3).jpg,True,0.8188051032144257,False
2490,coin,23,40,mooncake006S(4),1,128,302,191,362,images\mooncake006S(4).jpg,True,0.7948370596720316,False
2491,coin,23,41,mooncake006S(5),1,146,300,206,359,images\mooncake006S(5).jpg,True,0.8458901426212706,False
2492,coin,23,42,mooncake006S(6),1,139,313,201,375,images\mooncake006S(6).jpg,True,0.8315404941575901,False
2493,coin,23,43,mooncake006S(7),1,144,342,205,402,images\mooncake006S(7).jpg,True,0.8147255134563437,False
2494,coin,23,44,mooncake006S(8),1,143,322,207,380,images\mooncake006S(8).jpg,True,0.8102274127942808,False
2495,coin,23,45,mooncake006T(1),1,103,166,170,234,images\mooncake006T(1).jpg,True,0.744308806809283,False
2496,coin,23,46,mooncake006T(2),1,51,213,132,290,images\mooncake006T(2).jpg,True,0.7525761163281183,False
2497,coin,23,47,mooncake006T(3),1,82,248,158,323,images\mooncake006T(3).jpg,True,0.7279335969530087,False
2498,coin,23,48,mooncake006T(4),1,108,217,183,288,images\mooncake006T(4).jpg,True,0.7263456418755792,False
2499,coin,23,49,mooncake006T(5),1,95,197,162,266,images\mooncake006T(5).jpg,True,0.7436846854126266,False
2500,coin,23,50,mooncake006T(6),1,119,210,192,280,images\mooncake006T(6).jpg,True,0.7478779600929435,False
2501,coin,23,51,mooncake006T(7),1,100,232,176,301,images\mooncake006T(7).jpg,True,0.7670655315912778,False
2502,coin,23,52,mooncake006T(8),1,95,179,162,245,images\mooncake006T(8).jpg,True,0.7618150685214635,False
2503,coin,23,53,orange001S(1),1,716,301,803,389,images\orange001S(1).jpg,True,0.7341988257401997,False
2504,coin,23,54,orange001S(2),1,731,310,812,395,images\orange001S(2).jpg,True,0.755805664513298,False
2505,coin,23,55,orange001T(1),1,674,276,733,336,images\orange001T(1).jpg,True,0.7660526357006856,False
2506,coin,23,56,orange001T(2),1,688,303,751,362,images\orange001T(2).jpg,True,0.6986923050297049,False
2507,coin,23,57,orange001T(3),1,670,273,727,332,images\orange001T(3).jpg,True,0.738679843739454,False
2508,coin,23,58,orange001T(4),1,640,285,697,340,images\orange001T(4).jpg,True,0.7518265597922891,False
2509,coin,23,59,orange002S(1),1,716,388,811,477,images\orange002S(1).jpg,True,0.7483027547921164,False
2510,coin,23,60,orange002S(2),1,679,404,777,491,images\orange002S(2).jpg,True,0.7619463803698129,False
2511,coin,23,61,orange002S(3),1,694,382,786,475,images\orange002S(3).jpg,True,0.7413719227983353,False
2512,coin,23,62,orange002S(4),1,696,368,791,455,images\orange002S(4).jpg,True,0.7843215135819086,False
2513,coin,23,63,orange002T(1),1,62,269,139,344,images\orange002T(1).jpg,True,0.7331616744134094,False
2514,coin,23,64,orange002T(2),1,51,241,131,319,images\orange002T(2).jpg,True,0.7624529937952425,False
2515,coin,23,65,orange003S(1),1,682,331,802,445,images\orange003S(1).jpg,True,0.7565718976258702,False
2516,coin,23,66,orange003S(2),1,689,397,798,503,images\orange003S(2).jpg,True,0.7681665163659773,False
2517,coin,23,67,orange003S(3),1,697,346,807,454,images\orange003S(3).jpg,True,0.7601073755523395,False
2518,coin,23,68,orange003S(4),1,695,374,803,485,images\orange003S(4).jpg,True,0.7568382051000659,False
2519,coin,23,69,orange003S(5),1,693,383,805,490,images\orange003S(5).jpg,True,0.7543622468243774,False
2520,coin,23,70,orange003S(6),1,675,428,792,543,images\orange003S(6).jpg,True,0.7531860509874408,False
2521,coin,23,71,orange003S(7),1,680,364,797,477,images\orange003S(7).jpg,True,0.7662233381427398,False
2522,coin,23,72,orange003S(8),1,685,324,802,442,images\orange003S(8).jpg,True,0.7544230445066697,False
2523,coin,23,73,orange003T(1),1,166,137,261,224,images\orange003T(1).jpg,True,0.7482851688122398,False
2524,coin,23,74,orange003T(2),1,122,241,208,322,images\orange003T(2).jpg,True,0.7433399800182885,False
2525,coin,23,75,orange003T(3),1,133,238,212,315,images\orange003T(3).jpg,True,0.7517566440459036,False
2526,coin,23,76,orange003T(4),1,76,260,171,348,images\orange003T(4).jpg,True,0.7342302174601973,False
2527,coin,23,77,orange003T(5),1,124,128,218,218,images\orange003T(5).jpg,True,0.7211091057790421,False
2528,coin,23,78,orange003T(6),1,103,139,199,226,images\orange003T(6).jpg,True,0.756998035895281,False
2529,coin,23,79,orange003T(7),1,148,164,243,253,images\orange003T(7).jpg,True,0.7420321177759055,False
2530,coin,23,80,orange003T(8),1,158,172,251,260,images\orange003T(8).jpg,True,0.7533376454257953,False
2531,coin,24,1,orange004S(1),1,55,381,148,471,images\orange004S(1).jpg,True,0.7730975973230148,False
2532,coin,24,2,orange004S(2),1,178,406,281,500,images\orange004S(2).jpg,True,0.7479560516719868,False
2533,coin,24,3,orange004S(3),1,185,412,285,511,images\orange004S(3).jpg,True,0.7492802094318705,False
2534,coin,24,4,orange004S(4),1,560,372,657,472,images\orange004S(4).jpg,True,0.7646626634907638,False
2535,coin,24,5,orange004T(1),1,571,444,641,515,images\orange004T(1).jpg,True,0.7166970865303928,False
2536,coin,24,6,orange004T(2),1,427,96,505,173,images\orange004T(2).jpg,True,0.7588200115861093,False
2537,coin,24,7,orange004T(3),1,470,440,529,507,images\orange004T(3).jpg,True,0.7324390123942554,False
2538,coin,24,8,orange004T(4),1,399,118,467,183,images\orange004T(4).jpg,True,0.7373520196297079,False
2539,coin,24,9,orange005S(1),1,549,412,639,502,images\orange005S(1).jpg,True,0.7615859517621548,False
2540,coin,24,10,orange005S(2),1,641,274,731,359,images\orange005S(2).jpg,True,0.7985752390285287,False
2541,coin,24,11,orange005S(3),1,205,428,289,508,images\orange005S(3).jpg,True,0.7151926205908401,False
2542,coin,24,12,orange005S(4),1,113,408,191,489,images\orange005S(4).jpg,True,0.774551884897628,False
2543,coin,24,13,orange005T(1),1,347,141,417,208,images\orange005T(1).jpg,True,0.7433715355882611,False
2544,coin,24,14,orange005T(2),1,473,289,538,355,images\orange005T(2).jpg,True,0.766456307097206,False
2545,coin,24,15,orange005T(3),1,358,418,433,491,images\orange005T(3).jpg,True,0.7726372360273596,False
2546,coin,24,16,orange005T(4),1,245,276,316,349,images\orange005T(4).jpg,True,0.7409140969162995,False
2547,coin,24,17,orange006S(1),1,134,315,208,384,images\orange006S(1).jpg,True,0.7536205969269452,False
2548,coin,24,18,orange006S(2),1,179,313,246,375,images\orange006S(2).jpg,True,0.7603466244782893,False
2549,coin,24,19,orange006S(3),1,114,320,190,390,images\orange006S(3).jpg,True,0.7592167918932478,False
2550,coin,24,20,orange006S(4),1,173,306,234,369,images\orange006S(4).jpg,True,0.7888507934207072,False
2551,coin,24,21,orange006T(1),1,441,76,495,136,images\orange006T(1).jpg,True,0.7520157074984366,False
2552,coin,24,22,orange006T(2),1,376,382,440,443,images\orange006T(2).jpg,True,0.7195325041420911,False
2553,coin,24,23,orange006T(3),1,218,298,280,359,images\orange006T(3).jpg,True,0.6980886453310728,False
2554,coin,24,24,orange006T(4),1,546,144,606,207,images\orange006T(4).jpg,True,0.7086141632215676,False
2555,coin,24,25,orange007S(1),1,165,360,234,426,images\orange007S(1).jpg,True,0.7038814646562425,False
2556,coin,24,26,orange007S(2),1,102,343,168,410,images\orange007S(2).jpg,True,0.7684865593804355,False
2557,coin,24,27,orange007S(3),1,156,357,231,426,images\orange007S(3).jpg,True,0.7327887559011348,False
2558,coin,24,28,orange007S(4),1,120,297,189,366,images\orange007S(4).jpg,True,0.7588532275113287,False
2559,coin,24,29,orange007S(5),1,183,296,248,358,images\orange007S(5).jpg,True,0.7556842783925795,False
2560,coin,24,30,orange007S(6),1,58,394,146,475,images\orange007S(6).jpg,True,0.7764774067137368,False
2561,coin,24,31,orange007S(7),1,107,365,177,432,images\orange007S(7).jpg,True,0.7326183919015677,False
2562,coin,24,32,orange007S(8),1,142,356,214,433,images\orange007S(8).jpg,True,0.7343374287562187,False
2563,coin,24,33,orange007T(1),1,197,142,263,202,images\orange007T(1).jpg,True,0.7369776377850936,False
2564,coin,24,34,orange007T(2),1,421,419,487,484,images\orange007T(2).jpg,True,0.7170618735264976,False
2565,coin,24,35,orange007T(3),1,369,89,431,156,images\orange007T(3).jpg,True,0.704731281084592,False
2566,coin,24,36,orange007T(4),1,136,181,197,244,images\orange007T(4).jpg,True,0.7242597417860359,False
2567,coin,24,37,orange007T(5),1,524,138,595,207,images\orange007T(5).jpg,True,0.7305387002969213,False
2568,coin,24,38,orange007T(6),1,518,108,577,169,images\orange007T(6).jpg,True,0.742786718442129,False
2569,coin,24,39,orange007T(7),1,246,347,305,402,images\orange007T(7).jpg,True,0.7770225144754933,False
2570,coin,24,40,orange007T(8),1,346,376,410,440,images\orange007T(8).jpg,True,0.7376679492568521,False
2571,coin,24,41,orange008S(1),1,190,289,252,342,images\orange008S(1).jpg,True,0.7597809891611121,False
2572,coin,24,42,orange008S(10),1,160,312,222,364,images\orange008S(10).jpg,True,0.7604327482355682,False
2573,coin,24,43,orange008S(11),1,178,314,239,371,images\orange008S(11).jpg,True,0.7597800529106192,False
2574,coin,24,44,orange008S(12),1,135,297,193,353,images\orange008S(12).jpg,True,0.7621691767420411,False
2575,coin,24,45,orange008S(13),1,188,327,247,387,images\orange008S(13).jpg,True,0.7471973031485478,False
2576,coin,24,46,orange008S(14),1,196,350,254,405,images\orange008S(14).jpg,True,0.7665465291662281,False
2577,coin,24,47,orange008S(15),1,197,339,257,393,images\orange008S(15).jpg,True,0.771287213429991,False
2578,coin,24,48,orange008S(16),1,149,306,212,363,images\orange008S(16).jpg,True,0.772485214612926,False
2579,coin,24,49,orange008S(17),1,182,340,246,399,images\orange008S(17).jpg,True,0.73501794680223,False
2580,coin,24,50,orange008S(18),1,175,310,238,366,images\orange008S(18).jpg,True,0.7524300320916504,False
2581,coin,24,51,orange008S(19),1,183,331,244,389,images\orange008S(19).jpg,True,0.7441150156568418,False
2582,coin,24,52,orange008S(2),1,180,301,240,359,images\orange008S(2).jpg,True,0.7433727532672298,False
2583,coin,24,53,orange008S(20),1,174,323,238,383,images\orange008S(20).jpg,True,0.7091602523754796,False
2584,coin,24,54,orange008S(21),1,170,314,231,373,images\orange008S(21).jpg,True,0.7458482952019425,False
2585,coin,24,55,orange008S(22),1,190,344,252,403,images\orange008S(22).jpg,True,0.7407460496216087,False
2586,coin,24,56,orange008S(23),1,159,329,217,386,images\orange008S(23).jpg,True,0.761626281064743,False
2587,coin,24,57,orange008S(3),1,148,296,212,351,images\orange008S(3).jpg,True,0.7302108578384838,False
2588,coin,24,58,orange008S(4),1,189,286,253,345,images\orange008S(4).jpg,True,0.7224118521433099,False
2589,coin,24,59,orange008S(5),1,161,284,219,343,images\orange008S(5).jpg,True,0.769240991139758,False
2590,coin,24,60,orange008S(6),1,201,295,262,352,images\orange008S(6).jpg,True,0.7481441974214103,False
2591,coin,24,61,orange008S(7),1,157,340,222,394,images\orange008S(7).jpg,True,0.746697982928984,False
2592,coin,24,62,orange008S(8),1,150,273,215,332,images\orange008S(8).jpg,True,0.7235465812477548,False
2593,coin,24,63,orange008S(9),1,154,280,217,338,images\orange008S(9).jpg,True,0.7466008762367387,False
2594,coin,24,64,orange008T(1),1,160,200,218,260,images\orange008T(1).jpg,True,0.7656918362581093,False
2595,coin,24,65,orange008T(10),1,132,192,196,253,images\orange008T(10).jpg,True,0.7461869841577897,False
2596,coin,24,66,orange008T(11),1,105,184,174,249,images\orange008T(11).jpg,True,0.761263774329618,False
2597,coin,24,67,orange008T(12),1,96,207,164,271,images\orange008T(12).jpg,True,0.7674990866878164,False
2598,coin,24,68,orange008T(13),1,136,176,198,235,images\orange008T(13).jpg,True,0.7553992545071133,False
2599,coin,24,69,orange008T(14),1,127,225,187,285,images\orange008T(14).jpg,True,0.7722205116755235,False
2600,coin,24,70,orange008T(15),1,144,195,203,251,images\orange008T(15).jpg,True,0.7582366815845445,False
2601,coin,24,71,orange008T(16),1,125,163,180,223,images\orange008T(16).jpg,True,0.7638320414372646,False
2602,coin,24,72,orange008T(17),1,115,215,181,273,images\orange008T(17).jpg,True,0.7171207790274103,False
2603,coin,24,73,orange008T(18),1,111,134,175,195,images\orange008T(18).jpg,True,0.7166618234426148,False
2604,coin,24,74,orange008T(19),1,121,165,185,228,images\orange008T(19).jpg,True,0.7519294228221071,False
2605,coin,24,75,orange008T(2),1,156,184,220,246,images\orange008T(2).jpg,True,0.7354360303710883,False
2606,coin,24,76,orange008T(20),1,165,202,221,257,images\orange008T(20).jpg,True,0.7713778650073049,False
2607,coin,24,77,orange008T(21),1,151,183,209,243,images\orange008T(21).jpg,True,0.7403895240170413,False
2608,coin,24,78,orange008T(22),1,119,169,187,228,images\orange008T(22).jpg,True,0.7584258904717122,False
2609,coin,24,79,orange008T(23),1,145,213,211,277,images\orange008T(23).jpg,True,0.7698872751186205,False
2610,coin,24,80,orange008T(3),1,98,165,155,227,images\orange008T(3).jpg,True,0.7498117750152569,False
2611,coin,25,1,orange008T(4),1,115,173,179,238,images\orange008T(4).jpg,True,0.7598953645314942,False
2612,coin,25,2,orange008T(5),1,140,151,205,218,images\orange008T(5).jpg,True,0.7422598058675633,False
2613,coin,25,3,orange008T(6),1,165,184,225,245,images\orange008T(6).jpg,True,0.7274024761969508,False
2614,coin,25,4,orange008T(7),1,130,221,204,289,images\orange008T(7).jpg,True,0.7309919392539515,False
2615,coin,25,5,orange008T(8),1,133,218,202,283,images\orange008T(8).jpg,True,0.7534819431580566,False
2616,coin,25,6,orange008T(9),1,105,153,172,219,images\orange008T(9).jpg,True,0.7308528639292533,False
2617,coin,25,7,orange009S(1),1,656,391,724,458,images\orange009S(1).jpg,True,0.7636320156190726,False
2618,coin,25,8,orange009S(10),1,169,307,228,365,images\orange009S(10).jpg,True,0.7616021286097449,False
2619,coin,25,9,orange009S(11),1,122,311,183,372,images\orange009S(11).jpg,True,0.7268422757302853,False
2620,coin,25,10,orange009S(12),1,176,329,236,387,images\orange009S(12).jpg,True,0.7522255570410835,False
2621,coin,25,11,orange009S(13),1,664,363,742,433,images\orange009S(13).jpg,True,0.7598725229258401,False
2622,coin,25,12,orange009S(14),1,688,322,767,397,images\orange009S(14).jpg,True,0.7840458779146042,False
2623,coin,25,13,orange009S(15),1,717,375,790,444,images\orange009S(15).jpg,True,0.7783615085378414,False
2624,coin,25,14,orange009S(16),1,613,413,688,481,images\orange009S(16).jpg,True,0.7389020699284613,False
2625,coin,25,15,orange009S(2),1,197,371,252,427,images\orange009S(2).jpg,True,0.7921664628369502,False
2626,coin,25,16,orange009S(3),1,176,315,235,370,images\orange009S(3).jpg,True,0.7643498986316013,False
2627,coin,25,17,orange009S(4),1,184,310,238,367,images\orange009S(4).jpg,True,0.7895930544514058,False
2628,coin,25,18,orange009S(5),1,192,312,252,371,images\orange009S(5).jpg,True,0.7556851112936958,False
2629,coin,25,19,orange009S(6),1,171,298,229,356,images\orange009S(6).jpg,True,0.752603092935628,False
2630,coin,25,20,orange009S(7),1,100,316,158,375,images\orange009S(7).jpg,True,0.7489005725534261,False
2631,coin,25,21,orange009S(8),1,130,343,189,402,images\orange009S(8).jpg,True,0.72079802259887,False
2632,coin,25,22,orange009S(9),1,177,329,233,386,images\orange009S(9).jpg,True,0.7742617108981342,False
2633,coin,25,23,orange009T(1),1,590,294,647,352,images\orange009T(1).jpg,True,0.7340458926873523,False
2634,coin,25,24,orange009T(10),1,41,177,105,243,images\orange009T(10).jpg,True,0.7240934165943267,False
2635,coin,25,25,orange009T(11),1,116,261,177,319,images\orange009T(11).jpg,True,0.7700520293996862,False
2636,coin,25,26,orange009T(12),1,134,238,202,302,images\orange009T(12).jpg,True,0.7361523736548108,False
2637,coin,25,27,orange009T(13),1,595,171,662,239,images\orange009T(13).jpg,True,0.7505393572211072,False
2638,coin,25,28,orange009T(14),1,645,239,713,309,images\orange009T(14).jpg,True,0.7375508574965277,False
2639,coin,25,29,orange009T(15),1,609,266,669,326,images\orange009T(15).jpg,True,0.7598061577103998,False
2640,coin,25,30,orange009T(16),1,603,290,671,350,images\orange009T(16).jpg,True,0.703467976876091,False
2641,coin,25,31,orange009T(2),1,154,207,219,271,images\orange009T(2).jpg,True,0.7599222631697274,False
2642,coin,25,32,orange009T(3),1,166,257,231,320,images\orange009T(3).jpg,True,0.7035277402327238,False
2643,coin,25,33,orange009T(4),1,149,253,207,311,images\orange009T(4).jpg,True,0.7564408826907919,False
2644,coin,25,34,orange009T(5),1,116,206,176,265,images\orange009T(5).jpg,True,0.7254248573561127,False
2645,coin,25,35,orange009T(6),1,84,216,155,284,images\orange009T(6).jpg,True,0.7339010487444904,False
2646,coin,25,36,orange009T(7),1,112,244,170,304,images\orange009T(7).jpg,True,0.7686935480729823,False
2647,coin,25,37,orange009T(8),1,147,237,212,301,images\orange009T(8).jpg,True,0.7394618436238403,False
2648,coin,25,38,orange009T(9),1,104,239,170,304,images\orange009T(9).jpg,True,0.7557640737427094,False
2649,coin,25,39,orange010S(1),1,109,253,172,314,images\orange010S(1).jpg,True,0.7883886653772596,False
2650,coin,25,40,orange010S(10),1,99,240,167,306,images\orange010S(10).jpg,True,0.7425637642823173,False
2651,coin,25,41,orange010S(11),1,136,271,200,330,images\orange010S(11).jpg,True,0.7840983670481128,False
2652,coin,25,42,orange010S(12),1,137,262,201,324,images\orange010S(12).jpg,True,0.7887653762365076,False
2653,coin,25,43,orange010S(13),1,121,239,186,303,images\orange010S(13).jpg,True,0.7559806129054949,False
2654,coin,25,44,orange010S(2),1,161,240,229,304,images\orange010S(2).jpg,True,0.73568687740497,False
2655,coin,25,45,orange010S(3),1,133,244,203,306,images\orange010S(3).jpg,True,0.7400274570068983,False
2656,coin,25,46,orange010S(4),1,164,228,231,288,images\orange010S(4).jpg,True,0.7686236681971574,False
2657,coin,25,47,orange010S(5),1,151,219,217,284,images\orange010S(5).jpg,True,0.7662865629539897,False
2658,coin,25,48,orange010S(6),1,137,238,206,304,images\orange010S(6).jpg,True,0.7419722690606072,False
2659,coin,25,49,orange010S(7),1,147,245,211,305,images\orange010S(7).jpg,True,0.793622146102718,False
2660,coin,25,50,orange010S(8),1,127,264,194,328,images\orange010S(8).jpg,True,0.7568326733815745,False
2661,coin,25,51,orange010S(9),1,106,258,173,320,images\orange010S(9).jpg,True,0.7579282636966646,False
2662,coin,25,52,orange010T(1),1,94,260,162,323,images\orange010T(1).jpg,True,0.7392628925188975,False
2663,coin,25,53,orange010T(10),1,131,263,195,327,images\orange010T(10).jpg,True,0.7446595426259375,False
2664,coin,25,54,orange010T(11),1,115,280,187,348,images\orange010T(11).jpg,True,0.7161221197638692,False
2665,coin,25,55,orange010T(12),1,131,263,197,326,images\orange010T(12).jpg,True,0.7692257194334162,False
2666,coin,25,56,orange010T(13),1,148,249,212,312,images\orange010T(13).jpg,True,0.7729280645150443,False
2667,coin,25,57,orange010T(2),1,127,213,190,281,images\orange010T(2).jpg,True,0.7564160225488281,False
2668,coin,25,58,orange010T(3),1,126,243,195,308,images\orange010T(3).jpg,True,0.7812826917817732,False
2669,coin,25,59,orange010T(4),1,81,214,153,279,images\orange010T(4).jpg,True,0.74781325892437,False
2670,coin,25,60,orange010T(5),1,106,225,172,291,images\orange010T(5).jpg,True,0.7474032813778824,False
2671,coin,25,61,orange010T(6),1,129,231,196,297,images\orange010T(6).jpg,True,0.7709733061671235,False
2672,coin,25,62,orange010T(7),1,60,231,133,303,images\orange010T(7).jpg,True,0.745922275420857,False
2673,coin,25,63,orange010T(8),1,99,271,165,335,images\orange010T(8).jpg,True,0.7271250214117577,False
2674,coin,25,64,orange010T(9),1,87,251,156,319,images\orange010T(9).jpg,True,0.7584226013031562,False
2675,coin,25,65,orange011S(1),1,164,264,228,320,images\orange011S(1).jpg,True,0.7652015612758201,False
2676,coin,25,66,orange011S(10),1,146,258,211,318,images\orange011S(10).jpg,True,0.7541805319985052,False
2677,coin,25,67,orange011S(11),1,142,263,210,327,images\orange011S(11).jpg,True,0.7265444881017428,False
2678,coin,25,68,orange011S(12),1,140,251,203,312,images\orange011S(12).jpg,True,0.7716784229254395,False
2679,coin,25,69,orange011S(13),1,153,246,220,308,images\orange011S(13).jpg,True,0.743840442964289,False
2680,coin,25,70,orange011S(14),1,140,248,207,309,images\orange011S(14).jpg,True,0.7290629347283273,False
2681,coin,25,71,orange011S(15),1,186,285,253,344,images\orange011S(15).jpg,True,0.7360967582921741,False
2682,coin,25,72,orange011S(16),1,150,262,217,320,images\orange011S(16).jpg,True,0.7271118462793438,False
2683,coin,25,73,orange011S(17),1,139,259,204,321,images\orange011S(17).jpg,True,0.7477030766504451,False
2684,coin,25,74,orange011S(18),1,137,282,201,342,images\orange011S(18).jpg,True,0.7486040335253126,False
2685,coin,25,75,orange011S(2),1,109,254,174,312,images\orange011S(2).jpg,True,0.756416087941977,False
2686,coin,25,76,orange011S(3),1,106,269,170,329,images\orange011S(3).jpg,True,0.767073894428115,False
2687,coin,25,77,orange011S(4),1,130,289,194,349,images\orange011S(4).jpg,True,0.7751118022333883,False
2688,coin,25,78,orange011S(5),1,162,262,226,320,images\orange011S(5).jpg,True,0.7660660687544913,False
2689,coin,25,79,orange011S(6),1,166,260,230,321,images\orange011S(6).jpg,True,0.7524961752102619,False
2690,coin,25,80,orange011S(7),1,163,278,226,337,images\orange011S(7).jpg,True,0.7719440242405822,False
2691,coin,26,1,orange011S(8),1,157,278,221,335,images\orange011S(8).jpg,True,0.7766267973812013,False
2692,coin,26,2,orange011S(9),1,171,286,237,347,images\orange011S(9).jpg,True,0.7452543309008457,False
2693,coin,26,3,orange011T(1),1,71,227,150,300,images\orange011T(1).jpg,True,0.7473387535887536,False
2694,coin,26,4,orange011T(10),1,101,285,166,346,images\orange011T(10).jpg,True,0.7681142585694831,False
2695,coin,26,5,orange011T(11),1,74,255,139,317,images\orange011T(11).jpg,True,0.7614302207771126,False
2696,coin,26,6,orange011T(12),1,95,282,162,347,images\orange011T(12).jpg,True,0.7584794560521229,False
2697,coin,26,7,orange011T(13),1,116,263,185,329,images\orange011T(13).jpg,True,0.730339140898995,False
2698,coin,26,8,orange011T(14),1,121,314,184,376,images\orange011T(14).jpg,True,0.7529985600950747,False
2699,coin,26,9,orange011T(15),1,148,289,208,346,images\orange011T(15).jpg,True,0.742614658006199,False
2700,coin,26,10,orange011T(16),1,160,223,222,276,images\orange011T(16).jpg,True,0.7550939747966123,False
2701,coin,26,11,orange011T(17),1,122,200,181,258,images\orange011T(17).jpg,True,0.7646815537294565,False
2702,coin,26,12,orange011T(18),1,129,171,192,234,images\orange011T(18).jpg,True,0.7373785122922123,False
2703,coin,26,13,orange011T(2),1,123,288,187,349,images\orange011T(2).jpg,True,0.7686585429600179,False
2704,coin,26,14,orange011T(3),1,126,242,188,307,images\orange011T(3).jpg,True,0.7238241984004696,False
2705,coin,26,15,orange011T(4),1,126,271,189,334,images\orange011T(4).jpg,True,0.7372366630832536,False
2706,coin,26,16,orange011T(5),1,88,261,148,326,images\orange011T(5).jpg,True,0.7668857347401776,False
2707,coin,26,17,orange011T(6),1,111,252,177,318,images\orange011T(6).jpg,True,0.742211325474252,False
2708,coin,26,18,orange011T(7),1,92,272,155,336,images\orange011T(7).jpg,True,0.7515582215288553,False
2709,coin,26,19,orange011T(8),1,134,263,192,326,images\orange011T(8).jpg,True,0.7502154676939974,False
2710,coin,26,20,orange011T(9),1,100,261,162,322,images\orange011T(9).jpg,True,0.758734483714705,False
2711,coin,26,21,orange012S(1),1,8,225,53,274,images\orange012S(1).jpg,True,0.7610337514190826,False
2712,coin,26,22,orange012S(2),1,10,206,60,258,images\orange012S(2).jpg,True,0.7201442049159785,False
2713,coin,26,23,orange012S(3),1,8,216,55,265,images\orange012S(3).jpg,True,0.751580800008482,False
2714,coin,26,24,orange012S(4),1,4,224,56,272,images\orange012S(4).jpg,True,0.7207971374076495,False
2715,coin,26,25,orange012S(5),1,11,233,61,283,images\orange012S(5).jpg,True,0.7499635947216232,False
2716,coin,26,26,orange012S(6),1,56,227,103,275,images\orange012S(6).jpg,True,0.7521096569099268,False
2717,coin,26,27,orange012S(7),1,18,214,69,263,images\orange012S(7).jpg,True,0.7295170738352557,False
2718,coin,26,28,orange012S(8),1,30,215,77,264,images\orange012S(8).jpg,True,0.7521844076024877,False
2719,coin,26,29,orange012S(9),1,3,226,51,275,images\orange012S(9).jpg,True,0.756777120024891,False
2720,coin,26,30,orange012T(1),1,54,83,93,119,images\orange012T(1).jpg,True,0.7191882733605257,False
2721,coin,26,31,orange012T(2),1,400,291,432,324,images\orange012T(2).jpg,True,0.6795796787614568,False
2722,coin,26,32,orange012T(3),1,394,264,427,298,images\orange012T(3).jpg,True,0.7132618335677495,False
2723,coin,26,33,orange012T(4),1,373,284,405,316,images\orange012T(4).jpg,True,0.7102804730758031,False
2724,coin,26,34,orange012T(5),1,377,293,408,328,images\orange012T(5).jpg,True,0.7259088302881955,False
2725,coin,26,35,orange012T(6),1,388,281,421,316,images\orange012T(6).jpg,True,0.7393121511166743,False
2726,coin,26,36,orange012T(7),1,85,52,118,84,images\orange012T(7).jpg,True,0.7538541926772651,False
2727,coin,26,37,orange012T(8),1,383,250,418,287,images\orange012T(8).jpg,True,0.7155927492379757,False
2728,coin,26,38,orange012T(9),1,361,311,395,345,images\orange012T(9).jpg,True,0.7200518067607823,False
2729,coin,26,39,orange013S(1),1,96,188,144,233,images\orange013S(1).jpg,True,0.7646029048023355,False
2730,coin,26,40,orange013S(2),1,60,174,108,221,images\orange013S(2).jpg,True,0.7441996956677408,False
2731,coin,26,41,orange013S(3),1,27,190,74,237,images\orange013S(3).jpg,True,0.7456518640350878,False
2732,coin,26,42,orange013S(4),1,71,179,118,224,images\orange013S(4).jpg,True,0.7597835993839952,False
2733,coin,26,43,orange013S(5),1,76,173,124,219,images\orange013S(5).jpg,True,0.7348966932867992,False
2734,coin,26,44,orange013T(1),1,378,147,415,183,images\orange013T(1).jpg,True,0.7480473328651128,False
2735,coin,26,45,orange013T(2),1,78,189,122,227,images\orange013T(2).jpg,True,0.7168331527045897,False
2736,coin,26,46,orange013T(3),1,391,166,436,210,images\orange013T(3).jpg,True,0.7458166531654469,False
2737,coin,26,47,orange013T(4),1,389,162,427,200,images\orange013T(4).jpg,True,0.7579299873020449,False
2738,coin,26,48,orange013T(5),1,88,171,127,209,images\orange013T(5).jpg,True,0.7283850191660375,False
2739,coin,26,49,orange014S(1),1,71,197,120,243,images\orange014S(1).jpg,True,0.7521827277784813,False
2740,coin,26,50,orange014S(2),1,41,203,91,250,images\orange014S(2).jpg,True,0.7294073414928604,False
2741,coin,26,51,orange014S(3),1,58,203,106,248,images\orange014S(3).jpg,True,0.7429705213973905,False
2742,coin,26,52,orange014T(1),1,393,238,432,276,images\orange014T(1).jpg,True,0.7017746800953633,False
2743,coin,26,53,orange014T(2),1,410,199,444,237,images\orange014T(2).jpg,True,0.7174019567259557,False
2744,coin,26,54,orange014T(3),1,404,235,440,273,images\orange014T(3).jpg,True,0.7550674809771172,False
2745,coin,26,55,orange015S(1),1,428,215,494,276,images\orange015S(1).jpg,True,0.7520083519279785,False
2746,coin,26,56,orange015S(2),1,433,199,484,247,images\orange015S(2).jpg,True,0.7688617562213068,False
2747,coin,26,57,orange015S(3),1,423,217,484,281,images\orange015S(3).jpg,True,0.7592771769558374,False
2748,coin,26,58,orange015S(4),1,409,219,474,281,images\orange015S(4).jpg,True,0.7609690887287229,False
2749,coin,26,59,orange015S(5),1,413,213,478,272,images\orange015S(5).jpg,True,0.7589310460156382,False
2750,coin,26,60,orange015S(6),1,414,225,479,288,images\orange015S(6).jpg,True,0.7521776947069552,False
2751,coin,26,61,orange015T(1),1,61,136,100,171,images\orange015T(1).jpg,True,0.6836681652978382,False
2752,coin,26,62,orange015T(2),1,54,183,91,222,images\orange015T(2).jpg,True,0.7090323563023522,False
2753,coin,26,63,orange015T(3),1,33,187,71,226,images\orange015T(3).jpg,True,0.7380557652574697,False
2754,coin,26,64,orange015T(4),1,22,139,58,176,images\orange015T(4).jpg,True,0.7288535358666938,False
2755,coin,26,65,orange015T(5),1,53,157,88,193,images\orange015T(5).jpg,True,0.7309775353236778,False
2756,coin,26,66,orange015T(6),1,45,164,83,202,images\orange015T(6).jpg,True,0.7028756660695741,False
2757,coin,26,67,peach001S(1),1,119,334,184,397,images\peach001S(1).jpg,True,0.7611740229603624,False
2758,coin,26,68,peach001S(10),1,125,344,198,411,images\peach001S(10).jpg,True,0.718635292218564,False
2759,coin,26,69,peach001S(11),1,121,355,189,415,images\peach001S(11).jpg,True,0.7658462816336271,False
2760,coin,26,70,peach001S(12),1,129,363,197,429,images\peach001S(12).jpg,True,0.696106899515738,False
2761,coin,26,71,peach001S(13),1,111,381,181,441,images\peach001S(13).jpg,True,0.7385027212447839,False
2762,coin,26,72,peach001S(14),1,137,354,202,412,images\peach001S(14).jpg,True,0.7881227512123448,False
2763,coin,26,73,peach001S(15),1,173,334,234,395,images\peach001S(15).jpg,True,0.7942005881404004,False
2764,coin,26,74,peach001S(16),1,95,322,167,389,images\peach001S(16).jpg,True,0.7082931110945445,False
2765,coin,26,75,peach001S(2),1,96,325,160,389,images\peach001S(2).jpg,True,0.760077733671437,False
2766,coin,26,76,peach001S(3),1,109,351,179,414,images\peach001S(3).jpg,True,0.7049674532498305,False
2767,coin,26,77,peach001S(4),1,97,402,173,462,images\peach001S(4).jpg,True,0.7012411784007581,False
2768,coin,26,78,peach001S(5),1,107,329,175,393,images\peach001S(5).jpg,True,0.7564394618112565,False
2769,coin,26,79,peach001S(6),1,83,323,151,387,images\peach001S(6).jpg,True,0.7477435709868103,False
2770,coin,26,80,peach001S(7),1,121,382,184,442,images\peach001S(7).jpg,True,0.7595826477154716,False
2771,coin,27,1,peach001S(8),1,116,322,184,384,images\peach001S(8).jpg,True,0.7297284632228271,False
2772,coin,27,2,peach001S(9),1,73,328,142,395,images\peach001S(9).jpg,True,0.7107241554339857,False
2773,coin,27,3,peach001T(1),1,132,163,200,223,images\peach001T(1).jpg,True,0.7070245636295491,False
2774,coin,27,4,peach001T(10),1,129,150,192,213,images\peach001T(10).jpg,True,0.7493072877447289,False
2775,coin,27,5,peach001T(11),1,111,197,176,257,images\peach001T(11).jpg,True,0.723438742547545,False
2776,coin,27,6,peach001T(12),1,146,199,208,259,images\peach001T(12).jpg,True,0.7356977546671737,False
2777,coin,27,7,peach001T(13),1,128,171,200,233,images\peach001T(13).jpg,True,0.7157360509724118,False
2778,coin,27,8,peach001T(14),1,84,198,153,269,images\peach001T(14).jpg,True,0.7094457245263697,False
2779,coin,27,9,peach001T(15),1,90,171,162,239,images\peach001T(15).jpg,True,0.6874134248261705,False
2780,coin,27,10,peach001T(16),1,111,168,177,236,images\peach001T(16).jpg,True,0.6539700163796096,False
2781,coin,27,11,peach001T(2),1,105,134,172,203,images\peach001T(2).jpg,True,0.6925300790364761,False
2782,coin,27,12,peach001T(3),1,128,146,202,222,images\peach001T(3).jpg,True,0.680242645882632,False
2783,coin,27,13,peach001T(4),1,137,176,206,240,images\peach001T(4).jpg,True,0.6967598529816974,False
2784,coin,27,14,peach001T(5),1,109,174,180,234,images\peach001T(5).jpg,True,0.686700912936389,False
2785,coin,27,15,peach001T(6),1,132,190,200,251,images\peach001T(6).jpg,True,0.7398532415198167,False
2786,coin,27,16,peach001T(7),1,176,228,237,290,images\peach001T(7).jpg,True,0.7211629042554565,False
2787,coin,27,17,peach001T(8),1,159,215,219,272,images\peach001T(8).jpg,True,0.7636324995020305,False
2788,coin,27,18,peach001T(9),1,160,216,227,278,images\peach001T(9).jpg,True,0.6956536694767073,False
2789,coin,27,19,peach002S(1),1,48,348,124,418,images\peach002S(1).jpg,True,0.6888170787613959,False
2790,coin,27,20,peach002S(2),1,135,326,209,397,images\peach002S(2).jpg,True,0.7106623550401427,False
2791,coin,27,21,peach002S(3),1,120,344,192,411,images\peach002S(3).jpg,True,0.7237008389806695,False
2792,coin,27,22,peach002S(4),1,98,331,170,399,images\peach002S(4).jpg,True,0.7168318489939123,False
2793,coin,27,23,peach002S(5),1,92,344,160,411,images\peach002S(5).jpg,True,0.7641736006810242,False
2794,coin,27,24,peach002S(6),1,59,372,131,440,images\peach002S(6).jpg,True,0.7439210782533702,False
2795,coin,27,25,peach002S(7),1,61,386,130,455,images\peach002S(7).jpg,True,0.7486617115982195,False
2796,coin,27,26,peach002S(8),1,72,349,142,418,images\peach002S(8).jpg,True,0.7465854924282229,False
2797,coin,27,27,peach002T(1),1,186,246,247,307,images\peach002T(1).jpg,True,0.7841844598397961,False
2798,coin,27,28,peach002T(2),1,132,216,206,283,images\peach002T(2).jpg,True,0.7080438286911757,False
2799,coin,27,29,peach002T(3),1,123,177,191,239,images\peach002T(3).jpg,True,0.7604699011166218,False
2800,coin,27,30,peach002T(4),1,158,232,223,296,images\peach002T(4).jpg,True,0.7195479625859373,False
2801,coin,27,31,peach002T(5),1,168,200,225,259,images\peach002T(5).jpg,True,0.6847422317397802,False
2802,coin,27,32,peach002T(6),1,156,227,212,278,images\peach002T(6).jpg,True,0.7495078841839979,False
2803,coin,27,33,peach002T(7),1,163,227,226,282,images\peach002T(7).jpg,True,0.7626149206217878,False
2804,coin,27,34,peach002T(8),1,180,237,239,292,images\peach002T(8).jpg,True,0.7650984427213895,False
2805,coin,27,35,peach003S(1),1,104,344,178,411,images\peach003S(1).jpg,True,0.7563027638421816,False
2806,coin,27,36,peach003S(2),1,81,340,149,404,images\peach003S(2).jpg,True,0.7854975244746708,False
2807,coin,27,37,peach003S(3),1,112,360,183,428,images\peach003S(3).jpg,True,0.7492724491107616,False
2808,coin,27,38,peach003S(4),1,104,344,172,412,images\peach003S(4).jpg,True,0.7506645030697262,False
2809,coin,27,39,peach003S(5),1,41,391,112,456,images\peach003S(5).jpg,True,0.7998927428275255,False
2810,coin,27,40,peach003S(6),1,99,334,168,397,images\peach003S(6).jpg,True,0.7914387922933173,False
2811,coin,27,41,peach003S(7),1,90,362,160,426,images\peach003S(7).jpg,True,0.7761777631945272,False
2812,coin,27,42,peach003S(8),1,63,362,133,425,images\peach003S(8).jpg,True,0.7787211499183007,False
2813,coin,27,43,peach003S(9),1,47,331,114,400,images\peach003S(9).jpg,True,0.7911863526806802,False
2814,coin,27,44,peach003T(1),1,195,254,259,315,images\peach003T(1).jpg,True,0.71296347119805,False
2815,coin,27,45,peach003T(2),1,92,279,166,341,images\peach003T(2).jpg,True,0.7397759854869915,False
2816,coin,27,46,peach003T(3),1,96,273,172,343,images\peach003T(3).jpg,True,0.688506762134778,False
2817,coin,27,47,peach003T(4),1,154,278,224,347,images\peach003T(4).jpg,True,0.717555689249131,False
2818,coin,27,48,peach003T(5),1,145,272,218,340,images\peach003T(5).jpg,True,0.7143814721289281,False
2819,coin,27,49,peach003T(6),1,153,251,219,314,images\peach003T(6).jpg,True,0.6984052389162132,False
2820,coin,27,50,peach003T(7),1,147,240,215,300,images\peach003T(7).jpg,True,0.7249890006167617,False
2821,coin,27,51,peach003T(8),1,136,213,197,270,images\peach003T(8).jpg,True,0.7467509656330569,False
2822,coin,27,52,peach003T(9),1,166,202,226,260,images\peach003T(9).jpg,True,0.7389464867313176,False
2823,coin,27,53,peach004S(1),1,146,315,209,373,images\peach004S(1).jpg,True,0.739640743842228,False
2824,coin,27,54,peach004S(10),1,174,397,233,455,images\peach004S(10).jpg,True,0.7696090632581853,False
2825,coin,27,55,peach004S(11),1,146,323,210,383,images\peach004S(11).jpg,True,0.7311344217987545,False
2826,coin,27,56,peach004S(12),1,166,295,225,352,images\peach004S(12).jpg,True,0.7835089684859737,False
2827,coin,27,57,peach004S(13),1,192,304,252,360,images\peach004S(13).jpg,True,0.7470673527631143,False
2828,coin,27,58,peach004S(14),1,117,279,180,340,images\peach004S(14).jpg,True,0.7520789686857514,False
2829,coin,27,59,peach004S(15),1,128,306,192,362,images\peach004S(15).jpg,True,0.7622704914531269,False
2830,coin,27,60,peach004S(16),1,140,306,202,365,images\peach004S(16).jpg,True,0.7848767444722602,False
2831,coin,27,61,peach004S(17),1,162,301,223,361,images\peach004S(17).jpg,True,0.7413829338278732,False
2832,coin,27,62,peach004S(18),1,139,324,201,385,images\peach004S(18).jpg,True,0.7237948574794868,False
2833,coin,27,63,peach004S(19),1,135,279,193,339,images\peach004S(19).jpg,True,0.7540182240054141,False
2834,coin,27,64,peach004S(2),1,162,294,224,354,images\peach004S(2).jpg,True,0.7398199088342388,False
2835,coin,27,65,peach004S(20),1,135,310,195,371,images\peach004S(20).jpg,True,0.7518431991830632,False
2836,coin,27,66,peach004S(3),1,95,331,159,392,images\peach004S(3).jpg,True,0.7363985802537049,False
2837,coin,27,67,peach004S(4),1,126,327,190,386,images\peach004S(4).jpg,True,0.7464834770114943,False
2838,coin,27,68,peach004S(5),1,158,280,220,339,images\peach004S(5).jpg,True,0.7710614503608699,False
2839,coin,27,69,peach004S(6),1,156,295,218,350,images\peach004S(6).jpg,True,0.7771206521001818,False
2840,coin,27,70,peach004S(7),1,154,291,217,349,images\peach004S(7).jpg,True,0.7356290156893885,False
2841,coin,27,71,peach004S(8),1,157,318,217,375,images\peach004S(8).jpg,True,0.7634591528846757,False
2842,coin,27,72,peach004S(9),1,134,311,194,372,images\peach004S(9).jpg,True,0.7472212053469741,False
2843,coin,27,73,peach004T(1),1,127,106,201,174,images\peach004T(1).jpg,True,0.7202022136940921,False
2844,coin,27,74,peach004T(10),1,97,203,161,267,images\peach004T(10).jpg,True,0.7383052601377429,False
2845,coin,27,75,peach004T(11),1,147,124,212,184,images\peach004T(11).jpg,True,0.7619858846750405,False
2846,coin,27,76,peach004T(12),1,167,171,235,232,images\peach004T(12).jpg,True,0.7867920601653857,False
2847,coin,27,77,peach004T(13),1,152,151,223,216,images\peach004T(13).jpg,True,0.725754309195439,False
2848,coin,27,78,peach004T(14),1,151,146,213,205,images\peach004T(14).jpg,True,0.7505055460486003,False
2849,coin,27,79,peach004T(15),1,145,156,211,219,images\peach004T(15).jpg,True,0.7458470601167002,False
2850,coin,27,80,peach004T(16),1,200,175,265,236,images\peach004T(16).jpg,True,0.7754057639782657,False
2851,coin,28,1,peach004T(17),1,149,135,217,195,images\peach004T(17).jpg,True,0.7466350253683183,False
2852,coin,28,2,peach004T(18),1,113,179,185,247,images\peach004T(18).jpg,True,0.7415751095506091,False
2853,coin,28,3,peach004T(19),1,121,116,195,188,images\peach004T(19).jpg,True,0.7302611883314671,False
2854,coin,28,4,peach004T(2),1,117,146,186,211,images\peach004T(2).jpg,True,0.718912521124339,False
2855,coin,28,5,peach004T(20),1,177,148,240,212,images\peach004T(20).jpg,True,0.7219910525537837,False
2856,coin,28,6,peach004T(3),1,185,125,245,189,images\peach004T(3).jpg,True,0.7599334895103804,False
2857,coin,28,7,peach004T(4),1,149,151,215,220,images\peach004T(4).jpg,True,0.7398259422916195,False
2858,coin,28,8,peach004T(5),1,115,107,191,180,images\peach004T(5).jpg,True,0.7513288755774671,False
2859,coin,28,9,peach004T(6),1,141,106,206,173,images\peach004T(6).jpg,True,0.7369680304372918,False
2860,coin,28,10,peach004T(7),1,161,149,231,214,images\peach004T(7).jpg,True,0.7425969329380538,False
2861,coin,28,11,peach004T(8),1,132,142,206,213,images\peach004T(8).jpg,True,0.7385142857142857,False
2862,coin,28,12,peach004T(9),1,183,172,251,230,images\peach004T(9).jpg,True,0.7490277736781754,False
2863,coin,28,13,peach005S(1),1,169,309,228,372,images\peach005S(1).jpg,True,0.7462590187590188,False
2864,coin,28,14,peach005S(10),1,135,300,195,362,images\peach005S(10).jpg,True,0.7708973095433136,False
2865,coin,28,15,peach005S(2),1,165,324,226,384,images\peach005S(2).jpg,True,0.7753624939196773,False
2866,coin,28,16,peach005S(3),1,170,315,235,379,images\peach005S(3).jpg,True,0.7208218411608243,False
2867,coin,28,17,peach005S(4),1,215,350,280,412,images\peach005S(4).jpg,True,0.7518469913863619,False
2868,coin,28,18,peach005S(5),1,147,339,211,402,images\peach005S(5).jpg,True,0.7372866678345418,False
2869,coin,28,19,peach005S(6),1,127,298,191,357,images\peach005S(6).jpg,True,0.7500065767378226,False
2870,coin,28,20,peach005S(7),1,164,274,227,337,images\peach005S(7).jpg,True,0.7238731803914026,False
2871,coin,28,21,peach005S(8),1,171,315,236,377,images\peach005S(8).jpg,True,0.7326146587196312,False
2872,coin,28,22,peach005S(9),1,139,320,199,380,images\peach005S(9).jpg,True,0.7683607008735057,False
2873,coin,28,23,peach005T(1),1,146,182,218,251,images\peach005T(1).jpg,True,0.7551882411635071,False
2874,coin,28,24,peach005T(10),1,121,192,207,272,images\peach005T(10).jpg,True,0.6940061920293026,False
2875,coin,28,25,peach005T(2),1,133,202,209,274,images\peach005T(2).jpg,True,0.7362833224576559,False
2876,coin,28,26,peach005T(3),1,133,214,198,280,images\peach005T(3).jpg,True,0.7682936358987368,False
2877,coin,28,27,peach005T(4),1,165,231,228,299,images\peach005T(4).jpg,True,0.7461663501522051,False
2878,coin,28,28,peach005T(5),1,154,182,220,245,images\peach005T(5).jpg,True,0.7584795029601492,False
2879,coin,28,29,peach005T(6),1,150,214,221,286,images\peach005T(6).jpg,True,0.7532204037208297,False
2880,coin,28,30,peach005T(7),1,159,191,232,259,images\peach005T(7).jpg,True,0.7453688987322874,False
2881,coin,28,31,peach005T(8),1,117,198,194,273,images\peach005T(8).jpg,True,0.7399538532446777,False
2882,coin,28,32,peach005T(9),1,117,179,193,244,images\peach005T(9).jpg,True,0.7319310829172649,False
2883,coin,28,33,pear001S(1),1,124,248,185,308,images\pear001S(1).jpg,True,0.7769768595031435,False
2884,coin,28,34,pear001S(10),1,153,312,216,374,images\pear001S(10).jpg,True,0.7300166645584419,False
2885,coin,28,35,pear001S(11),1,81,261,142,324,images\pear001S(11).jpg,True,0.7457674114334227,False
2886,coin,28,36,pear001S(12),1,95,295,154,361,images\pear001S(12).jpg,True,0.757005986970178,False
2887,coin,28,37,pear001S(13),1,100,282,160,345,images\pear001S(13).jpg,True,0.7278449681531985,False
2888,coin,28,38,pear001S(14),1,118,271,179,337,images\pear001S(14).jpg,True,0.7381344934833836,False
2889,coin,28,39,pear001S(15),1,86,282,148,345,images\pear001S(15).jpg,True,0.7611207294552169,False
2890,coin,28,40,pear001S(16),1,102,268,163,326,images\pear001S(16).jpg,True,0.7885817386952038,False
2891,coin,28,41,pear001S(2),1,116,278,174,337,images\pear001S(2).jpg,True,0.7949329706513072,False
2892,coin,28,42,pear001S(3),1,103,271,161,335,images\pear001S(3).jpg,True,0.788105934621143,False
2893,coin,28,43,pear001S(4),1,58,278,122,341,images\pear001S(4).jpg,True,0.7303735000020127,False
2894,coin,28,44,pear001S(5),1,43,292,101,358,images\pear001S(5).jpg,True,0.6768039699142828,False
2895,coin,28,45,pear001S(6),1,91,310,155,376,images\pear001S(6).jpg,True,0.6890491302558326,False
2896,coin,28,46,pear001S(7),1,147,270,206,329,images\pear001S(7).jpg,True,0.7259112555018145,False
2897,coin,28,47,pear001S(8),1,106,278,168,340,images\pear001S(8).jpg,True,0.7075772051210647,False
2898,coin,28,48,pear001S(9),1,122,272,187,337,images\pear001S(9).jpg,True,0.6808031800391277,False
2899,coin,28,49,pear001T(1),1,93,196,159,264,images\pear001T(1).jpg,True,0.6955177595976827,False
2900,coin,28,50,pear001T(10),1,124,169,187,228,images\pear001T(10).jpg,True,0.7177413543305895,False
2901,coin,28,51,pear001T(11),1,126,204,189,263,images\pear001T(11).jpg,True,0.6802228307560138,False
2902,coin,28,52,pear001T(12),1,104,180,168,244,images\pear001T(12).jpg,True,0.6811495140386017,False
2903,coin,28,53,pear001T(13),1,113,207,172,265,images\pear001T(13).jpg,True,0.7293109704596428,False
2904,coin,28,54,pear001T(14),1,127,199,183,255,images\pear001T(14).jpg,True,0.7514384801115046,False
2905,coin,28,55,pear001T(15),1,92,203,163,271,images\pear001T(15).jpg,True,0.7347240951119036,False
2906,coin,28,56,pear001T(16),1,102,194,175,264,images\pear001T(16).jpg,True,0.6869809975626652,False
2907,coin,28,57,pear001T(2),1,118,192,182,257,images\pear001T(2).jpg,True,0.7067740263269886,False
2908,coin,28,58,pear001T(3),1,108,236,176,299,images\pear001T(3).jpg,True,0.7241625342329984,False
2909,coin,28,59,pear001T(4),1,86,225,155,292,images\pear001T(4).jpg,True,0.7163547845365441,False
2910,coin,28,60,pear001T(5),1,114,228,180,297,images\pear001T(5).jpg,True,0.7444968260166094,False
2911,coin,28,61,pear001T(6),1,124,224,187,287,images\pear001T(6).jpg,True,0.6988427734375,False
2912,coin,28,62,pear001T(7),1,141,220,202,280,images\pear001T(7).jpg,True,0.7511541804784965,False
2913,coin,28,63,pear001T(8),1,107,183,174,245,images\pear001T(8).jpg,True,0.6750003532803255,False
2914,coin,28,64,pear001T(9),1,115,165,187,228,images\pear001T(9).jpg,True,0.6933420313877214,False
2915,coin,28,65,pear002S(1),1,32,413,118,487,images\pear002S(1).jpg,True,0.7636423364106633,False
2916,coin,28,66,pear002S(10),1,81,366,153,436,images\pear002S(10).jpg,True,0.7681594608762268,False
2917,coin,28,67,pear002S(11),1,98,345,173,418,images\pear002S(11).jpg,True,0.7355080787267096,False
2918,coin,28,68,pear002S(12),1,123,366,192,433,images\pear002S(12).jpg,True,0.7878444151163232,False
2919,coin,28,69,pear002S(13),1,98,363,167,428,images\pear002S(13).jpg,True,0.7875570020105647,False
2920,coin,28,70,pear002S(14),1,81,330,141,387,images\pear002S(14).jpg,True,0.779689974375676,False
2921,coin,28,71,pear002S(15),1,87,360,150,424,images\pear002S(15).jpg,True,0.7635070725741915,False
2922,coin,28,72,pear002S(16),1,84,351,141,406,images\pear002S(16).jpg,True,0.8173676997680792,False
2923,coin,28,73,pear002S(17),1,70,349,135,413,images\pear002S(17).jpg,True,0.7522088916172885,False
2924,coin,28,74,pear002S(18),1,43,434,127,513,images\pear002S(18).jpg,True,0.7628018513383306,False
2925,coin,28,75,pear002S(19),1,38,380,122,459,images\pear002S(19).jpg,True,0.7525067350989372,False
2926,coin,28,76,pear002S(2),1,71,424,141,494,images\pear002S(2).jpg,True,0.7656936194174876,False
2927,coin,28,77,pear002S(20),1,71,401,155,478,images\pear002S(20).jpg,True,0.7797000845141011,False
2928,coin,28,78,pear002S(3),1,69,389,141,456,images\pear002S(3).jpg,True,0.7581784083496412,False
2929,coin,28,79,pear002S(4),1,64,422,140,489,images\pear002S(4).jpg,True,0.7306139771557126,False
2930,coin,28,80,pear002S(5),1,91,411,163,482,images\pear002S(5).jpg,True,0.751956485989924,False
2931,coin,29,1,pear002S(6),1,87,398,166,468,images\pear002S(6).jpg,True,0.7481888943604265,False
2932,coin,29,2,pear002S(7),1,36,393,106,460,images\pear002S(7).jpg,True,0.7884875808521227,False
2933,coin,29,3,pear002S(8),1,113,342,186,413,images\pear002S(8).jpg,True,0.7470106441179459,False
2934,coin,29,4,pear002S(9),1,68,354,139,421,images\pear002S(9).jpg,True,0.7880336213244943,False
2935,coin,29,5,pear002T(1),1,150,265,211,319,images\pear002T(1).jpg,True,0.7253422209980755,False
2936,coin,29,6,pear002T(10),1,131,189,196,246,images\pear002T(10).jpg,True,0.7386056900456732,False
2937,coin,29,7,pear002T(11),1,115,205,172,257,images\pear002T(11).jpg,True,0.7518531607279745,False
2938,coin,29,8,pear002T(12),1,94,182,155,240,images\pear002T(12).jpg,True,0.7252206442770937,False
2939,coin,29,9,pear002T(13),1,122,231,185,284,images\pear002T(13).jpg,True,0.7593847124245091,False
2940,coin,29,10,pear002T(14),1,109,330,165,386,images\pear002T(14).jpg,True,0.7138310595359403,False
2941,coin,29,11,pear002T(15),1,83,303,142,368,images\pear002T(15).jpg,True,0.710501087903979,False
2942,coin,29,12,pear002T(16),1,71,282,136,349,images\pear002T(16).jpg,True,0.7117864572669743,False
2943,coin,29,13,pear002T(17),1,111,245,165,305,images\pear002T(17).jpg,True,0.7359965275042957,False
2944,coin,29,14,pear002T(18),1,95,239,152,293,images\pear002T(18).jpg,True,0.7694849450552603,False
2945,coin,29,15,pear002T(19),1,85,201,151,265,images\pear002T(19).jpg,True,0.7155689465825678,False
2946,coin,29,16,pear002T(2),1,116,184,177,244,images\pear002T(2).jpg,True,0.7078714835375242,False
2947,coin,29,17,pear002T(20),1,106,206,171,261,images\pear002T(20).jpg,True,0.732394511322852,False
2948,coin,29,18,pear002T(3),1,81,216,156,283,images\pear002T(3).jpg,True,0.7072833492051864,False
2949,coin,29,19,pear002T(4),1,126,205,189,261,images\pear002T(4).jpg,True,0.7382790002199471,False
2950,coin,29,20,pear002T(5),1,138,234,202,294,images\pear002T(5).jpg,True,0.7272994533109174,False
2951,coin,29,21,pear002T(6),1,106,188,167,244,images\pear002T(6).jpg,True,0.718194013327007,False
2952,coin,29,22,pear002T(7),1,174,228,235,287,images\pear002T(7).jpg,True,0.7336511357467099,False
2953,coin,29,23,pear002T(8),1,122,204,184,265,images\pear002T(8).jpg,True,0.7102119838837107,False
2954,coin,29,24,pear002T(9),1,147,207,206,259,images\pear002T(9).jpg,True,0.7444538009829266,False
2955,coin,29,25,pear003S(1),1,162,336,235,406,images\pear003S(1).jpg,True,0.7256286869190095,False
2956,coin,29,26,pear003S(10),1,148,314,223,388,images\pear003S(10).jpg,True,0.6913751532659484,False
2957,coin,29,27,pear003S(11),1,159,333,231,398,images\pear003S(11).jpg,True,0.7757348483055801,False
2958,coin,29,28,pear003S(12),1,129,337,204,405,images\pear003S(12).jpg,True,0.7306830593896652,False
2959,coin,29,29,pear003S(13),1,138,336,214,408,images\pear003S(13).jpg,True,0.7192178719698887,False
2960,coin,29,30,pear003S(14),1,164,376,232,444,images\pear003S(14).jpg,True,0.7712088618773864,False
2961,coin,29,31,pear003S(15),1,166,336,243,407,images\pear003S(15).jpg,True,0.6878027065527066,False
2962,coin,29,32,pear003S(16),1,143,342,222,411,images\pear003S(16).jpg,True,0.7278904594107674,False
2963,coin,29,33,pear003S(2),1,158,356,227,422,images\pear003S(2).jpg,True,0.7703895043056714,False
2964,coin,29,34,pear003S(3),1,176,332,243,400,images\pear003S(3).jpg,True,0.7595992215166539,False
2965,coin,29,35,pear003S(4),1,163,345,235,411,images\pear003S(4).jpg,True,0.7510621727322111,False
2966,coin,29,36,pear003S(5),1,162,329,235,395,images\pear003S(5).jpg,True,0.7451898109931308,False
2967,coin,29,37,pear003S(6),1,151,330,222,400,images\pear003S(6).jpg,True,0.7400297794805168,False
2968,coin,29,38,pear003S(7),1,158,342,225,410,images\pear003S(7).jpg,True,0.7637894332290677,False
2969,coin,29,39,pear003S(8),1,158,309,229,379,images\pear003S(8).jpg,True,0.7375977597109642,False
2970,coin,29,40,pear003S(9),1,141,356,214,426,images\pear003S(9).jpg,True,0.728914538388784,False
2971,coin,29,41,pear003T(1),1,165,202,227,263,images\pear003T(1).jpg,True,0.7404843279806003,False
2972,coin,29,42,pear003T(10),1,171,186,233,244,images\pear003T(10).jpg,True,0.70549628164762,False
2973,coin,29,43,pear003T(11),1,144,123,203,183,images\pear003T(11).jpg,True,0.7450861916413534,False
2974,coin,29,44,pear003T(12),1,171,150,231,209,images\pear003T(12).jpg,True,0.7460762555207492,False
2975,coin,29,45,pear003T(13),1,141,205,199,261,images\pear003T(13).jpg,True,0.7240831930355045,False
2976,coin,29,46,pear003T(14),1,162,202,222,258,images\pear003T(14).jpg,True,0.7188409003011884,False
2977,coin,29,47,pear003T(15),1,151,160,211,217,images\pear003T(15).jpg,True,0.7443677580758428,False
2978,coin,29,48,pear003T(16),1,126,155,192,219,images\pear003T(16).jpg,True,0.6979784351797917,False
2979,coin,29,49,pear003T(2),1,167,194,226,252,images\pear003T(2).jpg,True,0.7333044267236168,False
2980,coin,29,50,pear003T(3),1,139,145,208,210,images\pear003T(3).jpg,True,0.6595082195403739,False
2981,coin,29,51,pear003T(4),1,137,178,203,240,images\pear003T(4).jpg,True,0.713755695994502,False
2982,coin,29,52,pear003T(5),1,139,180,196,240,images\pear003T(5).jpg,True,0.7339597562502378,False
2983,coin,29,53,pear003T(6),1,103,167,175,232,images\pear003T(6).jpg,True,0.7338961217505907,False
2984,coin,29,54,pear003T(7),1,172,199,229,252,images\pear003T(7).jpg,True,0.7533623658501984,False
2985,coin,29,55,pear003T(8),1,139,157,198,219,images\pear003T(8).jpg,True,0.7486161669967529,False
2986,coin,29,56,pear003T(9),1,137,168,201,228,images\pear003T(9).jpg,True,0.7384859504121926,False
2987,coin,29,57,pear004S(1),1,137,329,202,392,images\pear004S(1).jpg,True,0.753688700903898,False
2988,coin,29,58,pear004S(10),1,137,309,200,368,images\pear004S(10).jpg,True,0.7986002179806542,False
2989,coin,29,59,pear004S(11),1,136,338,203,401,images\pear004S(11).jpg,True,0.7226524831243972,False
2990,coin,29,60,pear004S(12),1,139,311,201,369,images\pear004S(12).jpg,True,0.7793914955504881,False
2991,coin,29,61,pear004S(13),1,123,338,188,397,images\pear004S(13).jpg,True,0.7540912910429292,False
2992,coin,29,62,pear004S(14),1,146,364,214,420,images\pear004S(14).jpg,True,0.7674593133730656,False
2993,coin,29,63,pear004S(15),1,158,370,224,432,images\pear004S(15).jpg,True,0.7315764598612653,False
2994,coin,29,64,pear004S(2),1,142,345,204,404,images\pear004S(2).jpg,True,0.7576135918527223,False
2995,coin,29,65,pear004S(3),1,128,316,192,380,images\pear004S(3).jpg,True,0.7348774157284796,False
2996,coin,29,66,pear004S(4),1,172,330,237,391,images\pear004S(4).jpg,True,0.7365385176963111,False
2997,coin,29,67,pear004S(5),1,120,301,183,364,images\pear004S(5).jpg,True,0.7582662300307854,False
2998,coin,29,68,pear004S(6),1,135,303,201,364,images\pear004S(6).jpg,True,0.7552379289061155,False
2999,coin,29,69,pear004S(7),1,147,335,214,397,images\pear004S(7).jpg,True,0.7302443063828263,False
3000,coin,29,70,pear004S(8),1,169,300,232,362,images\pear004S(8).jpg,True,0.7598097959685349,False
3001,coin,29,71,pear004S(9),1,139,295,204,353,images\pear004S(9).jpg,True,0.7466250648053311,False
3002,coin,29,72,pear004T(1),1,167,175,227,231,images\pear004T(1).jpg,True,0.7191658820250622,False
3003,coin,29,73,pear004T(10),1,148,247,209,303,images\pear004T(10).jpg,True,0.7349754250493089,False
3004,coin,29,74,pear004T(11),1,150,228,207,286,images\pear004T(11).jpg,True,0.7256853616140753,False
3005,coin,29,75,pear004T(12),1,154,218,208,273,images\pear004T(12).jpg,True,0.7328645359215378,False
3006,coin,29,76,pear004T(13),1,135,189,195,246,images\pear004T(13).jpg,True,0.7212669724734798,False
3007,coin,29,77,pear004T(14),1,173,96,231,155,images\pear004T(14).jpg,True,0.7280675567211821,False
3008,coin,29,78,pear004T(15),1,125,147,189,208,images\pear004T(15).jpg,True,0.7195799842758248,False
3009,coin,29,79,pear004T(2),1,134,201,198,267,images\pear004T(2).jpg,True,0.7126870314621181,False
3010,coin,29,80,pear004T(3),1,114,208,173,268,images\pear004T(3).jpg,True,0.7414300306751569,False
3011,coin,30,1,pear004T(4),1,122,222,182,281,images\pear004T(4).jpg,True,0.7474089613479805,False
3012,coin,30,2,pear004T(5),1,136,213,194,274,images\pear004T(5).jpg,True,0.7281850596675343,False
3013,coin,30,3,pear004T(6),1,129,206,192,266,images\pear004T(6).jpg,True,0.7063674747760531,False
3014,coin,30,4,pear004T(7),1,143,202,200,257,images\pear004T(7).jpg,True,0.7621711288181794,False
3015,coin,30,5,pear004T(8),1,139,222,202,285,images\pear004T(8).jpg,True,0.6699703396401986,False
3016,coin,30,6,pear004T(9),1,110,190,174,249,images\pear004T(9).jpg,True,0.7297082967287396,False
3017,coin,30,7,pear005S(1),1,1,218,51,267,images\pear005S(1).jpg,True,0.7288789757971343,False
3018,coin,30,8,pear005S(2),1,11,235,59,282,images\pear005S(2).jpg,True,0.7524781304199213,False
3019,coin,30,9,pear005S(3),1,15,222,65,269,images\pear005S(3).jpg,True,0.7237702262306154,False
3020,coin,30,10,pear005S(4),1,16,208,68,255,images\pear005S(4).jpg,True,0.7267329827247346,False
3021,coin,30,11,pear005S(5),1,5,211,56,259,images\pear005S(5).jpg,True,0.7414048545127914,False
3022,coin,30,12,pear005S(6),1,16,216,66,263,images\pear005S(6).jpg,True,0.7407980736154112,False
3023,coin,30,13,pear005S(7),1,12,206,60,256,images\pear005S(7).jpg,True,0.7290191697573618,False
3024,coin,30,14,pear005T(1),1,418,291,453,326,images\pear005T(1).jpg,True,0.7405980279689719,False
3025,coin,30,15,pear005T(2),1,330,257,360,287,images\pear005T(2).jpg,True,0.7391748994821716,False
3026,coin,30,16,pear005T(3),1,406,287,438,323,images\pear005T(3).jpg,True,0.736050686575549,False
3027,coin,30,17,pear005T(4),1,378,283,410,314,images\pear005T(4).jpg,True,0.6806768527976393,False
3028,coin,30,18,pear005T(5),1,380,264,408,295,images\pear005T(5).jpg,True,0.7214200191570881,False
3029,coin,30,19,pear005T(6),1,377,288,409,319,images\pear005T(6).jpg,True,0.768730161395966,False
3030,coin,30,20,pear005T(7),1,382,280,416,315,images\pear005T(7).jpg,True,0.7344210522023503,False
3031,coin,30,21,pear006S(1),1,70,207,119,254,images\pear006S(1).jpg,True,0.7431025333553865,False
3032,coin,30,22,pear006S(2),1,78,197,129,244,images\pear006S(2).jpg,True,0.7297967357414579,False
3033,coin,30,23,pear006S(3),1,71,207,119,250,images\pear006S(3).jpg,True,0.7661900574344218,False
3034,coin,30,24,pear006S(4),1,90,212,138,259,images\pear006S(4).jpg,True,0.7333775176737362,False
3035,coin,30,25,pear006S(5),1,76,173,121,220,images\pear006S(5).jpg,True,0.7445277187703545,False
3036,coin,30,26,pear006S(6),1,99,168,146,215,images\pear006S(6).jpg,True,0.7258850627025614,False
3037,coin,30,27,pear006S(7),1,109,176,155,224,images\pear006S(7).jpg,True,0.7370773680678759,False
3038,coin,30,28,pear006S(8),1,90,169,138,215,images\pear006S(8).jpg,True,0.7414252210869021,False
3039,coin,30,29,pear006S(9),1,84,197,132,244,images\pear006S(9).jpg,True,0.7332243238863481,False
3040,coin,30,30,pear006T(1),1,376,129,411,165,images\pear006T(1).jpg,True,0.7303809943953823,False
3041,coin,30,31,pear006T(2),1,370,119,405,156,images\pear006T(2).jpg,True,0.7465934037164571,False
3042,coin,30,32,pear006T(3),1,392,132,426,167,images\pear006T(3).jpg,True,0.7448157669237361,False
3043,coin,30,33,pear006T(4),1,379,133,419,169,images\pear006T(4).jpg,True,0.7330512671604503,False
3044,coin,30,34,pear006T(5),1,68,163,104,202,images\pear006T(5).jpg,True,0.7411715119029977,False
3045,coin,30,35,pear006T(6),1,396,146,438,185,images\pear006T(6).jpg,True,0.7194391258571855,False
3046,coin,30,36,pear006T(7),1,400,176,439,216,images\pear006T(7).jpg,True,0.704816320882971,False
3047,coin,30,37,pear006T(8),1,404,178,442,217,images\pear006T(8).jpg,True,0.7417638431244248,False
3048,coin,30,38,pear006T(9),1,359,147,396,184,images\pear006T(9).jpg,True,0.718847504064247,False
3049,coin,30,39,plum001S(1),1,100,270,177,343,images\plum001S(1).jpg,True,0.7257760044602151,False
3050,coin,30,40,plum001S(10),1,92,294,168,362,images\plum001S(10).jpg,True,0.7694077229358962,False
3051,coin,30,41,plum001S(11),1,148,292,222,366,images\plum001S(11).jpg,True,0.7433655716856784,False
3052,coin,30,42,plum001S(12),1,81,310,159,382,images\plum001S(12).jpg,True,0.7356900650134908,False
3053,coin,30,43,plum001S(13),1,105,331,181,398,images\plum001S(13).jpg,True,0.7209931618921339,False
3054,coin,30,44,plum001S(14),1,116,303,191,372,images\plum001S(14).jpg,True,0.7658402012982796,False
3055,coin,30,45,plum001S(15),1,173,314,251,381,images\plum001S(15).jpg,True,0.7448339940595055,False
3056,coin,30,46,plum001S(16),1,123,322,200,392,images\plum001S(16).jpg,True,0.7286568957741193,False
3057,coin,30,47,plum001S(17),1,135,316,216,385,images\plum001S(17).jpg,True,0.7105332039908666,False
3058,coin,30,48,plum001S(18),1,116,290,190,362,images\plum001S(18).jpg,True,0.7680541411529285,False
3059,coin,30,49,plum001S(19),1,124,299,202,369,images\plum001S(19).jpg,True,0.7354588841951606,False
3060,coin,30,50,plum001S(2),1,173,311,245,378,images\plum001S(2).jpg,True,0.8040513014516872,False
3061,coin,30,51,plum001S(20),1,87,312,165,386,images\plum001S(20).jpg,True,0.7192711784945212,False
3062,coin,30,52,plum001S(21),1,124,292,199,366,images\plum001S(21).jpg,True,0.7274555936494319,False
3063,coin,30,53,plum001S(22),1,85,296,162,367,images\plum001S(22).jpg,True,0.7557409187077376,False
3064,coin,30,54,plum001S(3),1,109,307,190,377,images\plum001S(3).jpg,True,0.7444376096639707,False
3065,coin,30,55,plum001S(4),1,102,305,181,377,images\plum001S(4).jpg,True,0.7380745491895269,False
3066,coin,30,56,plum001S(5),1,123,310,199,382,images\plum001S(5).jpg,True,0.7582294893010776,False
3067,coin,30,57,plum001S(6),1,124,315,198,382,images\plum001S(6).jpg,True,0.7713230189051159,False
3068,coin,30,58,plum001S(7),1,115,303,192,372,images\plum001S(7).jpg,True,0.751638890767969,False
3069,coin,30,59,plum001S(8),1,124,302,192,372,images\plum001S(8).jpg,True,0.7816530129648396,False
3070,coin,30,60,plum001S(9),1,153,332,227,400,images\plum001S(9).jpg,True,0.781483574216832,False
3071,coin,30,61,plum001T(1),1,138,122,214,193,images\plum001T(1).jpg,True,0.7484476505349108,False
3072,coin,30,62,plum001T(10),1,82,183,162,259,images\plum001T(10).jpg,True,0.706686651598156,False
3073,coin,30,63,plum001T(11),1,103,212,178,279,images\plum001T(11).jpg,True,0.7785180977418182,False
3074,coin,30,64,plum001T(12),1,136,217,205,283,images\plum001T(12).jpg,True,0.780182623580021,False
3075,coin,30,65,plum001T(13),1,138,175,207,243,images\plum001T(13).jpg,True,0.7112340778722936,False
3076,coin,30,66,plum001T(14),1,131,214,201,284,images\plum001T(14).jpg,True,0.7405011388084737,False
3077,coin,30,67,plum001T(15),1,94,162,187,250,images\plum001T(15).jpg,True,0.7361026780258466,False
3078,coin,30,68,plum001T(16),1,87,165,172,238,images\plum001T(16).jpg,True,0.7455063629733054,False
3079,coin,30,69,plum001T(17),1,92,161,171,238,images\plum001T(17).jpg,True,0.7572060399414695,False
3080,coin,30,70,plum001T(18),1,99,159,167,230,images\plum001T(18).jpg,True,0.781829519383213,False
3081,coin,30,71,plum001T(19),1,87,186,166,258,images\plum001T(19).jpg,True,0.7550319104417913,False
3082,coin,30,72,plum001T(2),1,101,220,185,300,images\plum001T(2).jpg,True,0.67989628909415,False
3083,coin,30,73,plum001T(20),1,97,134,174,205,images\plum001T(20).jpg,True,0.680548081938927,False
3084,coin,30,74,plum001T(21),1,143,201,217,263,images\plum001T(21).jpg,True,0.736350471128697,False
3085,coin,30,75,plum001T(22),1,105,166,188,241,images\plum001T(22).jpg,True,0.7283288126916028,False
3086,coin,30,76,plum001T(3),1,116,195,191,265,images\plum001T(3).jpg,True,0.799727870964122,False
3087,coin,30,77,plum001T(4),1,83,199,157,276,images\plum001T(4).jpg,True,0.7244251712114542,False
3088,coin,30,78,plum001T(5),1,100,170,178,247,images\plum001T(5).jpg,True,0.7436936633024052,False
3089,coin,30,79,plum001T(6),1,109,146,186,223,images\plum001T(6).jpg,True,0.713067270193967,False
3090,coin,30,80,plum001T(7),1,98,172,184,247,images\plum001T(7).jpg,True,0.7699383406554207,False
3091,coin,31,1,plum001T(8),1,120,218,203,288,images\plum001T(8).jpg,True,0.7429947500324701,False
3092,coin,31,2,plum001T(9),1,103,191,179,264,images\plum001T(9).jpg,True,0.7760793752090158,False
3093,coin,31,3,plum002S(1),1,156,356,228,418,images\plum002S(1).jpg,True,0.758096082404593,False
3094,coin,31,4,plum002S(10),1,129,351,200,420,images\plum002S(10).jpg,True,0.7368225250626567,False
3095,coin,31,5,plum002S(11),1,91,335,172,404,images\plum002S(11).jpg,True,0.674643261441656,False
3096,coin,31,6,plum002S(12),1,103,371,188,447,images\plum002S(12).jpg,True,0.6753920731991592,False
3097,coin,31,7,plum002S(13),1,99,365,177,432,images\plum002S(13).jpg,True,0.7129424452096551,False
3098,coin,31,8,plum002S(14),1,110,362,177,428,images\plum002S(14).jpg,True,0.7967664951777205,False
3099,coin,31,9,plum002S(15),1,118,370,187,439,images\plum002S(15).jpg,True,0.7821507498300226,False
3100,coin,31,10,plum002S(16),1,111,338,190,409,images\plum002S(16).jpg,True,0.7274694677437177,False
3101,coin,31,11,plum002S(17),1,146,353,225,422,images\plum002S(17).jpg,True,0.7421719692718143,False
3102,coin,31,12,plum002S(18),1,120,355,190,419,images\plum002S(18).jpg,True,0.7753230356524361,False
3103,coin,31,13,plum002S(19),1,136,348,207,415,images\plum002S(19).jpg,True,0.7826332422073368,False
3104,coin,31,14,plum002S(2),1,119,394,191,462,images\plum002S(2).jpg,True,0.735075123211347,False
3105,coin,31,15,plum002S(3),1,145,318,220,387,images\plum002S(3).jpg,True,0.7381607795741373,False
3106,coin,31,16,plum002S(4),1,134,337,207,407,images\plum002S(4).jpg,True,0.732090537148796,False
3107,coin,31,17,plum002S(5),1,127,365,205,436,images\plum002S(5).jpg,True,0.6824608408570165,False
3108,coin,31,18,plum002S(6),1,156,328,228,396,images\plum002S(6).jpg,True,0.7342198220969702,False
3109,coin,31,19,plum002S(7),1,109,353,187,424,images\plum002S(7).jpg,True,0.7200663836272957,False
3110,coin,31,20,plum002S(8),1,102,363,174,433,images\plum002S(8).jpg,True,0.7164923776862757,False
3111,coin,31,21,plum002S(9),1,133,332,202,407,images\plum002S(9).jpg,True,0.7100764794254217,False
3112,coin,31,22,plum002T(1),1,88,114,171,179,images\plum002T(1).jpg,True,0.6575188817351918,False
3113,coin,31,23,plum002T(10),1,138,145,212,214,images\plum002T(10).jpg,True,0.7431930367786678,False
3114,coin,31,24,plum002T(11),1,141,128,212,200,images\plum002T(11).jpg,True,0.7366884116321426,False
3115,coin,31,25,plum002T(12),1,142,151,213,220,images\plum002T(12).jpg,True,0.7007484548373425,False
3116,coin,31,26,plum002T(13),1,106,69,187,145,images\plum002T(13).jpg,True,0.7699137097749776,False
3117,coin,31,27,plum002T(14),1,119,141,190,207,images\plum002T(14).jpg,True,0.7659353525827435,False
3118,coin,31,28,plum002T(15),1,129,169,193,237,images\plum002T(15).jpg,True,0.7820305835190421,False
3119,coin,31,29,plum002T(16),1,147,172,210,237,images\plum002T(16).jpg,True,0.7693254319644793,False
3120,coin,31,30,plum002T(17),1,146,120,222,192,images\plum002T(17).jpg,True,0.7048278029988746,False
3121,coin,31,31,plum002T(18),1,99,137,173,205,images\plum002T(18).jpg,True,0.7253791761418276,False
3122,coin,31,32,plum002T(19),1,119,129,197,202,images\plum002T(19).jpg,True,0.6781993761424352,False
3123,coin,31,33,plum002T(2),1,125,142,200,210,images\plum002T(2).jpg,True,0.7292760773035729,False
3124,coin,31,34,plum002T(3),1,131,193,196,254,images\plum002T(3).jpg,True,0.7634388603789262,False
3125,coin,31,35,plum002T(4),1,155,129,222,198,images\plum002T(4).jpg,True,0.7389093837419523,False
3126,coin,31,36,plum002T(5),1,62,89,139,160,images\plum002T(5).jpg,True,0.7635592982057018,False
3127,coin,31,37,plum002T(6),1,91,127,167,197,images\plum002T(6).jpg,True,0.7567567888974822,False
3128,coin,31,38,plum002T(7),1,137,131,213,200,images\plum002T(7).jpg,True,0.7735948907161105,False
3129,coin,31,39,plum002T(8),1,111,171,188,238,images\plum002T(8).jpg,True,0.730297425964877,False
3130,coin,31,40,plum002T(9),1,171,178,239,233,images\plum002T(9).jpg,True,0.7448310971355407,False
3131,coin,31,41,plum003S(1),1,51,308,139,379,images\plum003S(1).jpg,True,0.6396101290362928,False
3132,coin,31,42,plum003S(10),1,98,346,166,412,images\plum003S(10).jpg,True,0.7626354021529388,False
3133,coin,31,43,plum003S(11),1,105,348,175,416,images\plum003S(11).jpg,True,0.7203488258184413,False
3134,coin,31,44,plum003S(12),1,77,363,146,431,images\plum003S(12).jpg,True,0.7301151988650718,False
3135,coin,31,45,plum003S(13),1,98,311,165,377,images\plum003S(13).jpg,True,0.7709801884475633,False
3136,coin,31,46,plum003S(14),1,89,344,162,408,images\plum003S(14).jpg,True,0.7446828973789548,False
3137,coin,31,47,plum003S(15),1,114,345,182,411,images\plum003S(15).jpg,True,0.7461122216144903,False
3138,coin,31,48,plum003S(16),1,87,323,159,394,images\plum003S(16).jpg,True,0.7262505348287496,False
3139,coin,31,49,plum003S(17),1,87,338,157,403,images\plum003S(17).jpg,True,0.7614090092811123,False
3140,coin,31,50,plum003S(18),1,98,327,167,392,images\plum003S(18).jpg,True,0.7134505380154115,False
3141,coin,31,51,plum003S(19),1,101,292,167,364,images\plum003S(19).jpg,True,0.7267876421780548,False
3142,coin,31,52,plum003S(2),1,108,292,175,361,images\plum003S(2).jpg,True,0.7476951449266138,False
3143,coin,31,53,plum003S(20),1,100,329,169,395,images\plum003S(20).jpg,True,0.7722692755391627,False
3144,coin,31,54,plum003S(21),1,90,274,159,340,images\plum003S(21).jpg,True,0.751206582596508,False
3145,coin,31,55,plum003S(22),1,82,377,152,447,images\plum003S(22).jpg,True,0.7113872825899723,False
3146,coin,31,56,plum003S(23),1,66,324,143,395,images\plum003S(23).jpg,True,0.6829972409532028,False
3147,coin,31,57,plum003S(3),1,145,337,211,403,images\plum003S(3).jpg,True,0.7813842859723026,False
3148,coin,31,58,plum003S(4),1,120,341,194,405,images\plum003S(4).jpg,True,0.7129669597736026,False
3149,coin,31,59,plum003S(5),1,133,329,198,395,images\plum003S(5).jpg,True,0.7940993524132465,False
3150,coin,31,60,plum003S(6),1,117,306,181,372,images\plum003S(6).jpg,True,0.7550103307769792,False
3151,coin,31,61,plum003S(7),1,125,290,199,357,images\plum003S(7).jpg,True,0.734882932544646,False
3152,coin,31,62,plum003S(8),1,129,295,199,361,images\plum003S(8).jpg,True,0.7294551812279692,False
3153,coin,31,63,plum003S(9),1,100,312,172,379,images\plum003S(9).jpg,True,0.73249777889644,False
3154,coin,31,64,plum003T(1),1,129,204,200,268,images\plum003T(1).jpg,True,0.7097879816008563,False
3155,coin,31,65,plum003T(10),1,178,222,246,286,images\plum003T(10).jpg,True,0.7097203609128483,False
3156,coin,31,66,plum003T(11),1,108,167,181,240,images\plum003T(11).jpg,True,0.7360751876974068,False
3157,coin,31,67,plum003T(12),1,61,175,137,244,images\plum003T(12).jpg,True,0.7396806536928118,False
3158,coin,31,68,plum003T(13),1,147,161,220,230,images\plum003T(13).jpg,True,0.7280422905184356,False
3159,coin,31,69,plum003T(14),1,89,156,170,231,images\plum003T(14).jpg,True,0.7192004910181816,False
3160,coin,31,70,plum003T(15),1,113,153,196,228,images\plum003T(15).jpg,True,0.7134642907536939,False
3161,coin,31,71,plum003T(16),1,181,144,254,212,images\plum003T(16).jpg,True,0.7187789355288414,False
3162,coin,31,72,plum003T(17),1,128,130,202,201,images\plum003T(17).jpg,True,0.7188264906859383,False
3163,coin,31,73,plum003T(18),1,161,109,235,178,images\plum003T(18).jpg,True,0.7277162575174998,False
3164,coin,31,74,plum003T(19),1,123,130,195,201,images\plum003T(19).jpg,True,0.7475973870432009,False
3165,coin,31,75,plum003T(2),1,153,181,223,249,images\plum003T(2).jpg,True,0.7751510977108649,False
3166,coin,31,76,plum003T(20),1,152,130,216,196,images\plum003T(20).jpg,True,0.7533616350720476,False
3167,coin,31,77,plum003T(21),1,204,152,266,209,images\plum003T(21).jpg,True,0.7433378563476809,False
3168,coin,31,78,plum003T(22),1,147,152,216,219,images\plum003T(22).jpg,True,0.772036783745319,False
3169,coin,31,79,plum003T(23),1,107,153,191,228,images\plum003T(23).jpg,True,0.7387087961583407,False
3170,coin,31,80,plum003T(3),1,173,193,248,260,images\plum003T(3).jpg,True,0.761939311484936,False
3171,coin,32,1,plum003T(4),1,171,173,238,241,images\plum003T(4).jpg,True,0.754966666984553,False
3172,coin,32,2,plum003T(5),1,156,124,222,191,images\plum003T(5).jpg,True,0.7666322132038335,False
3173,coin,32,3,plum003T(6),1,115,116,190,181,images\plum003T(6).jpg,True,0.7132906250698056,False
3174,coin,32,4,plum003T(7),1,121,119,185,184,images\plum003T(7).jpg,True,0.7103369335810226,False
3175,coin,32,5,plum003T(8),1,164,128,224,188,images\plum003T(8).jpg,True,0.7680695656295122,False
3176,coin,32,6,plum003T(9),1,144,163,219,233,images\plum003T(9).jpg,True,0.7341191782647777,False
3177,coin,32,7,plum004S(1),1,158,308,224,368,images\plum004S(1).jpg,True,0.7699352835244684,False
3178,coin,32,8,plum004S(10),1,144,297,202,359,images\plum004S(10).jpg,True,0.7548226508335378,False
3179,coin,32,9,plum004S(11),1,118,337,188,402,images\plum004S(11).jpg,True,0.7132408496845117,False
3180,coin,32,10,plum004S(12),1,138,303,204,368,images\plum004S(12).jpg,True,0.7332809695228568,False
3181,coin,32,11,plum004S(13),1,143,335,211,399,images\plum004S(13).jpg,True,0.7312761785855821,False
3182,coin,32,12,plum004S(14),1,155,317,222,383,images\plum004S(14).jpg,True,0.7242797351140102,False
3183,coin,32,13,plum004S(15),1,145,313,208,374,images\plum004S(15).jpg,True,0.7903141939861589,False
3184,coin,32,14,plum004S(16),1,112,308,175,375,images\plum004S(16).jpg,True,0.764818434803133,False
3185,coin,32,15,plum004S(17),1,150,322,209,384,images\plum004S(17).jpg,True,0.7684496680524794,False
3186,coin,32,16,plum004S(18),1,141,314,205,376,images\plum004S(18).jpg,True,0.7566906441304713,False
3187,coin,32,17,plum004S(19),1,159,359,224,420,images\plum004S(19).jpg,True,0.7634262764882641,False
3188,coin,32,18,plum004S(2),1,101,328,164,388,images\plum004S(2).jpg,True,0.7956542514255008,False
3189,coin,32,19,plum004S(20),1,135,310,195,369,images\plum004S(20).jpg,True,0.8041871473221502,False
3190,coin,32,20,plum004S(21),1,151,318,212,379,images\plum004S(21).jpg,True,0.7904278562376051,False
3191,coin,32,21,plum004S(22),1,143,306,206,365,images\plum004S(22).jpg,True,0.7397539796245343,False
3192,coin,32,22,plum004S(23),1,118,318,190,380,images\plum004S(23).jpg,True,0.7422570996186414,False
3193,coin,32,23,plum004S(24),1,120,355,184,414,images\plum004S(24).jpg,True,0.7517314789017878,False
3194,coin,32,24,plum004S(3),1,157,328,216,387,images\plum004S(3).jpg,True,0.8098651264746576,False
3195,coin,32,25,plum004S(4),1,137,321,198,380,images\plum004S(4).jpg,True,0.7996638507077973,False
3196,coin,32,26,plum004S(5),1,134,346,202,405,images\plum004S(5).jpg,True,0.7431495541242251,False
3197,coin,32,27,plum004S(6),1,150,311,215,377,images\plum004S(6).jpg,True,0.7219800584462357,False
3198,coin,32,28,plum004S(7),1,119,338,183,401,images\plum004S(7).jpg,True,0.7186583455638498,False
3199,coin,32,29,plum004S(8),1,160,268,221,331,images\plum004S(8).jpg,True,0.7261768658641223,False
3200,coin,32,30,plum004S(9),1,131,299,203,362,images\plum004S(9).jpg,True,0.7027743526601654,False
3201,coin,32,31,plum004T(1),1,134,109,205,180,images\plum004T(1).jpg,True,0.7487192266045093,False
3202,coin,32,32,plum004T(10),1,130,44,213,117,images\plum004T(10).jpg,True,0.7450778054463616,False
3203,coin,32,33,plum004T(11),1,132,135,205,209,images\plum004T(11).jpg,True,0.7767266347309023,False
3204,coin,32,34,plum004T(12),1,130,131,201,205,images\plum004T(12).jpg,True,0.7809508691188853,False
3205,coin,32,35,plum004T(13),1,154,132,221,199,images\plum004T(13).jpg,True,0.760389914237775,False
3206,coin,32,36,plum004T(14),1,156,193,226,258,images\plum004T(14).jpg,True,0.715180970688662,False
3207,coin,32,37,plum004T(15),1,125,137,202,208,images\plum004T(15).jpg,True,0.7223610063683593,False
3208,coin,32,38,plum004T(16),1,153,100,237,172,images\plum004T(16).jpg,True,0.748953383545063,False
3209,coin,32,39,plum004T(17),1,184,125,255,192,images\plum004T(17).jpg,True,0.7863106486030065,False
3210,coin,32,40,plum004T(18),1,133,120,216,194,images\plum004T(18).jpg,True,0.7102295203022608,False
3211,coin,32,41,plum004T(19),1,151,123,225,191,images\plum004T(19).jpg,True,0.7382997878525186,False
3212,coin,32,42,plum004T(2),1,147,126,218,196,images\plum004T(2).jpg,True,0.6986330714312199,False
3213,coin,32,43,plum004T(20),1,160,118,240,189,images\plum004T(20).jpg,True,0.7273396349541733,False
3214,coin,32,44,plum004T(21),1,189,135,264,202,images\plum004T(21).jpg,True,0.7252511620932673,False
3215,coin,32,45,plum004T(22),1,198,148,269,211,images\plum004T(22).jpg,True,0.6728417535956455,False
3216,coin,32,46,plum004T(23),1,183,143,251,204,images\plum004T(23).jpg,True,0.7480063986078564,False
3217,coin,32,47,plum004T(24),1,124,108,202,188,images\plum004T(24).jpg,True,0.7009890092163782,False
3218,coin,32,48,plum004T(3),1,188,136,255,200,images\plum004T(3).jpg,True,0.6931341453114528,False
3219,coin,32,49,plum004T(4),1,81,101,159,174,images\plum004T(4).jpg,True,0.744919285423866,False
3220,coin,32,50,plum004T(5),1,199,86,263,150,images\plum004T(5).jpg,True,0.7231073593828281,False
3221,coin,32,51,plum004T(6),1,125,108,194,175,images\plum004T(6).jpg,True,0.7461452453576785,False
3222,coin,32,52,plum004T(7),1,122,102,197,173,images\plum004T(7).jpg,True,0.7069672778665144,False
3223,coin,32,53,plum004T(8),1,129,90,209,163,images\plum004T(8).jpg,True,0.7085943853858911,False
3224,coin,32,54,plum004T(9),1,137,109,210,172,images\plum004T(9).jpg,True,0.7209196710309971,False
3225,coin,32,55,qiwi001S(1),1,193,238,266,308,images\qiwi001S(1).jpg,True,0.7713576414634146,False
3226,coin,32,56,qiwi001S(2),1,129,280,203,352,images\qiwi001S(2).jpg,True,0.7784139510257437,False
3227,coin,32,57,qiwi001S(3),1,65,315,133,382,images\qiwi001S(3).jpg,True,0.813209726251497,False
3228,coin,32,58,qiwi001S(4),1,138,327,208,394,images\qiwi001S(4).jpg,True,0.7526410894260028,False
3229,coin,32,59,qiwi001T(1),1,320,364,390,439,images\qiwi001T(1).jpg,True,0.7296723425764529,False
3230,coin,32,60,qiwi001T(2),1,161,215,249,302,images\qiwi001T(2).jpg,True,0.7292611829217575,False
3231,coin,32,61,qiwi001T(3),1,327,134,410,214,images\qiwi001T(3).jpg,True,0.7214434820113576,False
3232,coin,32,62,qiwi001T(4),1,442,291,509,361,images\qiwi001T(4).jpg,True,0.7476524331550642,False
3233,coin,32,63,qiwi002S(1),1,208,280,278,344,images\qiwi002S(1).jpg,True,0.7618830565148127,False
3234,coin,32,64,qiwi002S(2),1,128,344,202,414,images\qiwi002S(2).jpg,True,0.7649946155512759,False
3235,coin,32,65,qiwi002S(3),1,179,285,246,347,images\qiwi002S(3).jpg,True,0.7397150931634862,False
3236,coin,32,66,qiwi002T(1),1,332,390,398,460,images\qiwi002T(1).jpg,True,0.75962005504494,False
3237,coin,32,67,qiwi002T(2),1,426,247,502,325,images\qiwi002T(2).jpg,True,0.7337390525174764,False
3238,coin,32,68,qiwi002T(3),1,197,283,277,363,images\qiwi002T(3).jpg,True,0.7299331419873651,False
3239,coin,32,69,qiwi003S(1),1,147,341,221,410,images\qiwi003S(1).jpg,True,0.7386049662928809,False
3240,coin,32,70,qiwi003S(2),1,71,332,149,405,images\qiwi003S(2).jpg,True,0.7208494252826116,False
3241,coin,32,71,qiwi003S(3),1,82,300,145,362,images\qiwi003S(3).jpg,True,0.7954798273999151,False
3242,coin,32,72,qiwi003S(4),1,61,342,144,420,images\qiwi003S(4).jpg,True,0.7602216610790877,False
3243,coin,32,73,qiwi003T(1),1,567,204,624,258,images\qiwi003T(1).jpg,True,0.73784837704757,False
3244,coin,32,74,qiwi003T(2),1,563,151,620,208,images\qiwi003T(2).jpg,True,0.688762307633085,False
3245,coin,32,75,qiwi003T(3),1,585,159,641,212,images\qiwi003T(3).jpg,True,0.7503353407309219,False
3246,coin,32,76,qiwi003T(4),1,417,183,477,240,images\qiwi003T(4).jpg,True,0.7586901732145096,False
3247,coin,32,77,qiwi004S(1),1,631,375,700,442,images\qiwi004S(1).jpg,True,0.7584738975236112,False
3248,coin,32,78,qiwi004S(2),1,164,341,234,413,images\qiwi004S(2).jpg,True,0.7161684640809131,False
3249,coin,32,79,qiwi004S(3),1,133,340,208,405,images\qiwi004S(3).jpg,True,0.7186635146421695,False
3250,coin,32,80,qiwi004S(4),1,141,333,208,399,images\qiwi004S(4).jpg,True,0.763074298298006,False
3251,coin,33,1,qiwi004S(5),1,170,290,237,360,images\qiwi004S(5).jpg,True,0.7084826932364523,False
3252,coin,33,2,qiwi004S(6),1,604,336,692,419,images\qiwi004S(6).jpg,True,0.7568879465596783,False
3253,coin,33,3,qiwi004S(7),1,600,398,678,472,images\qiwi004S(7).jpg,True,0.7844686412775195,False
3254,coin,33,4,qiwi004S(8),1,669,404,750,477,images\qiwi004S(8).jpg,True,0.809745332034921,False
3255,coin,33,5,qiwi004T(1),1,116,133,178,191,images\qiwi004T(1).jpg,True,0.7620202091718269,False
3256,coin,33,6,qiwi004T(2),1,112,139,179,206,images\qiwi004T(2).jpg,True,0.7708852536697834,False
3257,coin,33,7,qiwi004T(3),1,160,61,238,132,images\qiwi004T(3).jpg,True,0.7288944363450299,False
3258,coin,33,8,qiwi004T(4),1,422,72,483,134,images\qiwi004T(4).jpg,True,0.7498302401056125,False
3259,coin,33,9,qiwi004T(5),1,572,118,633,185,images\qiwi004T(5).jpg,True,0.7471838868510491,False
3260,coin,33,10,qiwi004T(6),1,582,91,650,155,images\qiwi004T(6).jpg,True,0.7672961927466134,False
3261,coin,33,11,qiwi004T(7),1,523,65,588,129,images\qiwi004T(7).jpg,True,0.7743734485732066,False
3262,coin,33,12,qiwi004T(8),1,217,64,279,120,images\qiwi004T(8).jpg,True,0.7421400664325193,False
3263,coin,33,13,qiwi005S(1),1,106,360,179,433,images\qiwi005S(1).jpg,True,0.7612501960713324,False
3264,coin,33,14,qiwi005S(2),1,73,313,146,381,images\qiwi005S(2).jpg,True,0.761113227807128,False
3265,coin,33,15,qiwi005S(3),1,173,358,234,417,images\qiwi005S(3).jpg,True,0.7962245851923355,False
3266,coin,33,16,qiwi005S(4),1,166,323,232,386,images\qiwi005S(4).jpg,True,0.7255516951172283,False
3267,coin,33,17,qiwi005S(5),1,162,362,234,426,images\qiwi005S(5).jpg,True,0.7362524420890035,False
3268,coin,33,18,qiwi005S(6),1,180,399,246,461,images\qiwi005S(6).jpg,True,0.7727027469651198,False
3269,coin,33,19,qiwi005S(7),1,128,347,198,411,images\qiwi005S(7).jpg,True,0.7565850371303793,False
3270,coin,33,20,qiwi005S(8),1,111,389,189,457,images\qiwi005S(8).jpg,True,0.7170904954597167,False
3271,coin,33,21,qiwi005T(1),1,316,65,368,119,images\qiwi005T(1).jpg,True,0.7352111709645308,False
3272,coin,33,22,qiwi005T(2),1,327,69,378,127,images\qiwi005T(2).jpg,True,0.7207828202302673,False
3273,coin,33,23,qiwi005T(3),1,202,98,265,159,images\qiwi005T(3).jpg,True,0.7567474124130252,False
3274,coin,33,24,qiwi005T(4),1,262,93,325,152,images\qiwi005T(4).jpg,True,0.7726841437992162,False
3275,coin,33,25,qiwi005T(5),1,243,86,305,145,images\qiwi005T(5).jpg,True,0.8123386480773331,False
3276,coin,33,26,qiwi005T(6),1,288,75,355,138,images\qiwi005T(6).jpg,True,0.732900292213499,False
3277,coin,33,27,qiwi005T(7),1,452,226,509,284,images\qiwi005T(7).jpg,True,0.7907542803673436,False
3278,coin,33,28,qiwi005T(8),1,261,61,324,123,images\qiwi005T(8).jpg,True,0.7494287007996339,False
3279,coin,33,29,qiwi006S(1),1,657,342,732,417,images\qiwi006S(1).jpg,True,0.7447816407656072,False
3280,coin,33,30,qiwi006S(10),1,624,323,697,396,images\qiwi006S(10).jpg,True,0.7837343331143025,False
3281,coin,33,31,qiwi006S(11),1,602,336,672,408,images\qiwi006S(11).jpg,True,0.756165126583822,False
3282,coin,33,32,qiwi006S(12),1,592,348,659,412,images\qiwi006S(12).jpg,True,0.7586584131980552,False
3283,coin,33,33,qiwi006S(2),1,522,370,590,436,images\qiwi006S(2).jpg,True,0.7575883909482737,False
3284,coin,33,34,qiwi006S(3),1,572,322,636,379,images\qiwi006S(3).jpg,True,0.7674170104228768,False
3285,coin,33,35,qiwi006S(4),1,577,388,642,449,images\qiwi006S(4).jpg,True,0.7380313506658351,False
3286,coin,33,36,qiwi006S(5),1,560,319,624,382,images\qiwi006S(5).jpg,True,0.6789087997064561,False
3287,coin,33,37,qiwi006S(6),1,570,373,633,438,images\qiwi006S(6).jpg,True,0.7856035879666676,False
3288,coin,33,38,qiwi006S(7),0,632,365,707,422,images\qiwi006S(7).jpg,True,0.738879304029304,False
3289,coin,33,39,qiwi006S(8),0,670,348,747,427,images\qiwi006S(8).jpg,True,0.7719084914075055,False
3290,coin,33,40,qiwi006S(9),1,624,340,698,406,images\qiwi006S(9).jpg,True,0.7865484444048092,False
3291,coin,33,41,qiwi006T(1),1,180,115,250,180,images\qiwi006T(1).jpg,True,0.7365486517030504,False
3292,coin,33,42,qiwi006T(10),1,83,256,146,316,images\qiwi006T(10).jpg,True,0.75750183698767,False
3293,coin,33,43,qiwi006T(11),1,108,151,183,218,images\qiwi006T(11).jpg,True,0.7638110437455711,False
3294,coin,33,44,qiwi006T(12),1,90,288,161,354,images\qiwi006T(12).jpg,True,0.7755761875705447,False
3295,coin,33,45,qiwi006T(2),1,103,169,167,228,images\qiwi006T(2).jpg,True,0.7531164625896244,False
3296,coin,33,46,qiwi006T(3),1,122,180,185,244,images\qiwi006T(3).jpg,True,0.7826146125156127,False
3297,coin,33,47,qiwi006T(4),1,55,252,128,324,images\qiwi006T(4).jpg,True,0.7945186702394635,False
3298,coin,33,48,qiwi006T(5),1,98,300,161,361,images\qiwi006T(5).jpg,True,0.7440141378848302,False
3299,coin,33,49,qiwi006T(6),1,80,114,144,173,images\qiwi006T(6).jpg,True,0.7556611348379739,False
3300,coin,33,50,qiwi006T(7),1,147,146,209,207,images\qiwi006T(7).jpg,True,0.7547383781271749,False
3301,coin,33,51,qiwi006T(8),1,138,172,204,236,images\qiwi006T(8).jpg,True,0.758514212026526,False
3302,coin,33,52,qiwi006T(9),1,91,120,161,190,images\qiwi006T(9).jpg,True,0.7701267236670275,False
3303,coin,33,53,qiwi007S(1),0,37,370,105,433,images\qiwi007S(1).jpg,True,0.7791383542513157,False
3304,coin,33,54,qiwi007S(10),1,67,372,134,436,images\qiwi007S(10).jpg,True,0.786909022627422,False
3305,coin,33,55,qiwi007S(11),1,79,330,143,401,images\qiwi007S(11).jpg,True,0.7329934958078436,False
3306,coin,33,56,qiwi007S(12),1,40,364,114,430,images\qiwi007S(12).jpg,True,0.7517513077929387,False
3307,coin,33,57,qiwi007S(2),1,147,377,219,450,images\qiwi007S(2).jpg,True,0.7337247033053258,False
3308,coin,33,58,qiwi007S(3),1,154,317,234,388,images\qiwi007S(3).jpg,True,0.7165763767489675,False
3309,coin,33,59,qiwi007S(4),1,126,364,198,434,images\qiwi007S(4).jpg,True,0.7075043039526322,False
3310,coin,33,60,qiwi007S(5),1,91,369,163,435,images\qiwi007S(5).jpg,True,0.7593551259148831,False
3311,coin,33,61,qiwi007S(6),1,129,402,202,474,images\qiwi007S(6).jpg,True,0.743219573416864,False
3312,coin,33,62,qiwi007S(7),1,108,425,179,497,images\qiwi007S(7).jpg,True,0.7728949891284969,False
3313,coin,33,63,qiwi007S(8),1,47,386,118,457,images\qiwi007S(8).jpg,True,0.7465279941196548,False
3314,coin,33,64,qiwi007S(9),1,44,372,113,440,images\qiwi007S(9).jpg,True,0.7496684423421234,False
3315,coin,33,65,qiwi007T(1),1,94,114,148,171,images\qiwi007T(1).jpg,True,0.7989728398041334,False
3316,coin,33,66,qiwi007T(10),1,46,110,107,168,images\qiwi007T(10).jpg,True,0.7812105538800993,False
3317,coin,33,67,qiwi007T(11),1,52,112,110,172,images\qiwi007T(11).jpg,True,0.7969808959657566,False
3318,coin,33,68,qiwi007T(12),1,102,62,165,126,images\qiwi007T(12).jpg,True,0.758876239496987,False
3319,coin,33,69,qiwi007T(2),1,109,102,172,161,images\qiwi007T(2).jpg,True,0.7681415837427379,False
3320,coin,33,70,qiwi007T(3),0,88,82,155,146,images\qiwi007T(3).jpg,True,0.7412042944268009,False
3321,coin,33,71,qiwi007T(4),1,126,108,183,159,images\qiwi007T(4).jpg,True,0.7718843010162967,False
3322,coin,33,72,qiwi007T(5),1,118,105,181,166,images\qiwi007T(5).jpg,True,0.7892679490637631,False
3323,coin,33,73,qiwi007T(6),1,56,137,126,197,images\qiwi007T(6).jpg,True,0.7041446263896393,False
3324,coin,33,74,qiwi007T(7),1,160,135,222,191,images\qiwi007T(7).jpg,True,0.7425687548947311,False
3325,coin,33,75,qiwi007T(8),1,55,166,113,220,images\qiwi007T(8).jpg,True,0.7301784634588754,False
3326,coin,33,76,qiwi007T(9),1,74,116,143,180,images\qiwi007T(9).jpg,True,0.7263006468592121,False
3327,coin,33,77,qiwi008S(1),1,433,199,495,259,images\qiwi008S(1).jpg,True,0.758958728404832,False
3328,coin,33,78,qiwi008S(2),1,393,216,456,279,images\qiwi008S(2).jpg,True,0.7683267685148258,False
3329,coin,33,79,qiwi008S(3),1,385,204,447,265,images\qiwi008S(3).jpg,True,0.7834106442100832,False
3330,coin,33,80,qiwi008S(4),1,392,208,454,267,images\qiwi008S(4).jpg,True,0.7797122915103971,False
3331,coin,34,1,qiwi008S(5),1,395,212,458,272,images\qiwi008S(5).jpg,True,0.7598230379922352,False
3332,coin,34,2,qiwi008S(6),1,384,199,449,256,images\qiwi008S(6).jpg,True,0.7812375825949995,False
3333,coin,34,3,qiwi008S(7),1,386,202,449,263,images\qiwi008S(7).jpg,True,0.7671852729657986,False
3334,coin,34,4,qiwi008S(8),1,389,211,448,272,images\qiwi008S(8).jpg,True,0.7631008482450867,False
3335,coin,34,5,qiwi008S(9),1,389,213,450,273,images\qiwi008S(9).jpg,True,0.769059165169728,False
3336,coin,34,6,qiwi008T(1),1,70,159,120,206,images\qiwi008T(1).jpg,True,0.7838786560180457,False
3337,coin,34,7,qiwi008T(2),1,80,143,123,185,images\qiwi008T(2).jpg,True,0.77819174881461,False
3338,coin,34,8,qiwi008T(3),1,110,168,151,206,images\qiwi008T(3).jpg,True,0.7317937522940374,False
3339,coin,34,9,qiwi008T(4),1,119,149,159,190,images\qiwi008T(4).jpg,True,0.7526318994064478,False
3340,coin,34,10,qiwi008T(5),1,73,143,123,191,images\qiwi008T(5).jpg,True,0.7400177047498584,False
3341,coin,34,11,qiwi008T(6),1,58,129,103,176,images\qiwi008T(6).jpg,True,0.7511621772564336,False
3342,coin,34,12,qiwi008T(7),1,114,152,162,200,images\qiwi008T(7).jpg,True,0.7244933056919167,False
3343,coin,34,13,qiwi008T(8),1,82,166,137,219,images\qiwi008T(8).jpg,True,0.7429396804396804,False
3344,coin,34,14,qiwi008T(9),1,52,164,119,228,images\qiwi008T(9).jpg,True,0.7844156076649522,False
3345,coin,34,15,sachima001S(1),1,58,381,142,454,images\sachima001S(1).jpg,True,0.7088753085485111,False
3346,coin,34,16,sachima001S(10),1,88,361,160,430,images\sachima001S(10).jpg,True,0.7968511749728235,False
3347,coin,34,17,sachima001S(11),1,96,374,175,447,images\sachima001S(11).jpg,True,0.7600706064882894,False
3348,coin,34,18,sachima001S(12),1,40,374,120,448,images\sachima001S(12).jpg,True,0.720896369984779,False
3349,coin,34,19,sachima001S(2),1,99,380,174,455,images\sachima001S(2).jpg,True,0.7497845440532482,False
3350,coin,34,20,sachima001S(3),1,134,405,214,477,images\sachima001S(3).jpg,True,0.7113204367296249,False
3351,coin,34,21,sachima001S(4),1,91,408,166,479,images\sachima001S(4).jpg,True,0.7959215688915225,False
3352,coin,34,22,sachima001S(5),1,106,424,181,494,images\sachima001S(5).jpg,True,0.7491747374986879,False
3353,coin,34,23,sachima001S(6),1,71,376,144,447,images\sachima001S(6).jpg,True,0.7700423637923638,False
3354,coin,34,24,sachima001S(7),1,60,333,138,408,images\sachima001S(7).jpg,True,0.7089522962652997,False
3355,coin,34,25,sachima001S(8),1,76,341,148,411,images\sachima001S(8).jpg,True,0.8093515004152899,False
3356,coin,34,26,sachima001S(9),1,91,349,168,423,images\sachima001S(9).jpg,True,0.7589145489926741,False
3357,coin,34,27,sachima001T(1),1,172,189,230,245,images\sachima001T(1).jpg,True,0.7944841462415295,False
3358,coin,34,28,sachima001T(10),1,153,306,220,362,images\sachima001T(10).jpg,True,0.7748134248426247,False
3359,coin,34,29,sachima001T(11),1,153,221,221,284,images\sachima001T(11).jpg,True,0.7420756585603359,False
3360,coin,34,30,sachima001T(12),1,144,245,210,304,images\sachima001T(12).jpg,True,0.765860362881507,False
3361,coin,34,31,sachima001T(2),1,128,253,188,311,images\sachima001T(2).jpg,True,0.8024634634664465,False
3362,coin,34,32,sachima001T(3),1,132,258,188,314,images\sachima001T(3).jpg,True,0.8263744454130973,False
3363,coin,34,33,sachima001T(4),1,98,236,161,297,images\sachima001T(4).jpg,True,0.8253435305766363,False
3364,coin,34,34,sachima001T(5),1,116,218,178,276,images\sachima001T(5).jpg,True,0.781105421686747,False
3365,coin,34,35,sachima001T(6),1,125,269,190,329,images\sachima001T(6).jpg,True,0.8310407613552371,False
3366,coin,34,36,sachima001T(7),1,142,235,204,297,images\sachima001T(7).jpg,True,0.7897243157474988,False
3367,coin,34,37,sachima001T(8),1,125,238,180,294,images\sachima001T(8).jpg,True,0.8034225924910299,False
3368,coin,34,38,sachima001T(9),1,169,227,227,285,images\sachima001T(9).jpg,True,0.7640609373974478,False
3369,coin,34,39,sachima002S(1),1,100,339,173,413,images\sachima002S(1).jpg,True,0.7866614440107885,False
3370,coin,34,40,sachima002S(10),1,87,347,163,421,images\sachima002S(10).jpg,True,0.8001911546289675,False
3371,coin,34,41,sachima002S(11),1,57,273,136,350,images\sachima002S(11).jpg,True,0.762516260366426,False
3372,coin,34,42,sachima002S(12),1,75,299,151,375,images\sachima002S(12).jpg,True,0.7912778445133833,False
3373,coin,34,43,sachima002S(13),1,49,323,134,402,images\sachima002S(13).jpg,True,0.7442175557001138,False
3374,coin,34,44,sachima002S(14),1,99,323,176,393,images\sachima002S(14).jpg,True,0.8057179626767064,False
3375,coin,34,45,sachima002S(15),1,63,344,140,416,images\sachima002S(15).jpg,True,0.8210256677201158,False
3376,coin,34,46,sachima002S(2),1,61,348,140,421,images\sachima002S(2).jpg,True,0.7589861010506387,False
3377,coin,34,47,sachima002S(3),1,113,344,188,413,images\sachima002S(3).jpg,True,0.8305807857532916,False
3378,coin,34,48,sachima002S(4),1,90,336,169,407,images\sachima002S(4).jpg,True,0.7903353349642919,False
3379,coin,34,49,sachima002S(5),1,95,338,172,414,images\sachima002S(5).jpg,True,0.7920380031491143,False
3380,coin,34,50,sachima002S(6),1,129,327,202,397,images\sachima002S(6).jpg,True,0.8142046801321972,False
3381,coin,34,51,sachima002S(7),1,121,327,198,396,images\sachima002S(7).jpg,True,0.815192141935553,False
3382,coin,34,52,sachima002S(8),1,128,337,206,410,images\sachima002S(8).jpg,True,0.8152298378988978,False
3383,coin,34,53,sachima002S(9),1,110,349,191,422,images\sachima002S(9).jpg,True,0.7544601399253867,False
3384,coin,34,54,sachima002T(1),1,105,232,172,301,images\sachima002T(1).jpg,True,0.7984999768769516,False
3385,coin,34,55,sachima002T(10),1,101,307,167,366,images\sachima002T(10).jpg,True,0.7611848320544758,False
3386,coin,34,56,sachima002T(11),1,136,192,199,245,images\sachima002T(11).jpg,True,0.72402533326913,False
3387,coin,34,57,sachima002T(12),1,103,209,172,271,images\sachima002T(12).jpg,True,0.7958448178597122,False
3388,coin,34,58,sachima002T(13),1,101,249,173,314,images\sachima002T(13).jpg,True,0.8152914192670631,False
3389,coin,34,59,sachima002T(14),1,102,186,175,256,images\sachima002T(14).jpg,True,0.7795423407080347,False
3390,coin,34,60,sachima002T(15),1,67,176,144,245,images\sachima002T(15).jpg,True,0.7501496198913689,False
3391,coin,34,61,sachima002T(2),1,76,196,137,256,images\sachima002T(2).jpg,True,0.796764553139381,False
3392,coin,34,62,sachima002T(3),1,115,241,187,302,images\sachima002T(3).jpg,True,0.7966250078871284,False
3393,coin,34,63,sachima002T(4),1,113,242,180,303,images\sachima002T(4).jpg,True,0.7826819709645245,False
3394,coin,34,64,sachima002T(5),1,120,175,184,235,images\sachima002T(5).jpg,True,0.7590983124680757,False
3395,coin,34,65,sachima002T(6),1,55,152,126,224,images\sachima002T(6).jpg,True,0.7929625833516235,False
3396,coin,34,66,sachima002T(7),1,94,160,153,218,images\sachima002T(7).jpg,True,0.8050363756953809,False
3397,coin,34,67,sachima002T(8),1,106,188,172,251,images\sachima002T(8).jpg,True,0.7672167845862814,False
3398,coin,34,68,sachima002T(9),1,144,233,200,289,images\sachima002T(9).jpg,True,0.7801956359622849,False
3399,coin,34,69,sachima003S(1),1,63,336,143,404,images\sachima003S(1).jpg,True,0.8123449356743799,False
3400,coin,34,70,sachima003S(10),1,10,326,88,401,images\sachima003S(10).jpg,True,0.7798237243248846,False
3401,coin,34,71,sachima003S(11),1,40,331,117,401,images\sachima003S(11).jpg,True,0.8123354495634871,False
3402,coin,34,72,sachima003S(12),1,22,341,103,411,images\sachima003S(12).jpg,True,0.8078846162055551,False
3403,coin,34,73,sachima003S(13),1,20,340,94,413,images\sachima003S(13).jpg,True,0.7890100456214433,False
3404,coin,34,74,sachima003S(2),1,46,310,122,380,images\sachima003S(2).jpg,True,0.8249375632864477,False
3405,coin,34,75,sachima003S(3),1,22,294,95,366,images\sachima003S(3).jpg,True,0.8378156639163472,False
3406,coin,34,76,sachima003S(4),1,36,291,110,365,images\sachima003S(4).jpg,True,0.7699485595747924,False
3407,coin,34,77,sachima003S(5),1,54,325,135,395,images\sachima003S(5).jpg,True,0.7875583723286352,False
3408,coin,34,78,sachima003S(6),1,23,326,100,398,images\sachima003S(6).jpg,True,0.8258524542723774,False
3409,coin,34,79,sachima003S(7),1,15,319,90,389,images\sachima003S(7).jpg,True,0.8221019506311995,False
3410,coin,34,80,sachima003S(8),1,61,327,142,399,images\sachima003S(8).jpg,True,0.7798680253925827,False
3411,coin,35,1,sachima003S(9),1,24,351,107,422,images\sachima003S(9).jpg,True,0.7436943843193844,False
3412,coin,35,2,sachima003T(1),1,102,184,170,243,images\sachima003T(1).jpg,True,0.7959109969703657,False
3413,coin,35,3,sachima003T(10),1,128,119,192,176,images\sachima003T(10).jpg,True,0.8082715162441818,False
3414,coin,35,4,sachima003T(11),1,85,148,168,221,images\sachima003T(11).jpg,True,0.7658392735320806,False
3415,coin,35,5,sachima003T(12),1,82,130,142,186,images\sachima003T(12).jpg,True,0.7848928918322614,False
3416,coin,35,6,sachima003T(13),1,86,136,152,198,images\sachima003T(13).jpg,True,0.7951569044234847,False
3417,coin,35,7,sachima003T(2),1,68,288,143,356,images\sachima003T(2).jpg,True,0.8172486490906035,False
3418,coin,35,8,sachima003T(3),1,134,147,196,211,images\sachima003T(3).jpg,True,0.8060314120527753,False
3419,coin,35,9,sachima003T(4),1,90,148,151,208,images\sachima003T(4).jpg,True,0.809134038377662,False
3420,coin,35,10,sachima003T(5),1,111,128,171,188,images\sachima003T(5).jpg,True,0.8414119382700954,False
3421,coin,35,11,sachima003T(6),1,81,165,142,225,images\sachima003T(6).jpg,True,0.8306469384860776,False
3422,coin,35,12,sachima003T(7),1,50,145,117,210,images\sachima003T(7).jpg,True,0.8238389481485784,False
3423,coin,35,13,sachima003T(8),1,120,173,188,236,images\sachima003T(8).jpg,True,0.8030118163384996,False
3424,coin,35,14,sachima003T(9),1,83,200,145,267,images\sachima003T(9).jpg,True,0.8069994033991055,False
3425,coin,35,15,sachima004S(1),1,65,334,131,392,images\sachima004S(1).jpg,True,0.8411343221025906,False
3426,coin,35,16,sachima004S(10),1,76,369,149,438,images\sachima004S(10).jpg,True,0.784876236960752,False
3427,coin,35,17,sachima004S(11),1,83,345,151,410,images\sachima004S(11).jpg,True,0.7813301463288889,False
3428,coin,35,18,sachima004S(12),1,66,296,127,359,images\sachima004S(12).jpg,True,0.8271873829159008,False
3429,coin,35,19,sachima004S(13),1,78,318,142,381,images\sachima004S(13).jpg,True,0.8121599478866535,False
3430,coin,35,20,sachima004S(2),1,65,394,134,465,images\sachima004S(2).jpg,True,0.8047848166281519,False
3431,coin,35,21,sachima004S(3),1,89,377,158,443,images\sachima004S(3).jpg,True,0.8371908760168458,False
3432,coin,35,22,sachima004S(4),1,79,380,152,450,images\sachima004S(4).jpg,True,0.7838617134991356,False
3433,coin,35,23,sachima004S(5),1,54,379,122,447,images\sachima004S(5).jpg,True,0.8137498951847194,False
3434,coin,35,24,sachima004S(6),1,51,357,119,420,images\sachima004S(6).jpg,True,0.8167849552487983,False
3435,coin,35,25,sachima004S(7),1,132,348,200,417,images\sachima004S(7).jpg,True,0.7686017437170072,False
3436,coin,35,26,sachima004S(8),1,112,374,178,446,images\sachima004S(8).jpg,True,0.7709072991895916,False
3437,coin,35,27,sachima004S(9),1,50,373,124,445,images\sachima004S(9).jpg,True,0.7322345694492336,False
3438,coin,35,28,sachima004T(1),1,98,218,159,277,images\sachima004T(1).jpg,True,0.814324369644812,False
3439,coin,35,29,sachima004T(10),1,163,166,234,229,images\sachima004T(10).jpg,True,0.7901530116829235,False
3440,coin,35,30,sachima004T(11),1,123,289,183,350,images\sachima004T(11).jpg,True,0.8173196022687426,False
3441,coin,35,31,sachima004T(12),1,142,206,201,263,images\sachima004T(12).jpg,True,0.7558595326517993,False
3442,coin,35,32,sachima004T(13),1,131,200,189,257,images\sachima004T(13).jpg,True,0.7848078537412492,False
3443,coin,35,33,sachima004T(2),1,146,221,210,279,images\sachima004T(2).jpg,True,0.7629213689114289,False
3444,coin,35,34,sachima004T(3),1,138,214,204,274,images\sachima004T(3).jpg,True,0.7536778607790675,False
3445,coin,35,35,sachima004T(4),1,101,168,173,234,images\sachima004T(4).jpg,True,0.786912657457787,False
3446,coin,35,36,sachima004T(5),1,164,173,228,234,images\sachima004T(5).jpg,True,0.7839915294305729,False
3447,coin,35,37,sachima004T(6),1,134,222,191,280,images\sachima004T(6).jpg,True,0.8466905809244518,False
3448,coin,35,38,sachima004T(7),1,206,213,260,271,images\sachima004T(7).jpg,True,0.8175763088740651,False
3449,coin,35,39,sachima004T(8),1,204,170,260,223,images\sachima004T(8).jpg,True,0.8083299122170472,False
3450,coin,35,40,sachima004T(9),1,144,126,202,183,images\sachima004T(9).jpg,True,0.7906351839121553,False
3451,coin,35,41,sachima005S(1),1,58,334,140,414,images\sachima005S(1).jpg,True,0.7396700077578408,False
3452,coin,35,42,sachima005S(10),1,62,306,144,380,images\sachima005S(10).jpg,True,0.8253663929523861,False
3453,coin,35,43,sachima005S(11),1,36,354,114,427,images\sachima005S(11).jpg,True,0.8198365963428329,False
3454,coin,35,44,sachima005S(12),1,62,331,142,409,images\sachima005S(12).jpg,True,0.7715198397476879,False
3455,coin,35,45,sachima005S(13),1,34,356,114,430,images\sachima005S(13).jpg,True,0.7988627731893623,False
3456,coin,35,46,sachima005S(14),1,30,332,113,413,images\sachima005S(14).jpg,True,0.7855967355328923,False
3457,coin,35,47,sachima005S(15),1,40,305,121,381,images\sachima005S(15).jpg,True,0.8029482751828556,False
3458,coin,35,48,sachima005S(16),1,53,300,127,379,images\sachima005S(16).jpg,True,0.8136437640583764,False
3459,coin,35,49,sachima005S(17),1,42,315,122,390,images\sachima005S(17).jpg,True,0.7833055964784841,False
3460,coin,35,50,sachima005S(18),1,80,320,164,397,images\sachima005S(18).jpg,True,0.8048489781617594,False
3461,coin,35,51,sachima005S(19),1,39,331,117,407,images\sachima005S(19).jpg,True,0.7986561336185471,False
3462,coin,35,52,sachima005S(2),1,50,299,133,378,images\sachima005S(2).jpg,True,0.7754173492791612,False
3463,coin,35,53,sachima005S(20),1,43,331,120,407,images\sachima005S(20).jpg,True,0.7873251014450504,False
3464,coin,35,54,sachima005S(21),1,38,351,117,428,images\sachima005S(21).jpg,True,0.8308265339758316,False
3465,coin,35,55,sachima005S(22),1,35,288,114,360,images\sachima005S(22).jpg,True,0.8140628465378209,False
3466,coin,35,56,sachima005S(3),1,45,342,126,422,images\sachima005S(3).jpg,True,0.7859335807943479,False
3467,coin,35,57,sachima005S(4),1,106,300,185,374,images\sachima005S(4).jpg,True,0.8178702164541441,False
3468,coin,35,58,sachima005S(5),1,69,279,152,356,images\sachima005S(5).jpg,True,0.8173248872156695,False
3469,coin,35,59,sachima005S(6),1,91,318,173,393,images\sachima005S(6).jpg,True,0.8152996149378267,False
3470,coin,35,60,sachima005S(7),1,76,323,157,395,images\sachima005S(7).jpg,True,0.8185382515777537,False
3471,coin,35,61,sachima005S(8),1,52,307,132,381,images\sachima005S(8).jpg,True,0.8368254482510724,False
3472,coin,35,62,sachima005S(9),1,76,297,154,374,images\sachima005S(9).jpg,True,0.8330813159531694,False
3473,coin,35,63,sachima005T(1),1,92,131,157,195,images\sachima005T(1).jpg,True,0.7998775935575604,False
3474,coin,35,64,sachima005T(10),1,140,233,209,299,images\sachima005T(10).jpg,True,0.8503978113014714,False
3475,coin,35,65,sachima005T(11),1,88,145,164,208,images\sachima005T(11).jpg,True,0.7531418851261349,False
3476,coin,35,66,sachima005T(12),1,89,225,163,293,images\sachima005T(12).jpg,True,0.8108942601325746,False
3477,coin,35,67,sachima005T(13),1,103,202,171,268,images\sachima005T(13).jpg,True,0.8285063105543922,False
3478,coin,35,68,sachima005T(14),1,168,236,241,302,images\sachima005T(14).jpg,True,0.8286604105890196,False
3479,coin,35,69,sachima005T(15),1,104,196,168,261,images\sachima005T(15).jpg,True,0.8385407858146661,False
3480,coin,35,70,sachima005T(16),1,108,135,182,203,images\sachima005T(16).jpg,True,0.7568248758249982,False
3481,coin,35,71,sachima005T(17),1,139,221,208,283,images\sachima005T(17).jpg,True,0.795964427322443,False
3482,coin,35,72,sachima005T(18),1,170,184,245,261,images\sachima005T(18).jpg,True,0.7766428702433488,False
3483,coin,35,73,sachima005T(19),1,104,153,185,226,images\sachima005T(19).jpg,True,0.7919326351587357,False
3484,coin,35,74,sachima005T(2),1,89,240,153,299,images\sachima005T(2).jpg,True,0.777585107662697,False
3485,coin,35,75,sachima005T(20),1,121,178,185,238,images\sachima005T(20).jpg,True,0.8091594202074481,False
3486,coin,35,76,sachima005T(21),1,144,168,213,230,images\sachima005T(21).jpg,True,0.7841158512577645,False
3487,coin,35,77,sachima005T(22),1,114,154,185,222,images\sachima005T(22).jpg,True,0.7110798857443366,False
3488,coin,35,78,sachima005T(3),1,143,233,204,286,images\sachima005T(3).jpg,True,0.7692566211878009,False
3489,coin,35,79,sachima005T(4),1,83,186,142,247,images\sachima005T(4).jpg,True,0.8216717810622773,False
3490,coin,35,80,sachima005T(5),1,81,134,152,202,images\sachima005T(5).jpg,True,0.7343485871768373,False
3491,coin,36,1,sachima005T(6),1,112,180,172,240,images\sachima005T(6).jpg,True,0.8303233499922098,False
3492,coin,36,2,sachima005T(7),1,95,161,169,227,images\sachima005T(7).jpg,True,0.794759570272555,False
3493,coin,36,3,sachima005T(8),1,91,169,164,236,images\sachima005T(8).jpg,True,0.7909785109710921,False
3494,coin,36,4,sachima005T(9),1,125,210,198,276,images\sachima005T(9).jpg,True,0.7768888931016575,False
3495,coin,36,5,tomato001S(1),1,193,343,263,403,images\tomato001S(1).jpg,True,0.720329217004781,False
3496,coin,36,6,tomato001S(10),1,118,310,185,374,images\tomato001S(10).jpg,True,0.6943305230230716,False
3497,coin,36,7,tomato001S(2),1,144,382,212,447,images\tomato001S(2).jpg,True,0.6978867921855298,False
3498,coin,36,8,tomato001S(3),1,119,373,178,434,images\tomato001S(3).jpg,True,0.7938055845156802,False
3499,coin,36,9,tomato001S(4),1,87,347,153,409,images\tomato001S(4).jpg,True,0.726106388586867,False
3500,coin,36,10,tomato001S(5),1,102,378,162,439,images\tomato001S(5).jpg,True,0.7992889998597594,False
3501,coin,36,11,tomato001S(6),1,101,325,167,386,images\tomato001S(6).jpg,True,0.7520585070666508,False
3502,coin,36,12,tomato001S(7),1,71,331,140,394,images\tomato001S(7).jpg,True,0.7211438411685338,False
3503,coin,36,13,tomato001S(8),1,112,341,178,401,images\tomato001S(8).jpg,True,0.733570261375764,False
3504,coin,36,14,tomato001S(9),1,140,333,203,394,images\tomato001S(9).jpg,True,0.7825037065618539,False
3505,coin,36,15,tomato001T(1),1,84,189,149,252,images\tomato001T(1).jpg,True,0.7534227059935225,False
3506,coin,36,16,tomato001T(10),1,84,181,158,253,images\tomato001T(10).jpg,True,0.7109334031800507,False
3507,coin,36,17,tomato001T(2),1,116,256,187,324,images\tomato001T(2).jpg,True,0.7047421680573854,False
3508,coin,36,18,tomato001T(3),1,98,189,170,253,images\tomato001T(3).jpg,True,0.6974444764848717,False
3509,coin,36,19,tomato001T(4),1,97,169,173,245,images\tomato001T(4).jpg,True,0.6985085524046564,False
3510,coin,36,20,tomato001T(5),1,54,239,135,318,images\tomato001T(5).jpg,True,0.6919531593731387,False
3511,coin,36,21,tomato001T(6),1,51,171,132,251,images\tomato001T(6).jpg,True,0.6736895934078413,False
3512,coin,36,22,tomato001T(7),1,108,249,179,316,images\tomato001T(7).jpg,True,0.6708709815596661,False
3513,coin,36,23,tomato001T(8),1,75,203,152,278,images\tomato001T(8).jpg,True,0.7065195069508092,False
3514,coin,36,24,tomato001T(9),1,148,201,221,272,images\tomato001T(9).jpg,True,0.7216920618735849,False
3515,coin,36,25,tomato002S(1),1,136,373,209,429,images\tomato002S(1).jpg,True,0.7048322502409305,False
3516,coin,36,26,tomato002S(10),1,148,346,214,404,images\tomato002S(10).jpg,True,0.7429382178332615,False
3517,coin,36,27,tomato002S(11),1,148,335,219,394,images\tomato002S(11).jpg,True,0.716349873910417,False
3518,coin,36,28,tomato002S(12),1,152,346,217,404,images\tomato002S(12).jpg,True,0.7262424310283622,False
3519,coin,36,29,tomato002S(13),1,83,334,153,394,images\tomato002S(13).jpg,True,0.7192554548978956,False
3520,coin,36,30,tomato002S(14),1,133,361,196,416,images\tomato002S(14).jpg,True,0.7529606950094362,False
3521,coin,36,31,tomato002S(15),1,117,313,181,371,images\tomato002S(15).jpg,True,0.763584439742239,False
3522,coin,36,32,tomato002S(2),1,130,309,190,373,images\tomato002S(2).jpg,True,0.7255055480267045,False
3523,coin,36,33,tomato002S(3),1,103,306,166,365,images\tomato002S(3).jpg,True,0.7745103678670655,False
3524,coin,36,34,tomato002S(4),1,142,368,209,425,images\tomato002S(4).jpg,True,0.7105349949647533,False
3525,coin,36,35,tomato002S(5),1,114,294,179,354,images\tomato002S(5).jpg,True,0.7645490686153306,False
3526,coin,36,36,tomato002S(6),1,110,325,179,381,images\tomato002S(6).jpg,True,0.7234912585355048,False
3527,coin,36,37,tomato002S(7),1,154,336,223,396,images\tomato002S(7).jpg,True,0.7104423109648874,False
3528,coin,36,38,tomato002S(8),1,123,316,192,376,images\tomato002S(8).jpg,True,0.7335564281785345,False
3529,coin,36,39,tomato002S(9),1,152,337,215,395,images\tomato002S(9).jpg,True,0.7875368224404975,False
3530,coin,36,40,tomato002T(1),1,163,244,235,309,images\tomato002T(1).jpg,True,0.7071177669188934,False
3531,coin,36,41,tomato002T(10),1,113,169,184,238,images\tomato002T(10).jpg,True,0.7274403673860195,False
3532,coin,36,42,tomato002T(11),1,139,217,204,276,images\tomato002T(11).jpg,True,0.6641887980655921,False
3533,coin,36,43,tomato002T(12),1,122,276,196,341,images\tomato002T(12).jpg,True,0.6610087773483231,False
3534,coin,36,44,tomato002T(13),1,64,218,133,284,images\tomato002T(13).jpg,True,0.7108839408676917,False
3535,coin,36,45,tomato002T(14),1,94,278,164,346,images\tomato002T(14).jpg,True,0.7230804912346678,False
3536,coin,36,46,tomato002T(15),1,99,251,171,318,images\tomato002T(15).jpg,True,0.7170427145467203,False
3537,coin,36,47,tomato002T(2),1,77,240,158,312,images\tomato002T(2).jpg,True,0.7155102497224708,False
3538,coin,36,48,tomato002T(3),1,84,196,156,264,images\tomato002T(3).jpg,True,0.7090144449399054,False
3539,coin,36,49,tomato002T(4),1,136,280,205,342,images\tomato002T(4).jpg,True,0.6942911181426358,False
3540,coin,36,50,tomato002T(5),1,110,225,174,285,images\tomato002T(5).jpg,True,0.7275010711555258,False
3541,coin,36,51,tomato002T(6),1,140,220,201,282,images\tomato002T(6).jpg,True,0.7225763872560047,False
3542,coin,36,52,tomato002T(7),1,173,218,239,278,images\tomato002T(7).jpg,True,0.7073780323930564,False
3543,coin,36,53,tomato002T(8),1,131,246,195,308,images\tomato002T(8).jpg,True,0.6894816856959595,False
3544,coin,36,54,tomato002T(9),1,80,232,150,291,images\tomato002T(9).jpg,True,0.6971155166816502,False
3545,coin,36,55,tomato003S(1),1,137,348,201,407,images\tomato003S(1).jpg,True,0.7552929561137046,False
3546,coin,36,56,tomato003S(10),1,156,347,218,402,images\tomato003S(10).jpg,True,0.7697607425868296,False
3547,coin,36,57,tomato003S(11),1,155,341,215,400,images\tomato003S(11).jpg,True,0.7618681941423389,False
3548,coin,36,58,tomato003S(12),1,169,293,230,350,images\tomato003S(12).jpg,True,0.7935339249399149,False
3549,coin,36,59,tomato003S(13),1,131,344,197,406,images\tomato003S(13).jpg,True,0.7148576512541441,False
3550,coin,36,60,tomato003S(14),1,136,351,203,414,images\tomato003S(14).jpg,True,0.6801910570040025,False
3551,coin,36,61,tomato003S(15),1,120,315,192,381,images\tomato003S(15).jpg,True,0.6636699930709853,False
3552,coin,36,62,tomato003S(16),1,139,347,206,405,images\tomato003S(16).jpg,True,0.7089335686123448,False
3553,coin,36,63,tomato003S(17),1,141,334,205,395,images\tomato003S(17).jpg,True,0.7275044145603854,False
3554,coin,36,64,tomato003S(18),1,151,309,208,365,images\tomato003S(18).jpg,True,0.7970053378894393,False
3555,coin,36,65,tomato003S(19),1,116,343,183,403,images\tomato003S(19).jpg,True,0.7433785995992586,False
3556,coin,36,66,tomato003S(2),1,50,442,131,517,images\tomato003S(2).jpg,True,0.8235229250292102,False
3557,coin,36,67,tomato003S(20),1,117,363,183,420,images\tomato003S(20).jpg,True,0.7820352899669847,False
3558,coin,36,68,tomato003S(21),1,145,345,206,401,images\tomato003S(21).jpg,True,0.7898280982441792,False
3559,coin,36,69,tomato003S(22),1,128,354,196,414,images\tomato003S(22).jpg,True,0.7016076485273358,False
3560,coin,36,70,tomato003S(23),1,130,325,195,386,images\tomato003S(23).jpg,True,0.7345241958734778,False
3561,coin,36,71,tomato003S(24),1,139,334,205,396,images\tomato003S(24).jpg,True,0.7145145556150103,False
3562,coin,36,72,tomato003S(25),1,149,340,210,395,images\tomato003S(25).jpg,True,0.7663351144826706,False
3563,coin,36,73,tomato003S(26),1,126,370,191,428,images\tomato003S(26).jpg,True,0.7561354477484663,False
3564,coin,36,74,tomato003S(27),1,165,359,228,417,images\tomato003S(27).jpg,True,0.7820176916636002,False
3565,coin,36,75,tomato003S(28),1,151,324,221,386,images\tomato003S(28).jpg,True,0.6979717167192847,False
3566,coin,36,76,tomato003S(29),1,126,287,190,347,images\tomato003S(29).jpg,True,0.7472207209912127,False
3567,coin,36,77,tomato003S(3),1,50,403,146,486,images\tomato003S(3).jpg,True,0.735315745574433,False
3568,coin,36,78,tomato003S(30),1,142,347,201,404,images\tomato003S(30).jpg,True,0.799765044403636,False
3569,coin,36,79,tomato003S(31),1,156,305,216,359,images\tomato003S(31).jpg,True,0.7722568449089892,False
3570,coin,36,80,tomato003S(32),1,134,334,193,390,images\tomato003S(32).jpg,True,0.7952736644287546,False
3571,coin,37,1,tomato003S(33),1,133,327,195,386,images\tomato003S(33).jpg,True,0.7489140284720395,False
3572,coin,37,2,tomato003S(34),1,161,349,222,407,images\tomato003S(34).jpg,True,0.7892968308397585,False
3573,coin,37,3,tomato003S(4),1,116,424,201,501,images\tomato003S(4).jpg,True,0.8079692129153626,False
3574,coin,37,4,tomato003S(5),1,146,422,227,503,images\tomato003S(5).jpg,True,0.7904779577544818,False
3575,coin,37,5,tomato003S(6),1,137,412,219,489,images\tomato003S(6).jpg,True,0.7998168928190428,False
3576,coin,37,6,tomato003S(7),1,119,395,207,479,images\tomato003S(7).jpg,True,0.7510093432106111,False
3577,coin,37,7,tomato003S(8),1,145,374,235,455,images\tomato003S(8).jpg,True,0.7522770355969572,False
3578,coin,37,8,tomato003S(9),1,117,405,203,482,images\tomato003S(9).jpg,True,0.7906175825566377,False
3579,coin,37,9,tomato003T(1),1,114,175,181,238,images\tomato003T(1).jpg,True,0.7438078212925057,False
3580,coin,37,10,tomato003T(10),1,133,139,196,202,images\tomato003T(10).jpg,True,0.7287761459445631,False
3581,coin,37,11,tomato003T(11),1,144,179,208,236,images\tomato003T(11).jpg,True,0.7394701371647547,False
3582,coin,37,12,tomato003T(12),1,161,171,220,230,images\tomato003T(12).jpg,True,0.7376306571009685,False
3583,coin,37,13,tomato003T(13),1,126,185,194,247,images\tomato003T(13).jpg,True,0.7031054855116696,False
3584,coin,37,14,tomato003T(14),1,132,177,201,236,images\tomato003T(14).jpg,True,0.7188513500929463,False
3585,coin,37,15,tomato003T(15),1,126,128,194,192,images\tomato003T(15).jpg,True,0.7120424802583722,False
3586,coin,37,16,tomato003T(16),1,134,169,204,228,images\tomato003T(16).jpg,True,0.6772770525714368,False
3587,coin,37,17,tomato003T(17),1,130,211,197,270,images\tomato003T(17).jpg,True,0.7126371633709858,False
3588,coin,37,18,tomato003T(18),1,145,135,210,196,images\tomato003T(18).jpg,True,0.713476921534244,False
3589,coin,37,19,tomato003T(19),0,142,159,210,219,images\tomato003T(19).jpg,True,0.7294345448766243,False
3590,coin,37,20,tomato003T(2),1,133,186,201,252,images\tomato003T(2).jpg,True,0.705191308684774,False
3591,coin,37,21,tomato003T(20),1,82,191,152,258,images\tomato003T(20).jpg,True,0.7329293877961345,False
3592,coin,37,22,tomato003T(21),1,114,217,183,281,images\tomato003T(21).jpg,True,0.7123225425683222,False
3593,coin,37,23,tomato003T(22),1,105,204,175,267,images\tomato003T(22).jpg,True,0.7135497276888279,False
3594,coin,37,24,tomato003T(23),1,143,178,212,239,images\tomato003T(23).jpg,True,0.6653456362087677,False
3595,coin,37,25,tomato003T(24),1,126,210,195,270,images\tomato003T(24).jpg,True,0.6889289486575815,False
3596,coin,37,26,tomato003T(25),1,110,150,175,210,images\tomato003T(25).jpg,True,0.7351969118820871,False
3597,coin,37,27,tomato003T(26),1,125,180,192,238,images\tomato003T(26).jpg,True,0.7176277895727536,False
3598,coin,37,28,tomato003T(27),0,117,155,191,224,images\tomato003T(27).jpg,True,0.6710563644607905,False
3599,coin,37,29,tomato003T(28),1,95,182,166,245,images\tomato003T(28).jpg,True,0.7773100134456757,False
3600,coin,37,30,tomato003T(29),1,157,175,226,238,images\tomato003T(29).jpg,True,0.7579753110566714,False
3601,coin,37,31,tomato003T(3),1,124,218,189,279,images\tomato003T(3).jpg,True,0.7335266851219433,False
3602,coin,37,32,tomato003T(30),1,138,180,206,243,images\tomato003T(30).jpg,True,0.7293369581693904,False
3603,coin,37,33,tomato003T(31),1,125,154,198,222,images\tomato003T(31).jpg,True,0.6937134066954271,False
3604,coin,37,34,tomato003T(32),1,119,128,191,195,images\tomato003T(32).jpg,True,0.7312406978462102,False
3605,coin,37,35,tomato003T(33),1,170,184,239,248,images\tomato003T(33).jpg,True,0.7073347447659374,False
3606,coin,37,36,tomato003T(34),1,112,165,188,232,images\tomato003T(34).jpg,True,0.7023465454891511,False
3607,coin,37,37,tomato003T(4),1,74,185,142,244,images\tomato003T(4).jpg,True,0.7369205793605534,False
3608,coin,37,38,tomato003T(5),1,145,193,206,252,images\tomato003T(5).jpg,True,0.7905034823152466,False
3609,coin,37,39,tomato003T(6),1,84,183,155,252,images\tomato003T(6).jpg,True,0.7054645334053888,False
3610,coin,37,40,tomato003T(7),1,144,211,208,272,images\tomato003T(7).jpg,True,0.6701784571687188,False
3611,coin,37,41,tomato003T(8),1,126,207,194,266,images\tomato003T(8).jpg,True,0.6727689876769548,False
3612,coin,37,42,tomato003T(9),1,99,213,158,270,images\tomato003T(9).jpg,True,0.7048700197950502,False
3613,coin,37,43,tomato004S(1),1,114,232,186,292,images\tomato004S(1).jpg,True,0.7732710777788401,False
3614,coin,37,44,tomato004S(10),1,131,235,197,299,images\tomato004S(10).jpg,True,0.7667572314780883,False
3615,coin,37,45,tomato004S(11),1,155,267,221,328,images\tomato004S(11).jpg,True,0.7670762596554395,False
3616,coin,37,46,tomato004S(12),1,156,217,227,277,images\tomato004S(12).jpg,True,0.7555392758601149,False
3617,coin,37,47,tomato004S(13),1,127,238,204,303,images\tomato004S(13).jpg,True,0.7142132122473104,False
3618,coin,37,48,tomato004S(14),1,148,224,227,291,images\tomato004S(14).jpg,True,0.6961960217613057,False
3619,coin,37,49,tomato004S(15),1,127,223,200,285,images\tomato004S(15).jpg,True,0.7269731992602897,False
3620,coin,37,50,tomato004S(16),1,137,246,205,311,images\tomato004S(16).jpg,True,0.7381158573845589,False
3621,coin,37,51,tomato004S(17),1,178,225,247,290,images\tomato004S(17).jpg,True,0.7197158424943155,False
3622,coin,37,52,tomato004S(18),0,159,225,225,293,images\tomato004S(18).jpg,True,0.7358415827311544,False
3623,coin,37,53,tomato004S(19),1,196,232,261,295,images\tomato004S(19).jpg,True,0.7635288183340947,False
3624,coin,37,54,tomato004S(2),1,117,298,190,363,images\tomato004S(2).jpg,True,0.7070802313292928,False
3625,coin,37,55,tomato004S(20),1,149,229,222,297,images\tomato004S(20).jpg,True,0.7027540717234939,False
3626,coin,37,56,tomato004S(21),1,134,261,202,321,images\tomato004S(21).jpg,True,0.7551461539674094,False
3627,coin,37,57,tomato004S(22),1,111,239,183,300,images\tomato004S(22).jpg,True,0.7427563544046304,False
3628,coin,37,58,tomato004S(23),1,115,241,186,304,images\tomato004S(23).jpg,True,0.7451579312440737,False
3629,coin,37,59,tomato004S(24),1,124,243,186,308,images\tomato004S(24).jpg,True,0.7651662033902082,False
3630,coin,37,60,tomato004S(25),1,118,231,186,291,images\tomato004S(25).jpg,True,0.7832159624413146,False
3631,coin,37,61,tomato004S(26),0,143,284,208,344,images\tomato004S(26).jpg,True,0.7782983936537236,False
3632,coin,37,62,tomato004S(27),1,136,219,203,285,images\tomato004S(27).jpg,True,0.7524770532663969,False
3633,coin,37,63,tomato004S(3),1,151,263,222,335,images\tomato004S(3).jpg,True,0.6918918421971669,False
3634,coin,37,64,tomato004S(4),1,106,280,176,350,images\tomato004S(4).jpg,True,0.6914156417026327,False
3635,coin,37,65,tomato004S(5),1,124,252,191,315,images\tomato004S(5).jpg,True,0.7630420917642055,False
3636,coin,37,66,tomato004S(6),1,134,270,204,333,images\tomato004S(6).jpg,True,0.7392015355570634,False
3637,coin,37,67,tomato004S(7),1,145,252,212,317,images\tomato004S(7).jpg,True,0.7266863822219969,False
3638,coin,37,68,tomato004S(8),1,124,265,196,328,images\tomato004S(8).jpg,True,0.7209647312286952,False
3639,coin,37,69,tomato004S(9),1,147,247,212,314,images\tomato004S(9).jpg,True,0.7459007579507562,False
3640,coin,37,70,tomato004T(1),1,115,257,193,321,images\tomato004T(1).jpg,True,0.6835338383596963,False
3641,coin,37,71,tomato004T(10),1,90,273,161,343,images\tomato004T(10).jpg,True,0.705167122381349,False
3642,coin,37,72,tomato004T(11),1,28,235,113,314,images\tomato004T(11).jpg,True,0.6706537849583871,False
3643,coin,37,73,tomato004T(12),1,116,224,186,297,images\tomato004T(12).jpg,True,0.7480271619303731,False
3644,coin,37,74,tomato004T(13),1,121,273,191,340,images\tomato004T(13).jpg,True,0.7496680186261229,False
3645,coin,37,75,tomato004T(14),1,125,248,196,316,images\tomato004T(14).jpg,True,0.6959502363860348,False
3646,coin,37,76,tomato004T(15),1,142,220,209,284,images\tomato004T(15).jpg,True,0.7486731990486684,False
3647,coin,37,77,tomato004T(16),1,137,255,209,320,images\tomato004T(16).jpg,True,0.6797020491337569,False
3648,coin,37,78,tomato004T(17),1,139,246,199,305,images\tomato004T(17).jpg,True,0.7448400201794642,False
3649,coin,37,79,tomato004T(18),1,129,218,197,287,images\tomato004T(18).jpg,True,0.6970917349888786,False
3650,coin,37,80,tomato004T(19),1,109,207,180,273,images\tomato004T(19).jpg,True,0.7300493338867602,False
3651,coin,38,1,tomato004T(2),1,87,264,159,330,images\tomato004T(2).jpg,True,0.7187371797523048,False
3652,coin,38,2,tomato004T(20),1,134,253,209,315,images\tomato004T(20).jpg,True,0.7252011607896286,False
3653,coin,38,3,tomato004T(21),1,119,242,187,307,images\tomato004T(21).jpg,True,0.7333215028139735,False
3654,coin,38,4,tomato004T(22),1,134,302,205,365,images\tomato004T(22).jpg,True,0.7353826241796716,False
3655,coin,38,5,tomato004T(23),1,138,271,214,336,images\tomato004T(23).jpg,True,0.6949794628191905,False
3656,coin,38,6,tomato004T(24),1,121,264,192,328,images\tomato004T(24).jpg,True,0.6798743438570892,False
3657,coin,38,7,tomato004T(25),1,83,223,155,289,images\tomato004T(25).jpg,True,0.702505399960146,False
3658,coin,38,8,tomato004T(26),1,165,246,244,315,images\tomato004T(26).jpg,True,0.7253200080781337,False
3659,coin,38,9,tomato004T(27),1,140,235,216,298,images\tomato004T(27).jpg,True,0.6904140353980639,False
3660,coin,38,10,tomato004T(3),1,71,239,141,309,images\tomato004T(3).jpg,True,0.7455231001913281,False
3661,coin,38,11,tomato004T(4),0,83,244,151,308,images\tomato004T(4).jpg,True,0.754057283770593,False
3662,coin,38,12,tomato004T(5),1,100,225,167,288,images\tomato004T(5).jpg,True,0.7591313231046007,False
3663,coin,38,13,tomato004T(6),1,116,250,186,318,images\tomato004T(6).jpg,True,0.7512868215017241,False
3664,coin,38,14,tomato004T(7),1,116,231,183,301,images\tomato004T(7).jpg,True,0.7104599061913239,False
3665,coin,38,15,tomato004T(8),1,131,253,203,319,images\tomato004T(8).jpg,True,0.7650204374996832,False
3666,coin,38,16,tomato004T(9),1,56,281,131,348,images\tomato004T(9).jpg,True,0.7842595103944376,False
3667,doughnut,1,1,doughnut001S(1),0,11,281,362,444,images\doughnut001S(1).jpg,True,0.8093926992912805,False
3668,doughnut,1,2,doughnut001S(2),0,22,365,412,557,images\doughnut001S(2).jpg,True,0.7963830544938353,False
3669,doughnut,1,3,doughnut001S(3),0,19,321,412,510,images\doughnut001S(3).jpg,True,0.7995336824071775,False
3670,doughnut,1,4,doughnut001S(4),0,24,329,410,513,images\doughnut001S(4).jpg,True,0.8092466707176182,False
3671,doughnut,1,5,doughnut001T(1),0,187,228,446,488,images\doughnut001T(1).jpg,True,0.7321334030133178,False
3672,doughnut,1,6,doughnut001T(2),0,208,163,509,478,images\doughnut001T(2).jpg,True,0.7314922518253845,False
3673,doughnut,1,7,doughnut001T(3),0,214,162,506,472,images\doughnut001T(3).jpg,True,0.7305322163672205,False
3674,doughnut,1,8,doughnut001T(4),0,247,176,500,439,images\doughnut001T(4).jpg,True,0.7426843784131881,False
3675,doughnut,1,9,doughnut002S(1),0,2,244,380,418,images\doughnut002S(1).jpg,True,0.8217171130444083,False
3676,doughnut,1,10,doughnut002S(2),0,50,339,390,499,images\doughnut002S(2).jpg,True,0.7895640568377094,False
3677,doughnut,1,11,doughnut002S(3),0,51,323,398,480,images\doughnut002S(3).jpg,True,0.7702801517134965,False
3678,doughnut,1,12,doughnut002S(4),0,38,293,434,474,images\doughnut002S(4).jpg,True,0.7951834242438041,False
3679,doughnut,1,13,doughnut002S(5),0,3,300,394,487,images\doughnut002S(5).jpg,True,0.798644145828755,False
3680,doughnut,1,14,doughnut002S(6),0,2,251,362,436,images\doughnut002S(6).jpg,True,0.7884450587712827,False
3681,doughnut,1,15,doughnut002S(7),0,25,314,438,499,images\doughnut002S(7).jpg,True,0.8056288114810171,False
3682,doughnut,1,16,doughnut002T(1),0,261,271,526,536,images\doughnut002T(1).jpg,True,0.7390058450607675,False
3683,doughnut,1,17,doughnut002T(2),0,144,222,400,479,images\doughnut002T(2).jpg,True,0.7038175874854145,False
3684,doughnut,1,18,doughnut002T(3),0,157,197,415,461,images\doughnut002T(3).jpg,True,0.7439727958322875,False
3685,doughnut,1,19,doughnut002T(4),0,269,243,563,530,images\doughnut002T(4).jpg,True,0.7410198187703096,False
3686,doughnut,1,20,doughnut002T(5),0,232,265,437,472,images\doughnut002T(5).jpg,True,0.7002741283840981,False
3687,doughnut,1,21,doughnut002T(6),0,200,248,456,517,images\doughnut002T(6).jpg,True,0.7279804266044052,False
3688,doughnut,1,22,doughnut002T(7),0,284,243,567,535,images\doughnut002T(7).jpg,True,0.7190819398602095,False
3689,doughnut,1,23,doughnut003S(1),0,126,210,476,368,images\doughnut003S(1).jpg,True,0.8044106608011343,False
3690,doughnut,1,24,doughnut003S(2),0,92,286,432,437,images\doughnut003S(2).jpg,True,0.7898680168733136,False
3691,doughnut,1,25,doughnut003S(3),0,73,245,410,397,images\doughnut003S(3).jpg,True,0.8140799055397374,False
3692,doughnut,1,26,doughnut003T(1),0,196,257,476,550,images\doughnut003T(1).jpg,True,0.736919867131731,False
3693,doughnut,1,27,doughnut003T(2),0,339,161,616,434,images\doughnut003T(2).jpg,True,0.6822785956390351,False
3694,doughnut,1,28,doughnut003T(3),0,227,278,496,552,images\doughnut003T(3).jpg,True,0.7601609272859757,False
3695,doughnut,1,29,doughnut004S(1),0,413,305,655,403,images\doughnut004S(1).jpg,True,0.7378873482854383,False
3696,doughnut,1,30,doughnut004S(10),0,436,301,685,401,images\doughnut004S(10).jpg,True,0.7642828929951819,False
3697,doughnut,1,31,doughnut004S(11),0,388,336,646,432,images\doughnut004S(11).jpg,True,0.7612708972533561,False
3698,doughnut,1,32,doughnut004S(12),0,367,307,606,401,images\doughnut004S(12).jpg,True,0.7830977620730271,False
3699,doughnut,1,33,doughnut004S(13),0,396,297,659,394,images\doughnut004S(13).jpg,True,0.8120672536828748,False
3700,doughnut,1,34,doughnut004S(14),0,448,318,691,416,images\doughnut004S(14).jpg,True,0.777305964786202,False
3701,doughnut,1,35,doughnut004S(15),0,417,317,678,403,images\doughnut004S(15).jpg,True,0.7848360801729994,False
3702,doughnut,1,36,doughnut004S(2),0,387,273,640,372,images\doughnut004S(2).jpg,True,0.7965271337268349,False
3703,doughnut,1,37,doughnut004S(3),0,404,294,644,383,images\doughnut004S(3).jpg,True,0.8203542819271554,False
3704,doughnut,1,38,doughnut004S(4),0,400,298,659,386,images\doughnut004S(4).jpg,True,0.8050049086716979,False
3705,doughnut,1,39,doughnut004S(5),0,421,303,649,397,images\doughnut004S(5).jpg,True,0.793162458511111,False
3706,doughnut,1,40,doughnut004S(6),0,421,301,677,396,images\doughnut004S(6).jpg,True,0.8116464121826933,False
3707,doughnut,1,41,doughnut004S(7),0,383,328,641,418,images\doughnut004S(7).jpg,True,0.8021993269761127,False
3708,doughnut,1,42,doughnut004S(8),0,415,328,656,419,images\doughnut004S(8).jpg,True,0.7981971596359039,False
3709,doughnut,1,43,doughnut004S(9),0,394,282,653,379,images\doughnut004S(9).jpg,True,0.8248855546383885,False
3710,doughnut,1,44,doughnut004T(1),0,370,210,636,455,images\doughnut004T(1).jpg,True,0.7303972425271084,False
3711,doughnut,1,45,doughnut004T(10),0,386,227,653,474,images\doughnut004T(10).jpg,True,0.7184340394800193,False
3712,doughnut,1,46,doughnut004T(11),0,376,201,629,483,images\doughnut004T(11).jpg,True,0.7617988597929221,False
3713,doughnut,1,47,doughnut004T(12),0,394,204,666,460,images\doughnut004T(12).jpg,True,0.7229271669999308,False
3714,doughnut,1,48,doughnut004T(13),0,394,210,652,482,images\doughnut004T(13).jpg,True,0.6956816582242812,False
3715,doughnut,1,49,doughnut004T(14),0,371,241,634,477,images\doughnut004T(14).jpg,True,0.7114145309902826,False
3716,doughnut,1,50,doughnut004T(15),0,360,191,617,471,images\doughnut004T(15).jpg,True,0.779033057989968,False
3717,doughnut,1,51,doughnut004T(2),0,386,199,653,488,images\doughnut004T(2).jpg,True,0.7545980219284947,False
3718,doughnut,1,52,doughnut004T(3),0,363,221,649,465,images\doughnut004T(3).jpg,True,0.7486587666714504,False
3719,doughnut,1,53,doughnut004T(4),0,382,217,610,460,images\doughnut004T(4).jpg,True,0.7167735519381351,False
3720,doughnut,1,54,doughnut004T(5),0,384,234,639,466,images\doughnut004T(5).jpg,True,0.7686155116420026,False
3721,doughnut,1,55,doughnut004T(6),0,343,182,626,451,images\doughnut004T(6).jpg,True,0.7400116911756656,False
3722,doughnut,1,56,doughnut004T(7),0,368,234,620,488,images\doughnut004T(7).jpg,True,0.7470822950940104,False
3723,doughnut,1,57,doughnut004T(8),0,374,212,636,464,images\doughnut004T(8).jpg,True,0.7420650251107395,False
3724,doughnut,1,58,doughnut004T(9),0,378,209,637,488,images\doughnut004T(9).jpg,True,0.7206819773363891,False
3725,doughnut,1,59,doughnut005S(1),0,414,284,678,377,images\doughnut005S(1).jpg,True,0.796276862787022,False
3726,doughnut,1,60,doughnut005S(10),0,406,320,656,412,images\doughnut005S(10).jpg,True,0.7821478263851914,False
3727,doughnut,1,61,doughnut005S(11),0,406,266,669,352,images\doughnut005S(11).jpg,True,0.7924698489915881,False
3728,doughnut,1,62,doughnut005S(12),0,452,290,701,386,images\doughnut005S(12).jpg,True,0.7925965907968249,False
3729,doughnut,1,63,doughnut005S(13),0,440,303,710,387,images\doughnut005S(13).jpg,True,0.8044507065668753,False
3730,doughnut,1,64,doughnut005S(14),0,384,345,647,435,images\doughnut005S(14).jpg,True,0.7877221804010692,False
3731,doughnut,1,65,doughnut005S(15),0,423,326,701,413,images\doughnut005S(15).jpg,True,0.7878293762167972,False
3732,doughnut,1,66,doughnut005S(2),0,426,331,681,416,images\doughnut005S(2).jpg,True,0.7872042638328315,False
3733,doughnut,1,67,doughnut005S(3),0,413,292,667,374,images\doughnut005S(3).jpg,True,0.7856823561534925,False
3734,doughnut,1,68,doughnut005S(4),0,410,299,650,384,images\doughnut005S(4).jpg,True,0.7865341947596369,False
3735,doughnut,1,69,doughnut005S(5),0,423,339,672,427,images\doughnut005S(5).jpg,True,0.8109662277867249,False
3736,doughnut,1,70,doughnut005S(6),0,370,300,637,391,images\doughnut005S(6).jpg,True,0.8100534147418202,False
3737,doughnut,1,71,doughnut005S(7),0,405,323,657,413,images\doughnut005S(7).jpg,True,0.7112362079888346,False
3738,doughnut,1,72,doughnut005S(8),0,396,315,644,411,images\doughnut005S(8).jpg,True,0.7706732722826408,False
3739,doughnut,1,73,doughnut005S(9),0,429,300,686,383,images\doughnut005S(9).jpg,True,0.8169553093616313,False
3740,doughnut,1,74,doughnut005T(1),0,385,203,666,476,images\doughnut005T(1).jpg,True,0.7474205970160435,False
3741,doughnut,1,75,doughnut005T(10),0,362,190,647,457,images\doughnut005T(10).jpg,True,0.7303042936093528,False
3742,doughnut,1,76,doughnut005T(11),0,390,188,640,457,images\doughnut005T(11).jpg,True,0.7253957457189193,False
3743,doughnut,1,77,doughnut005T(12),0,366,190,620,429,images\doughnut005T(12).jpg,True,0.7107684740562892,False
3744,doughnut,1,78,doughnut005T(13),0,375,212,639,486,images\doughnut005T(13).jpg,True,0.7285268596462342,False
3745,doughnut,1,79,doughnut005T(14),0,432,172,730,456,images\doughnut005T(14).jpg,True,0.7344470228945262,False
3746,doughnut,1,80,doughnut005T(15),0,386,230,649,487,images\doughnut005T(15).jpg,True,0.7420001258029427,False
3747,doughnut,2,1,doughnut005T(2),0,324,212,587,455,images\doughnut005T(2).jpg,True,0.7191227573655852,False
3748,doughnut,2,2,doughnut005T(3),0,355,210,614,493,images\doughnut005T(3).jpg,True,0.7130303288299062,False
3749,doughnut,2,3,doughnut005T(4),0,398,246,631,474,images\doughnut005T(4).jpg,True,0.7386970433757218,False
3750,doughnut,2,4,doughnut005T(5),0,418,248,646,489,images\doughnut005T(5).jpg,True,0.7383218164913191,False
3751,doughnut,2,5,doughnut005T(6),0,383,240,628,482,images\doughnut005T(6).jpg,True,0.7152245941974396,False
3752,doughnut,2,6,doughnut005T(7),0,357,203,625,462,images\doughnut005T(7).jpg,True,0.7031895304200138,False
3753,doughnut,2,7,doughnut005T(8),0,404,250,666,512,images\doughnut005T(8).jpg,True,0.6976694913754868,False
3754,doughnut,2,8,doughnut005T(9),0,391,210,663,474,images\doughnut005T(9).jpg,True,0.7146900498106192,False
3755,doughnut,2,9,doughnut006S(1),0,409,311,679,410,images\doughnut006S(1).jpg,True,0.7517750938000489,False
3756,doughnut,2,10,doughnut006S(10),0,413,303,688,390,images\doughnut006S(10).jpg,True,0.7833168438693159,False
3757,doughnut,2,11,doughnut006S(11),0,380,323,637,425,images\doughnut006S(11).jpg,True,0.7792760444852165,False
3758,doughnut,2,12,doughnut006S(12),0,395,286,661,375,images\doughnut006S(12).jpg,True,0.8118228730351893,False
3759,doughnut,2,13,doughnut006S(13),0,416,288,675,370,images\doughnut006S(13).jpg,True,0.7775806275675317,False
3760,doughnut,2,14,doughnut006S(14),0,373,274,630,358,images\doughnut006S(14).jpg,True,0.8140606681369587,False
3761,doughnut,2,15,doughnut006S(15),0,394,270,661,366,images\doughnut006S(15).jpg,True,0.7399089879739993,False
3762,doughnut,2,16,doughnut006S(16),0,423,287,667,367,images\doughnut006S(16).jpg,True,0.8176046709130302,False
3763,doughnut,2,17,doughnut006S(17),0,412,296,647,390,images\doughnut006S(17).jpg,True,0.7653119140461804,False
3764,doughnut,2,18,doughnut006S(18),0,390,300,674,393,images\doughnut006S(18).jpg,True,0.8042154950674194,False
3765,doughnut,2,19,doughnut006S(19),0,399,279,647,379,images\doughnut006S(19).jpg,True,0.7456464370397418,False
3766,doughnut,2,20,doughnut006S(2),0,433,327,668,407,images\doughnut006S(2).jpg,True,0.7656547842742881,False
3767,doughnut,2,21,doughnut006S(3),0,425,303,683,381,images\doughnut006S(3).jpg,True,0.8041323773185158,False
3768,doughnut,2,22,doughnut006S(4),0,417,312,650,399,images\doughnut006S(4).jpg,True,0.7885748663720713,False
3769,doughnut,2,23,doughnut006S(5),0,454,307,720,393,images\doughnut006S(5).jpg,True,0.8260905361854654,False
3770,doughnut,2,24,doughnut006S(6),0,449,321,705,409,images\doughnut006S(6).jpg,True,0.7859158472773273,False
3771,doughnut,2,25,doughnut006S(7),0,416,257,689,341,images\doughnut006S(7).jpg,True,0.7676423509462079,False
3772,doughnut,2,26,doughnut006S(8),0,411,290,653,376,images\doughnut006S(8).jpg,True,0.8054081103449771,False
3773,doughnut,2,27,doughnut006T(1),0,360,223,639,521,images\doughnut006T(1).jpg,True,0.7373867036152006,False
3774,doughnut,2,28,doughnut006T(10),0,421,206,701,502,images\doughnut006T(10).jpg,True,0.7180130118310811,False
3775,doughnut,2,29,doughnut006T(11),0,398,166,688,442,images\doughnut006T(11).jpg,True,0.7464071525731207,False
3776,doughnut,2,30,doughnut006T(12),0,424,185,705,475,images\doughnut006T(12).jpg,True,0.722935097852843,False
3777,doughnut,2,31,doughnut006T(13),0,379,220,669,491,images\doughnut006T(13).jpg,True,0.7301788858270727,False
3778,doughnut,2,32,doughnut006T(14),0,403,228,663,515,images\doughnut006T(14).jpg,True,0.7204940095158656,False
3779,doughnut,2,33,doughnut006T(15),0,346,214,583,421,images\doughnut006T(15).jpg,True,0.7679987920267456,False
3780,doughnut,2,34,doughnut006T(16),0,399,254,627,505,images\doughnut006T(16).jpg,True,0.6323611784279549,False
3781,doughnut,2,35,doughnut006T(17),0,349,148,661,434,images\doughnut006T(17).jpg,True,0.7702003478969613,False
3782,doughnut,2,36,doughnut006T(18),0,376,210,617,470,images\doughnut006T(18).jpg,True,0.729607630708583,False
3783,doughnut,2,37,doughnut006T(2),0,352,212,644,487,images\doughnut006T(2).jpg,True,0.7168236685533391,False
3784,doughnut,2,38,doughnut006T(3),0,392,188,664,481,images\doughnut006T(3).jpg,True,0.7079995774502013,False
3785,doughnut,2,39,doughnut006T(4),0,368,178,650,436,images\doughnut006T(4).jpg,True,0.7637550677407713,False
3786,doughnut,2,40,doughnut006T(5),0,334,195,606,492,images\doughnut006T(5).jpg,True,0.6780406663376639,False
3787,doughnut,2,41,doughnut006T(6),0,375,203,671,473,images\doughnut006T(6).jpg,True,0.7064657271041115,False
3788,doughnut,2,42,doughnut006T(7),0,393,180,666,479,images\doughnut006T(7).jpg,True,0.7192037697338536,False
3789,doughnut,2,43,doughnut006T(8),0,357,185,648,491,images\doughnut006T(8).jpg,True,0.7306799948102185,False
3790,doughnut,2,44,doughnut006T(9),0,367,210,654,479,images\doughnut006T(9).jpg,True,0.7210117944273401,False
3791,doughnut,2,45,doughnut007S(1),0,402,280,685,377,images\doughnut007S(1).jpg,True,0.8348653727325459,False
3792,doughnut,2,46,doughnut007S(10),0,424,297,709,403,images\doughnut007S(10).jpg,True,0.7991961978396962,False
3793,doughnut,2,47,doughnut007S(11),0,441,265,705,366,images\doughnut007S(11).jpg,True,0.7616771708683474,False
3794,doughnut,2,48,doughnut007S(12),0,390,285,666,381,images\doughnut007S(12).jpg,True,0.7952101896832122,False
3795,doughnut,2,49,doughnut007S(13),0,458,269,710,368,images\doughnut007S(13).jpg,True,0.7614825648376802,False
3796,doughnut,2,50,doughnut007S(14),0,435,267,728,375,images\doughnut007S(14).jpg,True,0.7597397673342767,False
3797,doughnut,2,51,doughnut007S(15),0,440,282,693,376,images\doughnut007S(15).jpg,True,0.8104820893940438,False
3798,doughnut,2,52,doughnut007S(2),0,460,250,724,347,images\doughnut007S(2).jpg,True,0.7960361471517095,False
3799,doughnut,2,53,doughnut007S(3),0,447,278,692,373,images\doughnut007S(3).jpg,True,0.8140814045648067,False
3800,doughnut,2,54,doughnut007S(4),0,404,261,666,359,images\doughnut007S(4).jpg,True,0.8380554516409917,False
3801,doughnut,2,55,doughnut007S(5),0,422,297,648,389,images\doughnut007S(5).jpg,True,0.7566074601736534,False
3802,doughnut,2,56,doughnut007S(6),0,471,285,731,379,images\doughnut007S(6).jpg,True,0.8068111503988571,False
3803,doughnut,2,57,doughnut007S(7),0,455,277,711,378,images\doughnut007S(7).jpg,True,0.8087157295498417,False
3804,doughnut,2,58,doughnut007S(8),0,402,261,678,362,images\doughnut007S(8).jpg,True,0.807648727507107,False
3805,doughnut,2,59,doughnut007S(9),0,415,258,665,355,images\doughnut007S(9).jpg,True,0.8045798942657836,False
3806,doughnut,2,60,doughnut007T(1),0,427,197,686,468,images\doughnut007T(1).jpg,True,0.7421073180150375,False
3807,doughnut,2,61,doughnut007T(10),0,358,206,586,433,images\doughnut007T(10).jpg,True,0.7571932081547028,False
3808,doughnut,2,62,doughnut007T(11),0,371,202,600,400,images\doughnut007T(11).jpg,True,0.7271753639159697,False
3809,doughnut,2,63,doughnut007T(12),0,367,218,577,433,images\doughnut007T(12).jpg,True,0.7590794661041023,False
3810,doughnut,2,64,doughnut007T(13),0,370,204,597,401,images\doughnut007T(13).jpg,True,0.7759437879787573,False
3811,doughnut,2,65,doughnut007T(14),0,397,204,639,461,images\doughnut007T(14).jpg,True,0.7568289032355762,False
3812,doughnut,2,66,doughnut007T(15),0,396,212,664,446,images\doughnut007T(15).jpg,True,0.7242722803826857,False
3813,doughnut,2,67,doughnut007T(2),0,422,200,616,416,images\doughnut007T(2).jpg,True,0.751641519973604,False
3814,doughnut,2,68,doughnut007T(3),0,366,228,607,446,images\doughnut007T(3).jpg,True,0.721527427005068,False
3815,doughnut,2,69,doughnut007T(4),0,419,207,668,477,images\doughnut007T(4).jpg,True,0.7492580710226308,False
3816,doughnut,2,70,doughnut007T(5),0,391,240,651,475,images\doughnut007T(5).jpg,True,0.7170984294139401,False
3817,doughnut,2,71,doughnut007T(6),0,411,193,633,416,images\doughnut007T(6).jpg,True,0.7732791411913772,False
3818,doughnut,2,72,doughnut007T(7),0,382,215,647,453,images\doughnut007T(7).jpg,True,0.7469852955594678,False
3819,doughnut,2,73,doughnut007T(8),0,420,197,664,456,images\doughnut007T(8).jpg,True,0.7261857497341369,False
3820,doughnut,2,74,doughnut007T(9),0,459,205,759,478,images\doughnut007T(9).jpg,True,0.7376234720474039,False
3821,doughnut,2,75,doughnut008S(1),0,452,252,724,355,images\doughnut008S(1).jpg,True,0.8129790415930372,False
3822,doughnut,2,76,doughnut008S(10),0,456,274,704,364,images\doughnut008S(10).jpg,True,0.7916447667289861,False
3823,doughnut,2,77,doughnut008S(11),0,475,257,754,361,images\doughnut008S(11).jpg,True,0.7599345478270843,False
3824,doughnut,2,78,doughnut008S(12),0,484,281,742,375,images\doughnut008S(12).jpg,True,0.8129779014684086,False
3825,doughnut,2,79,doughnut008S(13),0,446,292,741,390,images\doughnut008S(13).jpg,True,0.817052346644564,False
3826,doughnut,2,80,doughnut008S(14),0,429,265,681,360,images\doughnut008S(14).jpg,True,0.7754439709143408,False
3827,doughnut,3,1,doughnut008S(2),0,433,252,701,343,images\doughnut008S(2).jpg,True,0.7957756153861915,False
3828,doughnut,3,2,doughnut008S(3),0,424,265,674,360,images\doughnut008S(3).jpg,True,0.7659514232136908,False
3829,doughnut,3,3,doughnut008S(4),0,432,232,718,340,images\doughnut008S(4).jpg,True,0.7835014592311079,False
3830,doughnut,3,4,doughnut008S(5),0,407,244,657,335,images\doughnut008S(5).jpg,True,0.7806815770933226,False
3831,doughnut,3,5,doughnut008S(6),0,420,268,705,362,images\doughnut008S(6).jpg,True,0.8401379847603181,False
3832,doughnut,3,6,doughnut008S(7),0,397,246,656,340,images\doughnut008S(7).jpg,True,0.8025156517648424,False
3833,doughnut,3,7,doughnut008S(8),0,427,241,719,342,images\doughnut008S(8).jpg,True,0.8330998269210317,False
3834,doughnut,3,8,doughnut008S(9),0,404,269,681,360,images\doughnut008S(9).jpg,True,0.8096077157794617,False
3835,doughnut,3,9,doughnut008T(1),0,418,203,660,459,images\doughnut008T(1).jpg,True,0.7432174070444615,False
3836,doughnut,3,10,doughnut008T(10),0,394,195,620,398,images\doughnut008T(10).jpg,True,0.7749089003629719,False
3837,doughnut,3,11,doughnut008T(11),0,407,205,599,407,images\doughnut008T(11).jpg,True,0.7885297312327839,False
3838,doughnut,3,12,doughnut008T(12),0,409,193,667,414,images\doughnut008T(12).jpg,True,0.7774230246852256,False
3839,doughnut,3,13,doughnut008T(13),0,387,178,644,450,images\doughnut008T(13).jpg,True,0.7611903540481311,False
3840,doughnut,3,14,doughnut008T(14),0,386,212,663,462,images\doughnut008T(14).jpg,True,0.7226733534864287,False
3841,doughnut,3,15,doughnut008T(2),0,384,245,653,536,images\doughnut008T(2).jpg,True,0.7715597937365736,False
3842,doughnut,3,16,doughnut008T(3),0,373,196,632,422,images\doughnut008T(3).jpg,True,0.7751768230226368,False
3843,doughnut,3,17,doughnut008T(4),0,462,235,744,536,images\doughnut008T(4).jpg,True,0.7432257743505212,False
3844,doughnut,3,18,doughnut008T(5),0,412,195,688,453,images\doughnut008T(5).jpg,True,0.7757971384001305,False
3845,doughnut,3,19,doughnut008T(6),0,445,205,673,466,images\doughnut008T(6).jpg,True,0.7465387491066424,False
3846,doughnut,3,20,doughnut008T(7),0,426,212,670,433,images\doughnut008T(7).jpg,True,0.7921755014581088,False
3847,doughnut,3,21,doughnut008T(8),0,442,186,683,455,images\doughnut008T(8).jpg,True,0.6942839026344336,False
3848,doughnut,3,22,doughnut008T(9),0,418,164,647,411,images\doughnut008T(9).jpg,True,0.717305487047497,False
3849,doughnut,3,23,doughnut009S(1),0,453,244,719,339,images\doughnut009S(1).jpg,True,0.7830300527482881,False
3850,doughnut,3,24,doughnut009S(10),0,427,263,698,363,images\doughnut009S(10).jpg,True,0.7908591182768343,False
3851,doughnut,3,25,doughnut009S(11),0,449,248,711,341,images\doughnut009S(11).jpg,True,0.8026027212617732,False
3852,doughnut,3,26,doughnut009S(12),0,424,244,709,336,images\doughnut009S(12).jpg,True,0.7851517059334454,False
3853,doughnut,3,27,doughnut009S(13),0,443,250,708,343,images\doughnut009S(13).jpg,True,0.807505109584417,False
3854,doughnut,3,28,doughnut009S(14),0,451,245,741,347,images\doughnut009S(14).jpg,True,0.7883182796116132,False
3855,doughnut,3,29,doughnut009S(2),0,424,221,688,306,images\doughnut009S(2).jpg,True,0.7649205928236336,False
3856,doughnut,3,30,doughnut009S(3),0,463,243,736,351,images\doughnut009S(3).jpg,True,0.737014179772558,False
3857,doughnut,3,31,doughnut009S(4),0,475,268,757,386,images\doughnut009S(4).jpg,True,0.7376900607512323,False
3858,doughnut,3,32,doughnut009S(5),0,476,282,759,372,images\doughnut009S(5).jpg,True,0.8215516907343483,False
3859,doughnut,3,33,doughnut009S(6),0,422,261,692,347,images\doughnut009S(6).jpg,True,0.8277092857123638,False
3860,doughnut,3,34,doughnut009S(7),0,451,242,715,346,images\doughnut009S(7).jpg,True,0.7642201481178501,False
3861,doughnut,3,35,doughnut009S(8),0,459,239,732,350,images\doughnut009S(8).jpg,True,0.7856001765225067,False
3862,doughnut,3,36,doughnut009S(9),0,467,242,747,341,images\doughnut009S(9).jpg,True,0.7814508790653261,False
3863,doughnut,3,37,doughnut009T(1),0,426,197,668,425,images\doughnut009T(1).jpg,True,0.7809434348345159,False
3864,doughnut,3,38,doughnut009T(10),0,422,158,684,419,images\doughnut009T(10).jpg,True,0.7517072584517632,False
3865,doughnut,3,39,doughnut009T(11),0,445,254,696,505,images\doughnut009T(11).jpg,True,0.7552339479609522,False
3866,doughnut,3,40,doughnut009T(12),0,418,200,656,432,images\doughnut009T(12).jpg,True,0.7778470696429882,False
3867,doughnut,3,41,doughnut009T(13),0,428,197,683,442,images\doughnut009T(13).jpg,True,0.7639610925210062,False
3868,doughnut,3,42,doughnut009T(14),0,395,179,611,390,images\doughnut009T(14).jpg,True,0.7387648313060793,False
3869,doughnut,3,43,doughnut009T(2),0,379,216,592,423,images\doughnut009T(2).jpg,True,0.7200344291360548,False
3870,doughnut,3,44,doughnut009T(3),0,448,180,672,390,images\doughnut009T(3).jpg,True,0.784403319026484,False
3871,doughnut,3,45,doughnut009T(4),0,428,206,662,439,images\doughnut009T(4).jpg,True,0.7363073912645466,False
3872,doughnut,3,46,doughnut009T(5),0,354,192,572,398,images\doughnut009T(5).jpg,True,0.7194840455283052,False
3873,doughnut,3,47,doughnut009T(6),0,420,165,688,433,images\doughnut009T(6).jpg,True,0.7614040457316928,False
3874,doughnut,3,48,doughnut009T(7),0,400,188,642,419,images\doughnut009T(7).jpg,True,0.7432610054574513,False
3875,doughnut,3,49,doughnut009T(8),0,387,209,623,457,images\doughnut009T(8).jpg,True,0.7610913831043284,False
3876,doughnut,3,50,doughnut009T(9),0,367,191,642,451,images\doughnut009T(9).jpg,True,0.7271505120455646,False
3877,egg,1,1,egg001S(1),0,447,293,555,393,images\egg001S(1).jpg,True,0.7101950588936976,False
3878,egg,1,2,egg001S(2),0,432,285,568,389,images\egg001S(2).jpg,True,0.7134899757672082,False
3879,egg,1,3,egg001S(3),0,444,298,546,396,images\egg001S(3).jpg,True,0.7233393387217427,False
3880,egg,1,4,egg001S(4),0,460,277,595,378,images\egg001S(4).jpg,True,0.7018997035879501,False
3881,egg,1,5,egg001S(5),0,471,271,574,371,images\egg001S(5).jpg,True,0.7481549528882157,False
3882,egg,1,6,egg001S(6),0,422,271,553,369,images\egg001S(6).jpg,True,0.7273415977961433,False
3883,egg,1,7,egg001S(7),0,403,267,539,366,images\egg001S(7).jpg,True,0.749470084837955,False
3884,egg,1,8,egg001T(1),0,431,320,571,437,images\egg001T(1).jpg,True,0.758802750389012,False
3885,egg,1,9,egg001T(2),0,472,301,603,456,images\egg001T(2).jpg,True,0.7285473519320866,False
3886,egg,1,10,egg001T(3),0,485,307,607,459,images\egg001T(3).jpg,True,0.7297618894244577,False
3887,egg,1,11,egg001T(4),0,420,290,580,417,images\egg001T(4).jpg,True,0.7089175679074446,False
3888,egg,1,12,egg001T(5),0,468,300,580,440,images\egg001T(5).jpg,True,0.6833531852360698,False
3889,egg,1,13,egg001T(6),0,430,310,588,440,images\egg001T(6).jpg,True,0.7158121618169819,False
3890,egg,1,14,egg001T(7),0,473,276,610,441,images\egg001T(7).jpg,True,0.7236638077821187,False
3891,egg,1,15,egg002T(1),0,523,319,656,482,images\egg002T(1).jpg,True,0.7066955316604064,False
3892,egg,1,16,egg002T(2),0,539,263,665,415,images\egg002T(2).jpg,True,0.7766657557685495,False
3893,egg,1,17,egg002T(3),0,502,255,674,391,images\egg002T(3).jpg,True,0.7175831255076857,False
3894,egg,1,18,egg002T(4),0,479,265,648,390,images\egg002T(4).jpg,True,0.6870198764437282,False
3895,egg,1,19,egg002T(5),0,498,240,622,388,images\egg002T(5).jpg,True,0.7590532658793915,False
3896,egg,1,20,egg002T(6),0,481,250,614,420,images\egg002T(6).jpg,True,0.7094409627018323,False
3897,egg,1,21,egg002T(7),0,478,294,635,427,images\egg002T(7).jpg,True,0.7307275888785933,False
3898,egg,1,22,egg002T(8),0,529,243,678,423,images\egg002T(8).jpg,True,0.6958446798323712,False
3899,egg,1,23,egg002T(9),0,458,298,629,426,images\egg002T(9).jpg,True,0.7293248602848387,False
3900,egg,1,24,egg002s(1),0,391,226,552,350,images\egg002s(1).jpg,True,0.7003760358532047,False
3901,egg,1,25,egg002s(2),0,464,227,612,346,images\egg002s(2).jpg,True,0.7160052178665852,False
3902,egg,1,26,egg002s(3),0,483,250,596,365,images\egg002s(3).jpg,True,0.7404906299376763,False
3903,egg,1,27,egg002s(4),0,496,230,619,348,images\egg002s(4).jpg,True,0.7119800873896781,False
3904,egg,1,28,egg002s(5),0,439,226,583,342,images\egg002s(5).jpg,True,0.7131533780621002,False
3905,egg,1,29,egg002s(6),0,417,218,578,347,images\egg002s(6).jpg,True,0.7402982695249747,False
3906,egg,1,30,egg002s(7),0,441,225,577,353,images\egg002s(7).jpg,True,0.7529751766070074,False
3907,egg,1,31,egg002s(8),0,408,203,566,331,images\egg002s(8).jpg,True,0.733413565627707,False
3908,egg,1,32,egg002s(9),0,437,230,565,351,images\egg002s(9).jpg,True,0.7282326888002305,False
3909,egg,1,33,egg003S(1),0,501,231,641,336,images\egg003S(1).jpg,True,0.7070153007676898,False
3910,egg,1,34,egg003S(2),0,470,266,577,373,images\egg003S(2).jpg,True,0.7089779144932125,False
3911,egg,1,35,egg003S(3),0,449,271,581,369,images\egg003S(3).jpg,True,0.7767031152046561,False
3912,egg,1,36,egg003S(4),0,461,260,568,361,images\egg003S(4).jpg,True,0.7033233219961218,False
3913,egg,1,37,egg003S(5),0,469,295,607,400,images\egg003S(5).jpg,True,0.6890083898166534,False
3914,egg,1,38,egg003S(6),0,422,316,559,415,images\egg003S(6).jpg,True,0.7435113176700783,False
3915,egg,1,39,egg003T(1),0,488,285,620,455,images\egg003T(1).jpg,True,0.7494533797035674,False
3916,egg,1,40,egg003T(2),0,505,301,636,481,images\egg003T(2).jpg,True,0.7444858245636005,False
3917,egg,1,41,egg003T(3),0,440,272,562,425,images\egg003T(3).jpg,True,0.7228208418557314,False
3918,egg,1,42,egg003T(4),0,474,245,628,361,images\egg003T(4).jpg,True,0.6992323984259469,False
3919,egg,1,43,egg003T(5),0,494,266,621,421,images\egg003T(5).jpg,True,0.6653264473314834,False
3920,egg,1,44,egg003T(6),0,456,344,621,469,images\egg003T(6).jpg,True,0.7162430287430288,False
3921,egg,1,45,egg004S(1),0,585,275,724,406,images\egg004S(1).jpg,True,0.7461482306500433,False
3922,egg,1,46,egg004S(2),0,502,225,670,354,images\egg004S(2).jpg,True,0.743706896304299,False
3923,egg,1,47,egg004S(3),0,500,250,636,382,images\egg004S(3).jpg,True,0.7666460546475413,False
3924,egg,1,48,egg004S(4),0,515,244,676,361,images\egg004S(4).jpg,True,0.7295782952679504,False
3925,egg,1,49,egg004S(5),0,502,252,626,371,images\egg004S(5).jpg,True,0.7376254449964708,False
3926,egg,1,50,egg004T(1),0,317,307,458,408,images\egg004T(1).jpg,True,0.7351934876894044,False
3927,egg,1,51,egg004T(2),0,442,261,549,397,images\egg004T(2).jpg,True,0.735035912875539,False
3928,egg,1,52,egg004T(3),0,435,299,614,437,images\egg004T(3).jpg,True,0.7211642487943942,False
3929,egg,1,53,egg004T(4),0,415,308,533,466,images\egg004T(4).jpg,True,0.6896559527345352,False
3930,egg,1,54,egg004T(5),0,422,364,577,485,images\egg004T(5).jpg,True,0.6804861211489864,False
3931,egg,1,55,egg005S(1),0,454,191,584,312,images\egg005S(1).jpg,True,0.720809776160089,False
3932,egg,1,56,egg005S(2),0,500,215,652,341,images\egg005S(2).jpg,True,0.7706288078537784,False
3933,egg,1,57,egg005S(3),0,515,217,647,343,images\egg005S(3).jpg,True,0.7579590444074987,False
3934,egg,1,58,egg005S(4),0,483,208,650,338,images\egg005S(4).jpg,True,0.7270886551839182,False
3935,egg,1,59,egg005S(5),0,472,203,606,329,images\egg005S(5).jpg,True,0.7095558798317847,False
3936,egg,1,60,egg005S(6),0,405,203,566,327,images\egg005S(6).jpg,True,0.7231125356125356,False
3937,egg,1,61,egg005S(7),0,453,164,584,289,images\egg005S(7).jpg,True,0.7775875035544635,False
3938,egg,1,62,egg005S(8),0,424,167,593,299,images\egg005S(8).jpg,True,0.7104892752562051,False
3939,egg,1,63,egg005T(1),0,523,273,659,383,images\egg005T(1).jpg,True,0.7074933711392947,False
3940,egg,1,64,egg005T(2),0,477,290,586,424,images\egg005T(2).jpg,True,0.7655654298083943,False
3941,egg,1,65,egg005T(3),0,458,245,601,360,images\egg005T(3).jpg,True,0.7297314016602809,False
3942,egg,1,66,egg005T(4),0,502,268,612,409,images\egg005T(4).jpg,True,0.7754056570253633,False
3943,egg,1,67,egg005T(5),0,458,316,592,421,images\egg005T(5).jpg,True,0.7275599625797434,False
3944,egg,1,68,egg005T(6),0,571,272,688,408,images\egg005T(6).jpg,True,0.7285375052093435,False
3945,egg,1,69,egg005T(7),0,555,343,687,440,images\egg005T(7).jpg,True,0.7416215554651446,False
3946,egg,1,70,egg005T(8),0,517,312,621,445,images\egg005T(8).jpg,True,0.719098702203724,False
3947,egg,1,71,egg006S(1),0,487,317,610,435,images\egg006S(1).jpg,True,0.7657176443360654,False
3948,egg,1,72,egg006S(2),0,466,275,634,396,images\egg006S(2).jpg,True,0.7210409955191597,False
3949,egg,1,73,egg006S(3),0,487,264,611,378,images\egg006S(3).jpg,True,0.7036340215264322,False
3950,egg,1,74,egg006S(4),0,489,293,648,408,images\egg006S(4).jpg,True,0.7354582813591206,False
3951,egg,1,75,egg006S(5),0,508,300,626,417,images\egg006S(5).jpg,True,0.7672922977493137,False
3952,egg,1,76,egg006S(6),0,530,317,704,440,images\egg006S(6).jpg,True,0.7409199027361586,False
3953,egg,1,77,egg006S(7),0,505,258,630,375,images\egg006S(7).jpg,True,0.7489402993836689,False
3954,egg,1,78,egg006S(8),0,464,292,619,408,images\egg006S(8).jpg,True,0.7424722843941833,False
3955,egg,1,79,egg006T(1),0,525,286,694,402,images\egg006T(1).jpg,True,0.749510209377382,False
3956,egg,1,80,egg006T(2),0,580,272,711,433,images\egg006T(2).jpg,True,0.734485924713263,False
3957,egg,2,1,egg006T(3),0,489,288,640,404,images\egg006T(3).jpg,True,0.7152557611269879,False
3958,egg,2,2,egg006T(4),0,547,252,664,399,images\egg006T(4).jpg,True,0.7379404298366163,False
3959,egg,2,3,egg006T(5),0,512,291,670,403,images\egg006T(5).jpg,True,0.7114172526444067,False
3960,egg,2,4,egg006T(6),0,488,231,615,389,images\egg006T(6).jpg,True,0.7447527366604753,False
3961,egg,2,5,egg006T(7),0,504,243,668,358,images\egg006T(7).jpg,True,0.7667609990825311,False
3962,egg,2,6,egg006T(8),0,549,266,666,413,images\egg006T(8).jpg,True,0.7486777589979751,False
3963,egg,2,7,egg007S(1),0,503,269,638,388,images\egg007S(1).jpg,True,0.7606043375496419,False
3964,egg,2,8,egg007S(2),0,563,242,740,362,images\egg007S(2).jpg,True,0.7414096617668047,False
3965,egg,2,9,egg007S(3),0,586,299,726,416,images\egg007S(3).jpg,True,0.7154982876528038,False
3966,egg,2,10,egg007S(4),0,566,276,742,396,images\egg007S(4).jpg,True,0.7239304812834224,False
3967,egg,2,11,egg007S(5),0,593,278,723,395,images\egg007S(5).jpg,True,0.7743077059520187,False
3968,egg,2,12,egg007S(6),0,578,231,755,350,images\egg007S(6).jpg,True,0.7269750464130373,False
3969,egg,2,13,egg007S(7),0,494,207,659,326,images\egg007S(7).jpg,True,0.7623462122623299,False
3970,egg,2,14,egg007S(8),0,518,246,647,364,images\egg007S(8).jpg,True,0.7810959974421343,False
3971,egg,2,15,egg007S(9),0,455,238,626,358,images\egg007S(9).jpg,True,0.7299983550502653,False
3972,egg,2,16,egg007T(1),0,495,322,667,430,images\egg007T(1).jpg,True,0.7193456514570085,False
3973,egg,2,17,egg007T(2),0,462,236,597,412,images\egg007T(2).jpg,True,0.7553235017506477,False
3974,egg,2,18,egg007T(3),0,430,243,605,371,images\egg007T(3).jpg,True,0.7147879129721372,False
3975,egg,2,19,egg007T(4),0,416,259,541,431,images\egg007T(4).jpg,True,0.7692518524336439,False
3976,egg,2,20,egg007T(5),0,393,275,556,390,images\egg007T(5).jpg,True,0.7188243930948952,False
3977,egg,2,21,egg007T(6),0,396,292,508,442,images\egg007T(6).jpg,True,0.7397234534128292,False
3978,egg,2,22,egg007T(7),0,492,205,626,382,images\egg007T(7).jpg,True,0.7347447158576983,False
3979,egg,2,23,egg007T(8),0,494,308,665,425,images\egg007T(8).jpg,True,0.7450206983344616,False
3980,egg,2,24,egg007T(9),0,503,265,637,438,images\egg007T(9).jpg,True,0.7180095429560602,False
3981,fired_dough_twist,1,1,fired_dough_twist001S(1),0,373,181,674,301,images\fired_dough_twist001S(1).jpg,True,0.6875333281889391,False
3982,fired_dough_twist,1,2,fired_dough_twist001S(2),0,396,258,685,371,images\fired_dough_twist001S(2).jpg,True,0.693967384007621,False
3983,fired_dough_twist,1,3,fired_dough_twist001S(3),0,369,232,659,344,images\fired_dough_twist001S(3).jpg,True,0.6620836830931406,False
3984,fired_dough_twist,1,4,fired_dough_twist001S(4),0,383,230,676,339,images\fired_dough_twist001S(4).jpg,True,0.6948610963648034,False
3985,fired_dough_twist,1,5,fired_dough_twist001S(5),0,437,225,720,337,images\fired_dough_twist001S(5).jpg,True,0.656616578602341,False
3986,fired_dough_twist,1,6,fired_dough_twist001S(6),0,371,236,676,354,images\fired_dough_twist001S(6).jpg,True,0.6782875488771634,False
3987,fired_dough_twist,1,7,fired_dough_twist001S(7),0,401,227,686,341,images\fired_dough_twist001S(7).jpg,True,0.6593509424340835,False
3988,fired_dough_twist,1,8,fired_dough_twist001S(8),0,398,228,695,352,images\fired_dough_twist001S(8).jpg,True,0.6626484234415463,False
3989,fired_dough_twist,1,9,fired_dough_twist001S(9),0,419,225,702,336,images\fired_dough_twist001S(9).jpg,True,0.6645369375342967,False
3990,fired_dough_twist,1,10,fired_dough_twist001T(1),0,432,151,538,417,images\fired_dough_twist001T(1).jpg,True,0.7117796888984464,False
3991,fired_dough_twist,1,11,fired_dough_twist001T(2),0,468,159,592,468,images\fired_dough_twist001T(2).jpg,True,0.6773898718529072,False
3992,fired_dough_twist,1,12,fired_dough_twist001T(3),0,441,165,562,422,images\fired_dough_twist001T(3).jpg,True,0.6436554589377999,False
3993,fired_dough_twist,1,13,fired_dough_twist001T(4),0,406,191,516,433,images\fired_dough_twist001T(4).jpg,True,0.6814604980732344,False
3994,fired_dough_twist,1,14,fired_dough_twist001T(5),0,482,193,592,460,images\fired_dough_twist001T(5).jpg,True,0.6576466525616351,False
3995,fired_dough_twist,1,15,fired_dough_twist001T(6),0,423,163,516,409,images\fired_dough_twist001T(6).jpg,True,0.6933935708608483,False
3996,fired_dough_twist,1,16,fired_dough_twist001T(7),0,462,195,574,468,images\fired_dough_twist001T(7).jpg,True,0.6689295525468235,False
3997,fired_dough_twist,1,17,fired_dough_twist001T(8),0,418,154,532,401,images\fired_dough_twist001T(8).jpg,True,0.6698142304581389,False
3998,fired_dough_twist,1,18,fired_dough_twist001T(9),0,499,207,602,461,images\fired_dough_twist001T(9).jpg,True,0.663714417390888,False
3999,fired_dough_twist,1,19,fired_dough_twist002S(1),0,464,248,744,378,images\fired_dough_twist002S(1).jpg,True,0.7421294743690421,False
4000,fired_dough_twist,1,20,fired_dough_twist002S(10),0,445,249,705,373,images\fired_dough_twist002S(10).jpg,True,0.7440381956028554,False
4001,fired_dough_twist,1,21,fired_dough_twist002S(2),0,447,199,708,323,images\fired_dough_twist002S(2).jpg,True,0.7271698705940779,False
4002,fired_dough_twist,1,22,fired_dough_twist002S(3),0,478,246,743,368,images\fired_dough_twist002S(3).jpg,True,0.7399248205459591,False
4003,fired_dough_twist,1,23,fired_dough_twist002S(4),0,429,214,678,333,images\fired_dough_twist002S(4).jpg,True,0.752590170940171,False
4004,fired_dough_twist,1,24,fired_dough_twist002S(5),0,449,255,709,375,images\fired_dough_twist002S(5).jpg,True,0.7305284297922159,False
4005,fired_dough_twist,1,25,fired_dough_twist002S(6),0,436,250,695,376,images\fired_dough_twist002S(6).jpg,True,0.6979668920749784,False
4006,fired_dough_twist,1,26,fired_dough_twist002S(7),0,459,215,726,345,images\fired_dough_twist002S(7).jpg,True,0.755031315457358,False
4007,fired_dough_twist,1,27,fired_dough_twist002S(8),0,440,218,722,351,images\fired_dough_twist002S(8).jpg,True,0.7180853223826296,False
4008,fired_dough_twist,1,28,fired_dough_twist002S(9),0,427,233,707,353,images\fired_dough_twist002S(9).jpg,True,0.7243153412132861,False
4009,fired_dough_twist,1,29,fired_dough_twist002T(1),0,456,201,603,450,images\fired_dough_twist002T(1).jpg,True,0.6783462803837299,False
4010,fired_dough_twist,1,30,fired_dough_twist002T(10),0,483,191,624,472,images\fired_dough_twist002T(10).jpg,True,0.7361236222704346,False
4011,fired_dough_twist,1,31,fired_dough_twist002T(2),0,456,177,578,416,images\fired_dough_twist002T(2).jpg,True,0.7061363758912977,False
4012,fired_dough_twist,1,32,fired_dough_twist002T(3),0,391,206,531,436,images\fired_dough_twist002T(3).jpg,True,0.6524613364240894,False
4013,fired_dough_twist,1,33,fired_dough_twist002T(4),0,511,211,630,460,images\fired_dough_twist002T(4).jpg,True,0.7728594803292388,False
4014,fired_dough_twist,1,34,fired_dough_twist002T(5),0,459,239,592,472,images\fired_dough_twist002T(5).jpg,True,0.680494983498409,False
4015,fired_dough_twist,1,35,fired_dough_twist002T(6),0,457,193,564,413,images\fired_dough_twist002T(6).jpg,True,0.7368321982158088,False
4016,fired_dough_twist,1,36,fired_dough_twist002T(7),0,412,203,535,431,images\fired_dough_twist002T(7).jpg,True,0.6930235043433375,False
4017,fired_dough_twist,1,37,fired_dough_twist002T(8),0,429,213,543,441,images\fired_dough_twist002T(8).jpg,True,0.7293761583188171,False
4018,fired_dough_twist,1,38,fired_dough_twist002T(9),0,415,259,515,456,images\fired_dough_twist002T(9).jpg,True,0.7482742321702631,False
4019,fired_dough_twist,1,39,fired_dough_twist003S(1),0,388,259,700,378,images\fired_dough_twist003S(1).jpg,True,0.7095216461784483,False
4020,fired_dough_twist,1,40,fired_dough_twist003S(10),0,430,255,711,363,images\fired_dough_twist003S(10).jpg,True,0.7410429278632127,False
4021,fired_dough_twist,1,41,fired_dough_twist003S(2),0,460,293,750,394,images\fired_dough_twist003S(2).jpg,True,0.7084706000924861,False
4022,fired_dough_twist,1,42,fired_dough_twist003S(3),0,425,288,706,384,images\fired_dough_twist003S(3).jpg,True,0.757788256730867,False
4023,fired_dough_twist,1,43,fired_dough_twist003S(4),0,440,260,737,360,images\fired_dough_twist003S(4).jpg,True,0.6521402527458373,False
4024,fired_dough_twist,1,44,fired_dough_twist003S(5),0,463,250,754,355,images\fired_dough_twist003S(5).jpg,True,0.7322635123708294,False
4025,fired_dough_twist,1,45,fired_dough_twist003S(6),0,445,275,748,386,images\fired_dough_twist003S(6).jpg,True,0.7365529413021189,False
4026,fired_dough_twist,1,46,fired_dough_twist003S(7),0,435,262,723,364,images\fired_dough_twist003S(7).jpg,True,0.7421132547290817,False
4027,fired_dough_twist,1,47,fired_dough_twist003S(8),0,430,238,720,354,images\fired_dough_twist003S(8).jpg,True,0.7477291721489931,False
4028,fired_dough_twist,1,48,fired_dough_twist003S(9),0,383,261,686,367,images\fired_dough_twist003S(9).jpg,True,0.7265835447907838,False
4029,fired_dough_twist,1,49,fired_dough_twist003T(1),0,441,171,540,413,images\fired_dough_twist003T(1).jpg,True,0.6628150011822138,False
4030,fired_dough_twist,1,50,fired_dough_twist003T(10),0,493,185,613,474,images\fired_dough_twist003T(10).jpg,True,0.6993697955976312,False
4031,fired_dough_twist,1,51,fired_dough_twist003T(2),0,475,187,614,499,images\fired_dough_twist003T(2).jpg,True,0.7387882931579467,False
4032,fired_dough_twist,1,52,fired_dough_twist003T(3),0,489,154,615,430,images\fired_dough_twist003T(3).jpg,True,0.7093778878648387,False
4033,fired_dough_twist,1,53,fired_dough_twist003T(4),0,438,177,552,456,images\fired_dough_twist003T(4).jpg,True,0.737311660582421,False
4034,fired_dough_twist,1,54,fired_dough_twist003T(5),0,499,159,608,419,images\fired_dough_twist003T(5).jpg,True,0.7182389615674226,False
4035,fired_dough_twist,1,55,fired_dough_twist003T(6),0,434,165,549,459,images\fired_dough_twist003T(6).jpg,True,0.7505232146778,False
4036,fired_dough_twist,1,56,fired_dough_twist003T(7),0,495,165,595,414,images\fired_dough_twist003T(7).jpg,True,0.7785744354811883,False
4037,fired_dough_twist,1,57,fired_dough_twist003T(8),0,473,140,596,413,images\fired_dough_twist003T(8).jpg,True,0.7208021640657273,False
4038,fired_dough_twist,1,58,fired_dough_twist003T(9),0,446,114,571,440,images\fired_dough_twist003T(9).jpg,True,0.7417747530405799,False
4039,fired_dough_twist,1,59,fired_dough_twist004S(1),0,418,241,691,351,images\fired_dough_twist004S(1).jpg,True,0.7628657043699459,False
4040,fired_dough_twist,1,60,fired_dough_twist004S(10),0,409,238,661,347,images\fired_dough_twist004S(10).jpg,True,0.7398350362832911,False
4041,fired_dough_twist,1,61,fired_dough_twist004S(2),0,457,258,709,352,images\fired_dough_twist004S(2).jpg,True,0.7361296256112598,False
4042,fired_dough_twist,1,62,fired_dough_twist004S(3),0,412,248,679,359,images\fired_dough_twist004S(3).jpg,True,0.7416957693737717,False
4043,fired_dough_twist,1,63,fired_dough_twist004S(4),0,441,277,695,379,images\fired_dough_twist004S(4).jpg,True,0.7621714404136141,False
4044,fired_dough_twist,1,64,fired_dough_twist004S(5),0,394,269,648,379,images\fired_dough_twist004S(5).jpg,True,0.7494836541505379,False
4045,fired_dough_twist,1,65,fired_dough_twist004S(6),0,418,247,676,339,images\fired_dough_twist004S(6).jpg,True,0.7579179090856702,False
4046,fired_dough_twist,1,66,fired_dough_twist004S(7),0,427,286,678,382,images\fired_dough_twist004S(7).jpg,True,0.7520195401244465,False
4047,fired_dough_twist,1,67,fired_dough_twist004S(8),0,430,225,682,325,images\fired_dough_twist004S(8).jpg,True,0.7504434850526692,False
4048,fired_dough_twist,1,68,fired_dough_twist004S(9),0,410,271,684,375,images\fired_dough_twist004S(9).jpg,True,0.7563156457941782,False
4049,fired_dough_twist,1,69,fired_dough_twist004T(1),0,457,179,582,460,images\fired_dough_twist004T(1).jpg,True,0.7582099678160611,False
4050,fired_dough_twist,1,70,fired_dough_twist004T(10),0,494,140,615,435,images\fired_dough_twist004T(10).jpg,True,0.7652407463155472,False
4051,fired_dough_twist,1,71,fired_dough_twist004T(2),0,470,211,597,466,images\fired_dough_twist004T(2).jpg,True,0.6765294726751026,False
4052,fired_dough_twist,1,72,fired_dough_twist004T(3),0,452,195,577,441,images\fired_dough_twist004T(3).jpg,True,0.7061000266181188,False
4053,fired_dough_twist,1,73,fired_dough_twist004T(4),0,487,174,624,440,images\fired_dough_twist004T(4).jpg,True,0.6948118489211128,False
4054,fired_dough_twist,1,74,fired_dough_twist004T(5),0,463,150,585,405,images\fired_dough_twist004T(5).jpg,True,0.7507954223524165,False
4055,fired_dough_twist,1,75,fired_dough_twist004T(6),0,484,147,614,423,images\fired_dough_twist004T(6).jpg,True,0.7473550822916697,False
4056,fired_dough_twist,1,76,fired_dough_twist004T(7),0,454,184,571,429,images\fired_dough_twist004T(7).jpg,True,0.736416225933523,False
4057,fired_dough_twist,1,77,fired_dough_twist004T(8),0,505,160,660,460,images\fired_dough_twist004T(8).jpg,True,0.7211703313183497,False
4058,fired_dough_twist,1,78,fired_dough_twist004T(9),0,464,191,577,436,images\fired_dough_twist004T(9).jpg,True,0.7074156410773742,False
4059,fired_dough_twist,1,79,fired_dough_twist005S(1),0,457,306,737,404,images\fired_dough_twist005S(1).jpg,True,0.7449360402656434,False
4060,fired_dough_twist,1,80,fired_dough_twist005S(2),0,453,272,731,385,images\fired_dough_twist005S(2).jpg,True,0.752150112895237,False
4061,fired_dough_twist,2,1,fired_dough_twist005S(3),0,451,260,719,375,images\fired_dough_twist005S(3).jpg,True,0.7429122241412397,False
4062,fired_dough_twist,2,2,fired_dough_twist005S(4),0,400,269,683,378,images\fired_dough_twist005S(4).jpg,True,0.8008430708733638,False
4063,fired_dough_twist,2,3,fired_dough_twist005S(5),0,480,301,757,421,images\fired_dough_twist005S(5).jpg,True,0.7298471086717384,False
4064,fired_dough_twist,2,4,fired_dough_twist005S(6),0,443,295,749,419,images\fired_dough_twist005S(6).jpg,True,0.7398102056965924,False
4065,fired_dough_twist,2,5,fired_dough_twist005S(7),0,414,304,692,402,images\fired_dough_twist005S(7).jpg,True,0.7301242009435355,False
4066,fired_dough_twist,2,6,fired_dough_twist005S(8),0,437,294,730,394,images\fired_dough_twist005S(8).jpg,True,0.7688323218924598,False
4067,fired_dough_twist,2,7,fired_dough_twist005S(9),0,425,283,698,379,images\fired_dough_twist005S(9).jpg,True,0.7738694107123982,False
4068,fired_dough_twist,2,8,fired_dough_twist005T(1),0,482,138,603,425,images\fired_dough_twist005T(1).jpg,True,0.7430698429647326,False
4069,fired_dough_twist,2,9,fired_dough_twist005T(2),0,451,204,559,476,images\fired_dough_twist005T(2).jpg,True,0.7363523604678369,False
4070,fired_dough_twist,2,10,fired_dough_twist005T(3),0,444,210,552,489,images\fired_dough_twist005T(3).jpg,True,0.7313995628896528,False
4071,fired_dough_twist,2,11,fired_dough_twist005T(4),0,482,135,588,409,images\fired_dough_twist005T(4).jpg,True,0.7326220038693848,False
4072,fired_dough_twist,2,12,fired_dough_twist005T(5),0,503,191,612,451,images\fired_dough_twist005T(5).jpg,True,0.6707238642783492,False
4073,fired_dough_twist,2,13,fired_dough_twist005T(6),0,443,175,546,424,images\fired_dough_twist005T(6).jpg,True,0.7424684093621337,False
4074,fired_dough_twist,2,14,fired_dough_twist005T(7),0,454,195,573,467,images\fired_dough_twist005T(7).jpg,True,0.742466915933842,False
4075,fired_dough_twist,2,15,fired_dough_twist005T(8),0,463,186,575,454,images\fired_dough_twist005T(8).jpg,True,0.7559624683658713,False
4076,fired_dough_twist,2,16,fired_dough_twist005T(9),0,476,168,584,419,images\fired_dough_twist005T(9).jpg,True,0.7428663623195848,False
4077,fired_dough_twist,2,17,fired_dough_twist006S(1),0,278,152,429,198,images\fired_dough_twist006S(1).jpg,True,0.7082296588643378,False
4078,fired_dough_twist,2,18,fired_dough_twist006S(2),0,276,174,426,227,images\fired_dough_twist006S(2).jpg,True,0.6910274587548049,False
4079,fired_dough_twist,2,19,fired_dough_twist006S(3),0,304,176,381,227,images\fired_dough_twist006S(3).jpg,True,0.7175216515223162,False
4080,fired_dough_twist,2,20,fired_dough_twist006S(4),0,251,156,403,202,images\fired_dough_twist006S(4).jpg,True,0.7952193855853409,False
4081,fired_dough_twist,2,21,fired_dough_twist006S(5),0,295,167,368,210,images\fired_dough_twist006S(5).jpg,True,0.7141178147275709,False
4082,fired_dough_twist,2,22,fired_dough_twist006S(6),0,270,180,408,223,images\fired_dough_twist006S(6).jpg,True,0.7408301506769843,False
4083,fired_dough_twist,2,23,fired_dough_twist006S(7),0,335,175,415,221,images\fired_dough_twist006S(7).jpg,True,0.7120828191079426,False
4084,fired_dough_twist,2,24,fired_dough_twist006T(1),0,199,127,262,261,images\fired_dough_twist006T(1).jpg,True,0.6787467426662196,False
4085,fired_dough_twist,2,25,fired_dough_twist006T(2),0,152,76,215,216,images\fired_dough_twist006T(2).jpg,True,0.6816892796525296,False
4086,fired_dough_twist,2,26,fired_dough_twist006T(3),0,128,120,278,180,images\fired_dough_twist006T(3).jpg,True,0.6981991355159307,False
4087,fired_dough_twist,2,27,fired_dough_twist006T(4),0,220,109,276,241,images\fired_dough_twist006T(4).jpg,True,0.6886355133369727,False
4088,fired_dough_twist,2,28,fired_dough_twist006T(5),0,163,138,292,191,images\fired_dough_twist006T(5).jpg,True,0.7155400155400156,False
4089,fired_dough_twist,2,29,fired_dough_twist006T(6),0,153,93,215,237,images\fired_dough_twist006T(6).jpg,True,0.72582063221827,False
4090,fired_dough_twist,2,30,fired_dough_twist006T(7),0,172,118,304,170,images\fired_dough_twist006T(7).jpg,True,0.7424554442044913,False
4091,fired_dough_twist,2,31,fired_dough_twist007S(1),0,223,138,496,234,images\fired_dough_twist007S(1).jpg,True,0.7381034401375035,False
4092,fired_dough_twist,2,32,fired_dough_twist007S(2),0,275,173,471,242,images\fired_dough_twist007S(2).jpg,True,0.724480629037326,False
4093,fired_dough_twist,2,33,fired_dough_twist007S(3),0,346,151,484,235,images\fired_dough_twist007S(3).jpg,True,0.7523391009991318,False
4094,fired_dough_twist,2,34,fired_dough_twist007S(4),0,226,149,487,239,images\fired_dough_twist007S(4).jpg,True,0.6974560169565831,False
4095,fired_dough_twist,2,35,fired_dough_twist007S(5),0,270,138,382,229,images\fired_dough_twist007S(5).jpg,True,0.6964069600619633,False
4096,fired_dough_twist,2,36,fired_dough_twist007S(6),0,260,147,479,218,images\fired_dough_twist007S(6).jpg,True,0.7332234940912548,False
4097,fired_dough_twist,2,37,fired_dough_twist007S(7),0,331,141,487,227,images\fired_dough_twist007S(7).jpg,True,0.6813352578022833,False
4098,fired_dough_twist,2,38,fired_dough_twist007T(1),0,162,113,218,239,images\fired_dough_twist007T(1).jpg,True,0.6537526858404463,False
4099,fired_dough_twist,2,39,fired_dough_twist007T(2),0,140,84,207,224,images\fired_dough_twist007T(2).jpg,True,0.6733411979294739,False
4100,fired_dough_twist,2,40,fired_dough_twist007T(3),0,115,117,273,186,images\fired_dough_twist007T(3).jpg,True,0.6619242316205041,False
4101,fired_dough_twist,2,41,fired_dough_twist007T(4),0,185,90,244,220,images\fired_dough_twist007T(4).jpg,True,0.6787163650667971,False
4102,fired_dough_twist,2,42,fired_dough_twist007T(5),0,135,164,285,222,images\fired_dough_twist007T(5).jpg,True,0.6832726951410294,False
4103,fired_dough_twist,2,43,fired_dough_twist007T(6),0,132,78,188,218,images\fired_dough_twist007T(6).jpg,True,0.7016148915187377,False
4104,fired_dough_twist,2,44,fired_dough_twist007T(7),0,90,96,261,168,images\fired_dough_twist007T(7).jpg,True,0.7159547898402393,False
4105,grape,1,1,grape001S(1),0,312,124,738,397,images\grape001S(1).jpg,True,0.6945605005786255,False
4106,grape,1,2,grape001S(10),0,286,75,782,373,images\grape001S(10).jpg,True,0.6384522948248215,False
4107,grape,1,3,grape001S(11),0,355,136,772,419,images\grape001S(11).jpg,True,0.7059758802363882,False
4108,grape,1,4,grape001S(12),0,329,151,777,405,images\grape001S(12).jpg,True,0.6621122499052821,False
4109,grape,1,5,grape001S(2),0,350,83,787,342,images\grape001S(2).jpg,True,0.6285818760133829,False
4110,grape,1,6,grape001S(3),0,311,149,736,391,images\grape001S(3).jpg,True,0.6951271406731858,False
4111,grape,1,7,grape001S(4),0,275,168,736,444,images\grape001S(4).jpg,True,0.6421162587771443,False
4112,grape,1,8,grape001S(5),0,302,153,727,400,images\grape001S(5).jpg,True,0.7074966506384694,False
4113,grape,1,9,grape001S(6),0,352,107,727,379,images\grape001S(6).jpg,True,0.6781963390573347,False
4114,grape,1,10,grape001S(7),0,324,165,787,441,images\grape001S(7).jpg,True,0.6487830874903338,False
4115,grape,1,11,grape001S(8),0,350,151,778,402,images\grape001S(8).jpg,True,0.6612186279999157,False
4116,grape,1,12,grape001S(9),0,287,137,778,395,images\grape001S(9).jpg,True,0.6817663164101947,False
4117,grape,1,13,grape001T(1),0,259,111,626,459,images\grape001T(1).jpg,True,0.6677929560589113,False
4118,grape,1,14,grape001T(10),0,279,102,628,468,images\grape001T(10).jpg,True,0.6758101055947485,False
4119,grape,1,15,grape001T(11),0,294,139,693,475,images\grape001T(11).jpg,True,0.6950375296305438,False
4120,grape,1,16,grape001T(12),0,275,128,618,507,images\grape001T(12).jpg,True,0.6744777567713068,False
4121,grape,1,17,grape001T(2),0,224,111,657,509,images\grape001T(2).jpg,True,0.6296405412923141,False
4122,grape,1,18,grape001T(3),0,210,109,578,511,images\grape001T(3).jpg,True,0.6619833725407437,False
4123,grape,1,19,grape001T(4),0,261,89,686,475,images\grape001T(4).jpg,True,0.6209077240467835,False
4124,grape,1,20,grape001T(5),0,262,4,686,446,images\grape001T(5).jpg,True,0.6715587261659849,False
4125,grape,1,21,grape001T(6),0,241,129,637,446,images\grape001T(6).jpg,True,0.6925945830470843,False
4126,grape,1,22,grape001T(7),0,347,112,681,518,images\grape001T(7).jpg,True,0.7183090373999783,False
4127,grape,1,23,grape001T(8),0,252,148,642,470,images\grape001T(8).jpg,True,0.6951492004510784,False
4128,grape,1,24,grape001T(9),0,285,124,596,472,images\grape001T(9).jpg,True,0.6969391853663627,False
4129,grape,1,25,grape002S(1),0,390,188,690,370,images\grape002S(1).jpg,True,0.7384522770650809,False
4130,grape,1,26,grape002S(10),0,370,184,676,354,images\grape002S(10).jpg,True,0.7352307775767059,False
4131,grape,1,27,grape002S(11),0,412,171,697,348,images\grape002S(11).jpg,True,0.7242771882647683,False
4132,grape,1,28,grape002S(12),0,403,161,698,349,images\grape002S(12).jpg,True,0.7271675723535336,False
4133,grape,1,29,grape002S(13),0,366,152,709,337,images\grape002S(13).jpg,True,0.6956483417200414,False
4134,grape,1,30,grape002S(14),0,376,227,683,394,images\grape002S(14).jpg,True,0.7394784476659961,False
4135,grape,1,31,grape002S(15),0,398,234,687,404,images\grape002S(15).jpg,True,0.7655920348834186,False
4136,grape,1,32,grape002S(16),0,387,183,651,363,images\grape002S(16).jpg,True,0.7401292722570424,False
4137,grape,1,33,grape002S(17),0,378,178,698,351,images\grape002S(17).jpg,True,0.7044790039618944,False
4138,grape,1,34,grape002S(2),0,386,206,665,388,images\grape002S(2).jpg,True,0.7931415807796189,False
4139,grape,1,35,grape002S(3),0,356,197,660,388,images\grape002S(3).jpg,True,0.7516572106595828,False
4140,grape,1,36,grape002S(4),0,422,210,681,402,images\grape002S(4).jpg,True,0.7379415354722998,False
4141,grape,1,37,grape002S(5),0,354,162,696,345,images\grape002S(5).jpg,True,0.7270032684701975,False
4142,grape,1,38,grape002S(6),0,370,197,673,369,images\grape002S(6).jpg,True,0.7344677367299841,False
4143,grape,1,39,grape002S(7),0,395,218,676,387,images\grape002S(7).jpg,True,0.732475069643506,False
4144,grape,1,40,grape002S(8),0,404,192,674,372,images\grape002S(8).jpg,True,0.735758681825571,False
4145,grape,1,41,grape002S(9),0,364,191,691,374,images\grape002S(9).jpg,True,0.7337627437409752,False
4146,grape,1,42,grape002T(1),0,385,161,665,429,images\grape002T(1).jpg,True,0.678688982006536,False
4147,grape,1,43,grape002T(10),0,306,128,574,391,images\grape002T(10).jpg,True,0.6512972450851242,False
4148,grape,1,44,grape002T(11),0,327,191,600,477,images\grape002T(11).jpg,True,0.6594629801681555,False
4149,grape,1,45,grape002T(12),0,353,192,639,486,images\grape002T(12).jpg,True,0.6711774532719961,False
4150,grape,1,46,grape002T(13),0,316,182,601,461,images\grape002T(13).jpg,True,0.6549815264100978,False
4151,grape,1,47,grape002T(14),0,350,143,689,468,images\grape002T(14).jpg,True,0.6841525300783247,False
4152,grape,1,48,grape002T(15),0,375,188,679,509,images\grape002T(15).jpg,True,0.6813052734863141,False
4153,grape,1,49,grape002T(16),0,359,191,684,501,images\grape002T(16).jpg,True,0.6889154224904939,False
4154,grape,1,50,grape002T(17),0,383,151,690,449,images\grape002T(17).jpg,True,0.667624616601415,False
4155,grape,1,51,grape002T(2),0,301,155,627,443,images\grape002T(2).jpg,True,0.6831787731706029,False
4156,grape,1,52,grape002T(3),0,392,174,673,505,images\grape002T(3).jpg,True,0.7131479074562157,False
4157,grape,1,53,grape002T(4),0,322,177,642,443,images\grape002T(4).jpg,True,0.7017514710972654,False
4158,grape,1,54,grape002T(5),0,371,142,631,452,images\grape002T(5).jpg,True,0.7158687495038928,False
4159,grape,1,55,grape002T(6),0,314,165,615,463,images\grape002T(6).jpg,True,0.6634880964601644,False
4160,grape,1,56,grape002T(7),0,359,188,634,473,images\grape002T(7).jpg,True,0.6739181549057669,False
4161,grape,1,57,grape002T(8),0,371,189,671,478,images\grape002T(8).jpg,True,0.6747683059196794,False
4162,grape,1,58,grape002T(9),0,351,210,640,501,images\grape002T(9).jpg,True,0.7011306833804525,False
4163,lemon,1,1,lemon001S(1),0,449,253,597,376,images\lemon001S(1).jpg,True,0.698835938331358,False
4164,lemon,1,2,lemon001S(10),0,466,223,608,343,images\lemon001S(10).jpg,True,0.7654343937840749,False
4165,lemon,1,3,lemon001S(11),0,472,247,600,371,images\lemon001S(11).jpg,True,0.7535176464923684,False
4166,lemon,1,4,lemon001S(12),0,484,272,627,392,images\lemon001S(12).jpg,True,0.73546304282928,False
4167,lemon,1,5,lemon001S(13),0,482,220,628,342,images\lemon001S(13).jpg,True,0.731356920175002,False
4168,lemon,1,6,lemon001S(14),0,492,271,626,393,images\lemon001S(14).jpg,True,0.7599901039540249,False
4169,lemon,1,7,lemon001S(15),0,465,249,614,372,images\lemon001S(15).jpg,True,0.72941498086386,False
4170,lemon,1,8,lemon001S(16),0,462,230,614,353,images\lemon001S(16).jpg,True,0.7230796856741604,False
4171,lemon,1,9,lemon001S(17),0,448,209,595,333,images\lemon001S(17).jpg,True,0.7439054206404826,False
4172,lemon,1,10,lemon001S(18),0,483,222,614,348,images\lemon001S(18).jpg,True,0.7053480824364107,False
4173,lemon,1,11,lemon001S(2),0,440,217,581,343,images\lemon001S(2).jpg,True,0.7402141800542966,False
4174,lemon,1,12,lemon001S(3),0,451,250,574,371,images\lemon001S(3).jpg,True,0.7746831203944167,False
4175,lemon,1,13,lemon001S(4),0,462,232,607,355,images\lemon001S(4).jpg,True,0.7435662627314592,False
4176,lemon,1,14,lemon001S(5),0,455,215,581,335,images\lemon001S(5).jpg,True,0.7677288532962199,False
4177,lemon,1,15,lemon001S(6),0,482,227,627,349,images\lemon001S(6).jpg,True,0.7490812890879992,False
4178,lemon,1,16,lemon001S(7),0,482,237,624,355,images\lemon001S(7).jpg,True,0.7414689066649696,False
4179,lemon,1,17,lemon001S(8),0,491,257,614,379,images\lemon001S(8).jpg,True,0.749113628596701,False
4180,lemon,1,18,lemon001S(9),0,475,298,618,416,images\lemon001S(9).jpg,True,0.7559617894776958,False
4181,lemon,1,19,lemon001T(1),0,426,294,585,480,images\lemon001T(1).jpg,True,0.7161845619669207,False
4182,lemon,1,20,lemon001T(10),0,424,296,597,500,images\lemon001T(10).jpg,True,0.7466262018987605,False
4183,lemon,1,21,lemon001T(11),0,433,285,641,474,images\lemon001T(11).jpg,True,0.7184991232820135,False
4184,lemon,1,22,lemon001T(12),0,465,247,646,450,images\lemon001T(12).jpg,True,0.7299494617099047,False
4185,lemon,1,23,lemon001T(13),0,437,273,610,477,images\lemon001T(13).jpg,True,0.7104604856683931,False
4186,lemon,1,24,lemon001T(14),0,404,235,575,393,images\lemon001T(14).jpg,True,0.7140662150847776,False
4187,lemon,1,25,lemon001T(15),0,417,245,578,439,images\lemon001T(15).jpg,True,0.7319016879698925,False
4188,lemon,1,26,lemon001T(16),0,427,297,563,419,images\lemon001T(16).jpg,True,0.7802276341586942,False
4189,lemon,1,27,lemon001T(17),0,469,288,641,499,images\lemon001T(17).jpg,True,0.7404276867856974,False
4190,lemon,1,28,lemon001T(18),0,434,282,638,457,images\lemon001T(18).jpg,True,0.7028096872500481,False
4191,lemon,1,29,lemon001T(2),0,427,239,588,422,images\lemon001T(2).jpg,True,0.7151490459759429,False
4192,lemon,1,30,lemon001T(3),0,381,253,565,408,images\lemon001T(3).jpg,True,0.7555984900216444,False
4193,lemon,1,31,lemon001T(4),0,401,258,546,432,images\lemon001T(4).jpg,True,0.7528415586066535,False
4194,lemon,1,32,lemon001T(5),0,447,257,625,416,images\lemon001T(5).jpg,True,0.7417055381664945,False
4195,lemon,1,33,lemon001T(6),0,438,254,587,433,images\lemon001T(6).jpg,True,0.7734190864869552,False
4196,lemon,1,34,lemon001T(7),0,432,196,607,409,images\lemon001T(7).jpg,True,0.7463979499794997,False
4197,lemon,1,35,lemon001T(8),0,453,256,627,410,images\lemon001T(8).jpg,True,0.7626605326902933,False
4198,lemon,1,36,lemon001T(9),0,405,180,562,376,images\lemon001T(9).jpg,True,0.7264263714018968,False
4199,lemon,1,37,lemon002S(1),0,529,325,771,517,images\lemon002S(1).jpg,True,0.7178364730037091,False
4200,lemon,1,38,lemon002S(10),0,519,264,649,387,images\lemon002S(10).jpg,True,0.731645120522881,False
4201,lemon,1,39,lemon002S(11),0,516,250,673,373,images\lemon002S(11).jpg,True,0.7657046706098307,False
4202,lemon,1,40,lemon002S(12),0,478,251,608,376,images\lemon002S(12).jpg,True,0.7581738673699561,False
4203,lemon,1,41,lemon002S(13),0,469,277,617,400,images\lemon002S(13).jpg,True,0.7542322635135135,False
4204,lemon,1,42,lemon002S(14),0,477,315,607,442,images\lemon002S(14).jpg,True,0.7521544952705046,False
4205,lemon,1,43,lemon002S(15),0,494,248,644,371,images\lemon002S(15).jpg,True,0.757887161583163,False
4206,lemon,1,44,lemon002S(16),0,515,247,656,374,images\lemon002S(16).jpg,True,0.7436885612088779,False
4207,lemon,1,45,lemon002S(17),0,488,285,643,411,images\lemon002S(17).jpg,True,0.7523915029555392,False
4208,lemon,1,46,lemon002S(18),0,488,268,626,396,images\lemon002S(18).jpg,True,0.7651566068906233,False
4209,lemon,1,47,lemon002S(19),0,471,286,634,406,images\lemon002S(19).jpg,True,0.7383858157671095,False
4210,lemon,1,48,lemon002S(2),0,463,265,595,387,images\lemon002S(2).jpg,True,0.7673505149547761,False
4211,lemon,1,49,lemon002S(20),0,481,245,620,372,images\lemon002S(20).jpg,True,0.7545355473387416,False
4212,lemon,1,50,lemon002S(21),0,493,279,651,401,images\lemon002S(21).jpg,True,0.7336567078351248,False
4213,lemon,1,51,lemon002S(22),0,472,248,611,373,images\lemon002S(22).jpg,True,0.7440447995443431,False
4214,lemon,1,52,lemon002S(23),0,475,271,624,396,images\lemon002S(23).jpg,True,0.7571562353446211,False
4215,lemon,1,53,lemon002S(24),0,473,243,603,370,images\lemon002S(24).jpg,True,0.7374103178269162,False
4216,lemon,1,54,lemon002S(25),0,465,278,621,404,images\lemon002S(25).jpg,True,0.7213649587980739,False
4217,lemon,1,55,lemon002S(26),0,554,326,750,513,images\lemon002S(26).jpg,True,0.732613078383586,False
4218,lemon,1,56,lemon002S(3),0,483,259,638,382,images\lemon002S(3).jpg,True,0.7807603995296093,False
4219,lemon,1,57,lemon002S(4),0,487,240,619,364,images\lemon002S(4).jpg,True,0.7623436365654432,False
4220,lemon,1,58,lemon002S(5),0,498,295,657,420,images\lemon002S(5).jpg,True,0.7300424946672943,False
4221,lemon,1,59,lemon002S(6),0,499,282,634,405,images\lemon002S(6).jpg,True,0.7650194621446268,False
4222,lemon,1,60,lemon002S(7),0,487,246,635,365,images\lemon002S(7).jpg,True,0.7812361347213406,False
4223,lemon,1,61,lemon002S(8),0,505,287,634,412,images\lemon002S(8).jpg,True,0.7677528846107954,False
4224,lemon,1,62,lemon002S(9),0,499,277,647,401,images\lemon002S(9).jpg,True,0.7746824887003125,False
4225,lemon,1,63,lemon002T(1),0,448,247,623,460,images\lemon002T(1).jpg,True,0.7661109390949459,False
4226,lemon,1,64,lemon002T(10),0,416,320,590,485,images\lemon002T(10).jpg,True,0.7751711119094105,False
4227,lemon,1,65,lemon002T(11),0,457,242,626,432,images\lemon002T(11).jpg,True,0.7671449631869149,False
4228,lemon,1,66,lemon002T(12),0,430,235,619,410,images\lemon002T(12).jpg,True,0.7268857433029735,False
4229,lemon,1,67,lemon002T(13),0,466,204,648,414,images\lemon002T(13).jpg,True,0.7579400580821027,False
4230,lemon,1,68,lemon002T(14),0,414,228,591,382,images\lemon002T(14).jpg,True,0.7867416482415501,False
4231,lemon,1,69,lemon002T(15),0,424,250,567,409,images\lemon002T(15).jpg,True,0.7465475068102775,False
4232,lemon,1,70,lemon002T(16),0,379,221,570,390,images\lemon002T(16).jpg,True,0.7183123777068161,False
4233,lemon,1,71,lemon002T(17),0,442,261,625,459,images\lemon002T(17).jpg,True,0.7516011964943146,False
4234,lemon,1,72,lemon002T(18),0,385,172,602,361,images\lemon002T(18).jpg,True,0.7301008280674175,False
4235,lemon,1,73,lemon002T(19),0,406,188,574,389,images\lemon002T(19).jpg,True,0.7310001374799711,False
4236,lemon,1,74,lemon002T(2),0,419,264,603,424,images\lemon002T(2).jpg,True,0.7335895503748664,False
4237,lemon,1,75,lemon002T(20),0,419,222,604,384,images\lemon002T(20).jpg,True,0.7148551024547731,False
4238,lemon,1,76,lemon002T(21),0,437,208,590,385,images\lemon002T(21).jpg,True,0.7176017130887261,False
4239,lemon,1,77,lemon002T(22),0,399,236,581,404,images\lemon002T(22).jpg,True,0.7234388634166196,False
4240,lemon,1,78,lemon002T(23),0,430,233,611,435,images\lemon002T(23).jpg,True,0.7292402108165654,False
4241,lemon,1,79,lemon002T(24),0,406,223,621,402,images\lemon002T(24).jpg,True,0.698947234906139,False
4242,lemon,1,80,lemon002T(25),0,406,207,563,408,images\lemon002T(25).jpg,True,0.7397111602107003,False
4243,lemon,2,1,lemon002T(26),0,356,227,513,364,images\lemon002T(26).jpg,True,0.7153459329377267,False
4244,lemon,2,2,lemon002T(3),0,419,283,576,474,images\lemon002T(3).jpg,True,0.7578700322646682,False
4245,lemon,2,3,lemon002T(4),0,361,309,530,456,images\lemon002T(4).jpg,True,0.7651182621337509,False
4246,lemon,2,4,lemon002T(5),0,423,235,595,424,images\lemon002T(5).jpg,True,0.7901561079199095,False
4247,lemon,2,5,lemon002T(6),0,381,322,570,487,images\lemon002T(6).jpg,True,0.7566437485550459,False
4248,lemon,2,6,lemon002T(7),0,453,239,618,430,images\lemon002T(7).jpg,True,0.7660243126708179,False
4249,lemon,2,7,lemon002T(8),0,395,256,570,419,images\lemon002T(8).jpg,True,0.7256676091162282,False
4250,lemon,2,8,lemon002T(9),0,429,219,597,407,images\lemon002T(9).jpg,True,0.7337316266508022,False
4251,lemon,2,9,lemon003S(1),0,466,162,602,300,images\lemon003S(1).jpg,True,0.7558612635281228,False
4252,lemon,2,10,lemon003S(10),0,481,181,642,323,images\lemon003S(10).jpg,True,0.7641416668686227,False
4253,lemon,2,11,lemon003S(11),0,484,187,628,329,images\lemon003S(11).jpg,True,0.7484655578362127,False
4254,lemon,2,12,lemon003S(12),0,485,190,654,331,images\lemon003S(12).jpg,True,0.7170200391032129,False
4255,lemon,2,13,lemon003S(13),0,477,187,625,328,images\lemon003S(13).jpg,True,0.7399580738587617,False
4256,lemon,2,14,lemon003S(14),0,474,203,629,331,images\lemon003S(14).jpg,True,0.7682425712673052,False
4257,lemon,2,15,lemon003S(15),0,465,187,602,322,images\lemon003S(15).jpg,True,0.7720014732288059,False
4258,lemon,2,16,lemon003S(16),0,455,168,611,309,images\lemon003S(16).jpg,True,0.742730054825472,False
4259,lemon,2,17,lemon003S(17),0,488,170,630,309,images\lemon003S(17).jpg,True,0.7825746458498072,False
4260,lemon,2,18,lemon003S(18),0,472,176,624,313,images\lemon003S(18).jpg,True,0.7597480042808856,False
4261,lemon,2,19,lemon003S(2),0,455,168,610,302,images\lemon003S(2).jpg,True,0.7559942744523858,False
4262,lemon,2,20,lemon003S(3),0,433,192,572,335,images\lemon003S(3).jpg,True,0.7733126340407224,False
4263,lemon,2,21,lemon003S(4),0,463,183,625,323,images\lemon003S(4).jpg,True,0.7303089507825687,False
4264,lemon,2,22,lemon003S(5),0,478,179,621,319,images\lemon003S(5).jpg,True,0.7517655857692567,False
4265,lemon,2,23,lemon003S(6),0,478,190,635,326,images\lemon003S(6).jpg,True,0.7594496038742149,False
4266,lemon,2,24,lemon003S(7),0,492,220,631,355,images\lemon003S(7).jpg,True,0.7530468642374983,False
4267,lemon,2,25,lemon003S(8),0,480,193,638,332,images\lemon003S(8).jpg,True,0.7081485100359535,False
4268,lemon,2,26,lemon003S(9),0,497,224,638,360,images\lemon003S(9).jpg,True,0.7612276388800496,False
4269,lemon,2,27,lemon003T(1),0,510,275,677,463,images\lemon003T(1).jpg,True,0.7252195801794926,False
4270,lemon,2,28,lemon003T(10),0,527,290,698,453,images\lemon003T(10).jpg,True,0.752934362944855,False
4271,lemon,2,29,lemon003T(11),0,448,242,598,406,images\lemon003T(11).jpg,True,0.7676042751642531,False
4272,lemon,2,30,lemon003T(12),0,462,257,642,415,images\lemon003T(12).jpg,True,0.7472709169502232,False
4273,lemon,2,31,lemon003T(13),0,487,272,645,451,images\lemon003T(13).jpg,True,0.7567146620420062,False
4274,lemon,2,32,lemon003T(14),0,468,297,643,451,images\lemon003T(14).jpg,True,0.7643857527426781,False
4275,lemon,2,33,lemon003T(15),0,496,232,655,412,images\lemon003T(15).jpg,True,0.7605141815906898,False
4276,lemon,2,34,lemon003T(16),0,513,292,694,453,images\lemon003T(16).jpg,True,0.7859925146284656,False
4277,lemon,2,35,lemon003T(17),0,513,208,682,394,images\lemon003T(17).jpg,True,0.7331462850507775,False
4278,lemon,2,36,lemon003T(18),0,467,269,636,426,images\lemon003T(18).jpg,True,0.7580160420865205,False
4279,lemon,2,37,lemon003T(2),0,440,273,606,427,images\lemon003T(2).jpg,True,0.7563396252569823,False
4280,lemon,2,38,lemon003T(3),0,498,245,656,424,images\lemon003T(3).jpg,True,0.7207277100792236,False
4281,lemon,2,39,lemon003T(4),0,470,332,658,498,images\lemon003T(4).jpg,True,0.7276677028025731,False
4282,lemon,2,40,lemon003T(5),0,483,275,644,451,images\lemon003T(5).jpg,True,0.7297987114371295,False
4283,lemon,2,41,lemon003T(6),0,450,315,634,478,images\lemon003T(6).jpg,True,0.7059436712562785,False
4284,lemon,2,42,lemon003T(7),0,471,212,630,398,images\lemon003T(7).jpg,True,0.742922059383327,False
4285,lemon,2,43,lemon003T(8),0,464,299,647,460,images\lemon003T(8).jpg,True,0.7262424856703481,False
4286,lemon,2,44,lemon003T(9),0,510,292,664,466,images\lemon003T(9).jpg,True,0.782157250463872,False
4287,lemon,2,45,lemon004S(1),0,492,176,644,302,images\lemon004S(1).jpg,True,0.7749882774516492,False
4288,lemon,2,46,lemon004S(10),0,498,181,629,306,images\lemon004S(10).jpg,True,0.7447065050614001,False
4289,lemon,2,47,lemon004S(11),0,481,169,624,289,images\lemon004S(11).jpg,True,0.7841737867149545,False
4290,lemon,2,48,lemon004S(12),0,460,216,583,341,images\lemon004S(12).jpg,True,0.7712024471653368,False
4291,lemon,2,49,lemon004S(2),0,490,156,618,282,images\lemon004S(2).jpg,True,0.7407132204335853,False
4292,lemon,2,50,lemon004S(3),0,491,161,644,286,images\lemon004S(3).jpg,True,0.7416544519296728,False
4293,lemon,2,51,lemon004S(4),0,502,195,636,319,images\lemon004S(4).jpg,True,0.7592576905168777,False
4294,lemon,2,52,lemon004S(5),0,496,171,643,296,images\lemon004S(5).jpg,True,0.768749705135104,False
4295,lemon,2,53,lemon004S(6),0,481,176,611,298,images\lemon004S(6).jpg,True,0.7519030960542716,False
4296,lemon,2,54,lemon004S(7),0,476,172,621,294,images\lemon004S(7).jpg,True,0.7633532315751814,False
4297,lemon,2,55,lemon004S(8),0,491,214,625,338,images\lemon004S(8).jpg,True,0.732527300275851,False
4298,lemon,2,56,lemon004S(9),0,470,167,615,289,images\lemon004S(9).jpg,True,0.7491290257501824,False
4299,lemon,2,57,lemon004T(1),0,450,283,594,447,images\lemon004T(1).jpg,True,0.7666228325747673,False
4300,lemon,2,58,lemon004T(10),0,434,230,623,398,images\lemon004T(10).jpg,True,0.7416729038798584,False
4301,lemon,2,59,lemon004T(11),0,479,269,632,451,images\lemon004T(11).jpg,True,0.7930468070847004,False
4302,lemon,2,60,lemon004T(12),0,449,286,635,444,images\lemon004T(12).jpg,True,0.7234680463630326,False
4303,lemon,2,61,lemon004T(2),0,418,255,595,408,images\lemon004T(2).jpg,True,0.7449622508749394,False
4304,lemon,2,62,lemon004T(3),0,457,237,627,442,images\lemon004T(3).jpg,True,0.7460390684043149,False
4305,lemon,2,63,lemon004T(4),0,413,262,601,431,images\lemon004T(4).jpg,True,0.7660579093820814,False
4306,lemon,2,64,lemon004T(5),0,462,234,614,417,images\lemon004T(5).jpg,True,0.7614639342643117,False
4307,lemon,2,65,lemon004T(6),0,432,231,603,380,images\lemon004T(6).jpg,True,0.7298472815308744,False
4308,lemon,2,66,lemon004T(7),0,439,231,582,396,images\lemon004T(7).jpg,True,0.7218305235567891,False
4309,lemon,2,67,lemon004T(8),0,412,274,589,425,images\lemon004T(8).jpg,True,0.7588327586562994,False
4310,lemon,2,68,lemon004T(9),0,488,272,637,450,images\lemon004T(9).jpg,True,0.7488924865427844,False
4311,lemon,2,69,mix009S(1),1,606,261,746,387,images\mix009S(1).jpg,True,0.7492814840954679,False
4312,lemon,2,70,mix009S(2),0,299,296,428,417,images\mix009S(2).jpg,True,0.7724719734202076,False
4313,lemon,2,71,mix009S(3),1,590,259,722,382,images\mix009S(3).jpg,True,0.7639473991373168,False
4314,lemon,2,72,mix009S(4),0,297,240,422,357,images\mix009S(4).jpg,True,0.7942846437692919,False
4315,lemon,2,73,mix009T(1),1,382,376,536,515,images\mix009T(1).jpg,True,0.773505089480806,False
4316,lemon,2,74,mix009T(2),0,361,108,521,253,images\mix009T(2).jpg,True,0.7712425093498428,False
4317,lemon,2,75,mix009T(3),1,417,405,584,559,images\mix009T(3).jpg,True,0.7620330265704159,False
4318,lemon,2,76,mix009T(4),0,405,82,557,217,images\mix009T(4).jpg,True,0.7540538995773994,False
4319,lemon,2,77,mix010S(1),1,612,220,757,352,images\mix010S(1).jpg,True,0.7752411647120855,False
4320,lemon,2,78,mix010S(2),0,307,284,432,401,images\mix010S(2).jpg,True,0.7597153587043565,False
4321,lemon,2,79,mix010S(3),1,607,261,757,395,images\mix010S(3).jpg,True,0.7595680092994478,False
4322,lemon,2,80,mix010S(4),0,333,243,470,369,images\mix010S(4).jpg,True,0.8049043860887962,False
4323,lemon,3,1,mix010S(5),1,604,230,751,364,images\mix010S(5).jpg,True,0.7794598295958344,False
4324,lemon,3,2,mix010S(6),0,324,267,452,390,images\mix010S(6).jpg,True,0.7697200661082122,False
4325,lemon,3,3,mix010T(1),1,359,419,515,557,images\mix010T(1).jpg,True,0.740544273211443,False
4326,lemon,3,4,mix010T(2),0,427,49,610,209,images\mix010T(2).jpg,True,0.7640249848981849,False
4327,lemon,3,5,mix010T(3),1,387,402,587,580,images\mix010T(3).jpg,True,0.7287717347881464,False
4328,lemon,3,6,mix010T(4),1,349,363,515,504,images\mix010T(4).jpg,True,0.762939255012307,False
4329,lemon,3,7,mix010T(5),0,367,69,540,227,images\mix010T(5).jpg,True,0.7506748930071533,False
4330,lemon,3,8,mix010T(6),1,380,366,538,505,images\mix010T(6).jpg,True,0.7731835395140093,False
4331,lemon,3,9,mix010T(7),0,399,135,562,269,images\mix010T(7).jpg,True,0.7523354672909939,False
4332,lemon,3,10,mix012S(1),0,312,172,450,306,images\mix012S(1).jpg,True,0.7535066860341252,False
4333,lemon,3,11,mix012S(2),1,562,177,713,319,images\mix012S(2).jpg,True,0.7442034483480416,False
4334,lemon,3,12,mix012S(3),1,290,214,428,346,images\mix012S(3).jpg,True,0.7907309081007198,False
4335,lemon,3,13,mix012S(4),1,619,189,765,324,images\mix012S(4).jpg,True,0.7722933504667885,False
4336,lemon,3,14,mix012T(1),0,395,71,550,220,images\mix012T(1).jpg,True,0.7324711899881798,False
4337,lemon,3,15,mix012T(2),1,396,367,543,501,images\mix012T(2).jpg,True,0.7432477511646215,False
4338,lemon,3,16,mix012T(3),0,375,65,531,201,images\mix012T(3).jpg,True,0.7474770636884284,False
4339,lemon,3,17,mix012T(4),1,340,377,486,511,images\mix012T(4).jpg,True,0.7739478670147095,False
4340,lemon,3,18,mix013S(1),0,316,206,454,331,images\mix013S(1).jpg,True,0.748808013031709,False
4341,lemon,3,19,mix013S(2),1,603,176,746,305,images\mix013S(2).jpg,True,0.7778898293637377,False
4342,lemon,3,20,mix013S(3),0,325,181,454,310,images\mix013S(3).jpg,True,0.7810740493755396,False
4343,lemon,3,21,mix013S(4),1,602,193,748,329,images\mix013S(4).jpg,True,0.7966119296293805,False
4344,lemon,3,22,mix013T(1),0,388,78,531,208,images\mix013T(1).jpg,True,0.7382150370105626,False
4345,lemon,3,23,mix013T(2),1,395,366,529,487,images\mix013T(2).jpg,True,0.7684421182184166,False
4346,lemon,3,24,mix013T(3),0,376,90,531,227,images\mix013T(3).jpg,True,0.7504844388249392,False
4347,lemon,3,25,mix013T(4),1,363,352,500,483,images\mix013T(4).jpg,True,0.7361748933155262,False
4348,litchi,1,1,litchi001S(1),0,476,297,583,410,images\litchi001S(1).jpg,True,0.7263686855329278,False
4349,litchi,1,2,litchi001S(2),0,523,328,632,442,images\litchi001S(2).jpg,True,0.7433363495042427,False
4350,litchi,1,3,litchi001S(3),0,480,303,597,415,images\litchi001S(3).jpg,True,0.7258333953076102,False
4351,litchi,1,4,litchi001S(4),0,501,325,605,430,images\litchi001S(4).jpg,True,0.7833317764370153,False
4352,litchi,1,5,litchi001S(5),0,488,300,604,410,images\litchi001S(5).jpg,True,0.7175494091207517,False
4353,litchi,1,6,litchi001S(6),0,480,318,594,425,images\litchi001S(6).jpg,True,0.7384394878998641,False
4354,litchi,1,7,litchi001S(7),0,531,335,647,442,images\litchi001S(7).jpg,True,0.7328481501533075,False
4355,litchi,1,8,litchi001T(1),0,453,236,596,368,images\litchi001T(1).jpg,True,0.7361013675016865,False
4356,litchi,1,9,litchi001T(2),0,397,219,545,372,images\litchi001T(2).jpg,True,0.7763633964635186,False
4357,litchi,1,10,litchi001T(3),0,438,220,574,368,images\litchi001T(3).jpg,True,0.750184954981088,False
4358,litchi,1,11,litchi001T(4),0,456,242,594,370,images\litchi001T(4).jpg,True,0.6931278742357551,False
4359,litchi,1,12,litchi001T(5),0,442,268,557,391,images\litchi001T(5).jpg,True,0.7536476617622281,False
4360,litchi,1,13,litchi001T(6),0,429,214,560,338,images\litchi001T(6).jpg,True,0.7282713184595169,False
4361,litchi,1,14,litchi001T(7),0,465,207,608,356,images\litchi001T(7).jpg,True,0.7414795351067912,False
4362,litchi,1,15,litchi002S(1),0,467,312,583,413,images\litchi002S(1).jpg,True,0.7421966754307388,False
4363,litchi,1,16,litchi002S(2),0,501,294,618,398,images\litchi002S(2).jpg,True,0.7347273558409588,False
4364,litchi,1,17,litchi002S(3),0,491,323,609,421,images\litchi002S(3).jpg,True,0.774411600365237,False
4365,litchi,1,18,litchi002S(4),0,496,290,618,394,images\litchi002S(4).jpg,True,0.728372859765464,False
4366,litchi,1,19,litchi002S(5),0,487,310,610,414,images\litchi002S(5).jpg,True,0.7460249342619987,False
4367,litchi,1,20,litchi002S(6),0,498,283,619,387,images\litchi002S(6).jpg,True,0.7661801445342782,False
4368,litchi,1,21,litchi002S(7),0,493,308,606,412,images\litchi002S(7).jpg,True,0.7582490249315836,False
4369,litchi,1,22,litchi002S(8),0,476,302,588,405,images\litchi002S(8).jpg,True,0.7562790894042679,False
4370,litchi,1,23,litchi002T(1),0,447,260,564,381,images\litchi002T(1).jpg,True,0.7439194467418666,False
4371,litchi,1,24,litchi002T(2),0,442,239,582,376,images\litchi002T(2).jpg,True,0.7297892086058502,False
4372,litchi,1,25,litchi002T(3),0,431,224,575,363,images\litchi002T(3).jpg,True,0.7584452776811024,False
4373,litchi,1,26,litchi002T(4),0,445,214,604,358,images\litchi002T(4).jpg,True,0.7537587667768562,False
4374,litchi,1,27,litchi002T(5),0,450,239,595,389,images\litchi002T(5).jpg,True,0.7805993956173822,False
4375,litchi,1,28,litchi002T(6),0,469,246,621,386,images\litchi002T(6).jpg,True,0.7339680437302465,False
4376,litchi,1,29,litchi002T(7),0,451,227,589,360,images\litchi002T(7).jpg,True,0.73559351513767,False
4377,litchi,1,30,litchi002T(8),0,454,256,586,397,images\litchi002T(8).jpg,True,0.7640197964795674,False
4378,litchi,1,31,litchi003S(1),0,496,296,630,414,images\litchi003S(1).jpg,True,0.7409978316395429,False
4379,litchi,1,32,litchi003S(2),0,482,320,601,437,images\litchi003S(2).jpg,True,0.7179881052111897,False
4380,litchi,1,33,litchi003S(3),0,468,315,589,425,images\litchi003S(3).jpg,True,0.7465814157544279,False
4381,litchi,1,34,litchi003S(4),0,507,299,629,416,images\litchi003S(4).jpg,True,0.7172166266319847,False
4382,litchi,1,35,litchi003S(5),0,480,334,610,449,images\litchi003S(5).jpg,True,0.7400674159980416,False
4383,litchi,1,36,litchi003S(6),0,495,292,616,413,images\litchi003S(6).jpg,True,0.7195425230250021,False
4384,litchi,1,37,litchi003S(7),0,493,274,629,392,images\litchi003S(7).jpg,True,0.7355205091219441,False
4385,litchi,1,38,litchi003S(8),0,482,292,600,407,images\litchi003S(8).jpg,True,0.7284222371956677,False
4386,litchi,1,39,litchi003T(1),0,492,274,633,424,images\litchi003T(1).jpg,True,0.7738804065227263,False
4387,litchi,1,40,litchi003T(2),0,420,257,592,400,images\litchi003T(2).jpg,True,0.7165658929371286,False
4388,litchi,1,41,litchi003T(3),0,426,299,573,463,images\litchi003T(3).jpg,True,0.7521422815777654,False
4389,litchi,1,42,litchi003T(4),0,433,255,598,416,images\litchi003T(4).jpg,True,0.7526271946726493,False
4390,litchi,1,43,litchi003T(5),0,447,269,589,428,images\litchi003T(5).jpg,True,0.7386720299038747,False
4391,litchi,1,44,litchi003T(6),0,469,270,619,393,images\litchi003T(6).jpg,True,0.7817599104264463,False
4392,litchi,1,45,litchi003T(7),0,484,256,615,402,images\litchi003T(7).jpg,True,0.7158580847699751,False
4393,litchi,1,46,litchi003T(8),0,462,254,610,400,images\litchi003T(8).jpg,True,0.7060531789664558,False
4394,litchi,1,47,litchi004S(1),0,473,307,584,410,images\litchi004S(1).jpg,True,0.7933634004667607,False
4395,litchi,1,48,litchi004S(2),0,510,305,638,421,images\litchi004S(2).jpg,True,0.7096614131921011,False
4396,litchi,1,49,litchi004S(3),0,492,326,624,440,images\litchi004S(3).jpg,True,0.6929061784897026,False
4397,litchi,1,50,litchi004S(4),0,504,317,636,425,images\litchi004S(4).jpg,True,0.7486703685866842,False
4398,litchi,1,51,litchi004S(5),0,498,320,616,440,images\litchi004S(5).jpg,True,0.7206082625246908,False
4399,litchi,1,52,litchi004S(6),0,487,327,608,435,images\litchi004S(6).jpg,True,0.758199485052309,False
4400,litchi,1,53,litchi004S(7),0,528,312,651,418,images\litchi004S(7).jpg,True,0.7656753584570486,False
4401,litchi,1,54,litchi004S(8),0,486,306,613,415,images\litchi004S(8).jpg,True,0.713098202163873,False
4402,litchi,1,55,litchi004T(1),0,486,320,652,470,images\litchi004T(1).jpg,True,0.7630441732702293,False
4403,litchi,1,56,litchi004T(2),0,440,215,587,373,images\litchi004T(2).jpg,True,0.7402161058492097,False
4404,litchi,1,57,litchi004T(3),0,516,244,680,397,images\litchi004T(3).jpg,True,0.7337469614321388,False
4405,litchi,1,58,litchi004T(4),0,473,265,623,422,images\litchi004T(4).jpg,True,0.7680519947654749,False
4406,litchi,1,59,litchi004T(5),0,432,278,578,412,images\litchi004T(5).jpg,True,0.718946868946869,False
4407,litchi,1,60,litchi004T(6),0,473,242,599,378,images\litchi004T(6).jpg,True,0.7575150460246036,False
4408,litchi,1,61,litchi004T(7),0,459,295,600,425,images\litchi004T(7).jpg,True,0.7383378218457448,False
4409,litchi,1,62,litchi004T(8),0,493,274,637,429,images\litchi004T(8).jpg,True,0.7475289577695889,False
4410,litchi,1,63,litchi005S(1),0,445,333,573,447,images\litchi005S(1).jpg,True,0.6855090431015682,False
4411,litchi,1,64,litchi005S(2),0,485,301,606,415,images\litchi005S(2).jpg,True,0.7411810457373142,False
4412,litchi,1,65,litchi005S(3),0,517,308,647,420,images\litchi005S(3).jpg,True,0.7470234673425948,False
4413,litchi,1,66,litchi005S(4),0,498,312,614,427,images\litchi005S(4).jpg,True,0.7044554776155394,False
4414,litchi,1,67,litchi005S(5),0,501,306,625,421,images\litchi005S(5).jpg,True,0.7092678200810756,False
4415,litchi,1,68,litchi005S(6),0,509,276,627,383,images\litchi005S(6).jpg,True,0.7619213787062044,False
4416,litchi,1,69,litchi005S(7),0,512,317,632,426,images\litchi005S(7).jpg,True,0.7614870655157018,False
4417,litchi,1,70,litchi005S(8),0,499,329,613,436,images\litchi005S(8).jpg,True,0.7691237596499059,False
4418,litchi,1,71,litchi005T(1),0,484,268,631,413,images\litchi005T(1).jpg,True,0.7613662866711582,False
4419,litchi,1,72,litchi005T(2),0,493,320,625,447,images\litchi005T(2).jpg,True,0.7439625512022768,False
4420,litchi,1,73,litchi005T(3),0,523,245,661,399,images\litchi005T(3).jpg,True,0.7316351499558548,False
4421,litchi,1,74,litchi005T(4),0,455,277,601,412,images\litchi005T(4).jpg,True,0.7142340314007327,False
4422,litchi,1,75,litchi005T(5),0,476,275,622,429,images\litchi005T(5).jpg,True,0.7344952796249437,False
4423,litchi,1,76,litchi005T(6),0,474,261,634,406,images\litchi005T(6).jpg,True,0.7280629599833346,False
4424,litchi,1,77,litchi005T(7),0,505,290,642,435,images\litchi005T(7).jpg,True,0.758149660157307,False
4425,litchi,1,78,litchi005T(8),0,461,231,606,376,images\litchi005T(8).jpg,True,0.7222246524553855,False
4426,mango,1,1,mango001S(1),0,435,307,620,462,images\mango001S(1).jpg,True,0.7706946414569477,False
4427,mango,1,2,mango001S(2),0,397,333,594,495,images\mango001S(2).jpg,True,0.7525192533493033,False
4428,mango,1,3,mango001S(3),0,362,282,606,434,images\mango001S(3).jpg,True,0.7870423956038122,False
4429,mango,1,4,mango001S(4),0,403,259,661,416,images\mango001S(4).jpg,True,0.768664653710182,False
4430,mango,1,5,mango001S(5),0,415,333,607,489,images\mango001S(5).jpg,True,0.7391656830267425,False
4431,mango,1,6,mango001S(6),0,412,254,659,403,images\mango001S(6).jpg,True,0.7432514918651129,False
4432,mango,1,7,mango001S(7),0,438,289,625,440,images\mango001S(7).jpg,True,0.7655015217771712,False
4433,mango,1,8,mango001S(8),0,406,275,674,435,images\mango001S(8).jpg,True,0.748892236672809,False
4434,mango,1,9,mango001T(1),0,366,328,626,512,images\mango001T(1).jpg,True,0.7624535059859467,False
4435,mango,1,10,mango001T(2),0,385,261,551,488,images\mango001T(2).jpg,True,0.771420310159905,False
4436,mango,1,11,mango001T(3),0,320,298,554,457,images\mango001T(3).jpg,True,0.7391959100490215,False
4437,mango,1,12,mango001T(4),0,343,229,606,428,images\mango001T(4).jpg,True,0.7300459939810395,False
4438,mango,1,13,mango001T(5),0,421,277,549,457,images\mango001T(5).jpg,True,0.7363545075793341,False
4439,mango,1,14,mango001T(6),0,374,238,540,465,images\mango001T(6).jpg,True,0.7763446458760392,False
4440,mango,1,15,mango001T(7),0,306,308,550,484,images\mango001T(7).jpg,True,0.741596367481834,False
4441,mango,1,16,mango001T(8),0,389,258,549,489,images\mango001T(8).jpg,True,0.744244862093426,False
4442,mango,1,17,mango002S(1),0,441,337,606,470,images\mango002S(1).jpg,True,0.6970283957016119,False
4443,mango,1,18,mango002S(10),0,421,299,640,429,images\mango002S(10).jpg,True,0.7383663663711134,False
4444,mango,1,19,mango002S(2),0,428,352,675,485,images\mango002S(2).jpg,True,0.7507300767057365,False
4445,mango,1,20,mango002S(3),0,474,295,657,434,images\mango002S(3).jpg,True,0.7874919741884674,False
4446,mango,1,21,mango002S(4),0,425,324,667,468,images\mango002S(4).jpg,True,0.7399318360109013,False
4447,mango,1,22,mango002S(5),0,448,259,691,392,images\mango002S(5).jpg,True,0.7265110130178815,False
4448,mango,1,23,mango002S(6),0,423,294,598,426,images\mango002S(6).jpg,True,0.7438138465715971,False
4449,mango,1,24,mango002S(7),0,428,287,675,422,images\mango002S(7).jpg,True,0.7454236298515555,False
4450,mango,1,25,mango002S(8),0,455,266,634,402,images\mango002S(8).jpg,True,0.762534603617109,False
4451,mango,1,26,mango002S(9),0,440,290,677,416,images\mango002S(9).jpg,True,0.7612262922519252,False
4452,mango,1,27,mango002T(1),0,356,285,613,471,images\mango002T(1).jpg,True,0.7479117894460889,False
4453,mango,1,28,mango002T(10),0,392,263,534,468,images\mango002T(10).jpg,True,0.7409993834726656,False
4454,mango,1,29,mango002T(2),0,420,234,606,492,images\mango002T(2).jpg,True,0.749082455787391,False
4455,mango,1,30,mango002T(3),0,327,246,572,421,images\mango002T(3).jpg,True,0.7474714403432616,False
4456,mango,1,31,mango002T(4),0,383,277,584,557,images\mango002T(4).jpg,True,0.7312024825848111,False
4457,mango,1,32,mango002T(5),0,391,223,586,475,images\mango002T(5).jpg,True,0.7188043491920082,False
4458,mango,1,33,mango002T(6),0,287,255,527,437,images\mango002T(6).jpg,True,0.7394477755545315,False
4459,mango,1,34,mango002T(7),0,416,250,587,493,images\mango002T(7).jpg,True,0.7585512323576935,False
4460,mango,1,35,mango002T(8),0,342,245,575,415,images\mango002T(8).jpg,True,0.7411989126639047,False
4461,mango,1,36,mango002T(9),0,429,237,585,456,images\mango002T(9).jpg,True,0.7199962797619048,False
4462,mango,1,37,mango003S(1),0,391,219,552,305,images\mango003S(1).jpg,True,0.7034504370773544,False
4463,mango,1,38,mango003S(10),0,479,239,698,408,images\mango003S(10).jpg,True,0.750870620975663,False
4464,mango,1,39,mango003S(11),0,433,235,632,390,images\mango003S(11).jpg,True,0.7364460849028927,False
4465,mango,1,40,mango003S(2),0,444,274,710,424,images\mango003S(2).jpg,True,0.7209444612970735,False
4466,mango,1,41,mango003S(3),0,454,253,725,412,images\mango003S(3).jpg,True,0.7220215935044699,False
4467,mango,1,42,mango003S(4),0,424,245,675,396,images\mango003S(4).jpg,True,0.7858925522746376,False
4468,mango,1,43,mango003S(5),0,437,272,708,429,images\mango003S(5).jpg,True,0.7426367752454139,False
4469,mango,1,44,mango003S(6),0,455,308,710,463,images\mango003S(6).jpg,True,0.7585093408651866,False
4470,mango,1,45,mango003S(7),0,433,277,705,444,images\mango003S(7).jpg,True,0.7539490881213313,False
4471,mango,1,46,mango003S(8),0,437,279,700,432,images\mango003S(8).jpg,True,0.7334134332710422,False
4472,mango,1,47,mango003S(9),0,473,221,757,393,images\mango003S(9).jpg,True,0.721702036466248,False
4473,mango,1,48,mango003T(1),0,323,236,561,400,images\mango003T(1).jpg,True,0.7633109001076335,False
4474,mango,1,49,mango003T(10),0,324,186,526,459,images\mango003T(10).jpg,True,0.731024829317376,False
4475,mango,1,50,mango003T(11),0,335,234,512,477,images\mango003T(11).jpg,True,0.6854731845853945,False
4476,mango,1,51,mango003T(2),0,392,199,655,388,images\mango003T(2).jpg,True,0.7395270204074409,False
4477,mango,1,52,mango003T(3),0,405,179,607,454,images\mango003T(3).jpg,True,0.691751770936736,False
4478,mango,1,53,mango003T(4),0,429,225,629,494,images\mango003T(4).jpg,True,0.7191662362919848,False
4479,mango,1,54,mango003T(5),0,416,217,609,486,images\mango003T(5).jpg,True,0.7407457297449754,False
4480,mango,1,55,mango003T(6),0,398,179,593,445,images\mango003T(6).jpg,True,0.7362463833721016,False
4481,mango,1,56,mango003T(7),0,404,192,589,441,images\mango003T(7).jpg,True,0.7277962819834844,False
4482,mango,1,57,mango003T(8),0,302,247,469,468,images\mango003T(8).jpg,True,0.7087787912337902,False
4483,mango,1,58,mango003T(9),0,384,267,531,452,images\mango003T(9).jpg,True,0.6988051947729367,False
4484,mango,1,59,mango004S(1),0,452,335,598,416,images\mango004S(1).jpg,True,0.7618522348758933,False
4485,mango,1,60,mango004S(10),0,471,293,600,365,images\mango004S(10).jpg,True,0.7547735801093602,False
4486,mango,1,61,mango004S(2),0,462,327,624,409,images\mango004S(2).jpg,True,0.7382017955019702,False
4487,mango,1,62,mango004S(3),0,419,312,582,391,images\mango004S(3).jpg,True,0.6989380081300813,False
4488,mango,1,63,mango004S(4),0,468,348,624,425,images\mango004S(4).jpg,True,0.7684511142358257,False
4489,mango,1,64,mango004S(5),0,435,328,591,402,images\mango004S(5).jpg,True,0.7587546289661731,False
4490,mango,1,65,mango004S(6),0,467,347,573,420,images\mango004S(6).jpg,True,0.7618568768483254,False
4491,mango,1,66,mango004S(7),0,388,353,543,436,images\mango004S(7).jpg,True,0.7392258469287989,False
4492,mango,1,67,mango004S(8),0,445,318,596,398,images\mango004S(8).jpg,True,0.7381046297334377,False
4493,mango,1,68,mango004S(9),0,440,330,593,407,images\mango004S(9).jpg,True,0.7910512848761352,False
4494,mango,1,69,mango004T(1),0,427,230,563,417,images\mango004T(1).jpg,True,0.730654311020365,False
4495,mango,1,70,mango004T(10),0,409,311,559,414,images\mango004T(10).jpg,True,0.7144313483303549,False
4496,mango,1,71,mango004T(2),0,508,243,666,465,images\mango004T(2).jpg,True,0.7345655875370936,False
4497,mango,1,72,mango004T(3),0,461,291,608,498,images\mango004T(3).jpg,True,0.7642286613606688,False
4498,mango,1,73,mango004T(4),0,412,317,541,507,images\mango004T(4).jpg,True,0.7440391695492821,False
4499,mango,1,74,mango004T(5),0,428,325,553,508,images\mango004T(5).jpg,True,0.7879717900672332,False
4500,mango,1,75,mango004T(6),0,425,240,616,369,images\mango004T(6).jpg,True,0.7525557417790447,False
4501,mango,1,76,mango004T(7),0,481,228,623,438,images\mango004T(7).jpg,True,0.7401525096844684,False
4502,mango,1,77,mango004T(8),0,484,228,626,432,images\mango004T(8).jpg,True,0.7761482019682356,False
4503,mango,1,78,mango004T(9),0,476,322,631,534,images\mango004T(9).jpg,True,0.7472388660941909,False
4504,mango,1,79,mango005S(1),0,465,370,646,460,images\mango005S(1).jpg,True,0.7601050384572225,False
4505,mango,1,80,mango005S(10),0,468,326,670,418,images\mango005S(10).jpg,True,0.7371361397223466,False
4506,mango,2,1,mango005S(11),0,476,326,664,420,images\mango005S(11).jpg,True,0.7557865507826026,False
4507,mango,2,2,mango005S(12),0,511,355,692,445,images\mango005S(12).jpg,True,0.7624950130161086,False
4508,mango,2,3,mango005S(2),0,466,321,654,409,images\mango005S(2).jpg,True,0.7316329637996712,False
4509,mango,2,4,mango005S(3),0,430,323,617,414,images\mango005S(3).jpg,True,0.7366312649730781,False
4510,mango,2,5,mango005S(4),0,455,332,640,421,images\mango005S(4).jpg,True,0.758765152099738,False
4511,mango,2,6,mango005S(5),0,462,355,650,446,images\mango005S(5).jpg,True,0.6985073258559947,False
4512,mango,2,7,mango005S(6),0,439,308,620,400,images\mango005S(6).jpg,True,0.7345145366966999,False
4513,mango,2,8,mango005S(7),0,443,352,630,446,images\mango005S(7).jpg,True,0.7487575807554205,False
4514,mango,2,9,mango005S(8),0,452,278,639,365,images\mango005S(8).jpg,True,0.7648876242528055,False
4515,mango,2,10,mango005S(9),0,473,331,664,419,images\mango005S(9).jpg,True,0.7169049120114028,False
4516,mango,2,11,mango005T(1),0,435,222,556,410,images\mango005T(1).jpg,True,0.7462814669319164,False
4517,mango,2,12,mango005T(10),0,439,235,571,435,images\mango005T(10).jpg,True,0.732821020645636,False
4518,mango,2,13,mango005T(11),0,435,276,552,462,images\mango005T(11).jpg,True,0.7931386523698288,False
4519,mango,2,14,mango005T(12),0,444,285,564,471,images\mango005T(12).jpg,True,0.7575625787104447,False
4520,mango,2,15,mango005T(2),0,461,302,573,485,images\mango005T(2).jpg,True,0.765675775047934,False
4521,mango,2,16,mango005T(3),0,414,201,525,387,images\mango005T(3).jpg,True,0.7416191685962443,False
4522,mango,2,17,mango005T(4),0,405,294,516,483,images\mango005T(4).jpg,True,0.746559038012676,False
4523,mango,2,18,mango005T(5),0,411,216,534,408,images\mango005T(5).jpg,True,0.7470631803825958,False
4524,mango,2,19,mango005T(6),0,376,221,496,411,images\mango005T(6).jpg,True,0.7296697034237707,False
4525,mango,2,20,mango005T(7),0,486,274,614,473,images\mango005T(7).jpg,True,0.7430060042094702,False
4526,mango,2,21,mango005T(8),0,450,202,573,400,images\mango005T(8).jpg,True,0.7540566572330218,False
4527,mango,2,22,mango005T(9),0,471,282,595,482,images\mango005T(9).jpg,True,0.7381870374721716,False
4528,mango,2,23,mango006S(1),0,434,327,640,427,images\mango006S(1).jpg,True,0.7586017009676869,False
4529,mango,2,24,mango006S(10),0,466,338,662,432,images\mango006S(10).jpg,True,0.7616780607511054,False
4530,mango,2,25,mango006S(11),0,461,299,657,398,images\mango006S(11).jpg,True,0.748612524422726,False
4531,mango,2,26,mango006S(12),0,452,295,659,394,images\mango006S(12).jpg,True,0.739285058918403,False
4532,mango,2,27,mango006S(13),0,446,271,653,371,images\mango006S(13).jpg,True,0.7584065385525425,False
4533,mango,2,28,mango006S(14),0,468,306,684,405,images\mango006S(14).jpg,True,0.7424852623512849,False
4534,mango,2,29,mango006S(2),0,469,275,685,372,images\mango006S(2).jpg,True,0.7349723788003875,False
4535,mango,2,30,mango006S(3),0,456,323,667,422,images\mango006S(3).jpg,True,0.7550898443002627,False
4536,mango,2,31,mango006S(4),0,441,329,635,423,images\mango006S(4).jpg,True,0.785364606462024,False
4537,mango,2,32,mango006S(5),0,467,279,684,378,images\mango006S(5).jpg,True,0.7482967489209351,False
4538,mango,2,33,mango006S(6),0,467,281,681,378,images\mango006S(6).jpg,True,0.7687480322113873,False
4539,mango,2,34,mango006S(7),0,486,271,699,368,images\mango006S(7).jpg,True,0.7936866324017504,False
4540,mango,2,35,mango006S(8),0,450,298,666,396,images\mango006S(8).jpg,True,0.7113655323814208,False
4541,mango,2,36,mango006S(9),0,476,286,684,381,images\mango006S(9).jpg,True,0.7492963034230475,False
4542,mango,2,37,mango006T(1),0,407,312,533,508,images\mango006T(1).jpg,True,0.7357515632751876,False
4543,mango,2,38,mango006T(10),0,423,231,547,439,images\mango006T(10).jpg,True,0.7593295473420469,False
4544,mango,2,39,mango006T(11),0,446,274,587,492,images\mango006T(11).jpg,True,0.724669772555717,False
4545,mango,2,40,mango006T(12),0,409,261,524,444,images\mango006T(12).jpg,True,0.780171579496559,False
4546,mango,2,41,mango006T(13),0,401,236,538,445,images\mango006T(13).jpg,True,0.7539648051027202,False
4547,mango,2,42,mango006T(14),0,462,251,605,483,images\mango006T(14).jpg,True,0.7397721015034302,False
4548,mango,2,43,mango006T(2),0,382,215,521,437,images\mango006T(2).jpg,True,0.7520143948782732,False
4549,mango,2,44,mango006T(3),0,409,220,555,440,images\mango006T(3).jpg,True,0.7041435163809113,False
4550,mango,2,45,mango006T(4),0,455,226,611,478,images\mango006T(4).jpg,True,0.7424356500418747,False
4551,mango,2,46,mango006T(5),0,467,248,620,491,images\mango006T(5).jpg,True,0.7237659852032885,False
4552,mango,2,47,mango006T(6),0,417,184,574,419,images\mango006T(6).jpg,True,0.7397484205371965,False
4553,mango,2,48,mango006T(7),0,446,237,587,460,images\mango006T(7).jpg,True,0.6948192959013941,False
4554,mango,2,49,mango006T(8),0,443,244,570,437,images\mango006T(8).jpg,True,0.6895643150020998,False
4555,mango,2,50,mango006T(9),0,389,222,530,436,images\mango006T(9).jpg,True,0.7282444049358765,False
4556,mango,2,51,mango007S(1),0,459,299,630,381,images\mango007S(1).jpg,True,0.7735186774261138,False
4557,mango,2,52,mango007S(10),0,426,286,592,370,images\mango007S(10).jpg,True,0.7422431490691663,False
4558,mango,2,53,mango007S(11),0,427,283,594,374,images\mango007S(11).jpg,True,0.7468051868363054,False
4559,mango,2,54,mango007S(12),0,394,277,556,364,images\mango007S(12).jpg,True,0.7355716871045996,False
4560,mango,2,55,mango007S(13),0,430,295,594,378,images\mango007S(13).jpg,True,0.7816467244658734,False
4561,mango,2,56,mango007S(2),0,467,269,641,359,images\mango007S(2).jpg,True,0.7400500250948255,False
4562,mango,2,57,mango007S(3),0,442,329,603,418,images\mango007S(3).jpg,True,0.7593774220996179,False
4563,mango,2,58,mango007S(4),0,448,302,608,379,images\mango007S(4).jpg,True,0.8066855688687093,False
4564,mango,2,59,mango007S(5),0,450,289,618,378,images\mango007S(5).jpg,True,0.7531019749024849,False
4565,mango,2,60,mango007S(6),0,443,252,567,339,images\mango007S(6).jpg,True,0.7436791141180592,False
4566,mango,2,61,mango007S(7),0,411,283,575,368,images\mango007S(7).jpg,True,0.75939306204392,False
4567,mango,2,62,mango007S(8),0,425,330,591,412,images\mango007S(8).jpg,True,0.780933652110587,False
4568,mango,2,63,mango007S(9),0,421,273,590,362,images\mango007S(9).jpg,True,0.7630271529518329,False
4569,mango,2,64,mango007T(1),0,443,283,569,463,images\mango007T(1).jpg,True,0.7729345785428048,False
4570,mango,2,65,mango007T(10),0,477,247,599,423,images\mango007T(10).jpg,True,0.7333630945153622,False
4571,mango,2,66,mango007T(11),0,464,239,599,413,images\mango007T(11).jpg,True,0.7148739090298758,False
4572,mango,2,67,mango007T(12),0,510,228,660,425,images\mango007T(12).jpg,True,0.6991061370728966,False
4573,mango,2,68,mango007T(13),0,437,273,561,457,images\mango007T(13).jpg,True,0.768496363483365,False
4574,mango,2,69,mango007T(2),0,443,246,577,433,images\mango007T(2).jpg,True,0.7346577806426797,False
4575,mango,2,70,mango007T(3),0,456,280,588,466,images\mango007T(3).jpg,True,0.7581941082809148,False
4576,mango,2,71,mango007T(4),0,460,264,590,447,images\mango007T(4).jpg,True,0.7456345199340889,False
4577,mango,2,72,mango007T(5),0,426,289,546,457,images\mango007T(5).jpg,True,0.741593139545752,False
4578,mango,2,73,mango007T(6),0,514,292,711,431,images\mango007T(6).jpg,True,0.7563644489776675,False
4579,mango,2,74,mango007T(7),0,471,330,607,517,images\mango007T(7).jpg,True,0.7435364425337636,False
4580,mango,2,75,mango007T(8),0,484,238,617,417,images\mango007T(8).jpg,True,0.7178463741896577,False
4581,mango,2,76,mango007T(9),0,453,240,585,427,images\mango007T(9).jpg,True,0.7058259805614402,False
4582,mango,2,77,mango008S(1),0,413,228,611,323,images\mango008S(1).jpg,True,0.756850698112782,False
4583,mango,2,78,mango008S(2),0,427,254,624,352,images\mango008S(2).jpg,True,0.7533151164936946,False
4584,mango,2,79,mango008S(3),0,409,265,601,365,images\mango008S(3).jpg,True,0.7601671793464347,False
4585,mango,2,80,mango008S(4),0,413,225,602,323,images\mango008S(4).jpg,True,0.7791113320353471,False
4586,mango,3,1,mango008S(5),0,418,218,607,319,images\mango008S(5).jpg,True,0.7208374219126948,False
4587,mango,3,2,mango008S(6),0,429,252,628,345,images\mango008S(6).jpg,True,0.7640953912303218,False
4588,mango,3,3,mango008S(7),0,424,256,622,355,images\mango008S(7).jpg,True,0.7617914157481647,False
4589,mango,3,4,mango008S(8),0,417,227,617,325,images\mango008S(8).jpg,True,0.7472878617183127,False
4590,mango,3,5,mango008T(1),0,449,264,589,460,images\mango008T(1).jpg,True,0.7076099881692425,False
4591,mango,3,6,mango008T(2),0,473,219,645,472,images\mango008T(2).jpg,True,0.7210435379371198,False
4592,mango,3,7,mango008T(3),0,473,267,625,492,images\mango008T(3).jpg,True,0.7066654954915146,False
4593,mango,3,8,mango008T(4),0,441,270,589,502,images\mango008T(4).jpg,True,0.7241172428452048,False
4594,mango,3,9,mango008T(5),0,511,218,673,456,images\mango008T(5).jpg,True,0.6821151942300901,False
4595,mango,3,10,mango008T(6),0,451,261,590,479,images\mango008T(6).jpg,True,0.7350064692537192,False
4596,mango,3,11,mango008T(7),0,477,278,621,487,images\mango008T(7).jpg,True,0.714148756367158,False
4597,mango,3,12,mango008T(8),0,407,236,536,425,images\mango008T(8).jpg,True,0.7212244262906494,False
4598,mango,3,13,mango009S(1),0,523,388,714,530,images\mango009S(1).jpg,True,0.7569176605034327,False
4599,mango,3,14,mango009S(10),0,483,348,662,489,images\mango009S(10).jpg,True,0.7468830343170132,False
4600,mango,3,15,mango009S(11),0,483,327,738,453,images\mango009S(11).jpg,True,0.7412310661994587,False
4601,mango,3,16,mango009S(12),0,526,335,705,455,images\mango009S(12).jpg,True,0.7415480012878906,False
4602,mango,3,17,mango009S(13),0,481,340,735,460,images\mango009S(13).jpg,True,0.7258129072497614,False
4603,mango,3,18,mango009S(2),0,446,328,710,452,images\mango009S(2).jpg,True,0.7234923947434135,False
4604,mango,3,19,mango009S(3),0,499,331,692,458,images\mango009S(3).jpg,True,0.7511984147931934,False
4605,mango,3,20,mango009S(4),0,463,315,712,438,images\mango009S(4).jpg,True,0.7389863665072356,False
4606,mango,3,21,mango009S(5),0,498,338,697,465,images\mango009S(5).jpg,True,0.7758917507289316,False
4607,mango,3,22,mango009S(6),0,476,344,757,466,images\mango009S(6).jpg,True,0.7630694986975048,False
4608,mango,3,23,mango009S(7),0,463,311,715,434,images\mango009S(7).jpg,True,0.7610577144038975,False
4609,mango,3,24,mango009S(8),0,516,308,700,438,images\mango009S(8).jpg,True,0.7543174197436413,False
4610,mango,3,25,mango009S(9),0,476,368,731,493,images\mango009S(9).jpg,True,0.7393092648049873,False
4611,mango,3,26,mango009T(1),0,423,289,650,436,images\mango009T(1).jpg,True,0.7311590285220826,False
4612,mango,3,27,mango009T(10),0,409,298,620,448,images\mango009T(10).jpg,True,0.7237730311333388,False
4613,mango,3,28,mango009T(11),0,425,207,569,403,images\mango009T(11).jpg,True,0.7508912388359692,False
4614,mango,3,29,mango009T(12),0,453,280,667,427,images\mango009T(12).jpg,True,0.7343547938382564,False
4615,mango,3,30,mango009T(13),0,440,266,603,497,images\mango009T(13).jpg,True,0.7311031357949601,False
4616,mango,3,31,mango009T(2),0,446,177,588,384,images\mango009T(2).jpg,True,0.7481052418181577,False
4617,mango,3,32,mango009T(3),0,443,276,648,410,images\mango009T(3).jpg,True,0.7187951240810131,False
4618,mango,3,33,mango009T(4),0,441,211,577,406,images\mango009T(4).jpg,True,0.7284571972499327,False
4619,mango,3,34,mango009T(5),0,396,261,616,410,images\mango009T(5).jpg,True,0.7533174259067961,False
4620,mango,3,35,mango009T(6),0,505,224,670,462,images\mango009T(6).jpg,True,0.7558734294928136,False
4621,mango,3,36,mango009T(7),0,466,197,616,416,images\mango009T(7).jpg,True,0.7408224706384747,False
4622,mango,3,37,mango009T(8),0,431,252,632,395,images\mango009T(8).jpg,True,0.7267447996741269,False
4623,mango,3,38,mango009T(9),0,437,204,577,404,images\mango009T(9).jpg,True,0.765474370331667,False
4624,mango,3,39,mango010S(1),0,494,261,628,359,images\mango010S(1).jpg,True,0.793913693478134,False
4625,mango,3,40,mango010S(10),0,486,254,626,353,images\mango010S(10).jpg,True,0.7527109588975829,False
4626,mango,3,41,mango010S(11),0,434,253,646,358,images\mango010S(11).jpg,True,0.7325242965025054,False
4627,mango,3,42,mango010S(2),0,445,253,651,355,images\mango010S(2).jpg,True,0.7741306177615881,False
4628,mango,3,43,mango010S(3),0,459,263,589,369,images\mango010S(3).jpg,True,0.7691481023116227,False
4629,mango,3,44,mango010S(4),0,468,244,683,350,images\mango010S(4).jpg,True,0.7561608120058134,False
4630,mango,3,45,mango010S(5),0,483,239,619,337,images\mango010S(5).jpg,True,0.7569546687613142,False
4631,mango,3,46,mango010S(6),0,436,244,646,350,images\mango010S(6).jpg,True,0.7535692534955543,False
4632,mango,3,47,mango010S(7),0,459,254,596,364,images\mango010S(7).jpg,True,0.742620051401516,False
4633,mango,3,48,mango010S(8),0,481,290,691,398,images\mango010S(8).jpg,True,0.7032951222603054,False
4634,mango,3,49,mango010S(9),0,422,272,636,371,images\mango010S(9).jpg,True,0.735459728059883,False
4635,mango,3,50,mango010T(1),0,434,233,646,376,images\mango010T(1).jpg,True,0.7757235241214486,False
4636,mango,3,51,mango010T(10),0,424,213,686,384,images\mango010T(10).jpg,True,0.739448428623207,False
4637,mango,3,52,mango010T(11),0,508,181,670,423,images\mango010T(11).jpg,True,0.7255699958497377,False
4638,mango,3,53,mango010T(2),0,443,190,599,420,images\mango010T(2).jpg,True,0.7331633334818048,False
4639,mango,3,54,mango010T(3),0,388,235,656,407,images\mango010T(3).jpg,True,0.7258388598951795,False
4640,mango,3,55,mango010T(4),0,438,193,595,428,images\mango010T(4).jpg,True,0.7395269771129085,False
4641,mango,3,56,mango010T(5),0,416,195,664,360,images\mango010T(5).jpg,True,0.7815758933850123,False
4642,mango,3,57,mango010T(6),0,409,199,553,418,images\mango010T(6).jpg,True,0.7806707937641348,False
4643,mango,3,58,mango010T(7),0,395,236,632,388,images\mango010T(7).jpg,True,0.7079094367344706,False
4644,mango,3,59,mango010T(8),0,452,202,598,412,images\mango010T(8).jpg,True,0.7108120157883191,False
4645,mango,3,60,mango010T(9),0,460,166,625,419,images\mango010T(9).jpg,True,0.7720692526900681,False
4646,mango,3,61,mix005S(4),0,94,275,283,433,images\mix005S(4).jpg,True,0.7844651246300844,False
4647,mango,3,62,mix005T(4),0,266,121,524,305,images\mix005T(4).jpg,True,0.7663152882290518,False
4648,mango,3,63,mix005T(6),0,155,136,398,303,images\mix005T(6).jpg,True,0.7971358290103989,False
4649,mango,3,64,mix006S(1),0,526,270,696,389,images\mix006S(1).jpg,True,0.7656354863132262,False
4650,mango,3,65,mix006S(2),1,531,281,708,406,images\mix006S(2).jpg,True,0.7732383394000637,False
4651,mango,3,66,mix006S(3),1,492,292,647,415,images\mix006S(3).jpg,True,0.7614241280285117,False
4652,mango,3,67,mix006S(4),0,302,327,462,450,images\mix006S(4).jpg,True,0.7769983997578906,False
4653,mango,3,68,mix006T(1),0,340,119,573,291,images\mix006T(1).jpg,True,0.69124327299594,False
4654,mango,3,69,mix006T(2),1,358,377,584,539,images\mix006T(2).jpg,True,0.6781594583490845,False
4655,mango,3,70,mix006T(3),1,419,372,655,551,images\mix006T(3).jpg,True,0.6614648640462621,False
4656,mango,3,71,mix006T(4),1,453,378,666,536,images\mix006T(4).jpg,True,0.6641614914006693,False
4657,mango,3,72,mix007S(1),1,472,260,632,382,images\mix007S(1).jpg,True,0.7065324837005343,False
4658,mango,3,73,mix007S(2),0,305,237,463,356,images\mix007S(2).jpg,True,0.7772373840955789,False
4659,mango,3,74,mix007S(3),1,510,250,670,372,images\mix007S(3).jpg,True,0.7718911944713888,False
4660,mango,3,75,mix007S(4),0,299,257,459,378,images\mix007S(4).jpg,True,0.7541936827610703,False
4661,mango,3,76,mix007S(5),1,534,279,695,397,images\mix007S(5).jpg,True,0.7599831654675638,False
4662,mango,3,77,mix007T(1),0,328,125,606,329,images\mix007T(1).jpg,True,0.6729653355438846,False
4663,mango,3,78,mix007T(2),1,364,363,635,556,images\mix007T(2).jpg,True,0.6669361430024234,False
4664,mango,3,79,mix007T(3),1,363,358,634,553,images\mix007T(3).jpg,True,0.7042393868365856,False
4665,mango,3,80,mix007T(4),0,392,75,635,260,images\mix007T(4).jpg,True,0.6885034808864744,False
4666,mango,4,1,mix007T(5),1,380,338,655,533,images\mix007T(5).jpg,True,0.707135461497013,False
4667,mango,4,2,mix014S(1),1,593,371,780,486,images\mix014S(1).jpg,True,0.7774913960377946,False
4668,mango,4,3,mix014S(2),1,603,335,793,453,images\mix014S(2).jpg,True,0.7734648766959332,False
4669,mango,4,4,mix014S(3),0,292,381,453,504,images\mix014S(3).jpg,True,0.7858695781404847,False
4670,mango,4,5,mix014S(4),1,588,379,778,501,images\mix014S(4).jpg,True,0.7688103769076854,False
4671,mango,4,6,mix014T(1),1,365,373,538,485,images\mix014T(1).jpg,True,0.7307940141557946,False
4672,mango,4,7,mix014T(2),1,405,370,590,492,images\mix014T(2).jpg,True,0.7392950722731375,False
4673,mango,4,8,mix014T(3),0,366,110,537,230,images\mix014T(3).jpg,True,0.7508576494108841,False
4674,mango,4,9,mix014T(4),1,337,394,514,516,images\mix014T(4).jpg,True,0.734119933468309,False
4675,mooncake,1,1,mooncake001S(1),0,498,360,623,419,images\mooncake001S(1).jpg,True,0.785918730503421,False
4676,mooncake,1,2,mooncake001S(10),0,476,320,597,379,images\mooncake001S(10).jpg,True,0.7983810840244617,False
4677,mooncake,1,3,mooncake001S(11),0,510,334,633,400,images\mooncake001S(11).jpg,True,0.7845421799442021,False
4678,mooncake,1,4,mooncake001S(12),0,500,335,623,396,images\mooncake001S(12).jpg,True,0.7597432621969795,False
4679,mooncake,1,5,mooncake001S(13),0,497,343,619,396,images\mooncake001S(13).jpg,True,0.8086796822530545,False
4680,mooncake,1,6,mooncake001S(14),0,488,332,604,390,images\mooncake001S(14).jpg,True,0.7927231901808173,False
4681,mooncake,1,7,mooncake001S(15),0,516,331,638,397,images\mooncake001S(15).jpg,True,0.7734566741430534,False
4682,mooncake,1,8,mooncake001S(16),0,506,320,634,375,images\mooncake001S(16).jpg,True,0.804751522702104,False
4683,mooncake,1,9,mooncake001S(2),0,505,418,632,481,images\mooncake001S(2).jpg,True,0.81962117828448,False
4684,mooncake,1,10,mooncake001S(3),0,483,345,612,407,images\mooncake001S(3).jpg,True,0.791441598534291,False
4685,mooncake,1,11,mooncake001S(4),0,514,333,642,394,images\mooncake001S(4).jpg,True,0.7779233361329463,False
4686,mooncake,1,12,mooncake001S(5),0,487,334,614,389,images\mooncake001S(5).jpg,True,0.7920703970508658,False
4687,mooncake,1,13,mooncake001S(6),0,468,326,592,386,images\mooncake001S(6).jpg,True,0.795966219572777,False
4688,mooncake,1,14,mooncake001S(7),0,467,318,591,376,images\mooncake001S(7).jpg,True,0.8234166130578057,False
4689,mooncake,1,15,mooncake001S(8),0,481,338,606,394,images\mooncake001S(8).jpg,True,0.8242786926478861,False
4690,mooncake,1,16,mooncake001S(9),0,484,320,608,379,images\mooncake001S(9).jpg,True,0.8175861386138614,False
4691,mooncake,1,17,mooncake001T(1),0,448,238,592,378,images\mooncake001T(1).jpg,True,0.7428003582154236,False
4692,mooncake,1,18,mooncake001T(10),0,423,231,559,359,images\mooncake001T(10).jpg,True,0.7666977594161499,False
4693,mooncake,1,19,mooncake001T(11),0,437,292,555,405,images\mooncake001T(11).jpg,True,0.7505988255891421,False
4694,mooncake,1,20,mooncake001T(12),0,433,286,580,426,images\mooncake001T(12).jpg,True,0.7316117883836764,False
4695,mooncake,1,21,mooncake001T(13),0,420,231,553,363,images\mooncake001T(13).jpg,True,0.7371480698533783,False
4696,mooncake,1,22,mooncake001T(14),0,457,235,591,369,images\mooncake001T(14).jpg,True,0.7367335406583344,False
4697,mooncake,1,23,mooncake001T(15),0,487,231,620,367,images\mooncake001T(15).jpg,True,0.7265223699087835,False
4698,mooncake,1,24,mooncake001T(16),0,409,229,545,370,images\mooncake001T(16).jpg,True,0.7337611471897665,False
4699,mooncake,1,25,mooncake001T(2),0,411,276,536,397,images\mooncake001T(2).jpg,True,0.7759047922989748,False
4700,mooncake,1,26,mooncake001T(3),0,448,220,587,356,images\mooncake001T(3).jpg,True,0.7713694961149047,False
4701,mooncake,1,27,mooncake001T(4),0,436,263,564,401,images\mooncake001T(4).jpg,True,0.7559962795556427,False
4702,mooncake,1,28,mooncake001T(5),0,452,218,591,348,images\mooncake001T(5).jpg,True,0.7599101209285789,False
4703,mooncake,1,29,mooncake001T(6),0,392,228,524,354,images\mooncake001T(6).jpg,True,0.7139315130838908,False
4704,mooncake,1,30,mooncake001T(7),0,432,223,566,355,images\mooncake001T(7).jpg,True,0.7514487699452699,False
4705,mooncake,1,31,mooncake001T(8),0,426,267,555,395,images\mooncake001T(8).jpg,True,0.7498787595847007,False
4706,mooncake,1,32,mooncake001T(9),0,484,288,627,424,images\mooncake001T(9).jpg,True,0.7422112777955157,False
4707,mooncake,1,33,mooncake002S(1),0,471,319,597,374,images\mooncake002S(1).jpg,True,0.8107150392222207,False
4708,mooncake,1,34,mooncake002S(10),0,486,352,610,422,images\mooncake002S(10).jpg,True,0.7464949698189135,False
4709,mooncake,1,35,mooncake002S(11),0,512,283,637,354,images\mooncake002S(11).jpg,True,0.7545113401091662,False
4710,mooncake,1,36,mooncake002S(12),0,474,324,607,384,images\mooncake002S(12).jpg,True,0.8097189567407026,False
4711,mooncake,1,37,mooncake002S(13),0,486,362,604,424,images\mooncake002S(13).jpg,True,0.8060653281105108,False
4712,mooncake,1,38,mooncake002S(14),0,476,329,594,387,images\mooncake002S(14).jpg,True,0.8104170327167208,False
4713,mooncake,1,39,mooncake002S(15),0,483,357,607,414,images\mooncake002S(15).jpg,True,0.7834249223097826,False
4714,mooncake,1,40,mooncake002S(16),0,508,355,633,414,images\mooncake002S(16).jpg,True,0.7724980139748399,False
4715,mooncake,1,41,mooncake002S(17),0,490,319,613,380,images\mooncake002S(17).jpg,True,0.7611114679570483,False
4716,mooncake,1,42,mooncake002S(2),0,499,325,627,389,images\mooncake002S(2).jpg,True,0.7825226244343891,False
4717,mooncake,1,43,mooncake002S(3),0,507,339,631,402,images\mooncake002S(3).jpg,True,0.7777715693703221,False
4718,mooncake,1,44,mooncake002S(4),0,489,325,612,389,images\mooncake002S(4).jpg,True,0.8097437236277245,False
4719,mooncake,1,45,mooncake002S(5),0,517,332,636,390,images\mooncake002S(5).jpg,True,0.8266318874676708,False
4720,mooncake,1,46,mooncake002S(6),0,507,318,632,381,images\mooncake002S(6).jpg,True,0.8048007638552397,False
4721,mooncake,1,47,mooncake002S(7),0,526,320,652,386,images\mooncake002S(7).jpg,True,0.804771966955816,False
4722,mooncake,1,48,mooncake002S(8),0,513,339,632,393,images\mooncake002S(8).jpg,True,0.845437223366911,False
4723,mooncake,1,49,mooncake002S(9),0,456,354,572,411,images\mooncake002S(9).jpg,True,0.8088332474134277,False
4724,mooncake,1,50,mooncake002T(1),0,449,250,568,368,images\mooncake002T(1).jpg,True,0.7392919967519445,False
4725,mooncake,1,51,mooncake002T(10),0,471,305,614,448,images\mooncake002T(10).jpg,True,0.753101397495543,False
4726,mooncake,1,52,mooncake002T(11),0,471,246,616,389,images\mooncake002T(11).jpg,True,0.7134606781438972,False
4727,mooncake,1,53,mooncake002T(12),0,428,224,549,353,images\mooncake002T(12).jpg,True,0.704470685747629,False
4728,mooncake,1,54,mooncake002T(13),0,442,283,571,399,images\mooncake002T(13).jpg,True,0.749620694979813,False
4729,mooncake,1,55,mooncake002T(14),0,433,200,573,336,images\mooncake002T(14).jpg,True,0.7340572853657938,False
4730,mooncake,1,56,mooncake002T(15),0,433,250,571,378,images\mooncake002T(15).jpg,True,0.7457221830805747,False
4731,mooncake,1,57,mooncake002T(16),0,434,239,557,361,images\mooncake002T(16).jpg,True,0.7197700879974842,False
4732,mooncake,1,58,mooncake002T(17),0,447,283,574,408,images\mooncake002T(17).jpg,True,0.738240696587523,False
4733,mooncake,1,59,mooncake002T(2),0,472,239,613,378,images\mooncake002T(2).jpg,True,0.7317041135703107,False
4734,mooncake,1,60,mooncake002T(3),0,431,210,566,345,images\mooncake002T(3).jpg,True,0.7635535145468652,False
4735,mooncake,1,61,mooncake002T(4),0,453,253,595,392,images\mooncake002T(4).jpg,True,0.7603619617343,False
4736,mooncake,1,62,mooncake002T(5),0,421,257,558,395,images\mooncake002T(5).jpg,True,0.7239479760827899,False
4737,mooncake,1,63,mooncake002T(6),0,442,257,566,382,images\mooncake002T(6).jpg,True,0.7259850376616996,False
4738,mooncake,1,64,mooncake002T(7),0,431,263,563,397,images\mooncake002T(7).jpg,True,0.7257551781016185,False
4739,mooncake,1,65,mooncake002T(8),0,375,244,505,373,images\mooncake002T(8).jpg,True,0.6963777283581114,False
4740,mooncake,1,66,mooncake002T(9),0,419,217,551,349,images\mooncake002T(9).jpg,True,0.7176740545594968,False
4741,mooncake,1,67,mooncake003S(1),0,474,345,595,403,images\mooncake003S(1).jpg,True,0.845031503337097,False
4742,mooncake,1,68,mooncake003S(10),0,469,340,597,406,images\mooncake003S(10).jpg,True,0.8017697421323375,False
4743,mooncake,1,69,mooncake003S(11),0,457,335,580,397,images\mooncake003S(11).jpg,True,0.8045980499028549,False
4744,mooncake,1,70,mooncake003S(12),0,496,296,626,364,images\mooncake003S(12).jpg,True,0.813161495160623,False
4745,mooncake,1,71,mooncake003S(13),0,494,271,619,335,images\mooncake003S(13).jpg,True,0.8182977317203155,False
4746,mooncake,1,72,mooncake003S(2),0,510,336,636,402,images\mooncake003S(2).jpg,True,0.8285034602076125,False
4747,mooncake,1,73,mooncake003S(3),0,484,334,616,397,images\mooncake003S(3).jpg,True,0.7647393600219556,False
4748,mooncake,1,74,mooncake003S(4),0,449,333,571,398,images\mooncake003S(4).jpg,True,0.8159592409269888,False
4749,mooncake,1,75,mooncake003S(5),0,478,314,594,376,images\mooncake003S(5).jpg,True,0.8282755985615033,False
4750,mooncake,1,76,mooncake003S(6),0,521,315,646,378,images\mooncake003S(6).jpg,True,0.8247882543253351,False
4751,mooncake,1,77,mooncake003S(7),0,485,305,606,369,images\mooncake003S(7).jpg,True,0.7893942141850583,False
4752,mooncake,1,78,mooncake003S(8),0,439,313,557,374,images\mooncake003S(8).jpg,True,0.827654501422719,False
4753,mooncake,1,79,mooncake003S(9),0,493,348,625,420,images\mooncake003S(9).jpg,True,0.7896584080203002,False
4754,mooncake,1,80,mooncake003T(1),0,474,280,604,404,images\mooncake003T(1).jpg,True,0.7706135428044879,False
4755,mooncake,2,1,mooncake003T(10),0,420,240,560,378,images\mooncake003T(10).jpg,True,0.7066405465656056,False
4756,mooncake,2,2,mooncake003T(11),0,465,248,614,398,images\mooncake003T(11).jpg,True,0.7529278056319075,False
4757,mooncake,2,3,mooncake003T(12),0,476,243,622,389,images\mooncake003T(12).jpg,True,0.7285527777236501,False
4758,mooncake,2,4,mooncake003T(13),0,466,298,609,442,images\mooncake003T(13).jpg,True,0.7451220637499749,False
4759,mooncake,2,5,mooncake003T(2),0,460,248,594,379,images\mooncake003T(2).jpg,True,0.7151413121110091,False
4760,mooncake,2,6,mooncake003T(3),0,496,244,668,410,images\mooncake003T(3).jpg,True,0.7689082433061979,False
4761,mooncake,2,7,mooncake003T(4),0,496,289,650,440,images\mooncake003T(4).jpg,True,0.7457731120965774,False
4762,mooncake,2,8,mooncake003T(5),0,451,246,586,383,images\mooncake003T(5).jpg,True,0.7288851458818439,False
4763,mooncake,2,9,mooncake003T(6),0,436,265,577,403,images\mooncake003T(6).jpg,True,0.7434959564497821,False
4764,mooncake,2,10,mooncake003T(7),0,439,244,590,388,images\mooncake003T(7).jpg,True,0.7428499769606363,False
4765,mooncake,2,11,mooncake003T(8),0,448,260,597,413,images\mooncake003T(8).jpg,True,0.7234721051571662,False
4766,mooncake,2,12,mooncake003T(9),0,427,283,550,402,images\mooncake003T(9).jpg,True,0.720869990224829,False
4767,mooncake,2,13,mooncake004S(1),0,536,298,676,359,images\mooncake004S(1).jpg,True,0.7905648001049511,False
4768,mooncake,2,14,mooncake004S(2),0,511,290,637,347,images\mooncake004S(2).jpg,True,0.8478532848615215,False
4769,mooncake,2,15,mooncake004S(3),0,462,309,591,368,images\mooncake004S(3).jpg,True,0.8142617791868734,False
4770,mooncake,2,16,mooncake004S(4),0,484,338,601,388,images\mooncake004S(4).jpg,True,0.8380638986733602,False
4771,mooncake,2,17,mooncake004S(5),0,511,313,637,376,images\mooncake004S(5).jpg,True,0.8243910038640617,False
4772,mooncake,2,18,mooncake004S(6),0,530,308,662,375,images\mooncake004S(6).jpg,True,0.8150576479306415,False
4773,mooncake,2,19,mooncake004T(1),0,408,281,560,431,images\mooncake004T(1).jpg,True,0.7395957889650475,False
4774,mooncake,2,20,mooncake004T(2),0,445,253,592,392,images\mooncake004T(2).jpg,True,0.7953415926691649,False
4775,mooncake,2,21,mooncake004T(3),0,468,266,610,411,images\mooncake004T(3).jpg,True,0.7613940060336726,False
4776,mooncake,2,22,mooncake004T(4),0,466,266,611,402,images\mooncake004T(4).jpg,True,0.771979860203482,False
4777,mooncake,2,23,mooncake004T(5),0,466,249,582,371,images\mooncake004T(5).jpg,True,0.7223741511574766,False
4778,mooncake,2,24,mooncake004T(6),0,471,273,632,423,images\mooncake004T(6).jpg,True,0.7334849971384187,False
4779,mooncake,2,25,mooncake005S(1),0,525,326,664,388,images\mooncake005S(1).jpg,True,0.7763502837032249,False
4780,mooncake,2,26,mooncake005S(2),0,484,331,609,397,images\mooncake005S(2).jpg,True,0.7806641352414628,False
4781,mooncake,2,27,mooncake005S(3),0,493,345,620,407,images\mooncake005S(3).jpg,True,0.7931547619047619,False
4782,mooncake,2,28,mooncake005S(4),0,493,324,617,389,images\mooncake005S(4).jpg,True,0.790915545992469,False
4783,mooncake,2,29,mooncake005S(5),0,507,324,626,387,images\mooncake005S(5).jpg,True,0.841547158522213,False
4784,mooncake,2,30,mooncake005S(6),0,477,339,609,410,images\mooncake005S(6).jpg,True,0.7715201623954484,False
4785,mooncake,2,31,mooncake005S(7),0,512,325,638,392,images\mooncake005S(7).jpg,True,0.8084255909290647,False
4786,mooncake,2,32,mooncake005T(1),0,427,264,567,398,images\mooncake005T(1).jpg,True,0.7617740330173445,False
4787,mooncake,2,33,mooncake005T(2),0,433,293,586,446,images\mooncake005T(2).jpg,True,0.7480238855913051,False
4788,mooncake,2,34,mooncake005T(3),0,440,261,586,409,images\mooncake005T(3).jpg,True,0.7429771117101553,False
4789,mooncake,2,35,mooncake005T(4),0,438,261,589,407,images\mooncake005T(4).jpg,True,0.7368917136906653,False
4790,mooncake,2,36,mooncake005T(5),0,466,228,621,376,images\mooncake005T(5).jpg,True,0.7211434571830329,False
4791,mooncake,2,37,mooncake005T(6),0,463,232,608,382,images\mooncake005T(6).jpg,True,0.7172722445350934,False
4792,mooncake,2,38,mooncake005T(7),0,477,211,643,369,images\mooncake005T(7).jpg,True,0.7500533035295729,False
4793,mooncake,2,39,mooncake006S(1),0,447,286,631,364,images\mooncake006S(1).jpg,True,0.8091359932250158,False
4794,mooncake,2,40,mooncake006S(2),0,434,286,608,357,images\mooncake006S(2).jpg,True,0.8241596734322144,False
4795,mooncake,2,41,mooncake006S(3),0,433,305,607,375,images\mooncake006S(3).jpg,True,0.8188051032144257,False
4796,mooncake,2,42,mooncake006S(4),0,439,276,616,349,images\mooncake006S(4).jpg,True,0.7948370596720316,False
4797,mooncake,2,43,mooncake006S(5),0,493,277,669,345,images\mooncake006S(5).jpg,True,0.8458901426212706,False
4798,mooncake,2,44,mooncake006S(6),0,477,290,659,361,images\mooncake006S(6).jpg,True,0.8315404941575901,False
4799,mooncake,2,45,mooncake006S(7),0,459,318,643,389,images\mooncake006S(7).jpg,True,0.8147255134563437,False
4800,mooncake,2,46,mooncake006S(8),0,447,296,629,371,images\mooncake006S(8).jpg,True,0.8102274127942808,False
4801,mooncake,2,47,mooncake006T(1),0,436,195,647,403,images\mooncake006T(1).jpg,True,0.744308806809283,False
4802,mooncake,2,48,mooncake006T(2),0,463,249,722,506,images\mooncake006T(2).jpg,True,0.7525761163281183,False
4803,mooncake,2,49,mooncake006T(3),0,444,277,676,511,images\mooncake006T(3).jpg,True,0.7279335969530087,False
4804,mooncake,2,50,mooncake006T(4),0,443,230,664,447,images\mooncake006T(4).jpg,True,0.7263456418755792,False
4805,mooncake,2,51,mooncake006T(5),0,422,250,629,459,images\mooncake006T(5).jpg,True,0.7436846854126266,False
4806,mooncake,2,52,mooncake006T(6),0,430,239,653,465,images\mooncake006T(6).jpg,True,0.7478779600929435,False
4807,mooncake,2,53,mooncake006T(7),0,440,254,669,483,images\mooncake006T(7).jpg,True,0.7670655315912778,False
4808,mooncake,2,54,mooncake006T(8),0,417,194,620,401,images\mooncake006T(8).jpg,True,0.7618150685214635,False
4809,orange,1,1,mix001S(1),0,88,223,310,423,images\mix001S(1).jpg,True,0.7848835944018692,False
4810,orange,1,2,mix001S(2),0,12,224,271,457,images\mix001S(2).jpg,True,0.751102604402358,False
4811,orange,1,3,mix001T(1),1,489,252,736,523,images\mix001T(1).jpg,True,0.7743259450771417,False
4812,orange,1,4,mix001T(2),0,89,236,319,464,images\mix001T(2).jpg,True,0.7567281454695122,False
4813,orange,1,5,mix009S(1),0,335,218,511,382,images\mix009S(1).jpg,True,0.7492814840954679,False
4814,orange,1,6,mix009S(2),1,526,250,712,415,images\mix009S(2).jpg,True,0.7724719734202076,False
4815,orange,1,7,mix009S(3),0,317,224,487,379,images\mix009S(3).jpg,True,0.7639473991373168,False
4816,orange,1,8,mix009S(4),1,520,198,698,357,images\mix009S(4).jpg,True,0.7942846437692919,False
4817,orange,1,9,mix009T(1),0,385,64,599,269,images\mix009T(1).jpg,True,0.773505089480806,False
4818,orange,1,10,mix009T(2),1,309,366,537,571,images\mix009T(2).jpg,True,0.7712425093498428,False
4819,orange,1,11,mix009T(3),0,373,79,601,294,images\mix009T(3).jpg,True,0.7620330265704159,False
4820,orange,1,12,mix009T(4),1,387,317,594,503,images\mix009T(4).jpg,True,0.7540538995773994,False
4821,orange,1,13,mix011S(1),0,323,154,519,344,images\mix011S(1).jpg,True,0.7780584134543117,False
4822,orange,1,14,mix011S(2),1,530,144,734,337,images\mix011S(2).jpg,True,0.7851078881476946,False
4823,orange,1,15,mix011S(3),0,303,119,498,305,images\mix011S(3).jpg,True,0.7801197515746895,False
4824,orange,1,16,mix011S(4),1,557,153,770,349,images\mix011S(4).jpg,True,0.7528219532429997,False
4825,orange,1,17,mix011T(1),0,372,40,595,262,images\mix011T(1).jpg,True,0.7612446009349846,False
4826,orange,1,18,mix011T(2),1,325,314,522,509,images\mix011T(2).jpg,True,0.7561805939357646,False
4827,orange,1,19,mix011T(3),0,393,30,618,254,images\mix011T(3).jpg,True,0.7568046340881258,False
4828,orange,1,20,mix011T(4),1,362,320,581,536,images\mix011T(4).jpg,True,0.7418684654771686,False
4829,orange,1,21,mix012S(1),1,557,111,765,310,images\mix012S(1).jpg,True,0.7535066860341252,False
4830,orange,1,22,mix012S(2),0,278,120,485,322,images\mix012S(2).jpg,True,0.7442034483480416,False
4831,orange,1,23,mix012S(3),0,533,160,730,343,images\mix012S(3).jpg,True,0.7907309081007198,False
4832,orange,1,24,mix012S(4),0,316,128,518,322,images\mix012S(4).jpg,True,0.7722933504667885,False
4833,orange,1,25,mix012T(1),1,370,321,581,527,images\mix012T(1).jpg,True,0.7324711899881798,False
4834,orange,1,26,mix012T(2),0,377,92,573,283,images\mix012T(2).jpg,True,0.7432477511646215,False
4835,orange,1,27,mix012T(3),1,372,318,582,512,images\mix012T(3).jpg,True,0.7474770636884284,False
4836,orange,1,28,mix012T(4),0,329,76,519,273,images\mix012T(4).jpg,True,0.7739478670147095,False
4837,orange,1,29,orange001S(1),0,206,128,438,356,images\orange001S(1).jpg,True,0.7341988257401997,False
4838,orange,1,30,orange001S(2),0,238,130,480,363,images\orange001S(2).jpg,True,0.755805664513298,False
4839,orange,1,31,orange001T(1),0,265,119,444,354,images\orange001T(1).jpg,True,0.7660526357006856,False
4840,orange,1,32,orange001T(2),0,294,252,512,432,images\orange001T(2).jpg,True,0.6986923050297049,False
4841,orange,1,33,orange001T(3),0,289,165,465,377,images\orange001T(3).jpg,True,0.738679843739454,False
4842,orange,1,34,orange001T(4),0,253,153,458,334,images\orange001T(4).jpg,True,0.7518265597922891,False
4843,orange,1,35,orange002S(1),0,171,181,483,454,images\orange002S(1).jpg,True,0.7483027547921164,False
4844,orange,1,36,orange002S(2),0,138,202,414,470,images\orange002S(2).jpg,True,0.7619463803698129,False
4845,orange,1,37,orange002S(3),0,136,178,457,454,images\orange002S(3).jpg,True,0.7413719227983353,False
4846,orange,1,38,orange002S(4),0,155,155,439,439,images\orange002S(4).jpg,True,0.7843215135819086,False
4847,orange,1,39,orange002T(1),0,355,209,677,480,images\orange002T(1).jpg,True,0.7331616744134094,False
4848,orange,1,40,orange002T(2),0,392,158,690,487,images\orange002T(2).jpg,True,0.7624529937952425,False
4849,orange,1,41,orange003S(1),0,62,97,432,402,images\orange003S(1).jpg,True,0.7565718976258702,False
4850,orange,1,42,orange003S(2),0,31,189,388,475,images\orange003S(2).jpg,True,0.7681665163659773,False
4851,orange,1,43,orange003S(3),0,64,110,394,430,images\orange003S(3).jpg,True,0.7601073755523395,False
4852,orange,1,44,orange003S(4),0,66,148,438,463,images\orange003S(4).jpg,True,0.7568382051000659,False
4853,orange,1,45,orange003S(5),0,90,154,417,471,images\orange003S(5).jpg,True,0.7543622468243774,False
4854,orange,1,46,orange003S(6),0,183,205,485,503,images\orange003S(6).jpg,True,0.7531860509874408,False
4855,orange,1,47,orange003S(7),0,156,134,504,445,images\orange003S(7).jpg,True,0.7662233381427398,False
4856,orange,1,48,orange003S(8),0,81,90,391,396,images\orange003S(8).jpg,True,0.7544230445066697,False
4857,orange,1,49,orange003T(1),0,303,214,647,512,images\orange003T(1).jpg,True,0.7482851688122398,False
4858,orange,1,50,orange003T(2),0,411,194,679,490,images\orange003T(2).jpg,True,0.7433399800182885,False
4859,orange,1,51,orange003T(3),0,406,192,707,460,images\orange003T(3).jpg,True,0.7517566440459036,False
4860,orange,1,52,orange003T(4),0,399,193,724,515,images\orange003T(4).jpg,True,0.7342302174601973,False
4861,orange,1,53,orange003T(5),0,398,190,718,498,images\orange003T(5).jpg,True,0.7211091057790421,False
4862,orange,1,54,orange003T(6),0,371,187,700,492,images\orange003T(6).jpg,True,0.756998035895281,False
4863,orange,1,55,orange003T(7),0,281,198,590,544,images\orange003T(7).jpg,True,0.7420321177759055,False
4864,orange,1,56,orange003T(8),0,299,202,596,551,images\orange003T(8).jpg,True,0.7533376454257953,False
4865,orange,1,57,orange004S(1),0,488,179,781,456,images\orange004S(1).jpg,True,0.7730975973230148,False
4866,orange,1,58,orange004S(2),0,378,186,694,502,images\orange004S(2).jpg,True,0.7479560516719868,False
4867,orange,1,59,orange004S(3),0,400,192,764,510,images\orange004S(3).jpg,True,0.7492802094318705,False
4868,orange,1,60,orange004S(4),0,159,186,483,492,images\orange004S(4).jpg,True,0.7646626634907638,False
4869,orange,1,61,orange004T(1),0,246,140,488,413,images\orange004T(1).jpg,True,0.7166970865303928,False
4870,orange,1,62,orange004T(2),0,330,202,631,480,images\orange004T(2).jpg,True,0.7588200115861093,False
4871,orange,1,63,orange004T(3),0,287,107,493,327,images\orange004T(3).jpg,True,0.7324390123942554,False
4872,orange,1,64,orange004T(4),0,290,238,559,480,images\orange004T(4).jpg,True,0.7373520196297079,False
4873,orange,1,65,orange005S(1),0,215,251,463,491,images\orange005S(1).jpg,True,0.7615859517621548,False
4874,orange,1,66,orange005S(2),0,115,75,403,303,images\orange005S(2).jpg,True,0.7985752390285287,False
4875,orange,1,67,orange005S(3),0,353,279,564,493,images\orange005S(3).jpg,True,0.7151926205908401,False
4876,orange,1,68,orange005S(4),0,451,257,678,469,images\orange005S(4).jpg,True,0.774551884897628,False
4877,orange,1,69,orange005T(1),0,242,290,439,487,images\orange005T(1).jpg,True,0.7433715355882611,False
4878,orange,1,70,orange005T(2),0,194,204,382,416,images\orange005T(2).jpg,True,0.766456307097206,False
4879,orange,1,71,orange005T(3),0,299,76,522,305,images\orange005T(3).jpg,True,0.7726372360273596,False
4880,orange,1,72,orange005T(4),0,398,224,619,450,images\orange005T(4).jpg,True,0.7409140969162995,False
4881,orange,1,73,orange006S(1),0,422,172,612,361,images\orange006S(1).jpg,True,0.7536205969269452,False
4882,orange,1,74,orange006S(2),0,369,178,556,366,images\orange006S(2).jpg,True,0.7603466244782893,False
4883,orange,1,75,orange006S(3),0,419,181,620,361,images\orange006S(3).jpg,True,0.7592167918932478,False
4884,orange,1,76,orange006S(4),0,361,176,532,343,images\orange006S(4).jpg,True,0.7888507934207072,False
4885,orange,1,77,orange006T(1),0,160,257,357,429,images\orange006T(1).jpg,True,0.7520157074984366,False
4886,orange,1,78,orange006T(2),0,186,76,419,289,images\orange006T(2).jpg,True,0.7195325041420911,False
4887,orange,1,79,orange006T(3),0,391,195,573,405,images\orange006T(3).jpg,True,0.6980886453310728,False
4888,orange,1,80,orange006T(4),0,279,165,468,351,images\orange006T(4).jpg,True,0.7086141632215676,False
4889,orange,2,1,orange007S(1),0,416,229,600,406,images\orange007S(1).jpg,True,0.7038814646562425,False
4890,orange,2,2,orange007S(2),0,419,213,640,388,images\orange007S(2).jpg,True,0.7684865593804355,False
4891,orange,2,3,orange007S(3),0,372,217,576,406,images\orange007S(3).jpg,True,0.7327887559011348,False
4892,orange,2,4,orange007S(4),0,472,157,717,350,images\orange007S(4).jpg,True,0.7588532275113287,False
4893,orange,2,5,orange007S(5),0,430,177,630,336,images\orange007S(5).jpg,True,0.7556842783925795,False
4894,orange,2,6,orange007S(6),0,378,217,626,453,images\orange007S(6).jpg,True,0.7764774067137368,False
4895,orange,2,7,orange007S(7),0,420,232,622,398,images\orange007S(7).jpg,True,0.7326183919015677,False
4896,orange,2,8,orange007S(8),0,425,206,664,401,images\orange007S(8).jpg,True,0.7343374287562187,False
4897,orange,2,9,orange007T(1),0,450,310,651,535,images\orange007T(1).jpg,True,0.7369776377850936,False
4898,orange,2,10,orange007T(2),0,242,98,454,346,images\orange007T(2).jpg,True,0.7170618735264976,False
4899,orange,2,11,orange007T(3),0,344,303,566,501,images\orange007T(3).jpg,True,0.704731281084592,False
4900,orange,2,12,orange007T(4),0,254,188,456,418,images\orange007T(4).jpg,True,0.7242597417860359,False
4901,orange,2,13,orange007T(5),0,242,240,512,482,images\orange007T(5).jpg,True,0.7305387002969213,False
4902,orange,2,14,orange007T(6),0,181,282,376,499,images\orange007T(6).jpg,True,0.742786718442129,False
4903,orange,2,15,orange007T(7),0,379,269,557,472,images\orange007T(7).jpg,True,0.7770225144754933,False
4904,orange,2,16,orange007T(8),0,313,57,556,281,images\orange007T(8).jpg,True,0.7376679492568521,False
4905,orange,2,17,orange008S(1),0,453,163,660,330,images\orange008S(1).jpg,True,0.7597809891611121,False
4906,orange,2,18,orange008S(10),0,417,185,617,350,images\orange008S(10).jpg,True,0.7604327482355682,False
4907,orange,2,19,orange008S(11),0,447,194,617,356,images\orange008S(11).jpg,True,0.7597800529106192,False
4908,orange,2,20,orange008S(12),0,403,177,601,345,images\orange008S(12).jpg,True,0.7621691767420411,False
4909,orange,2,21,orange008S(13),0,463,204,643,372,images\orange008S(13).jpg,True,0.7471973031485478,False
4910,orange,2,22,orange008S(14),0,458,227,661,390,images\orange008S(14).jpg,True,0.7665465291662281,False
4911,orange,2,23,orange008S(15),0,456,216,630,381,images\orange008S(15).jpg,True,0.771287213429991,False
4912,orange,2,24,orange008S(16),0,407,178,596,344,images\orange008S(16).jpg,True,0.772485214612926,False
4913,orange,2,25,orange008S(17),0,471,216,644,383,images\orange008S(17).jpg,True,0.73501794680223,False
4914,orange,2,26,orange008S(18),0,438,187,634,354,images\orange008S(18).jpg,True,0.7524300320916504,False
4915,orange,2,27,orange008S(19),0,451,211,627,375,images\orange008S(19).jpg,True,0.7441150156568418,False
4916,orange,2,28,orange008S(2),0,434,178,637,343,images\orange008S(2).jpg,True,0.7433727532672298,False
4917,orange,2,29,orange008S(20),0,430,200,633,361,images\orange008S(20).jpg,True,0.7091602523754796,False
4918,orange,2,30,orange008S(21),0,448,196,622,362,images\orange008S(21).jpg,True,0.7458482952019425,False
4919,orange,2,31,orange008S(22),0,462,225,658,386,images\orange008S(22).jpg,True,0.7407460496216087,False
4920,orange,2,32,orange008S(23),0,421,212,593,372,images\orange008S(23).jpg,True,0.761626281064743,False
4921,orange,2,33,orange008S(3),0,412,168,595,337,images\orange008S(3).jpg,True,0.7302108578384838,False
4922,orange,2,34,orange008S(4),0,459,162,665,331,images\orange008S(4).jpg,True,0.7224118521433099,False
4923,orange,2,35,orange008S(5),0,437,161,620,326,images\orange008S(5).jpg,True,0.769240991139758,False
4924,orange,2,36,orange008S(6),0,456,169,658,339,images\orange008S(6).jpg,True,0.7481441974214103,False
4925,orange,2,37,orange008S(7),0,430,219,607,381,images\orange008S(7).jpg,True,0.746697982928984,False
4926,orange,2,38,orange008S(8),0,417,154,617,319,images\orange008S(8).jpg,True,0.7235465812477548,False
4927,orange,2,39,orange008S(9),0,429,154,612,322,images\orange008S(9).jpg,True,0.7466008762367387,False
4928,orange,2,40,orange008T(1),0,402,265,650,477,images\orange008T(1).jpg,True,0.7656918362581093,False
4929,orange,2,41,orange008T(10),0,386,304,613,517,images\orange008T(10).jpg,True,0.7461869841577897,False
4930,orange,2,42,orange008T(11),0,421,221,663,490,images\orange008T(11).jpg,True,0.761263774329618,False
4931,orange,2,43,orange008T(12),0,396,297,648,531,images\orange008T(12).jpg,True,0.7674990866878164,False
4932,orange,2,44,orange008T(13),0,400,253,614,484,images\orange008T(13).jpg,True,0.7553992545071133,False
4933,orange,2,45,orange008T(14),0,378,280,609,495,images\orange008T(14).jpg,True,0.7722205116755235,False
4934,orange,2,46,orange008T(15),0,395,246,591,465,images\orange008T(15).jpg,True,0.7582366815845445,False
4935,orange,2,47,orange008T(16),0,370,238,593,441,images\orange008T(16).jpg,True,0.7638320414372646,False
4936,orange,2,48,orange008T(17),0,388,280,593,505,images\orange008T(17).jpg,True,0.7171207790274103,False
4937,orange,2,49,orange008T(18),0,340,239,564,439,images\orange008T(18).jpg,True,0.7166618234426148,False
4938,orange,2,50,orange008T(19),0,372,255,582,486,images\orange008T(19).jpg,True,0.7519294228221071,False
4939,orange,2,51,orange008T(2),0,438,257,660,507,images\orange008T(2).jpg,True,0.7354360303710883,False
4940,orange,2,52,orange008T(20),0,391,291,620,491,images\orange008T(20).jpg,True,0.7713778650073049,False
4941,orange,2,53,orange008T(21),0,400,247,599,465,images\orange008T(21).jpg,True,0.7403895240170413,False
4942,orange,2,54,orange008T(22),0,409,233,655,455,images\orange008T(22).jpg,True,0.7584258904717122,False
4943,orange,2,55,orange008T(23),0,444,271,669,523,images\orange008T(23).jpg,True,0.7698872751186205,False
4944,orange,2,56,orange008T(3),0,371,220,568,439,images\orange008T(3).jpg,True,0.7498117750152569,False
4945,orange,2,57,orange008T(4),0,401,224,664,450,images\orange008T(4).jpg,True,0.7598953645314942,False
4946,orange,2,58,orange008T(5),0,428,236,656,487,images\orange008T(5).jpg,True,0.7422598058675633,False
4947,orange,2,59,orange008T(6),0,401,255,643,463,images\orange008T(6).jpg,True,0.7274024761969508,False
4948,orange,2,60,orange008T(7),0,451,268,697,544,images\orange008T(7).jpg,True,0.7309919392539515,False
4949,orange,2,61,orange008T(8),0,409,267,681,513,images\orange008T(8).jpg,True,0.7534819431580566,False
4950,orange,2,62,orange008T(9),0,390,214,620,467,images\orange008T(9).jpg,True,0.7308528639292533,False
4951,orange,2,63,orange009S(1),0,212,261,421,446,images\orange009S(1).jpg,True,0.7636320156190726,False
4952,orange,2,64,orange009S(10),0,453,174,647,351,images\orange009S(10).jpg,True,0.7616021286097449,False
4953,orange,2,65,orange009S(11),0,419,189,596,362,images\orange009S(11).jpg,True,0.7268422757302853,False
4954,orange,2,66,orange009S(12),0,460,201,654,376,images\orange009S(12).jpg,True,0.7522255570410835,False
4955,orange,2,67,orange009S(13),0,187,209,403,416,images\orange009S(13).jpg,True,0.7598725229258401,False
4956,orange,2,68,orange009S(14),0,179,173,416,340,images\orange009S(14).jpg,True,0.7840458779146042,False
4957,orange,2,69,orange009S(15),0,251,223,454,418,images\orange009S(15).jpg,True,0.7783615085378414,False
4958,orange,2,70,orange009S(16),0,210,281,422,472,images\orange009S(16).jpg,True,0.7389020699284613,False
4959,orange,2,71,orange009S(2),0,477,241,670,413,images\orange009S(2).jpg,True,0.7921664628369502,False
4960,orange,2,72,orange009S(3),0,450,181,636,360,images\orange009S(3).jpg,True,0.7643498986316013,False
4961,orange,2,73,orange009S(4),0,460,180,656,356,images\orange009S(4).jpg,True,0.7895930544514058,False
4962,orange,2,74,orange009S(5),0,479,182,664,358,images\orange009S(5).jpg,True,0.7556851112936958,False
4963,orange,2,75,orange009S(6),0,457,166,647,343,images\orange009S(6).jpg,True,0.752603092935628,False
4964,orange,2,76,orange009S(7),0,421,182,600,360,images\orange009S(7).jpg,True,0.7489005725534261,False
4965,orange,2,77,orange009S(8),0,434,218,633,394,images\orange009S(8).jpg,True,0.72079802259887,False
4966,orange,2,78,orange009S(9),0,484,198,666,378,images\orange009S(9).jpg,True,0.7742617108981342,False
4967,orange,2,79,orange009T(1),0,177,222,357,406,images\orange009T(1).jpg,True,0.7340458926873523,False
4968,orange,2,80,orange009T(10),0,313,124,517,344,images\orange009T(10).jpg,True,0.7240934165943267,False
4969,orange,3,1,orange009T(11),0,398,236,604,429,images\orange009T(11).jpg,True,0.7700520293996862,False
4970,orange,3,2,orange009T(12),0,435,220,654,442,images\orange009T(12).jpg,True,0.7361523736548108,False
4971,orange,3,3,orange009T(13),0,114,220,351,435,images\orange009T(13).jpg,True,0.7505393572211072,False
4972,orange,3,4,orange009T(14),0,123,252,360,502,images\orange009T(14).jpg,True,0.7375508574965277,False
4973,orange,3,5,orange009T(15),0,141,272,366,469,images\orange009T(15).jpg,True,0.7598061577103998,False
4974,orange,3,6,orange009T(16),0,117,265,318,473,images\orange009T(16).jpg,True,0.703467976876091,False
4975,orange,3,7,orange009T(2),0,449,170,663,392,images\orange009T(2).jpg,True,0.7599222631697274,False
4976,orange,3,8,orange009T(3),0,443,249,669,455,images\orange009T(3).jpg,True,0.7035277402327238,False
4977,orange,3,9,orange009T(4),0,443,199,648,419,images\orange009T(4).jpg,True,0.7564408826907919,False
4978,orange,3,10,orange009T(5),0,379,208,573,387,images\orange009T(5).jpg,True,0.7254248573561127,False
4979,orange,3,11,orange009T(6),0,393,208,636,458,images\orange009T(6).jpg,True,0.7339010487444904,False
4980,orange,3,12,orange009T(7),0,378,234,586,432,images\orange009T(7).jpg,True,0.7686935480729823,False
4981,orange,3,13,orange009T(8),0,418,199,631,427,images\orange009T(8).jpg,True,0.7394618436238403,False
4982,orange,3,14,orange009T(9),0,367,201,598,411,images\orange009T(9).jpg,True,0.7557640737427094,False
4983,orange,3,15,orange010S(1),0,429,103,644,299,images\orange010S(1).jpg,True,0.7883886653772596,False
4984,orange,3,16,orange010S(10),0,416,96,624,291,images\orange010S(10).jpg,True,0.7425637642823173,False
4985,orange,3,17,orange010S(11),0,449,119,655,318,images\orange010S(11).jpg,True,0.7840983670481128,False
4986,orange,3,18,orange010S(12),0,458,114,671,313,images\orange010S(12).jpg,True,0.7887653762365076,False
4987,orange,3,19,orange010S(13),0,440,89,639,289,images\orange010S(13).jpg,True,0.7559806129054949,False
4988,orange,3,20,orange010S(2),0,462,91,678,290,images\orange010S(2).jpg,True,0.73568687740497,False
4989,orange,3,21,orange010S(3),0,426,96,632,292,images\orange010S(3).jpg,True,0.7400274570068983,False
4990,orange,3,22,orange010S(4),0,452,83,666,277,images\orange010S(4).jpg,True,0.7686236681971574,False
4991,orange,3,23,orange010S(5),0,467,74,661,266,images\orange010S(5).jpg,True,0.7662865629539897,False
4992,orange,3,24,orange010S(6),0,451,92,660,287,images\orange010S(6).jpg,True,0.7419722690606072,False
4993,orange,3,25,orange010S(7),0,457,96,653,289,images\orange010S(7).jpg,True,0.793622146102718,False
4994,orange,3,26,orange010S(8),0,448,119,652,314,images\orange010S(8).jpg,True,0.7568326733815745,False
4995,orange,3,27,orange010S(9),0,434,114,631,307,images\orange010S(9).jpg,True,0.7579282636966646,False
4996,orange,3,28,orange010T(1),0,397,226,624,458,images\orange010T(1).jpg,True,0.7392628925188975,False
4997,orange,3,29,orange010T(10),0,423,235,647,465,images\orange010T(10).jpg,True,0.7446595426259375,False
4998,orange,3,30,orange010T(11),0,429,245,680,493,images\orange010T(11).jpg,True,0.7161221197638692,False
4999,orange,3,31,orange010T(12),0,441,204,677,456,images\orange010T(12).jpg,True,0.7692257194334162,False
5000,orange,3,32,orange010T(13),0,446,209,691,440,images\orange010T(13).jpg,True,0.7729280645150443,False
5001,orange,3,33,orange010T(2),0,459,172,699,419,images\orange010T(2).jpg,True,0.7564160225488281,False
5002,orange,3,34,orange010T(3),0,476,212,754,467,images\orange010T(3).jpg,True,0.7812826917817732,False
5003,orange,3,35,orange010T(4),0,431,186,690,444,images\orange010T(4).jpg,True,0.74781325892437,False
5004,orange,3,36,orange010T(5),0,443,192,695,441,images\orange010T(5).jpg,True,0.7474032813778824,False
5005,orange,3,37,orange010T(6),0,464,217,721,467,images\orange010T(6).jpg,True,0.7709733061671235,False
5006,orange,3,38,orange010T(7),0,399,174,665,427,images\orange010T(7).jpg,True,0.745922275420857,False
5007,orange,3,39,orange010T(8),0,411,252,653,506,images\orange010T(8).jpg,True,0.7271250214117577,False
5008,orange,3,40,orange010T(9),0,406,216,682,478,images\orange010T(9).jpg,True,0.7584226013031562,False
5009,orange,3,41,orange011S(1),0,484,117,690,311,images\orange011S(1).jpg,True,0.7652015612758201,False
5010,orange,3,42,orange011S(10),0,435,113,631,301,images\orange011S(10).jpg,True,0.7541805319985052,False
5011,orange,3,43,orange011S(11),0,448,117,645,305,images\orange011S(11).jpg,True,0.7265444881017428,False
5012,orange,3,44,orange011S(12),0,435,108,639,292,images\orange011S(12).jpg,True,0.7716784229254395,False
5013,orange,3,45,orange011S(13),0,447,98,649,293,images\orange011S(13).jpg,True,0.743840442964289,False
5014,orange,3,46,orange011S(14),0,435,101,646,294,images\orange011S(14).jpg,True,0.7290629347283273,False
5015,orange,3,47,orange011S(15),0,483,139,679,327,images\orange011S(15).jpg,True,0.7360967582921741,False
5016,orange,3,48,orange011S(16),0,434,114,633,300,images\orange011S(16).jpg,True,0.7271118462793438,False
5017,orange,3,49,orange011S(17),0,460,112,656,304,images\orange011S(17).jpg,True,0.7477030766504451,False
5018,orange,3,50,orange011S(18),0,447,135,656,325,images\orange011S(18).jpg,True,0.7486040335253126,False
5019,orange,3,51,orange011S(2),0,450,102,671,302,images\orange011S(2).jpg,True,0.756416087941977,False
5020,orange,3,52,orange011S(3),0,451,117,662,318,images\orange011S(3).jpg,True,0.767073894428115,False
5021,orange,3,53,orange011S(4),0,445,141,655,328,images\orange011S(4).jpg,True,0.7751118022333883,False
5022,orange,3,54,orange011S(5),0,474,111,683,309,images\orange011S(5).jpg,True,0.7660660687544913,False
5023,orange,3,55,orange011S(6),0,481,116,697,312,images\orange011S(6).jpg,True,0.7524961752102619,False
5024,orange,3,56,orange011S(7),0,461,130,665,327,images\orange011S(7).jpg,True,0.7719440242405822,False
5025,orange,3,57,orange011S(8),0,469,129,681,323,images\orange011S(8).jpg,True,0.7766267973812013,False
5026,orange,3,58,orange011S(9),0,467,141,665,333,images\orange011S(9).jpg,True,0.7452543309008457,False
5027,orange,3,59,orange011T(1),0,439,257,734,529,images\orange011T(1).jpg,True,0.7473387535887536,False
5028,orange,3,60,orange011T(10),0,476,223,720,475,images\orange011T(10).jpg,True,0.7681142585694831,False
5029,orange,3,61,orange011T(11),0,435,238,692,469,images\orange011T(11).jpg,True,0.7614302207771126,False
5030,orange,3,62,orange011T(12),0,463,226,696,474,images\orange011T(12).jpg,True,0.7584794560521229,False
5031,orange,3,63,orange011T(13),0,481,248,741,483,images\orange011T(13).jpg,True,0.730339140898995,False
5032,orange,3,64,orange011T(14),0,496,242,729,479,images\orange011T(14).jpg,True,0.7529985600950747,False
5033,orange,3,65,orange011T(15),0,477,261,713,465,images\orange011T(15).jpg,True,0.742614658006199,False
5034,orange,3,66,orange011T(16),0,457,261,660,478,images\orange011T(16).jpg,True,0.7550939747966123,False
5035,orange,3,67,orange011T(17),0,418,272,635,479,images\orange011T(17).jpg,True,0.7646815537294565,False
5036,orange,3,68,orange011T(18),0,414,210,639,446,images\orange011T(18).jpg,True,0.7373785122922123,False
5037,orange,3,69,orange011T(2),0,439,193,671,417,images\orange011T(2).jpg,True,0.7686585429600179,False
5038,orange,3,70,orange011T(3),0,409,183,644,413,images\orange011T(3).jpg,True,0.7238241984004696,False
5039,orange,3,71,orange011T(4),0,431,199,661,439,images\orange011T(4).jpg,True,0.7372366630832536,False
5040,orange,3,72,orange011T(5),0,416,214,650,443,images\orange011T(5).jpg,True,0.7668857347401776,False
5041,orange,3,73,orange011T(6),0,465,171,705,410,images\orange011T(6).jpg,True,0.742211325474252,False
5042,orange,3,74,orange011T(7),0,413,211,650,425,images\orange011T(7).jpg,True,0.7515582215288553,False
5043,orange,3,75,orange011T(8),0,442,177,654,406,images\orange011T(8).jpg,True,0.7502154676939974,False
5044,orange,3,76,orange011T(9),0,428,194,676,418,images\orange011T(9).jpg,True,0.758734483714705,False
5045,orange,3,77,orange012S(1),0,320,131,498,301,images\orange012S(1).jpg,True,0.7610337514190826,False
5046,orange,3,78,orange012S(2),0,335,99,495,259,images\orange012S(2).jpg,True,0.7201442049159785,False
5047,orange,3,79,orange012S(3),0,319,101,468,257,images\orange012S(3).jpg,True,0.751580800008482,False
5048,orange,3,80,orange012S(4),0,342,121,497,266,images\orange012S(4).jpg,True,0.7207971374076495,False
5049,orange,4,1,orange012S(5),0,266,130,426,270,images\orange012S(5).jpg,True,0.7499635947216232,False
5050,orange,4,2,orange012S(6),0,318,113,474,263,images\orange012S(6).jpg,True,0.7521096569099268,False
5051,orange,4,3,orange012S(7),0,311,108,486,261,images\orange012S(7).jpg,True,0.7295170738352557,False
5052,orange,4,4,orange012S(8),0,335,110,493,257,images\orange012S(8).jpg,True,0.7521844076024877,False
5053,orange,4,5,orange012S(9),0,291,123,449,261,images\orange012S(9).jpg,True,0.756777120024891,False
5054,orange,4,6,orange012T(1),0,230,140,352,254,images\orange012T(1).jpg,True,0.7191882733605257,False
5055,orange,4,7,orange012T(2),0,202,139,299,233,images\orange012T(2).jpg,True,0.6795796787614568,False
5056,orange,4,8,orange012T(3),0,165,86,273,192,images\orange012T(3).jpg,True,0.7132618335677495,False
5057,orange,4,9,orange012T(4),0,162,134,267,226,images\orange012T(4).jpg,True,0.7102804730758031,False
5058,orange,4,10,orange012T(5),0,129,113,229,214,images\orange012T(5).jpg,True,0.7259088302881955,False
5059,orange,4,11,orange012T(6),0,100,99,225,204,images\orange012T(6).jpg,True,0.7393121511166743,False
5060,orange,4,12,orange012T(7),0,244,134,343,246,images\orange012T(7).jpg,True,0.7538541926772651,False
5061,orange,4,13,orange012T(8),0,93,111,222,222,images\orange012T(8).jpg,True,0.7155927492379757,False
5062,orange,4,14,orange012T(9),0,144,133,245,240,images\orange012T(9).jpg,True,0.7200518067607823,False
5063,orange,4,15,orange013S(1),0,303,96,427,215,images\orange013S(1).jpg,True,0.7646029048023355,False
5064,orange,4,16,orange013S(2),0,285,89,409,202,images\orange013S(2).jpg,True,0.7441996956677408,False
5065,orange,4,17,orange013S(3),0,250,104,374,217,images\orange013S(3).jpg,True,0.7456518640350878,False
5066,orange,4,18,orange013S(4),0,285,92,415,210,images\orange013S(4).jpg,True,0.7597835993839952,False
5067,orange,4,19,orange013S(5),0,290,75,410,203,images\orange013S(5).jpg,True,0.7348966932867992,False
5068,orange,4,20,orange013T(1),0,132,93,237,205,images\orange013T(1).jpg,True,0.7480473328651128,False
5069,orange,4,21,orange013T(2),0,253,161,379,282,images\orange013T(2).jpg,True,0.7168331527045897,False
5070,orange,4,22,orange013T(3),0,119,84,249,218,images\orange013T(3).jpg,True,0.7458166531654469,False
5071,orange,4,23,orange013T(4),0,150,91,265,207,images\orange013T(4).jpg,True,0.7579299873020449,False
5072,orange,4,24,orange013T(5),0,265,176,383,294,images\orange013T(5).jpg,True,0.7283850191660375,False
5073,orange,4,25,orange014S(1),0,308,115,462,243,images\orange014S(1).jpg,True,0.7521827277784813,False
5074,orange,4,26,orange014S(2),0,274,124,430,259,images\orange014S(2).jpg,True,0.7294073414928604,False
5075,orange,4,27,orange014S(3),0,284,115,437,252,images\orange014S(3).jpg,True,0.7429705213973905,False
5076,orange,4,28,orange014T(1),0,120,103,238,226,images\orange014T(1).jpg,True,0.7017746800953633,False
5077,orange,4,29,orange014T(2),0,148,111,261,225,images\orange014T(2).jpg,True,0.7174019567259557,False
5078,orange,4,30,orange014T(3),0,121,118,242,240,images\orange014T(3).jpg,True,0.7550674809771172,False
5079,orange,4,31,orange015S(1),0,53,106,209,249,images\orange015S(1).jpg,True,0.7520083519279785,False
5080,orange,4,32,orange015S(2),0,96,88,248,214,images\orange015S(2).jpg,True,0.7688617562213068,False
5081,orange,4,33,orange015S(3),0,16,107,186,259,images\orange015S(3).jpg,True,0.7592771769558374,False
5082,orange,4,34,orange015S(4),0,48,105,199,254,images\orange015S(4).jpg,True,0.7609690887287229,False
5083,orange,4,35,orange015S(5),0,41,105,206,252,images\orange015S(5).jpg,True,0.7589310460156382,False
5084,orange,4,36,orange015S(6),0,43,120,207,265,images\orange015S(6).jpg,True,0.7521776947069552,False
5085,orange,4,37,orange015T(1),0,238,118,347,224,images\orange015T(1).jpg,True,0.6836681652978382,False
5086,orange,4,38,orange015T(2),0,262,126,388,257,images\orange015T(2).jpg,True,0.7090323563023522,False
5087,orange,4,39,orange015T(3),0,238,117,356,246,images\orange015T(3).jpg,True,0.7380557652574697,False
5088,orange,4,40,orange015T(4),0,194,115,318,226,images\orange015T(4).jpg,True,0.7288535358666938,False
5089,orange,4,41,orange015T(5),0,231,113,333,225,images\orange015T(5).jpg,True,0.7309775353236778,False
5090,orange,4,42,orange015T(6),0,232,119,334,239,images\orange015T(6).jpg,True,0.7028756660695741,False
5091,peach,1,1,peach001S(1),0,493,238,645,384,images\peach001S(1).jpg,True,0.7611740229603624,False
5092,peach,1,2,peach001S(10),0,474,246,639,388,images\peach001S(10).jpg,True,0.718635292218564,False
5093,peach,1,3,peach001S(11),0,474,251,628,394,images\peach001S(11).jpg,True,0.7658462816336271,False
5094,peach,1,4,peach001S(12),0,492,260,656,408,images\peach001S(12).jpg,True,0.696106899515738,False
5095,peach,1,5,peach001S(13),0,472,279,631,425,images\peach001S(13).jpg,True,0.7385027212447839,False
5096,peach,1,6,peach001S(14),0,457,254,616,399,images\peach001S(14).jpg,True,0.7881227512123448,False
5097,peach,1,7,peach001S(15),0,477,240,629,381,images\peach001S(15).jpg,True,0.7942005881404004,False
5098,peach,1,8,peach001S(16),0,449,227,604,368,images\peach001S(16).jpg,True,0.7082931110945445,False
5099,peach,1,9,peach001S(2),0,482,232,641,374,images\peach001S(2).jpg,True,0.760077733671437,False
5100,peach,1,10,peach001S(3),0,490,251,653,406,images\peach001S(3).jpg,True,0.7049674532498305,False
5101,peach,1,11,peach001S(4),0,489,302,652,455,images\peach001S(4).jpg,True,0.7012411784007581,False
5102,peach,1,12,peach001S(5),0,486,234,641,379,images\peach001S(5).jpg,True,0.7564394618112565,False
5103,peach,1,13,peach001S(6),0,462,225,621,374,images\peach001S(6).jpg,True,0.7477435709868103,False
5104,peach,1,14,peach001S(7),0,470,288,632,440,images\peach001S(7).jpg,True,0.7595826477154716,False
5105,peach,1,15,peach001S(8),0,502,225,672,373,images\peach001S(8).jpg,True,0.7297284632228271,False
5106,peach,1,16,peach001S(9),0,469,238,636,386,images\peach001S(9).jpg,True,0.7107241554339857,False
5107,peach,1,17,peach001T(1),0,466,279,634,444,images\peach001T(1).jpg,True,0.7070245636295491,False
5108,peach,1,18,peach001T(10),0,453,244,618,415,images\peach001T(10).jpg,True,0.7493072877447289,False
5109,peach,1,19,peach001T(11),0,431,255,593,407,images\peach001T(11).jpg,True,0.723438742547545,False
5110,peach,1,20,peach001T(12),0,481,248,646,413,images\peach001T(12).jpg,True,0.7356977546671737,False
5111,peach,1,21,peach001T(13),0,465,231,649,403,images\peach001T(13).jpg,True,0.7157360509724118,False
5112,peach,1,22,peach001T(14),0,454,232,639,406,images\peach001T(14).jpg,True,0.7094457245263697,False
5113,peach,1,23,peach001T(15),0,496,231,680,405,images\peach001T(15).jpg,True,0.6874134248261705,False
5114,peach,1,24,peach001T(16),0,496,252,673,425,images\peach001T(16).jpg,True,0.6539700163796096,False
5115,peach,1,25,peach001T(2),0,396,250,566,415,images\peach001T(2).jpg,True,0.6925300790364761,False
5116,peach,1,26,peach001T(3),0,463,236,656,413,images\peach001T(3).jpg,True,0.680242645882632,False
5117,peach,1,27,peach001T(4),0,444,260,624,428,images\peach001T(4).jpg,True,0.6967598529816974,False
5118,peach,1,28,peach001T(5),0,417,210,591,383,images\peach001T(5).jpg,True,0.686700912936389,False
5119,peach,1,29,peach001T(6),0,451,256,608,420,images\peach001T(6).jpg,True,0.7398532415198167,False
5120,peach,1,30,peach001T(7),0,490,250,652,411,images\peach001T(7).jpg,True,0.7211629042554565,False
5121,peach,1,31,peach001T(8),0,478,267,623,419,images\peach001T(8).jpg,True,0.7636324995020305,False
5122,peach,1,32,peach001T(9),0,464,250,621,408,images\peach001T(9).jpg,True,0.6956536694767073,False
5123,peach,1,33,peach002S(1),0,431,234,599,405,images\peach002S(1).jpg,True,0.6888170787613959,False
5124,peach,1,34,peach002S(2),0,535,215,695,381,images\peach002S(2).jpg,True,0.7106623550401427,False
5125,peach,1,35,peach002S(3),0,499,228,660,397,images\peach002S(3).jpg,True,0.7237008389806695,False
5126,peach,1,36,peach002S(4),0,470,224,632,382,images\peach002S(4).jpg,True,0.7168318489939123,False
5127,peach,1,37,peach002S(5),0,484,235,640,392,images\peach002S(5).jpg,True,0.7641736006810242,False
5128,peach,1,38,peach002S(6),0,442,259,596,413,images\peach002S(6).jpg,True,0.7439210782533702,False
5129,peach,1,39,peach002S(7),0,453,267,602,428,images\peach002S(7).jpg,True,0.7486617115982195,False
5130,peach,1,40,peach002S(8),0,465,233,620,389,images\peach002S(8).jpg,True,0.7465854924282229,False
5131,peach,1,41,peach002T(1),0,495,295,652,454,images\peach002T(1).jpg,True,0.7841844598397961,False
5132,peach,1,42,peach002T(2),0,461,255,632,420,images\peach002T(2).jpg,True,0.7080438286911757,False
5133,peach,1,43,peach002T(3),0,413,214,569,366,images\peach002T(3).jpg,True,0.7604699011166218,False
5134,peach,1,44,peach002T(4),0,475,252,639,409,images\peach002T(4).jpg,True,0.7195479625859373,False
5135,peach,1,45,peach002T(5),0,439,269,588,417,images\peach002T(5).jpg,True,0.6847422317397802,False
5136,peach,1,46,peach002T(6),0,414,241,535,372,images\peach002T(6).jpg,True,0.7495078841839979,False
5137,peach,1,47,peach002T(7),0,456,272,607,416,images\peach002T(7).jpg,True,0.7626149206217878,False
5138,peach,1,48,peach002T(8),0,459,284,600,425,images\peach002T(8).jpg,True,0.7650984427213895,False
5139,peach,1,49,peach003S(1),0,484,247,652,397,images\peach003S(1).jpg,True,0.7563027638421816,False
5140,peach,1,50,peach003S(2),0,459,236,631,392,images\peach003S(2).jpg,True,0.7854975244746708,False
5141,peach,1,51,peach003S(3),0,485,262,657,419,images\peach003S(3).jpg,True,0.7492724491107616,False
5142,peach,1,52,peach003S(4),0,473,245,641,401,images\peach003S(4).jpg,True,0.7506645030697262,False
5143,peach,1,53,peach003S(5),0,439,289,601,434,images\peach003S(5).jpg,True,0.7998927428275255,False
5144,peach,1,54,peach003S(6),0,495,236,661,391,images\peach003S(6).jpg,True,0.7914387922933173,False
5145,peach,1,55,peach003S(7),0,462,263,635,415,images\peach003S(7).jpg,True,0.7761777631945272,False
5146,peach,1,56,peach003S(8),0,421,256,580,408,images\peach003S(8).jpg,True,0.7787211499183007,False
5147,peach,1,57,peach003S(9),0,435,235,600,383,images\peach003S(9).jpg,True,0.7911863526806802,False
5148,peach,1,58,peach003T(1),0,480,280,645,434,images\peach003T(1).jpg,True,0.71296347119805,False
5149,peach,1,59,peach003T(2),0,438,272,629,441,images\peach003T(2).jpg,True,0.7397759854869915,False
5150,peach,1,60,peach003T(3),0,430,260,619,445,images\peach003T(3).jpg,True,0.688506762134778,False
5151,peach,1,61,peach003T(4),0,485,259,676,434,images\peach003T(4).jpg,True,0.717555689249131,False
5152,peach,1,62,peach003T(5),0,491,266,679,453,images\peach003T(5).jpg,True,0.7143814721289281,False
5153,peach,1,63,peach003T(6),0,436,268,607,426,images\peach003T(6).jpg,True,0.6984052389162132,False
5154,peach,1,64,peach003T(7),0,442,212,600,373,images\peach003T(7).jpg,True,0.7249890006167617,False
5155,peach,1,65,peach003T(8),0,429,222,593,377,images\peach003T(8).jpg,True,0.7467509656330569,False
5156,peach,1,66,peach003T(9),0,460,236,611,384,images\peach003T(9).jpg,True,0.7389464867313176,False
5157,peach,1,67,peach004S(1),0,476,225,619,357,images\peach004S(1).jpg,True,0.739640743842228,False
5158,peach,1,68,peach004S(10),0,462,303,596,431,images\peach004S(10).jpg,True,0.7696090632581853,False
5159,peach,1,69,peach004S(11),0,464,233,603,362,images\peach004S(11).jpg,True,0.7311344217987545,False
5160,peach,1,70,peach004S(12),0,455,207,603,334,images\peach004S(12).jpg,True,0.7835089684859737,False
5161,peach,1,71,peach004S(13),0,475,209,623,348,images\peach004S(13).jpg,True,0.7470673527631143,False
5162,peach,1,72,peach004S(14),0,451,190,601,331,images\peach004S(14).jpg,True,0.7520789686857514,False
5163,peach,1,73,peach004S(15),0,455,215,597,341,images\peach004S(15).jpg,True,0.7622704914531269,False
5164,peach,1,74,peach004S(16),0,436,220,574,346,images\peach004S(16).jpg,True,0.7848767444722602,False
5165,peach,1,75,peach004S(17),0,461,208,599,344,images\peach004S(17).jpg,True,0.7413829338278732,False
5166,peach,1,76,peach004S(18),0,479,236,623,372,images\peach004S(18).jpg,True,0.7237948574794868,False
5167,peach,1,77,peach004S(19),0,458,191,608,327,images\peach004S(19).jpg,True,0.7540182240054141,False
5168,peach,1,78,peach004S(2),0,450,214,586,340,images\peach004S(2).jpg,True,0.7398199088342388,False
5169,peach,1,79,peach004S(20),0,459,219,594,351,images\peach004S(20).jpg,True,0.7518431991830632,False
5170,peach,1,80,peach004S(3),0,451,251,585,377,images\peach004S(3).jpg,True,0.7363985802537049,False
5171,peach,2,1,peach004S(4),0,468,243,612,370,images\peach004S(4).jpg,True,0.7464834770114943,False
5172,peach,2,2,peach004S(5),0,474,196,607,321,images\peach004S(5).jpg,True,0.7710614503608699,False
5173,peach,2,3,peach004S(6),0,483,213,618,335,images\peach004S(6).jpg,True,0.7771206521001818,False
5174,peach,2,4,peach004S(7),0,500,204,642,338,images\peach004S(7).jpg,True,0.7356290156893885,False
5175,peach,2,5,peach004S(8),0,491,229,634,358,images\peach004S(8).jpg,True,0.7634591528846757,False
5176,peach,2,6,peach004S(9),0,468,225,611,359,images\peach004S(9).jpg,True,0.7472212053469741,False
5177,peach,2,7,peach004T(1),0,463,275,638,463,images\peach004T(1).jpg,True,0.7202022136940921,False
5178,peach,2,8,peach004T(10),0,451,219,605,377,images\peach004T(10).jpg,True,0.7383052601377429,False
5179,peach,2,9,peach004T(11),0,484,281,656,439,images\peach004T(11).jpg,True,0.7619858846750405,False
5180,peach,2,10,peach004T(12),0,483,308,645,462,images\peach004T(12).jpg,True,0.7867920601653857,False
5181,peach,2,11,peach004T(13),0,501,286,670,452,images\peach004T(13).jpg,True,0.725754309195439,False
5182,peach,2,12,peach004T(14),0,466,283,619,431,images\peach004T(14).jpg,True,0.7505055460486003,False
5183,peach,2,13,peach004T(15),0,445,246,618,408,images\peach004T(15).jpg,True,0.7458470601167002,False
5184,peach,2,14,peach004T(16),0,508,291,677,455,images\peach004T(16).jpg,True,0.7754057639782657,False
5185,peach,2,15,peach004T(17),0,483,273,654,431,images\peach004T(17).jpg,True,0.7466350253683183,False
5186,peach,2,16,peach004T(18),0,435,247,614,425,images\peach004T(18).jpg,True,0.7415751095506091,False
5187,peach,2,17,peach004T(19),0,449,257,649,452,images\peach004T(19).jpg,True,0.7302611883314671,False
5188,peach,2,18,peach004T(2),0,480,289,642,459,images\peach004T(2).jpg,True,0.718912521124339,False
5189,peach,2,19,peach004T(20),0,474,284,643,445,images\peach004T(20).jpg,True,0.7219910525537837,False
5190,peach,2,20,peach004T(3),0,512,315,677,471,images\peach004T(3).jpg,True,0.7599334895103804,False
5191,peach,2,21,peach004T(4),0,441,306,607,474,images\peach004T(4).jpg,True,0.7398259422916195,False
5192,peach,2,22,peach004T(5),0,468,247,660,438,images\peach004T(5).jpg,True,0.7513288755774671,False
5193,peach,2,23,peach004T(6),0,480,274,650,450,images\peach004T(6).jpg,True,0.7369680304372918,False
5194,peach,2,24,peach004T(7),0,488,344,670,529,images\peach004T(7).jpg,True,0.7425969329380538,False
5195,peach,2,25,peach004T(8),0,458,293,640,483,images\peach004T(8).jpg,True,0.7385142857142857,False
5196,peach,2,26,peach004T(9),0,483,312,642,478,images\peach004T(9).jpg,True,0.7490277736781754,False
5197,peach,2,27,peach005S(1),0,461,202,633,361,images\peach005S(1).jpg,True,0.7462590187590188,False
5198,peach,2,28,peach005S(10),0,449,194,638,353,images\peach005S(10).jpg,True,0.7708973095433136,False
5199,peach,2,29,peach005S(2),0,498,216,689,373,images\peach005S(2).jpg,True,0.7753624939196773,False
5200,peach,2,30,peach005S(3),0,465,205,637,368,images\peach005S(3).jpg,True,0.7208218411608243,False
5201,peach,2,31,peach005S(4),0,469,252,638,397,images\peach005S(4).jpg,True,0.7518469913863619,False
5202,peach,2,32,peach005S(5),0,483,237,654,390,images\peach005S(5).jpg,True,0.7372866678345418,False
5203,peach,2,33,peach005S(6),0,448,188,640,348,images\peach005S(6).jpg,True,0.7500065767378226,False
5204,peach,2,34,peach005S(7),0,462,167,645,332,images\peach005S(7).jpg,True,0.7238731803914026,False
5205,peach,2,35,peach005S(8),0,464,210,644,365,images\peach005S(8).jpg,True,0.7326146587196312,False
5206,peach,2,36,peach005S(9),0,484,211,658,369,images\peach005S(9).jpg,True,0.7683607008735057,False
5207,peach,2,37,peach005T(1),0,427,196,659,397,images\peach005T(1).jpg,True,0.7551882411635071,False
5208,peach,2,38,peach005T(10),0,417,218,652,474,images\peach005T(10).jpg,True,0.6940061920293026,False
5209,peach,2,39,peach005T(2),0,425,235,631,463,images\peach005T(2).jpg,True,0.7362833224576559,False
5210,peach,2,40,peach005T(3),0,374,238,593,434,images\peach005T(3).jpg,True,0.7682936358987368,False
5211,peach,2,41,peach005T(4),0,460,229,646,434,images\peach005T(4).jpg,True,0.7461663501522051,False
5212,peach,2,42,peach005T(5),0,475,260,683,445,images\peach005T(5).jpg,True,0.7584795029601492,False
5213,peach,2,43,peach005T(6),0,440,214,675,465,images\peach005T(6).jpg,True,0.7532204037208297,False
5214,peach,2,44,peach005T(7),0,434,191,663,398,images\peach005T(7).jpg,True,0.7453688987322874,False
5215,peach,2,45,peach005T(8),0,453,198,669,435,images\peach005T(8).jpg,True,0.7399538532446777,False
5216,peach,2,46,peach005T(9),0,410,228,640,429,images\peach005T(9).jpg,True,0.7319310829172649,False
5217,pear,1,1,mix013S(1),1,554,138,760,341,images\mix013S(1).jpg,True,0.748808013031709,False
5218,pear,1,2,mix013S(2),0,333,117,516,308,images\mix013S(2).jpg,True,0.7778898293637377,False
5219,pear,1,3,mix013S(3),1,545,115,748,317,images\mix013S(3).jpg,True,0.7810740493755396,False
5220,pear,1,4,mix013S(4),0,291,129,489,328,images\mix013S(4).jpg,True,0.7966119296293805,False
5221,pear,1,5,mix013T(1),1,327,298,508,479,images\mix013T(1).jpg,True,0.7382150370105626,False
5222,pear,1,6,mix013T(2),0,370,122,548,298,images\mix013T(2).jpg,True,0.7684421182184166,False
5223,pear,1,7,mix013T(3),1,345,312,530,502,images\mix013T(3).jpg,True,0.7504844388249392,False
5224,pear,1,8,mix013T(4),0,372,74,562,265,images\mix013T(4).jpg,True,0.7361748933155262,False
5225,pear,1,9,mix014S(1),0,237,264,452,479,images\mix014S(1).jpg,True,0.7774913960377946,False
5226,pear,1,10,mix014S(2),0,275,234,499,462,images\mix014S(2).jpg,True,0.7734648766959332,False
5227,pear,1,11,mix014S(3),1,559,282,781,498,images\mix014S(3).jpg,True,0.7858695781404847,False
5228,pear,1,12,mix014S(4),0,229,265,445,490,images\mix014S(4).jpg,True,0.7688103769076854,False
5229,pear,1,13,mix014T(1),0,354,103,519,266,images\mix014T(1).jpg,True,0.7307940141557946,False
5230,pear,1,14,mix014T(2),0,389,97,583,287,images\mix014T(2).jpg,True,0.7392950722731375,False
5231,pear,1,15,mix014T(3),1,408,311,585,481,images\mix014T(3).jpg,True,0.7508576494108841,False
5232,pear,1,16,mix014T(4),0,357,121,527,287,images\mix014T(4).jpg,True,0.734119933468309,False
5233,pear,1,17,pear001S(1),0,478,97,669,291,images\pear001S(1).jpg,True,0.7769768595031435,False
5234,pear,1,18,pear001S(10),0,507,166,701,356,images\pear001S(10).jpg,True,0.7300166645584419,False
5235,pear,1,19,pear001S(11),0,443,119,633,308,images\pear001S(11).jpg,True,0.7457674114334227,False
5236,pear,1,20,pear001S(12),0,465,153,657,338,images\pear001S(12).jpg,True,0.757005986970178,False
5237,pear,1,21,pear001S(13),0,445,136,641,329,images\pear001S(13).jpg,True,0.7278449681531985,False
5238,pear,1,22,pear001S(14),0,476,120,672,314,images\pear001S(14).jpg,True,0.7381344934833836,False
5239,pear,1,23,pear001S(15),0,458,136,647,325,images\pear001S(15).jpg,True,0.7611207294552169,False
5240,pear,1,24,pear001S(16),0,441,123,618,307,images\pear001S(16).jpg,True,0.7885817386952038,False
5241,pear,1,25,pear001S(2),0,469,133,660,319,images\pear001S(2).jpg,True,0.7949329706513072,False
5242,pear,1,26,pear001S(3),0,489,125,683,315,images\pear001S(3).jpg,True,0.788105934621143,False
5243,pear,1,27,pear001S(4),0,440,130,636,323,images\pear001S(4).jpg,True,0.7303735000020127,False
5244,pear,1,28,pear001S(5),0,414,140,626,342,images\pear001S(5).jpg,True,0.6768039699142828,False
5245,pear,1,29,pear001S(6),0,452,145,652,356,images\pear001S(6).jpg,True,0.6890491302558326,False
5246,pear,1,30,pear001S(7),0,448,117,666,311,images\pear001S(7).jpg,True,0.7259112555018145,False
5247,pear,1,31,pear001S(8),0,448,132,642,321,images\pear001S(8).jpg,True,0.7075772051210647,False
5248,pear,1,32,pear001S(9),0,488,116,681,320,images\pear001S(9).jpg,True,0.6808031800391277,False
5249,pear,1,33,pear001T(1),0,426,201,654,445,images\pear001T(1).jpg,True,0.6955177595976827,False
5250,pear,1,34,pear001T(10),0,369,202,584,392,images\pear001T(10).jpg,True,0.7177413543305895,False
5251,pear,1,35,pear001T(11),0,389,235,582,434,images\pear001T(11).jpg,True,0.6802228307560138,False
5252,pear,1,36,pear001T(12),0,381,207,596,421,images\pear001T(12).jpg,True,0.6811495140386017,False
5253,pear,1,37,pear001T(13),0,376,234,567,432,images\pear001T(13).jpg,True,0.7293109704596428,False
5254,pear,1,38,pear001T(14),0,357,225,563,430,images\pear001T(14).jpg,True,0.7514384801115046,False
5255,pear,1,39,pear001T(15),0,422,188,663,437,images\pear001T(15).jpg,True,0.7347240951119036,False
5256,pear,1,40,pear001T(16),0,412,214,658,440,images\pear001T(16).jpg,True,0.6869809975626652,False
5257,pear,1,41,pear001T(2),0,383,209,613,440,images\pear001T(2).jpg,True,0.7067740263269886,False
5258,pear,1,42,pear001T(3),0,417,251,664,490,images\pear001T(3).jpg,True,0.7241625342329984,False
5259,pear,1,43,pear001T(4),0,370,226,620,461,images\pear001T(4).jpg,True,0.7163547845365441,False
5260,pear,1,44,pear001T(5),0,421,246,660,486,images\pear001T(5).jpg,True,0.7444968260166094,False
5261,pear,1,45,pear001T(6),0,404,234,628,457,images\pear001T(6).jpg,True,0.6988427734375,False
5262,pear,1,46,pear001T(7),0,435,225,650,438,images\pear001T(7).jpg,True,0.7511541804784965,False
5263,pear,1,47,pear001T(8),0,430,189,653,411,images\pear001T(8).jpg,True,0.6750003532803255,False
5264,pear,1,48,pear001T(9),0,420,189,648,409,images\pear001T(9).jpg,True,0.6933420313877214,False
5265,pear,1,49,pear002S(1),0,460,237,713,469,images\pear002S(1).jpg,True,0.7636423364106633,False
5266,pear,1,50,pear002S(10),0,476,228,685,434,images\pear002S(10).jpg,True,0.7681594608762268,False
5267,pear,1,51,pear002S(11),0,460,206,659,407,images\pear002S(11).jpg,True,0.7355080787267096,False
5268,pear,1,52,pear002S(12),0,481,216,717,424,images\pear002S(12).jpg,True,0.7878444151163232,False
5269,pear,1,53,pear002S(13),0,477,222,681,421,images\pear002S(13).jpg,True,0.7875570020105647,False
5270,pear,1,54,pear002S(14),0,424,216,599,375,images\pear002S(14).jpg,True,0.779689974375676,False
5271,pear,1,55,pear002S(15),0,447,244,657,437,images\pear002S(15).jpg,True,0.7635070725741915,False
5272,pear,1,56,pear002S(16),0,416,239,594,408,images\pear002S(16).jpg,True,0.8173676997680792,False
5273,pear,1,57,pear002S(17),0,433,234,623,414,images\pear002S(17).jpg,True,0.7522088916172885,False
5274,pear,1,58,pear002S(18),0,455,272,694,498,images\pear002S(18).jpg,True,0.7628018513383306,False
5275,pear,1,59,pear002S(19),0,423,221,664,441,images\pear002S(19).jpg,True,0.7525067350989372,False
5276,pear,1,60,pear002S(2),0,450,286,664,489,images\pear002S(2).jpg,True,0.7656936194174876,False
5277,pear,1,61,pear002S(20),0,480,242,720,464,images\pear002S(20).jpg,True,0.7797000845141011,False
5278,pear,1,62,pear002S(3),0,437,247,646,450,images\pear002S(3).jpg,True,0.7581784083496412,False
5279,pear,1,63,pear002S(4),0,437,277,658,477,images\pear002S(4).jpg,True,0.7306139771557126,False
5280,pear,1,64,pear002S(5),0,455,277,667,478,images\pear002S(5).jpg,True,0.751956485989924,False
5281,pear,1,65,pear002S(6),0,463,257,679,458,images\pear002S(6).jpg,True,0.7481888943604265,False
5282,pear,1,66,pear002S(7),0,421,255,634,455,images\pear002S(7).jpg,True,0.7884875808521227,False
5283,pear,1,67,pear002S(8),0,476,204,688,402,images\pear002S(8).jpg,True,0.7470106441179459,False
5284,pear,1,68,pear002S(9),0,442,216,652,408,images\pear002S(9).jpg,True,0.7880336213244943,False
5285,pear,1,69,pear002T(1),0,441,257,621,436,images\pear002T(1).jpg,True,0.7253422209980755,False
5286,pear,1,70,pear002T(10),0,338,160,550,360,images\pear002T(10).jpg,True,0.7386056900456732,False
5287,pear,1,71,pear002T(11),0,376,182,547,359,images\pear002T(11).jpg,True,0.7518531607279745,False
5288,pear,1,72,pear002T(12),0,391,207,580,401,images\pear002T(12).jpg,True,0.7252206442770937,False
5289,pear,1,73,pear002T(13),0,428,237,610,423,images\pear002T(13).jpg,True,0.7593847124245091,False
5290,pear,1,74,pear002T(14),0,386,240,549,401,images\pear002T(14).jpg,True,0.7138310595359403,False
5291,pear,1,75,pear002T(15),0,383,227,566,423,images\pear002T(15).jpg,True,0.710501087903979,False
5292,pear,1,76,pear002T(16),0,407,214,617,416,images\pear002T(16).jpg,True,0.7117864572669743,False
5293,pear,1,77,pear002T(17),0,422,213,597,392,images\pear002T(17).jpg,True,0.7359965275042957,False
5294,pear,1,78,pear002T(18),0,370,235,549,409,images\pear002T(18).jpg,True,0.7694849450552603,False
5295,pear,1,79,pear002T(19),0,399,185,608,390,images\pear002T(19).jpg,True,0.7155689465825678,False
5296,pear,1,80,pear002T(2),0,399,232,601,417,images\pear002T(2).jpg,True,0.7078714835375242,False
5297,pear,2,1,pear002T(20),0,414,224,604,403,images\pear002T(20).jpg,True,0.732394511322852,False
5298,pear,2,2,pear002T(3),0,393,211,601,429,images\pear002T(3).jpg,True,0.7072833492051864,False
5299,pear,2,3,pear002T(4),0,408,252,594,437,images\pear002T(4).jpg,True,0.7382790002199471,False
5300,pear,2,4,pear002T(5),0,432,236,638,425,images\pear002T(5).jpg,True,0.7272994533109174,False
5301,pear,2,5,pear002T(6),0,394,182,573,369,images\pear002T(6).jpg,True,0.718194013327007,False
5302,pear,2,6,pear002T(7),0,463,271,657,460,images\pear002T(7).jpg,True,0.7336511357467099,False
5303,pear,2,7,pear002T(8),0,397,232,600,426,images\pear002T(8).jpg,True,0.7102119838837107,False
5304,pear,2,8,pear002T(9),0,431,238,605,428,images\pear002T(9).jpg,True,0.7444538009829266,False
5305,pear,2,9,pear003S(1),0,424,174,643,390,images\pear003S(1).jpg,True,0.7256286869190095,False
5306,pear,2,10,pear003S(10),0,430,149,656,370,images\pear003S(10).jpg,True,0.6913751532659484,False
5307,pear,2,11,pear003S(11),0,431,172,639,380,images\pear003S(11).jpg,True,0.7757348483055801,False
5308,pear,2,12,pear003S(12),0,410,178,619,388,images\pear003S(12).jpg,True,0.7306830593896652,False
5309,pear,2,13,pear003S(13),0,411,173,630,389,images\pear003S(13).jpg,True,0.7192178719698887,False
5310,pear,2,14,pear003S(14),0,464,216,671,428,images\pear003S(14).jpg,True,0.7712088618773864,False
5311,pear,2,15,pear003S(15),0,439,177,663,392,images\pear003S(15).jpg,True,0.6878027065527066,False
5312,pear,2,16,pear003S(16),0,444,186,650,393,images\pear003S(16).jpg,True,0.7278904594107674,False
5313,pear,2,17,pear003S(2),0,432,188,641,407,images\pear003S(2).jpg,True,0.7703895043056714,False
5314,pear,2,18,pear003S(3),0,454,170,678,384,images\pear003S(3).jpg,True,0.7595992215166539,False
5315,pear,2,19,pear003S(4),0,410,187,625,395,images\pear003S(4).jpg,True,0.7510621727322111,False
5316,pear,2,20,pear003S(5),0,443,169,661,386,images\pear003S(5).jpg,True,0.7451898109931308,False
5317,pear,2,21,pear003S(6),0,442,172,657,383,images\pear003S(6).jpg,True,0.7400297794805168,False
5318,pear,2,22,pear003S(7),0,440,179,651,394,images\pear003S(7).jpg,True,0.7637894332290677,False
5319,pear,2,23,pear003S(8),0,419,146,627,361,images\pear003S(8).jpg,True,0.7375977597109642,False
5320,pear,2,24,pear003S(9),0,435,196,647,406,images\pear003S(9).jpg,True,0.728914538388784,False
5321,pear,2,25,pear003T(1),0,377,242,590,450,images\pear003T(1).jpg,True,0.7404843279806003,False
5322,pear,2,26,pear003T(10),0,392,217,608,429,images\pear003T(10).jpg,True,0.70549628164762,False
5323,pear,2,27,pear003T(11),0,396,190,617,411,images\pear003T(11).jpg,True,0.7450861916413534,False
5324,pear,2,28,pear003T(12),0,394,180,600,393,images\pear003T(12).jpg,True,0.7460762555207492,False
5325,pear,2,29,pear003T(13),0,342,234,545,426,images\pear003T(13).jpg,True,0.7240831930355045,False
5326,pear,2,30,pear003T(14),0,389,253,601,454,images\pear003T(14).jpg,True,0.7188409003011884,False
5327,pear,2,31,pear003T(15),0,382,215,595,429,images\pear003T(15).jpg,True,0.7443677580758428,False
5328,pear,2,32,pear003T(16),0,372,176,590,393,images\pear003T(16).jpg,True,0.6979784351797917,False
5329,pear,2,33,pear003T(2),0,381,249,599,465,images\pear003T(2).jpg,True,0.7333044267236168,False
5330,pear,2,34,pear003T(3),0,354,191,564,411,images\pear003T(3).jpg,True,0.6595082195403739,False
5331,pear,2,35,pear003T(4),0,371,226,596,446,images\pear003T(4).jpg,True,0.713755695994502,False
5332,pear,2,36,pear003T(5),0,375,211,586,429,images\pear003T(5).jpg,True,0.7339597562502378,False
5333,pear,2,37,pear003T(6),0,355,208,585,431,images\pear003T(6).jpg,True,0.7338961217505907,False
5334,pear,2,38,pear003T(7),0,417,232,615,425,images\pear003T(7).jpg,True,0.7533623658501984,False
5335,pear,2,39,pear003T(8),0,362,201,597,426,images\pear003T(8).jpg,True,0.7486161669967529,False
5336,pear,2,40,pear003T(9),0,370,188,598,425,images\pear003T(9).jpg,True,0.7384859504121926,False
5337,pear,2,41,pear004S(1),0,451,194,644,374,images\pear004S(1).jpg,True,0.753688700903898,False
5338,pear,2,42,pear004S(10),0,456,166,659,345,images\pear004S(10).jpg,True,0.7986002179806542,False
5339,pear,2,43,pear004S(11),0,444,202,619,384,images\pear004S(11).jpg,True,0.7226524831243972,False
5340,pear,2,44,pear004S(12),0,444,169,640,352,images\pear004S(12).jpg,True,0.7793914955504881,False
5341,pear,2,45,pear004S(13),0,458,195,647,382,images\pear004S(13).jpg,True,0.7540912910429292,False
5342,pear,2,46,pear004S(14),0,462,224,658,407,images\pear004S(14).jpg,True,0.7674593133730656,False
5343,pear,2,47,pear004S(15),0,491,237,672,419,images\pear004S(15).jpg,True,0.7315764598612653,False
5344,pear,2,48,pear004S(2),0,435,205,619,388,images\pear004S(2).jpg,True,0.7576135918527223,False
5345,pear,2,49,pear004S(3),0,440,168,637,362,images\pear004S(3).jpg,True,0.7348774157284796,False
5346,pear,2,50,pear004S(4),0,489,189,675,379,images\pear004S(4).jpg,True,0.7365385176963111,False
5347,pear,2,51,pear004S(5),0,430,159,639,347,images\pear004S(5).jpg,True,0.7582662300307854,False
5348,pear,2,52,pear004S(6),0,449,162,645,351,images\pear004S(6).jpg,True,0.7552379289061155,False
5349,pear,2,53,pear004S(7),0,451,196,635,381,images\pear004S(7).jpg,True,0.7302443063828263,False
5350,pear,2,54,pear004S(8),0,465,163,668,348,images\pear004S(8).jpg,True,0.7598097959685349,False
5351,pear,2,55,pear004S(9),0,457,146,645,347,images\pear004S(9).jpg,True,0.7466250648053311,False
5352,pear,2,56,pear004T(1),0,349,299,532,498,images\pear004T(1).jpg,True,0.7191658820250622,False
5353,pear,2,57,pear004T(10),0,417,239,615,447,images\pear004T(10).jpg,True,0.7349754250493089,False
5354,pear,2,58,pear004T(11),0,390,228,595,425,images\pear004T(11).jpg,True,0.7256853616140753,False
5355,pear,2,59,pear004T(12),0,396,240,573,425,images\pear004T(12).jpg,True,0.7328645359215378,False
5356,pear,2,60,pear004T(13),0,385,223,606,425,images\pear004T(13).jpg,True,0.7212669724734798,False
5357,pear,2,61,pear004T(14),0,371,212,551,407,images\pear004T(14).jpg,True,0.7280675567211821,False
5358,pear,2,62,pear004T(15),0,350,265,554,471,images\pear004T(15).jpg,True,0.7195799842758248,False
5359,pear,2,63,pear004T(2),0,397,245,616,446,images\pear004T(2).jpg,True,0.7126870314621181,False
5360,pear,2,64,pear004T(3),0,396,233,600,451,images\pear004T(3).jpg,True,0.7414300306751569,False
5361,pear,2,65,pear004T(4),0,382,233,595,433,images\pear004T(4).jpg,True,0.7474089613479805,False
5362,pear,2,66,pear004T(5),0,392,233,593,445,images\pear004T(5).jpg,True,0.7281850596675343,False
5363,pear,2,67,pear004T(6),0,390,220,602,432,images\pear004T(6).jpg,True,0.7063674747760531,False
5364,pear,2,68,pear004T(7),0,391,230,593,419,images\pear004T(7).jpg,True,0.7621711288181794,False
5365,pear,2,69,pear004T(8),0,404,220,611,436,images\pear004T(8).jpg,True,0.6699703396401986,False
5366,pear,2,70,pear004T(9),0,384,216,609,421,images\pear004T(9).jpg,True,0.7297082967287396,False
5367,pear,2,71,pear005S(1),0,338,123,498,270,images\pear005S(1).jpg,True,0.7288789757971343,False
5368,pear,2,72,pear005S(2),0,327,105,476,271,images\pear005S(2).jpg,True,0.7524781304199213,False
5369,pear,2,73,pear005S(3),0,320,97,482,269,images\pear005S(3).jpg,True,0.7237702262306154,False
5370,pear,2,74,pear005S(4),0,330,97,486,259,images\pear005S(4).jpg,True,0.7267329827247346,False
5371,pear,2,75,pear005S(5),0,317,99,465,263,images\pear005S(5).jpg,True,0.7414048545127914,False
5372,pear,2,76,pear005S(6),0,332,120,483,255,images\pear005S(6).jpg,True,0.7407980736154112,False
5373,pear,2,77,pear005S(7),0,327,122,502,258,images\pear005S(7).jpg,True,0.7290191697573618,False
5374,pear,2,78,pear005T(1),0,186,98,310,210,images\pear005T(1).jpg,True,0.7405980279689719,False
5375,pear,2,79,pear005T(2),0,128,109,218,197,images\pear005T(2).jpg,True,0.7391748994821716,False
5376,pear,2,80,pear005T(3),0,191,113,289,214,images\pear005T(3).jpg,True,0.736050686575549,False
5377,pear,3,1,pear005T(4),0,179,139,268,227,images\pear005T(4).jpg,True,0.6806768527976393,False
5378,pear,3,2,pear005T(5),0,179,120,268,207,images\pear005T(5).jpg,True,0.7214200191570881,False
5379,pear,3,3,pear005T(6),0,152,117,266,210,images\pear005T(6).jpg,True,0.768730161395966,False
5380,pear,3,4,pear005T(7),0,155,101,254,216,images\pear005T(7).jpg,True,0.7344210522023503,False
5381,pear,3,5,pear006S(1),0,278,109,403,227,images\pear006S(1).jpg,True,0.7431025333553865,False
5382,pear,3,6,pear006S(2),0,304,76,443,236,images\pear006S(2).jpg,True,0.7297967357414579,False
5383,pear,3,7,pear006S(3),0,299,77,431,235,images\pear006S(3).jpg,True,0.7661900574344218,False
5384,pear,3,8,pear006S(4),0,303,91,442,243,images\pear006S(4).jpg,True,0.7333775176737362,False
5385,pear,3,9,pear006S(5),0,280,84,424,206,images\pear006S(5).jpg,True,0.7445277187703545,False
5386,pear,3,10,pear006S(6),0,297,72,432,201,images\pear006S(6).jpg,True,0.7258850627025614,False
5387,pear,3,11,pear006S(7),0,297,89,447,210,images\pear006S(7).jpg,True,0.7370773680678759,False
5388,pear,3,12,pear006S(8),0,285,76,412,193,images\pear006S(8).jpg,True,0.7414252210869021,False
5389,pear,3,13,pear006S(9),0,271,106,409,219,images\pear006S(9).jpg,True,0.7332243238863481,False
5390,pear,3,14,pear006T(1),0,130,59,259,168,images\pear006T(1).jpg,True,0.7303809943953823,False
5391,pear,3,15,pear006T(2),0,125,120,252,237,images\pear006T(2).jpg,True,0.7465934037164571,False
5392,pear,3,16,pear006T(3),0,168,114,272,216,images\pear006T(3).jpg,True,0.7448157669237361,False
5393,pear,3,17,pear006T(4),0,127,90,257,211,images\pear006T(4).jpg,True,0.7330512671604503,False
5394,pear,3,18,pear006T(5),0,237,138,353,266,images\pear006T(5).jpg,True,0.7411715119029977,False
5395,pear,3,19,pear006T(6),0,122,77,277,204,images\pear006T(6).jpg,True,0.7194391258571855,False
5396,pear,3,20,pear006T(7),0,139,96,263,240,images\pear006T(7).jpg,True,0.704816320882971,False
5397,pear,3,21,pear006T(8),0,133,112,273,233,images\pear006T(8).jpg,True,0.7417638431244248,False
5398,pear,3,22,pear006T(9),0,108,52,221,188,images\pear006T(9).jpg,True,0.718847504064247,False
5399,plum,1,1,plum001S(1),0,475,151,664,325,images\plum001S(1).jpg,True,0.7257760044602151,False
5400,plum,1,2,plum001S(10),0,419,167,608,334,images\plum001S(10).jpg,True,0.7694077229358962,False
5401,plum,1,3,plum001S(11),0,492,170,694,339,images\plum001S(11).jpg,True,0.7433655716856784,False
5402,plum,1,4,plum001S(12),0,420,186,619,354,images\plum001S(12).jpg,True,0.7356900650134908,False
5403,plum,1,5,plum001S(13),0,447,198,672,387,images\plum001S(13).jpg,True,0.7209931618921339,False
5404,plum,1,6,plum001S(14),0,468,183,671,363,images\plum001S(14).jpg,True,0.7658402012982796,False
5405,plum,1,7,plum001S(15),0,497,198,702,375,images\plum001S(15).jpg,True,0.7448339940595055,False
5406,plum,1,8,plum001S(16),0,442,199,638,375,images\plum001S(16).jpg,True,0.7286568957741193,False
5407,plum,1,9,plum001S(17),0,439,194,646,367,images\plum001S(17).jpg,True,0.7105332039908666,False
5408,plum,1,10,plum001S(18),0,436,180,624,342,images\plum001S(18).jpg,True,0.7680541411529285,False
5409,plum,1,11,plum001S(19),0,471,184,666,353,images\plum001S(19).jpg,True,0.7354588841951606,False
5410,plum,1,12,plum001S(2),0,495,185,677,352,images\plum001S(2).jpg,True,0.8040513014516872,False
5411,plum,1,13,plum001S(20),0,469,193,666,369,images\plum001S(20).jpg,True,0.7192711784945212,False
5412,plum,1,14,plum001S(21),0,473,178,668,347,images\plum001S(21).jpg,True,0.7274555936494319,False
5413,plum,1,15,plum001S(22),0,441,185,624,345,images\plum001S(22).jpg,True,0.7557409187077376,False
5414,plum,1,16,plum001S(3),0,437,187,618,352,images\plum001S(3).jpg,True,0.7444376096639707,False
5415,plum,1,17,plum001S(4),0,467,182,656,349,images\plum001S(4).jpg,True,0.7380745491895269,False
5416,plum,1,18,plum001S(5),0,478,186,669,352,images\plum001S(5).jpg,True,0.7582294893010776,False
5417,plum,1,19,plum001S(6),0,418,190,610,357,images\plum001S(6).jpg,True,0.7713230189051159,False
5418,plum,1,20,plum001S(7),0,437,171,633,348,images\plum001S(7).jpg,True,0.751638890767969,False
5419,plum,1,21,plum001S(8),0,492,174,692,350,images\plum001S(8).jpg,True,0.7816530129648396,False
5420,plum,1,22,plum001S(9),0,501,207,708,379,images\plum001S(9).jpg,True,0.781483574216832,False
5421,plum,1,23,plum001T(1),0,464,210,696,433,images\plum001T(1).jpg,True,0.7484476505349108,False
5422,plum,1,24,plum001T(10),0,425,168,664,393,images\plum001T(10).jpg,True,0.706686651598156,False
5423,plum,1,25,plum001T(11),0,426,196,654,409,images\plum001T(11).jpg,True,0.7785180977418182,False
5424,plum,1,26,plum001T(12),0,422,217,636,411,images\plum001T(12).jpg,True,0.780182623580021,False
5425,plum,1,27,plum001T(13),0,413,169,623,379,images\plum001T(13).jpg,True,0.7112340778722936,False
5426,plum,1,28,plum001T(14),0,428,213,660,432,images\plum001T(14).jpg,True,0.7405011388084737,False
5427,plum,1,29,plum001T(15),0,482,201,747,472,images\plum001T(15).jpg,True,0.7361026780258466,False
5428,plum,1,30,plum001T(16),0,458,211,705,434,images\plum001T(16).jpg,True,0.7455063629733054,False
5429,plum,1,31,plum001T(17),0,467,186,714,404,images\plum001T(17).jpg,True,0.7572060399414695,False
5430,plum,1,32,plum001T(18),0,449,211,663,403,images\plum001T(18).jpg,True,0.781829519383213,False
5431,plum,1,33,plum001T(19),0,453,252,682,477,images\plum001T(19).jpg,True,0.7550319104417913,False
5432,plum,1,34,plum001T(2),0,429,192,670,416,images\plum001T(2).jpg,True,0.67989628909415,False
5433,plum,1,35,plum001T(20),0,391,204,603,403,images\plum001T(20).jpg,True,0.680548081938927,False
5434,plum,1,36,plum001T(21),0,401,237,595,422,images\plum001T(21).jpg,True,0.736350471128697,False
5435,plum,1,37,plum001T(22),0,432,250,655,469,images\plum001T(22).jpg,True,0.7283288126916028,False
5436,plum,1,38,plum001T(3),0,486,174,715,406,images\plum001T(3).jpg,True,0.799727870964122,False
5437,plum,1,39,plum001T(4),0,410,220,629,427,images\plum001T(4).jpg,True,0.7244251712114542,False
5438,plum,1,40,plum001T(5),0,412,175,630,391,images\plum001T(5).jpg,True,0.7436936633024052,False
5439,plum,1,41,plum001T(6),0,411,141,648,362,images\plum001T(6).jpg,True,0.713067270193967,False
5440,plum,1,42,plum001T(7),0,504,157,762,384,images\plum001T(7).jpg,True,0.7699383406554207,False
5441,plum,1,43,plum001T(8),0,468,214,687,420,images\plum001T(8).jpg,True,0.7429947500324701,False
5442,plum,1,44,plum001T(9),0,402,156,641,375,images\plum001T(9).jpg,True,0.7760793752090158,False
5443,plum,1,45,plum002S(1),0,459,260,626,400,images\plum002S(1).jpg,True,0.758096082404593,False
5444,plum,1,46,plum002S(10),0,464,259,631,410,images\plum002S(10).jpg,True,0.7368225250626567,False
5445,plum,1,47,plum002S(11),0,454,242,611,391,images\plum002S(11).jpg,True,0.674643261441656,False
5446,plum,1,48,plum002S(12),0,492,289,647,434,images\plum002S(12).jpg,True,0.6753920731991592,False
5447,plum,1,49,plum002S(13),0,466,280,620,429,images\plum002S(13).jpg,True,0.7129424452096551,False
5448,plum,1,50,plum002S(14),0,466,284,627,418,images\plum002S(14).jpg,True,0.7967664951777205,False
5449,plum,1,51,plum002S(15),0,453,285,606,416,images\plum002S(15).jpg,True,0.7821507498300226,False
5450,plum,1,52,plum002S(16),0,456,251,615,394,images\plum002S(16).jpg,True,0.7274694677437177,False
5451,plum,1,53,plum002S(17),0,467,267,619,404,images\plum002S(17).jpg,True,0.7421719692718143,False
5452,plum,1,54,plum002S(18),0,454,261,615,402,images\plum002S(18).jpg,True,0.7753230356524361,False
5453,plum,1,55,plum002S(19),0,483,259,632,394,images\plum002S(19).jpg,True,0.7826332422073368,False
5454,plum,1,56,plum002S(2),0,453,312,607,448,images\plum002S(2).jpg,True,0.735075123211347,False
5455,plum,1,57,plum002S(3),0,488,242,645,378,images\plum002S(3).jpg,True,0.7381607795741373,False
5456,plum,1,58,plum002S(4),0,457,256,612,389,images\plum002S(4).jpg,True,0.732090537148796,False
5457,plum,1,59,plum002S(5),0,441,274,588,414,images\plum002S(5).jpg,True,0.6824608408570165,False
5458,plum,1,60,plum002S(6),0,454,241,617,378,images\plum002S(6).jpg,True,0.7342198220969702,False
5459,plum,1,61,plum002S(7),0,472,259,611,400,images\plum002S(7).jpg,True,0.7200663836272957,False
5460,plum,1,62,plum002S(8),0,478,269,646,416,images\plum002S(8).jpg,True,0.7164923776862757,False
5461,plum,1,63,plum002S(9),0,477,241,642,387,images\plum002S(9).jpg,True,0.7100764794254217,False
5462,plum,1,64,plum002T(1),0,427,209,601,377,images\plum002T(1).jpg,True,0.6575188817351918,False
5463,plum,1,65,plum002T(10),0,469,213,644,390,images\plum002T(10).jpg,True,0.7431930367786678,False
5464,plum,1,66,plum002T(11),0,460,219,642,376,images\plum002T(11).jpg,True,0.7366884116321426,False
5465,plum,1,67,plum002T(12),0,460,231,638,404,images\plum002T(12).jpg,True,0.7007484548373425,False
5466,plum,1,68,plum002T(13),0,447,201,648,382,images\plum002T(13).jpg,True,0.7699137097749776,False
5467,plum,1,69,plum002T(14),0,442,266,623,447,images\plum002T(14).jpg,True,0.7659353525827435,False
5468,plum,1,70,plum002T(15),0,406,224,572,384,images\plum002T(15).jpg,True,0.7820305835190421,False
5469,plum,1,71,plum002T(16),0,485,266,654,442,images\plum002T(16).jpg,True,0.7693254319644793,False
5470,plum,1,72,plum002T(17),0,472,238,651,392,images\plum002T(17).jpg,True,0.7048278029988746,False
5471,plum,1,73,plum002T(18),0,490,194,672,368,images\plum002T(18).jpg,True,0.7253791761418276,False
5472,plum,1,74,plum002T(19),0,464,250,638,421,images\plum002T(19).jpg,True,0.6781993761424352,False
5473,plum,1,75,plum002T(2),0,434,221,608,368,images\plum002T(2).jpg,True,0.7292760773035729,False
5474,plum,1,76,plum002T(3),0,421,293,577,445,images\plum002T(3).jpg,True,0.7634388603789262,False
5475,plum,1,77,plum002T(4),0,451,232,613,377,images\plum002T(4).jpg,True,0.7389093837419523,False
5476,plum,1,78,plum002T(5),0,411,212,603,382,images\plum002T(5).jpg,True,0.7635592982057018,False
5477,plum,1,79,plum002T(6),0,463,253,641,427,images\plum002T(6).jpg,True,0.7567567888974822,False
5478,plum,1,80,plum002T(7),0,523,243,715,414,images\plum002T(7).jpg,True,0.7735948907161105,False
5479,plum,2,1,plum002T(8),0,434,276,603,452,images\plum002T(8).jpg,True,0.730297425964877,False
5480,plum,2,2,plum002T(9),0,417,270,577,409,images\plum002T(9).jpg,True,0.7448310971355407,False
5481,plum,2,3,plum003S(1),0,450,220,603,359,images\plum003S(1).jpg,True,0.6396101290362928,False
5482,plum,2,4,plum003S(10),0,440,246,607,391,images\plum003S(10).jpg,True,0.7626354021529388,False
5483,plum,2,5,plum003S(11),0,438,250,600,404,images\plum003S(11).jpg,True,0.7203488258184413,False
5484,plum,2,6,plum003S(12),0,396,261,562,407,images\plum003S(12).jpg,True,0.7301151988650718,False
5485,plum,2,7,plum003S(13),0,429,209,589,359,images\plum003S(13).jpg,True,0.7709801884475633,False
5486,plum,2,8,plum003S(14),0,439,244,583,392,images\plum003S(14).jpg,True,0.7446828973789548,False
5487,plum,2,9,plum003S(15),0,462,256,619,400,images\plum003S(15).jpg,True,0.7461122216144903,False
5488,plum,2,10,plum003S(16),0,470,234,621,378,images\plum003S(16).jpg,True,0.7262505348287496,False
5489,plum,2,11,plum003S(17),0,477,247,631,381,images\plum003S(17).jpg,True,0.7614090092811123,False
5490,plum,2,12,plum003S(18),0,447,230,604,377,images\plum003S(18).jpg,True,0.7134505380154115,False
5491,plum,2,13,plum003S(19),0,447,211,605,348,images\plum003S(19).jpg,True,0.7267876421780548,False
5492,plum,2,14,plum003S(2),0,492,194,651,337,images\plum003S(2).jpg,True,0.7476951449266138,False
5493,plum,2,15,plum003S(20),0,475,244,625,381,images\plum003S(20).jpg,True,0.7722692755391627,False
5494,plum,2,16,plum003S(21),0,450,178,609,320,images\plum003S(21).jpg,True,0.751206582596508,False
5495,plum,2,17,plum003S(22),0,453,282,606,426,images\plum003S(22).jpg,True,0.7113872825899723,False
5496,plum,2,18,plum003S(23),0,409,229,574,373,images\plum003S(23).jpg,True,0.6829972409532028,False
5497,plum,2,19,plum003S(3),0,491,243,640,387,images\plum003S(3).jpg,True,0.7813842859723026,False
5498,plum,2,20,plum003S(4),0,448,247,612,385,images\plum003S(4).jpg,True,0.7129669597736026,False
5499,plum,2,21,plum003S(5),0,470,239,619,371,images\plum003S(5).jpg,True,0.7940993524132465,False
5500,plum,2,22,plum003S(6),0,450,203,606,344,images\plum003S(6).jpg,True,0.7550103307769792,False
5501,plum,2,23,plum003S(7),0,437,191,597,327,images\plum003S(7).jpg,True,0.734882932544646,False
5502,plum,2,24,plum003S(8),0,395,197,554,334,images\plum003S(8).jpg,True,0.7294551812279692,False
5503,plum,2,25,plum003S(9),0,422,211,588,358,images\plum003S(9).jpg,True,0.73249777889644,False
5504,plum,2,26,plum003T(1),0,435,290,613,455,images\plum003T(1).jpg,True,0.7097879816008563,False
5505,plum,2,27,plum003T(10),0,447,256,623,417,images\plum003T(10).jpg,True,0.7097203609128483,False
5506,plum,2,28,plum003T(11),0,408,217,594,390,images\plum003T(11).jpg,True,0.7360751876974068,False
5507,plum,2,29,plum003T(12),0,392,218,579,392,images\plum003T(12).jpg,True,0.7396806536928118,False
5508,plum,2,30,plum003T(13),0,468,215,641,382,images\plum003T(13).jpg,True,0.7280422905184356,False
5509,plum,2,31,plum003T(14),0,432,218,626,395,images\plum003T(14).jpg,True,0.7192004910181816,False
5510,plum,2,32,plum003T(15),0,461,272,649,460,images\plum003T(15).jpg,True,0.7134642907536939,False
5511,plum,2,33,plum003T(16),0,477,272,675,437,images\plum003T(16).jpg,True,0.7187789355288414,False
5512,plum,2,34,plum003T(17),0,417,227,588,408,images\plum003T(17).jpg,True,0.7188264906859383,False
5513,plum,2,35,plum003T(18),0,418,259,599,425,images\plum003T(18).jpg,True,0.7277162575174998,False
5514,plum,2,36,plum003T(19),0,442,246,617,423,images\plum003T(19).jpg,True,0.7475973870432009,False
5515,plum,2,37,plum003T(2),0,401,228,579,401,images\plum003T(2).jpg,True,0.7751510977108649,False
5516,plum,2,38,plum003T(20),0,432,260,607,415,images\plum003T(20).jpg,True,0.7533616350720476,False
5517,plum,2,39,plum003T(21),0,438,262,586,406,images\plum003T(21).jpg,True,0.7433378563476809,False
5518,plum,2,40,plum003T(22),0,411,243,581,402,images\plum003T(22).jpg,True,0.772036783745319,False
5519,plum,2,41,plum003T(23),0,450,241,642,445,images\plum003T(23).jpg,True,0.7387087961583407,False
5520,plum,2,42,plum003T(3),0,446,281,640,466,images\plum003T(3).jpg,True,0.761939311484936,False
5521,plum,2,43,plum003T(4),0,465,224,645,399,images\plum003T(4).jpg,True,0.754966666984553,False
5522,plum,2,44,plum003T(5),0,444,213,608,368,images\plum003T(5).jpg,True,0.7666322132038335,False
5523,plum,2,45,plum003T(6),0,419,226,603,394,images\plum003T(6).jpg,True,0.7132906250698056,False
5524,plum,2,46,plum003T(7),0,369,225,539,392,images\plum003T(7).jpg,True,0.7103369335810226,False
5525,plum,2,47,plum003T(8),0,451,219,608,375,images\plum003T(8).jpg,True,0.7680695656295122,False
5526,plum,2,48,plum003T(9),0,470,205,655,386,images\plum003T(9).jpg,True,0.7341191782647777,False
5527,plum,2,49,plum004S(1),0,508,215,670,347,images\plum004S(1).jpg,True,0.7699352835244684,False
5528,plum,2,50,plum004S(10),0,452,209,591,345,images\plum004S(10).jpg,True,0.7548226508335378,False
5529,plum,2,51,plum004S(11),0,429,256,587,387,images\plum004S(11).jpg,True,0.7132408496845117,False
5530,plum,2,52,plum004S(12),0,469,225,610,355,images\plum004S(12).jpg,True,0.7332809695228568,False
5531,plum,2,53,plum004S(13),0,457,250,605,378,images\plum004S(13).jpg,True,0.7312761785855821,False
5532,plum,2,54,plum004S(14),0,462,225,610,363,images\plum004S(14).jpg,True,0.7242797351140102,False
5533,plum,2,55,plum004S(15),0,476,225,634,357,images\plum004S(15).jpg,True,0.7903141939861589,False
5534,plum,2,56,plum004S(16),0,498,219,649,355,images\plum004S(16).jpg,True,0.764818434803133,False
5535,plum,2,57,plum004S(17),0,492,225,665,365,images\plum004S(17).jpg,True,0.7684496680524794,False
5536,plum,2,58,plum004S(18),0,458,215,613,347,images\plum004S(18).jpg,True,0.7566906441304713,False
5537,plum,2,59,plum004S(19),0,459,260,615,391,images\plum004S(19).jpg,True,0.7634262764882641,False
5538,plum,2,60,plum004S(2),0,412,248,567,369,images\plum004S(2).jpg,True,0.7956542514255008,False
5539,plum,2,61,plum004S(20),0,470,220,608,355,images\plum004S(20).jpg,True,0.8041871473221502,False
5540,plum,2,62,plum004S(21),0,489,226,659,355,images\plum004S(21).jpg,True,0.7904278562376051,False
5541,plum,2,63,plum004S(22),0,470,207,639,349,images\plum004S(22).jpg,True,0.7397539796245343,False
5542,plum,2,64,plum004S(23),0,471,226,634,358,images\plum004S(23).jpg,True,0.7422570996186414,False
5543,plum,2,65,plum004S(24),0,469,256,622,392,images\plum004S(24).jpg,True,0.7517314789017878,False
5544,plum,2,66,plum004S(3),0,489,245,623,376,images\plum004S(3).jpg,True,0.8098651264746576,False
5545,plum,2,67,plum004S(4),0,464,235,614,364,images\plum004S(4).jpg,True,0.7996638507077973,False
5546,plum,2,68,plum004S(5),0,459,263,607,395,images\plum004S(5).jpg,True,0.7431495541242251,False
5547,plum,2,69,plum004S(6),0,462,226,604,358,images\plum004S(6).jpg,True,0.7219800584462357,False
5548,plum,2,70,plum004S(7),0,423,247,574,384,images\plum004S(7).jpg,True,0.7186583455638498,False
5549,plum,2,71,plum004S(8),0,480,178,626,316,images\plum004S(8).jpg,True,0.7261768658641223,False
5550,plum,2,72,plum004S(9),0,460,215,628,351,images\plum004S(9).jpg,True,0.7027743526601654,False
5551,plum,2,73,plum004T(1),0,375,253,539,427,images\plum004T(1).jpg,True,0.7487192266045093,False
5552,plum,2,74,plum004T(10),0,442,192,664,387,images\plum004T(10).jpg,True,0.7450778054463616,False
5553,plum,2,75,plum004T(11),0,461,280,668,495,images\plum004T(11).jpg,True,0.7767266347309023,False
5554,plum,2,76,plum004T(12),0,441,299,649,482,images\plum004T(12).jpg,True,0.7809508691188853,False
5555,plum,2,77,plum004T(13),0,434,296,610,490,images\plum004T(13).jpg,True,0.760389914237775,False
5556,plum,2,78,plum004T(14),0,434,233,628,383,images\plum004T(14).jpg,True,0.715180970688662,False
5557,plum,2,79,plum004T(15),0,429,279,613,469,images\plum004T(15).jpg,True,0.7223610063683593,False
5558,plum,2,80,plum004T(16),0,434,292,669,486,images\plum004T(16).jpg,True,0.748953383545063,False
5559,plum,3,1,plum004T(17),0,420,239,604,432,images\plum004T(17).jpg,True,0.7863106486030065,False
5560,plum,3,2,plum004T(18),0,395,271,630,456,images\plum004T(18).jpg,True,0.7102295203022608,False
5561,plum,3,3,plum004T(19),0,451,267,639,464,images\plum004T(19).jpg,True,0.7382997878525186,False
5562,plum,3,4,plum004T(2),0,416,283,606,463,images\plum004T(2).jpg,True,0.6986330714312199,False
5563,plum,3,5,plum004T(20),0,478,281,683,462,images\plum004T(20).jpg,True,0.7273396349541733,False
5564,plum,3,6,plum004T(21),0,462,260,635,430,images\plum004T(21).jpg,True,0.7252511620932673,False
5565,plum,3,7,plum004T(22),0,397,261,562,421,images\plum004T(22).jpg,True,0.6728417535956455,False
5566,plum,3,8,plum004T(23),0,429,263,602,431,images\plum004T(23).jpg,True,0.7480063986078564,False
5567,plum,3,9,plum004T(24),0,406,239,601,419,images\plum004T(24).jpg,True,0.7009890092163782,False
5568,plum,3,10,plum004T(3),0,445,302,616,453,images\plum004T(3).jpg,True,0.6931341453114528,False
5569,plum,3,11,plum004T(4),0,387,247,548,432,images\plum004T(4).jpg,True,0.744919285423866,False
5570,plum,3,12,plum004T(5),0,425,265,608,416,images\plum004T(5).jpg,True,0.7231073593828281,False
5571,plum,3,13,plum004T(6),0,404,285,579,453,images\plum004T(6).jpg,True,0.7461452453576785,False
5572,plum,3,14,plum004T(7),0,423,262,615,471,images\plum004T(7).jpg,True,0.7069672778665144,False
5573,plum,3,15,plum004T(8),0,445,270,657,461,images\plum004T(8).jpg,True,0.7085943853858911,False
5574,plum,3,16,plum004T(9),0,422,263,602,461,images\plum004T(9).jpg,True,0.7209196710309971,False
5575,qiwi,1,1,mix003S(1),1,364,278,517,405,images\mix003S(1).jpg,True,0.7769032304186192,False
5576,qiwi,1,2,mix003S(2),0,96,293,272,437,images\mix003S(2).jpg,True,0.7775933725841019,False
5577,qiwi,1,3,mix003S(3),1,322,284,496,424,images\mix003S(3).jpg,True,0.7947732959268663,False
5578,qiwi,1,4,mix003T(1),1,355,397,550,584,images\mix003T(1).jpg,True,0.7515122125405033,False
5579,qiwi,1,5,mix003T(2),1,334,353,516,519,images\mix003T(2).jpg,True,0.7563730873800457,False
5580,qiwi,1,6,mix003T(3),0,328,153,490,295,images\mix003T(3).jpg,True,0.7688233203254585,False
5581,qiwi,1,7,mix004S(1),0,292,220,454,347,images\mix004S(1).jpg,True,0.8033817215748189,False
5582,qiwi,1,8,mix004S(2),0,309,278,473,405,images\mix004S(2).jpg,True,0.8053651926351314,False
5583,qiwi,1,9,mix004S(3),1,586,252,785,392,images\mix004S(3).jpg,True,0.8178582663371715,False
5584,qiwi,1,10,mix004S(4),1,577,217,776,364,images\mix004S(4).jpg,True,0.7721514572925893,False
5585,qiwi,1,11,mix004T(1),1,301,395,504,561,images\mix004T(1).jpg,True,0.7798621402928841,False
5586,qiwi,1,12,mix004T(2),0,352,144,551,307,images\mix004T(2).jpg,True,0.7522795014324334,False
5587,qiwi,1,13,mix004T(3),0,267,151,463,316,images\mix004T(3).jpg,True,0.7563830582344203,False
5588,qiwi,1,14,mix004T(4),1,314,369,505,535,images\mix004T(4).jpg,True,0.7634386745018924,False
5589,qiwi,1,15,mix005S(4),1,401,266,582,433,images\mix005S(4).jpg,True,0.7844651246300844,False
5590,qiwi,1,16,mix005T(4),1,293,419,497,586,images\mix005T(4).jpg,True,0.7663152882290518,False
5591,qiwi,1,17,mix005T(6),1,178,424,369,592,images\mix005T(6).jpg,True,0.7971358290103989,False
5592,qiwi,1,18,qiwi001S(1),0,370,140,598,290,images\qiwi001S(1).jpg,True,0.7713576414634146,False
5593,qiwi,1,19,qiwi001S(2),0,479,177,725,343,images\qiwi001S(2).jpg,True,0.7784139510257437,False
5594,qiwi,1,20,qiwi001S(3),0,502,216,693,360,images\qiwi001S(3).jpg,True,0.813209726251497,False
5595,qiwi,1,21,qiwi001S(4),0,395,240,644,383,images\qiwi001S(4).jpg,True,0.7526410894260028,False
5596,qiwi,1,22,qiwi001T(1),0,246,47,458,316,images\qiwi001T(1).jpg,True,0.7296723425764529,False
5597,qiwi,1,23,qiwi001T(2),0,317,181,569,492,images\qiwi001T(2).jpg,True,0.7292611829217575,False
5598,qiwi,1,24,qiwi001T(3),0,157,271,444,487,images\qiwi001T(3).jpg,True,0.7214434820113576,False
5599,qiwi,1,25,qiwi001T(4),0,181,166,372,411,images\qiwi001T(4).jpg,True,0.7476524331550642,False
5600,qiwi,1,26,qiwi002S(1),0,406,189,588,344,images\qiwi002S(1).jpg,True,0.7618830565148127,False
5601,qiwi,1,27,qiwi002S(2),0,357,237,578,397,images\qiwi002S(2).jpg,True,0.7649946155512759,False
5602,qiwi,1,28,qiwi002S(3),0,382,196,551,338,images\qiwi002S(3).jpg,True,0.7397150931634862,False
5603,qiwi,1,29,qiwi002T(1),0,304,126,541,338,images\qiwi002T(1).jpg,True,0.75962005504494,False
5604,qiwi,1,30,qiwi002T(2),0,111,177,339,439,images\qiwi002T(2).jpg,True,0.7337390525174764,False
5605,qiwi,1,31,qiwi002T(3),0,306,151,589,408,images\qiwi002T(3).jpg,True,0.7299331419873651,False
5606,qiwi,1,32,qiwi003S(1),0,460,184,630,379,images\qiwi003S(1).jpg,True,0.7386049662928809,False
5607,qiwi,1,33,qiwi003S(2),0,448,231,675,382,images\qiwi003S(2).jpg,True,0.7208494252826116,False
5608,qiwi,1,34,qiwi003S(3),0,438,216,593,351,images\qiwi003S(3).jpg,True,0.7954798273999151,False
5609,qiwi,1,35,qiwi003S(4),0,497,184,677,409,images\qiwi003S(4).jpg,True,0.7602216610790877,False
5610,qiwi,1,36,qiwi003T(1),0,172,240,341,392,images\qiwi003T(1).jpg,True,0.73784837704757,False
5611,qiwi,1,37,qiwi003T(2),0,254,237,392,396,images\qiwi003T(2).jpg,True,0.688762307633085,False
5612,qiwi,1,38,qiwi003T(3),0,324,243,479,425,images\qiwi003T(3).jpg,True,0.7503353407309219,False
5613,qiwi,1,39,qiwi003T(4),0,329,302,524,453,images\qiwi003T(4).jpg,True,0.7586901732145096,False
5614,qiwi,1,40,qiwi004S(1),0,211,278,395,429,images\qiwi004S(1).jpg,True,0.7584738975236112,False
5615,qiwi,1,41,qiwi004S(2),0,461,243,697,396,images\qiwi004S(2).jpg,True,0.7161684640809131,False
5616,qiwi,1,42,qiwi004S(3),0,432,240,612,389,images\qiwi004S(3).jpg,True,0.7186635146421695,False
5617,qiwi,1,43,qiwi004S(4),0,447,242,676,388,images\qiwi004S(4).jpg,True,0.763074298298006,False
5618,qiwi,1,44,qiwi004S(5),0,442,186,631,337,images\qiwi004S(5).jpg,True,0.7084826932364523,False
5619,qiwi,1,45,qiwi004S(6),0,116,231,378,385,images\qiwi004S(6).jpg,True,0.7568879465596783,False
5620,qiwi,1,46,qiwi004S(7),0,176,291,379,450,images\qiwi004S(7).jpg,True,0.7844686412775195,False
5621,qiwi,1,47,qiwi004S(8),0,171,296,434,464,images\qiwi004S(8).jpg,True,0.809745332034921,False
5622,qiwi,1,48,qiwi004T(1),0,283,266,492,433,images\qiwi004T(1).jpg,True,0.7620202091718269,False
5623,qiwi,1,49,qiwi004T(2),0,345,264,538,509,images\qiwi004T(2).jpg,True,0.7708852536697834,False
5624,qiwi,1,50,qiwi004T(3),0,314,286,564,467,images\qiwi004T(3).jpg,True,0.7288944363450299,False
5625,qiwi,1,51,qiwi004T(4),0,217,262,393,470,images\qiwi004T(4).jpg,True,0.7498302401056125,False
5626,qiwi,1,52,qiwi004T(5),0,184,265,429,436,images\qiwi004T(5).jpg,True,0.7471838868510491,False
5627,qiwi,1,53,qiwi004T(6),0,215,230,410,483,images\qiwi004T(6).jpg,True,0.7672961927466134,False
5628,qiwi,1,54,qiwi004T(7),0,209,202,442,395,images\qiwi004T(7).jpg,True,0.7743734485732066,False
5629,qiwi,1,55,qiwi004T(8),0,363,281,519,485,images\qiwi004T(8).jpg,True,0.7421400664325193,False
5630,qiwi,1,56,qiwi005S(1),0,430,266,678,423,images\qiwi005S(1).jpg,True,0.7612501960713324,False
5631,qiwi,1,57,qiwi005S(2),0,381,228,592,359,images\qiwi005S(2).jpg,True,0.761113227807128,False
5632,qiwi,1,58,qiwi005S(3),0,486,279,661,403,images\qiwi005S(3).jpg,True,0.7962245851923355,False
5633,qiwi,1,59,qiwi005S(4),0,464,243,635,370,images\qiwi005S(4).jpg,True,0.7255516951172283,False
5634,qiwi,1,60,qiwi005S(5),0,434,277,653,409,images\qiwi005S(5).jpg,True,0.7362524420890035,False
5635,qiwi,1,61,qiwi005S(6),0,450,308,666,444,images\qiwi005S(6).jpg,True,0.7727027469651198,False
5636,qiwi,1,62,qiwi005S(7),0,479,261,667,406,images\qiwi005S(7).jpg,True,0.7565850371303793,False
5637,qiwi,1,63,qiwi005S(8),0,457,302,638,445,images\qiwi005S(8).jpg,True,0.7170904954597167,False
5638,qiwi,1,64,qiwi005T(1),0,294,282,478,416,images\qiwi005T(1).jpg,True,0.7352111709645308,False
5639,qiwi,1,65,qiwi005T(2),0,333,270,470,444,images\qiwi005T(2).jpg,True,0.7207828202302673,False
5640,qiwi,1,66,qiwi005T(3),0,320,293,488,498,images\qiwi005T(3).jpg,True,0.7567474124130252,False
5641,qiwi,1,67,qiwi005T(4),0,349,334,560,517,images\qiwi005T(4).jpg,True,0.7726841437992162,False
5642,qiwi,1,68,qiwi005T(5),0,325,330,529,496,images\qiwi005T(5).jpg,True,0.8123386480773331,False
5643,qiwi,1,69,qiwi005T(6),0,332,299,495,503,images\qiwi005T(6).jpg,True,0.732900292213499,False
5644,qiwi,1,70,qiwi005T(7),0,201,219,368,426,images\qiwi005T(7).jpg,True,0.7907542803673436,False
5645,qiwi,1,71,qiwi005T(8),0,241,335,458,507,images\qiwi005T(8).jpg,True,0.7494287007996339,False
5646,qiwi,1,72,qiwi006S(1),0,209,258,398,397,images\qiwi006S(1).jpg,True,0.7447816407656072,False
5647,qiwi,1,73,qiwi006S(10),0,139,226,347,383,images\qiwi006S(10).jpg,True,0.7837343331143025,False
5648,qiwi,1,74,qiwi006S(11),0,112,247,323,396,images\qiwi006S(11).jpg,True,0.756165126583822,False
5649,qiwi,1,75,qiwi006S(12),0,202,261,369,398,images\qiwi006S(12).jpg,True,0.7586584131980552,False
5650,qiwi,1,76,qiwi006S(2),0,96,281,292,426,images\qiwi006S(2).jpg,True,0.7575883909482737,False
5651,qiwi,1,77,qiwi006S(3),0,177,245,344,364,images\qiwi006S(3).jpg,True,0.7674170104228768,False
5652,qiwi,1,78,qiwi006S(4),0,214,302,376,431,images\qiwi006S(4).jpg,True,0.7380313506658351,False
5653,qiwi,1,79,qiwi006S(5),0,218,248,387,371,images\qiwi006S(5).jpg,True,0.6789087997064561,False
5654,qiwi,1,80,qiwi006S(6),0,145,284,321,423,images\qiwi006S(6).jpg,True,0.7856035879666676,False
5655,qiwi,2,1,qiwi006S(9),0,216,243,415,389,images\qiwi006S(9).jpg,True,0.7865484444048092,False
5656,qiwi,2,2,qiwi006T(1),0,393,260,562,444,images\qiwi006T(1).jpg,True,0.7365486517030504,False
5657,qiwi,2,3,qiwi006T(10),0,396,257,585,425,images\qiwi006T(10).jpg,True,0.75750183698767,False
5658,qiwi,2,4,qiwi006T(11),0,422,280,603,488,images\qiwi006T(11).jpg,True,0.7638110437455711,False
5659,qiwi,2,5,qiwi006T(12),0,444,275,652,456,images\qiwi006T(12).jpg,True,0.7755761875705447,False
5660,qiwi,2,6,qiwi006T(2),0,337,302,496,477,images\qiwi006T(2).jpg,True,0.7531164625896244,False
5661,qiwi,2,7,qiwi006T(3),0,366,286,558,455,images\qiwi006T(3).jpg,True,0.7826146125156127,False
5662,qiwi,2,8,qiwi006T(4),0,437,231,646,412,images\qiwi006T(4).jpg,True,0.7945186702394635,False
5663,qiwi,2,9,qiwi006T(5),0,425,297,582,475,images\qiwi006T(5).jpg,True,0.7440141378848302,False
5664,qiwi,2,10,qiwi006T(6),0,375,301,554,462,images\qiwi006T(6).jpg,True,0.7556611348379739,False
5665,qiwi,2,11,qiwi006T(7),0,372,284,525,461,images\qiwi006T(7).jpg,True,0.7547383781271749,False
5666,qiwi,2,12,qiwi006T(8),0,414,318,616,496,images\qiwi006T(8).jpg,True,0.758514212026526,False
5667,qiwi,2,13,qiwi006T(9),0,403,310,590,524,images\qiwi006T(9).jpg,True,0.7701267236670275,False
5668,qiwi,2,14,qiwi007S(10),0,359,266,571,426,images\qiwi007S(10).jpg,True,0.786909022627422,False
5669,qiwi,2,15,qiwi007S(11),0,396,214,572,385,images\qiwi007S(11).jpg,True,0.7329934958078436,False
5670,qiwi,2,16,qiwi007S(12),0,376,251,555,418,images\qiwi007S(12).jpg,True,0.7517513077929387,False
5671,qiwi,2,17,qiwi007S(2),0,459,270,622,431,images\qiwi007S(2).jpg,True,0.7337247033053258,False
5672,qiwi,2,18,qiwi007S(3),0,476,207,694,376,images\qiwi007S(3).jpg,True,0.7165763767489675,False
5673,qiwi,2,19,qiwi007S(4),0,453,255,635,422,images\qiwi007S(4).jpg,True,0.7075043039526322,False
5674,qiwi,2,20,qiwi007S(5),0,403,259,621,423,images\qiwi007S(5).jpg,True,0.7593551259148831,False
5675,qiwi,2,21,qiwi007S(6),0,439,294,619,459,images\qiwi007S(6).jpg,True,0.743219573416864,False
5676,qiwi,2,22,qiwi007S(7),0,414,320,617,481,images\qiwi007S(7).jpg,True,0.7728949891284969,False
5677,qiwi,2,23,qiwi007S(8),0,370,281,581,448,images\qiwi007S(8).jpg,True,0.7465279941196548,False
5678,qiwi,2,24,qiwi007S(9),0,365,261,542,432,images\qiwi007S(9).jpg,True,0.7496684423421234,False
5679,qiwi,2,25,qiwi007T(1),0,286,276,438,471,images\qiwi007T(1).jpg,True,0.7989728398041334,False
5680,qiwi,2,26,qiwi007T(10),0,272,271,416,458,images\qiwi007T(10).jpg,True,0.7812105538800993,False
5681,qiwi,2,27,qiwi007T(11),0,259,294,449,445,images\qiwi007T(11).jpg,True,0.7969808959657566,False
5682,qiwi,2,28,qiwi007T(12),0,285,281,478,416,images\qiwi007T(12).jpg,True,0.758876239496987,False
5683,qiwi,2,29,qiwi007T(2),0,317,295,498,436,images\qiwi007T(2).jpg,True,0.7681415837427379,False
5684,qiwi,2,30,qiwi007T(4),0,317,268,495,407,images\qiwi007T(4).jpg,True,0.7718843010162967,False
5685,qiwi,2,31,qiwi007T(5),0,359,245,523,452,images\qiwi007T(5).jpg,True,0.7892679490637631,False
5686,qiwi,2,32,qiwi007T(6),0,258,288,446,433,images\qiwi007T(6).jpg,True,0.7041446263896393,False
5687,qiwi,2,33,qiwi007T(7),0,395,268,532,452,images\qiwi007T(7).jpg,True,0.7425687548947311,False
5688,qiwi,2,34,qiwi007T(8),0,247,314,365,478,images\qiwi007T(8).jpg,True,0.7301784634588754,False
5689,qiwi,2,35,qiwi007T(9),0,281,293,484,449,images\qiwi007T(9).jpg,True,0.7263006468592121,False
5690,qiwi,2,36,qiwi008S(1),0,164,143,262,240,images\qiwi008S(1).jpg,True,0.758958728404832,False
5691,qiwi,2,37,qiwi008S(2),0,132,170,237,262,images\qiwi008S(2).jpg,True,0.7683267685148258,False
5692,qiwi,2,38,qiwi008S(3),0,123,153,235,246,images\qiwi008S(3).jpg,True,0.7834106442100832,False
5693,qiwi,2,39,qiwi008S(4),0,122,157,221,253,images\qiwi008S(4).jpg,True,0.7797122915103971,False
5694,qiwi,2,40,qiwi008S(5),0,118,153,229,248,images\qiwi008S(5).jpg,True,0.7598230379922352,False
5695,qiwi,2,41,qiwi008S(6),0,112,137,212,234,images\qiwi008S(6).jpg,True,0.7812375825949995,False
5696,qiwi,2,42,qiwi008S(7),0,103,146,212,245,images\qiwi008S(7).jpg,True,0.7671852729657986,False
5697,qiwi,2,43,qiwi008S(8),0,114,157,215,254,images\qiwi008S(8).jpg,True,0.7631008482450867,False
5698,qiwi,2,44,qiwi008S(9),0,114,160,219,253,images\qiwi008S(9).jpg,True,0.769059165169728,False
5699,qiwi,2,45,qiwi008T(1),0,166,100,263,190,images\qiwi008T(1).jpg,True,0.7838786560180457,False
5700,qiwi,2,46,qiwi008T(2),0,174,111,262,195,images\qiwi008T(2).jpg,True,0.77819174881461,False
5701,qiwi,2,47,qiwi008T(3),0,202,125,280,206,images\qiwi008T(3).jpg,True,0.7317937522940374,False
5702,qiwi,2,48,qiwi008T(4),0,190,110,274,182,images\qiwi008T(4).jpg,True,0.7526318994064478,False
5703,qiwi,2,49,qiwi008T(5),0,172,84,261,186,images\qiwi008T(5).jpg,True,0.7400177047498584,False
5704,qiwi,2,50,qiwi008T(6),0,143,79,237,164,images\qiwi008T(6).jpg,True,0.7511621772564336,False
5705,qiwi,2,51,qiwi008T(7),0,208,107,296,204,images\qiwi008T(7).jpg,True,0.7244933056919167,False
5706,qiwi,2,52,qiwi008T(8),0,185,120,288,220,images\qiwi008T(8).jpg,True,0.7429396804396804,False
5707,qiwi,2,53,qiwi008T(9),0,192,99,308,239,images\qiwi008T(9).jpg,True,0.7844156076649522,False
5708,sachima,1,1,sachima001S(1),0,487,322,729,440,images\sachima001S(1).jpg,True,0.7088753085485111,False
5709,sachima,1,2,sachima001S(10),0,469,311,682,418,images\sachima001S(10).jpg,True,0.7968511749728235,False
5710,sachima,1,3,sachima001S(11),0,443,325,660,434,images\sachima001S(11).jpg,True,0.7600706064882894,False
5711,sachima,1,4,sachima001S(12),0,447,318,656,430,images\sachima001S(12).jpg,True,0.720896369984779,False
5712,sachima,1,5,sachima001S(2),0,469,333,695,443,images\sachima001S(2).jpg,True,0.7497845440532482,False
5713,sachima,1,6,sachima001S(3),0,478,354,705,467,images\sachima001S(3).jpg,True,0.7113204367296249,False
5714,sachima,1,7,sachima001S(4),0,483,351,700,462,images\sachima001S(4).jpg,True,0.7959215688915225,False
5715,sachima,1,8,sachima001S(5),0,490,371,737,488,images\sachima001S(5).jpg,True,0.7491747374986879,False
5716,sachima,1,9,sachima001S(6),0,462,322,683,433,images\sachima001S(6).jpg,True,0.7700423637923638,False
5717,sachima,1,10,sachima001S(7),0,421,279,648,399,images\sachima001S(7).jpg,True,0.7089522962652997,False
5718,sachima,1,11,sachima001S(8),0,467,292,677,398,images\sachima001S(8).jpg,True,0.8093515004152899,False
5719,sachima,1,12,sachima001S(9),0,483,300,722,411,images\sachima001S(9).jpg,True,0.7589145489926741,False
5720,sachima,1,13,sachima001T(1),0,412,192,590,380,images\sachima001T(1).jpg,True,0.7944841462415295,False
5721,sachima,1,14,sachima001T(10),0,392,257,582,431,images\sachima001T(10).jpg,True,0.7748134248426247,False
5722,sachima,1,15,sachima001T(11),0,427,183,606,373,images\sachima001T(11).jpg,True,0.7420756585603359,False
5723,sachima,1,16,sachima001T(12),0,436,220,653,402,images\sachima001T(12).jpg,True,0.765860362881507,False
5724,sachima,1,17,sachima001T(2),0,393,199,592,385,images\sachima001T(2).jpg,True,0.8024634634664465,False
5725,sachima,1,18,sachima001T(3),0,401,232,579,423,images\sachima001T(3).jpg,True,0.8263744454130973,False
5726,sachima,1,19,sachima001T(4),0,402,243,609,428,images\sachima001T(4).jpg,True,0.8253435305766363,False
5727,sachima,1,20,sachima001T(5),0,369,200,538,399,images\sachima001T(5).jpg,True,0.781105421686747,False
5728,sachima,1,21,sachima001T(6),0,392,200,601,388,images\sachima001T(6).jpg,True,0.8310407613552371,False
5729,sachima,1,22,sachima001T(7),0,414,205,600,422,images\sachima001T(7).jpg,True,0.7897243157474988,False
5730,sachima,1,23,sachima001T(8),0,385,245,584,414,images\sachima001T(8).jpg,True,0.8034225924910299,False
5731,sachima,1,24,sachima001T(9),0,416,210,588,407,images\sachima001T(9).jpg,True,0.7640609373974478,False
5732,sachima,1,25,sachima002S(1),0,442,277,662,393,images\sachima002S(1).jpg,True,0.7866614440107885,False
5733,sachima,1,26,sachima002S(10),0,462,287,710,407,images\sachima002S(10).jpg,True,0.8001911546289675,False
5734,sachima,1,27,sachima002S(11),0,440,205,656,325,images\sachima002S(11).jpg,True,0.762516260366426,False
5735,sachima,1,28,sachima002S(12),0,462,244,703,354,images\sachima002S(12).jpg,True,0.7912778445133833,False
5736,sachima,1,29,sachima002S(13),0,482,269,689,378,images\sachima002S(13).jpg,True,0.7442175557001138,False
5737,sachima,1,30,sachima002S(14),0,496,264,713,376,images\sachima002S(14).jpg,True,0.8057179626767064,False
5738,sachima,1,31,sachima002S(15),0,429,285,665,397,images\sachima002S(15).jpg,True,0.8210256677201158,False
5739,sachima,1,32,sachima002S(2),0,444,286,662,408,images\sachima002S(2).jpg,True,0.7589861010506387,False
5740,sachima,1,33,sachima002S(3),0,466,292,722,402,images\sachima002S(3).jpg,True,0.8305807857532916,False
5741,sachima,1,34,sachima002S(4),0,467,275,694,400,images\sachima002S(4).jpg,True,0.7903353349642919,False
5742,sachima,1,35,sachima002S(5),0,442,284,684,403,images\sachima002S(5).jpg,True,0.7920380031491143,False
5743,sachima,1,36,sachima002S(6),0,458,275,695,390,images\sachima002S(6).jpg,True,0.8142046801321972,False
5744,sachima,1,37,sachima002S(7),0,465,272,690,385,images\sachima002S(7).jpg,True,0.815192141935553,False
5745,sachima,1,38,sachima002S(8),0,492,290,728,397,images\sachima002S(8).jpg,True,0.8152298378988978,False
5746,sachima,1,39,sachima002S(9),0,498,291,729,414,images\sachima002S(9).jpg,True,0.7544601399253867,False
5747,sachima,1,40,sachima002T(1),0,404,251,644,446,images\sachima002T(1).jpg,True,0.7984999768769516,False
5748,sachima,1,41,sachima002T(10),0,350,244,527,431,images\sachima002T(10).jpg,True,0.7611848320544758,False
5749,sachima,1,42,sachima002T(11),0,356,225,541,406,images\sachima002T(11).jpg,True,0.72402533326913,False
5750,sachima,1,43,sachima002T(12),0,415,208,608,419,images\sachima002T(12).jpg,True,0.7958448178597122,False
5751,sachima,1,44,sachima002T(13),0,375,277,607,458,images\sachima002T(13).jpg,True,0.8152914192670631,False
5752,sachima,1,45,sachima002T(14),0,360,252,589,447,images\sachima002T(14).jpg,True,0.7795423407080347,False
5753,sachima,1,46,sachima002T(15),0,372,191,577,424,images\sachima002T(15).jpg,True,0.7501496198913689,False
5754,sachima,1,47,sachima002T(2),0,355,256,537,407,images\sachima002T(2).jpg,True,0.796764553139381,False
5755,sachima,1,48,sachima002T(3),0,416,284,595,488,images\sachima002T(3).jpg,True,0.7966250078871284,False
5756,sachima,1,49,sachima002T(4),0,396,281,626,460,images\sachima002T(4).jpg,True,0.7826819709645245,False
5757,sachima,1,50,sachima002T(5),0,404,210,592,425,images\sachima002T(5).jpg,True,0.7590983124680757,False
5758,sachima,1,51,sachima002T(6),0,380,196,586,431,images\sachima002T(6).jpg,True,0.7929625833516235,False
5759,sachima,1,52,sachima002T(7),0,386,208,584,380,images\sachima002T(7).jpg,True,0.8050363756953809,False
5760,sachima,1,53,sachima002T(8),0,423,203,602,401,images\sachima002T(8).jpg,True,0.7672167845862814,False
5761,sachima,1,54,sachima002T(9),0,387,269,572,426,images\sachima002T(9).jpg,True,0.7801956359622849,False
5762,sachima,1,55,sachima003S(1),0,471,288,674,393,images\sachima003S(1).jpg,True,0.8123449356743799,False
5763,sachima,1,56,sachima003S(10),0,456,273,654,387,images\sachima003S(10).jpg,True,0.7798237243248846,False
5764,sachima,1,57,sachima003S(11),0,438,273,661,379,images\sachima003S(11).jpg,True,0.8123354495634871,False
5765,sachima,1,58,sachima003S(12),0,482,281,680,389,images\sachima003S(12).jpg,True,0.8078846162055551,False
5766,sachima,1,59,sachima003S(13),0,453,286,677,398,images\sachima003S(13).jpg,True,0.7890100456214433,False
5767,sachima,1,60,sachima003S(2),0,460,254,678,368,images\sachima003S(2).jpg,True,0.8249375632864477,False
5768,sachima,1,61,sachima003S(3),0,457,240,669,342,images\sachima003S(3).jpg,True,0.8378156639163472,False
5769,sachima,1,62,sachima003S(4),0,443,233,657,346,images\sachima003S(4).jpg,True,0.7699485595747924,False
5770,sachima,1,63,sachima003S(5),0,444,270,669,377,images\sachima003S(5).jpg,True,0.7875583723286352,False
5771,sachima,1,64,sachima003S(6),0,436,272,633,374,images\sachima003S(6).jpg,True,0.8258524542723774,False
5772,sachima,1,65,sachima003S(7),0,448,258,681,368,images\sachima003S(7).jpg,True,0.8221019506311995,False
5773,sachima,1,66,sachima003S(8),0,472,278,690,377,images\sachima003S(8).jpg,True,0.7798680253925827,False
5774,sachima,1,67,sachima003S(9),0,392,300,607,409,images\sachima003S(9).jpg,True,0.7436943843193844,False
5775,sachima,1,68,sachima003T(1),0,386,287,582,451,images\sachima003T(1).jpg,True,0.7959109969703657,False
5776,sachima,1,69,sachima003T(10),0,465,220,655,394,images\sachima003T(10).jpg,True,0.8082715162441818,False
5777,sachima,1,70,sachima003T(11),0,428,193,640,427,images\sachima003T(11).jpg,True,0.7658392735320806,False
5778,sachima,1,71,sachima003T(12),0,359,244,557,403,images\sachima003T(12).jpg,True,0.7848928918322614,False
5779,sachima,1,72,sachima003T(13),0,365,247,543,444,images\sachima003T(13).jpg,True,0.7951569044234847,False
5780,sachima,1,73,sachima003T(2),0,346,209,583,409,images\sachima003T(2).jpg,True,0.8172486490906035,False
5781,sachima,1,74,sachima003T(3),0,452,213,635,417,images\sachima003T(3).jpg,True,0.8060314120527753,False
5782,sachima,1,75,sachima003T(4),0,362,262,550,426,images\sachima003T(4).jpg,True,0.809134038377662,False
5783,sachima,1,76,sachima003T(5),0,424,221,598,410,images\sachima003T(5).jpg,True,0.8414119382700954,False
5784,sachima,1,77,sachima003T(6),0,404,249,597,417,images\sachima003T(6).jpg,True,0.8306469384860776,False
5785,sachima,1,78,sachima003T(7),0,396,256,575,464,images\sachima003T(7).jpg,True,0.8238389481485784,False
5786,sachima,1,79,sachima003T(8),0,409,270,615,445,images\sachima003T(8).jpg,True,0.8030118163384996,False
5787,sachima,1,80,sachima003T(9),0,413,232,597,422,images\sachima003T(9).jpg,True,0.8069994033991055,False
5788,sachima,2,1,sachima004S(1),0,416,280,594,377,images\sachima004S(1).jpg,True,0.8411343221025906,False
5789,sachima,2,2,sachima004S(10),0,466,320,672,429,images\sachima004S(10).jpg,True,0.784876236960752,False
5790,sachima,2,3,sachima004S(11),0,475,309,669,399,images\sachima004S(11).jpg,True,0.7813301463288889,False
5791,sachima,2,4,sachima004S(12),0,435,257,611,344,images\sachima004S(12).jpg,True,0.8271873829159008,False
5792,sachima,2,5,sachima004S(13),0,462,281,656,378,images\sachima004S(13).jpg,True,0.8121599478866535,False
5793,sachima,2,6,sachima004S(2),0,456,339,666,449,images\sachima004S(2).jpg,True,0.8047848166281519,False
5794,sachima,2,7,sachima004S(3),0,424,325,639,423,images\sachima004S(3).jpg,True,0.8371908760168458,False
5795,sachima,2,8,sachima004S(4),0,467,335,656,436,images\sachima004S(4).jpg,True,0.7838617134991356,False
5796,sachima,2,9,sachima004S(5),0,458,329,676,438,images\sachima004S(5).jpg,True,0.8137498951847194,False
5797,sachima,2,10,sachima004S(6),0,467,304,686,419,images\sachima004S(6).jpg,True,0.8167849552487983,False
5798,sachima,2,11,sachima004S(7),0,468,295,704,403,images\sachima004S(7).jpg,True,0.7686017437170072,False
5799,sachima,2,12,sachima004S(8),0,452,327,659,436,images\sachima004S(8).jpg,True,0.7709072991895916,False
5800,sachima,2,13,sachima004S(9),0,443,322,670,436,images\sachima004S(9).jpg,True,0.7322345694492336,False
5801,sachima,2,14,sachima004T(1),0,385,234,581,400,images\sachima004T(1).jpg,True,0.814324369644812,False
5802,sachima,2,15,sachima004T(10),0,421,259,626,447,images\sachima004T(10).jpg,True,0.7901530116829235,False
5803,sachima,2,16,sachima004T(11),0,426,195,599,394,images\sachima004T(11).jpg,True,0.8173196022687426,False
5804,sachima,2,17,sachima004T(12),0,423,214,601,368,images\sachima004T(12).jpg,True,0.7558595326517993,False
5805,sachima,2,18,sachima004T(13),0,433,191,613,375,images\sachima004T(13).jpg,True,0.7848078537412492,False
5806,sachima,2,19,sachima004T(2),0,406,275,611,441,images\sachima004T(2).jpg,True,0.7629213689114289,False
5807,sachima,2,20,sachima004T(3),0,409,222,598,416,images\sachima004T(3).jpg,True,0.7536778607790675,False
5808,sachima,2,21,sachima004T(4),0,432,238,667,446,images\sachima004T(4).jpg,True,0.786912657457787,False
5809,sachima,2,22,sachima004T(5),0,461,266,643,456,images\sachima004T(5).jpg,True,0.7839915294305729,False
5810,sachima,2,23,sachima004T(6),0,364,274,541,438,images\sachima004T(6).jpg,True,0.8466905809244518,False
5811,sachima,2,24,sachima004T(7),0,426,237,595,419,images\sachima004T(7).jpg,True,0.8175763088740651,False
5812,sachima,2,25,sachima004T(8),0,443,245,623,400,images\sachima004T(8).jpg,True,0.8083299122170472,False
5813,sachima,2,26,sachima004T(9),0,426,207,598,397,images\sachima004T(9).jpg,True,0.7906351839121553,False
5814,sachima,2,27,sachima005S(1),0,417,280,640,388,images\sachima005S(1).jpg,True,0.7396700077578408,False
5815,sachima,2,28,sachima005S(10),0,472,249,671,349,images\sachima005S(10).jpg,True,0.8253663929523861,False
5816,sachima,2,29,sachima005S(11),0,423,293,633,391,images\sachima005S(11).jpg,True,0.8198365963428329,False
5817,sachima,2,30,sachima005S(12),0,476,268,695,377,images\sachima005S(12).jpg,True,0.7715198397476879,False
5818,sachima,2,31,sachima005S(13),0,416,293,646,399,images\sachima005S(13).jpg,True,0.7988627731893623,False
5819,sachima,2,32,sachima005S(14),0,411,269,601,371,images\sachima005S(14).jpg,True,0.7855967355328923,False
5820,sachima,2,33,sachima005S(15),0,409,248,623,352,images\sachima005S(15).jpg,True,0.8029482751828556,False
5821,sachima,2,34,sachima005S(16),0,438,241,626,337,images\sachima005S(16).jpg,True,0.8136437640583764,False
5822,sachima,2,35,sachima005S(17),0,434,254,663,360,images\sachima005S(17).jpg,True,0.7833055964784841,False
5823,sachima,2,36,sachima005S(18),0,494,270,695,358,images\sachima005S(18).jpg,True,0.8048489781617594,False
5824,sachima,2,37,sachima005S(19),0,404,276,628,380,images\sachima005S(19).jpg,True,0.7986561336185471,False
5825,sachima,2,38,sachima005S(2),0,429,245,628,353,images\sachima005S(2).jpg,True,0.7754173492791612,False
5826,sachima,2,39,sachima005S(20),0,440,268,646,374,images\sachima005S(20).jpg,True,0.7873251014450504,False
5827,sachima,2,40,sachima005S(21),0,481,298,707,396,images\sachima005S(21).jpg,True,0.8308265339758316,False
5828,sachima,2,41,sachima005S(22),0,466,232,669,327,images\sachima005S(22).jpg,True,0.8140628465378209,False
5829,sachima,2,42,sachima005S(3),0,416,286,638,392,images\sachima005S(3).jpg,True,0.7859335807943479,False
5830,sachima,2,43,sachima005S(4),0,458,246,646,349,images\sachima005S(4).jpg,True,0.8178702164541441,False
5831,sachima,2,44,sachima005S(5),0,441,225,653,324,images\sachima005S(5).jpg,True,0.8173248872156695,False
5832,sachima,2,45,sachima005S(6),0,458,265,651,362,images\sachima005S(6).jpg,True,0.8152996149378267,False
5833,sachima,2,46,sachima005S(7),0,448,264,657,364,images\sachima005S(7).jpg,True,0.8185382515777537,False
5834,sachima,2,47,sachima005S(8),0,435,251,632,354,images\sachima005S(8).jpg,True,0.8368254482510724,False
5835,sachima,2,48,sachima005S(9),0,451,243,658,348,images\sachima005S(9).jpg,True,0.8330813159531694,False
5836,sachima,2,49,sachima005T(1),0,372,203,550,407,images\sachima005T(1).jpg,True,0.7998775935575604,False
5837,sachima,2,50,sachima005T(10),0,469,294,701,480,images\sachima005T(10).jpg,True,0.8503978113014714,False
5838,sachima,2,51,sachima005T(11),0,379,216,560,430,images\sachima005T(11).jpg,True,0.7531418851261349,False
5839,sachima,2,52,sachima005T(12),0,376,204,611,401,images\sachima005T(12).jpg,True,0.8108942601325746,False
5840,sachima,2,53,sachima005T(13),0,400,221,586,426,images\sachima005T(13).jpg,True,0.8285063105543922,False
5841,sachima,2,54,sachima005T(14),0,480,267,691,449,images\sachima005T(14).jpg,True,0.8286604105890196,False
5842,sachima,2,55,sachima005T(15),0,440,242,633,465,images\sachima005T(15).jpg,True,0.8385407858146661,False
5843,sachima,2,56,sachima005T(16),0,413,219,636,416,images\sachima005T(16).jpg,True,0.7568248758249982,False
5844,sachima,2,57,sachima005T(17),0,451,275,641,487,images\sachima005T(17).jpg,True,0.795964427322443,False
5845,sachima,2,58,sachima005T(18),0,397,187,668,414,images\sachima005T(18).jpg,True,0.7766428702433488,False
5846,sachima,2,59,sachima005T(19),0,436,178,656,418,images\sachima005T(19).jpg,True,0.7919326351587357,False
5847,sachima,2,60,sachima005T(2),0,427,253,626,422,images\sachima005T(2).jpg,True,0.777585107662697,False
5848,sachima,2,61,sachima005T(20),0,435,229,654,412,images\sachima005T(20).jpg,True,0.8091594202074481,False
5849,sachima,2,62,sachima005T(21),0,443,261,644,478,images\sachima005T(21).jpg,True,0.7841158512577645,False
5850,sachima,2,63,sachima005T(22),0,354,212,585,429,images\sachima005T(22).jpg,True,0.7110798857443366,False
5851,sachima,2,64,sachima005T(3),0,481,281,655,458,images\sachima005T(3).jpg,True,0.7692566211878009,False
5852,sachima,2,65,sachima005T(4),0,422,245,609,419,images\sachima005T(4).jpg,True,0.8216717810622773,False
5853,sachima,2,66,sachima005T(5),0,420,207,620,422,images\sachima005T(5).jpg,True,0.7343485871768373,False
5854,sachima,2,67,sachima005T(6),0,410,231,628,410,images\sachima005T(6).jpg,True,0.8303233499922098,False
5855,sachima,2,68,sachima005T(7),0,439,239,634,453,images\sachima005T(7).jpg,True,0.794759570272555,False
5856,sachima,2,69,sachima005T(8),0,421,240,650,442,images\sachima005T(8).jpg,True,0.7909785109710921,False
5857,sachima,2,70,sachima005T(9),0,462,238,660,450,images\sachima005T(9).jpg,True,0.7768888931016575,False
5858,tomato,1,1,mix008S(1),0,282,250,443,382,images\mix008S(1).jpg,True,0.7351777839315737,False
5859,tomato,1,2,mix008S(2),1,539,303,705,431,images\mix008S(2).jpg,True,0.7708377268203366,False
5860,tomato,1,3,mix008S(3),0,308,286,463,420,images\mix008S(3).jpg,True,0.7471323289655948,False
5861,tomato,1,4,mix008S(4),1,500,194,673,326,images\mix008S(4).jpg,True,0.7502653847993893,False
5862,tomato,1,5,mix008T(1),1,347,334,529,508,images\mix008T(1).jpg,True,0.6875677152344492,False
5863,tomato,1,6,mix008T(2),0,385,68,576,272,images\mix008T(2).jpg,True,0.6572340554640929,False
5864,tomato,1,7,mix008T(3),1,354,333,531,511,images\mix008T(3).jpg,True,0.6652530527421935,False
5865,tomato,1,8,mix008T(4),0,344,114,512,294,images\mix008T(4).jpg,True,0.6519690970998583,False
5866,tomato,1,9,mix010S(1),0,337,214,509,348,images\mix010S(1).jpg,True,0.7752411647120855,False
5867,tomato,1,10,mix010S(2),1,517,276,696,408,images\mix010S(2).jpg,True,0.7597153587043565,False
5868,tomato,1,11,mix010S(3),0,337,258,525,394,images\mix010S(3).jpg,True,0.7595680092994478,False
5869,tomato,1,12,mix010S(4),1,573,241,769,371,images\mix010S(4).jpg,True,0.8049043860887962,False
5870,tomato,1,13,mix010S(5),0,319,219,505,362,images\mix010S(5).jpg,True,0.7794598295958344,False
5871,tomato,1,14,mix010S(6),1,554,265,750,393,images\mix010S(6).jpg,True,0.7697200661082122,False
5872,tomato,1,15,mix010T(1),0,373,134,551,318,images\mix010T(1).jpg,True,0.740544273211443,False
5873,tomato,1,16,mix010T(2),1,398,321,612,534,images\mix010T(2).jpg,True,0.7640249848981849,False
5874,tomato,1,17,mix010T(3),0,378,57,608,281,images\mix010T(3).jpg,True,0.7287717347881464,False
5875,tomato,1,18,mix010T(4),0,345,56,534,255,images\mix010T(4).jpg,True,0.762939255012307,False
5876,tomato,1,19,mix010T(5),1,327,340,536,553,images\mix010T(5).jpg,True,0.7506748930071533,False
5877,tomato,1,20,mix010T(6),0,395,64,586,259,images\mix010T(6).jpg,True,0.7731835395140093,False
5878,tomato,1,21,mix010T(7),1,347,381,536,581,images\mix010T(7).jpg,True,0.7523354672909939,False
5879,tomato,1,22,mix011S(1),1,561,201,753,343,images\mix011S(1).jpg,True,0.7780584134543117,False
5880,tomato,1,23,mix011S(2),0,296,197,480,336,images\mix011S(2).jpg,True,0.7851078881476946,False
5881,tomato,1,24,mix011S(3),1,542,173,727,306,images\mix011S(3).jpg,True,0.7801197515746895,False
5882,tomato,1,25,mix011S(4),0,319,206,510,342,images\mix011S(4).jpg,True,0.7528219532429997,False
5883,tomato,1,26,mix011T(1),1,383,307,582,505,images\mix011T(1).jpg,True,0.7612446009349846,False
5884,tomato,1,27,mix011T(2),0,361,91,537,271,images\mix011T(2).jpg,True,0.7561805939357646,False
5885,tomato,1,28,mix011T(3),1,436,303,631,489,images\mix011T(3).jpg,True,0.7568046340881258,False
5886,tomato,1,29,mix011T(4),0,369,74,562,277,images\mix011T(4).jpg,True,0.7418684654771686,False
5887,tomato,1,30,tomato001S(1),0,460,255,662,399,images\tomato001S(1).jpg,True,0.720329217004781,False
5888,tomato,1,31,tomato001S(10),0,440,219,656,367,images\tomato001S(10).jpg,True,0.6943305230230716,False
5889,tomato,1,32,tomato001S(2),0,476,289,695,443,images\tomato001S(2).jpg,True,0.6978867921855298,False
5890,tomato,1,33,tomato001S(3),0,427,289,632,427,images\tomato001S(3).jpg,True,0.7938055845156802,False
5891,tomato,1,34,tomato001S(4),0,403,254,602,404,images\tomato001S(4).jpg,True,0.726106388586867,False
5892,tomato,1,35,tomato001S(5),0,418,286,623,423,images\tomato001S(5).jpg,True,0.7992889998597594,False
5893,tomato,1,36,tomato001S(6),0,415,226,622,367,images\tomato001S(6).jpg,True,0.7520585070666508,False
5894,tomato,1,37,tomato001S(7),0,409,233,602,372,images\tomato001S(7).jpg,True,0.7211438411685338,False
5895,tomato,1,38,tomato001S(8),0,431,244,632,386,images\tomato001S(8).jpg,True,0.733570261375764,False
5896,tomato,1,39,tomato001S(9),0,481,237,681,380,images\tomato001S(9).jpg,True,0.7825037065618539,False
5897,tomato,1,40,tomato001T(1),0,345,203,569,426,images\tomato001T(1).jpg,True,0.7534227059935225,False
5898,tomato,1,41,tomato001T(10),0,366,205,644,461,images\tomato001T(10).jpg,True,0.7109334031800507,False
5899,tomato,1,42,tomato001T(2),0,393,271,645,526,images\tomato001T(2).jpg,True,0.7047421680573854,False
5900,tomato,1,43,tomato001T(3),0,359,183,588,403,images\tomato001T(3).jpg,True,0.6974444764848717,False
5901,tomato,1,44,tomato001T(4),0,407,124,665,387,images\tomato001T(4).jpg,True,0.6985085524046564,False
5902,tomato,1,45,tomato001T(5),0,400,214,689,494,images\tomato001T(5).jpg,True,0.6919531593731387,False
5903,tomato,1,46,tomato001T(6),0,380,206,646,470,images\tomato001T(6).jpg,True,0.6736895934078413,False
5904,tomato,1,47,tomato001T(7),0,392,262,630,495,images\tomato001T(7).jpg,True,0.6708709815596661,False
5905,tomato,1,48,tomato001T(8),0,393,237,669,503,images\tomato001T(8).jpg,True,0.7065195069508092,False
5906,tomato,1,49,tomato001T(9),0,454,228,740,485,images\tomato001T(9).jpg,True,0.7216920618735849,False
5907,tomato,1,50,tomato002S(1),0,431,276,599,412,images\tomato002S(1).jpg,True,0.7048322502409305,False
5908,tomato,1,51,tomato002S(10),0,402,250,563,387,images\tomato002S(10).jpg,True,0.7429382178332615,False
5909,tomato,1,52,tomato002S(11),0,425,244,584,381,images\tomato002S(11).jpg,True,0.716349873910417,False
5910,tomato,1,53,tomato002S(12),0,418,254,590,393,images\tomato002S(12).jpg,True,0.7262424310283622,False
5911,tomato,1,54,tomato002S(13),0,382,231,547,372,images\tomato002S(13).jpg,True,0.7192554548978956,False
5912,tomato,1,55,tomato002S(14),0,395,260,560,401,images\tomato002S(14).jpg,True,0.7529606950094362,False
5913,tomato,1,56,tomato002S(15),0,389,214,547,354,images\tomato002S(15).jpg,True,0.763584439742239,False
5914,tomato,1,57,tomato002S(2),0,416,210,586,353,images\tomato002S(2).jpg,True,0.7255055480267045,False
5915,tomato,1,58,tomato002S(3),0,406,207,559,344,images\tomato002S(3).jpg,True,0.7745103678670655,False
5916,tomato,1,59,tomato002S(4),0,427,274,586,408,images\tomato002S(4).jpg,True,0.7105349949647533,False
5917,tomato,1,60,tomato002S(5),0,393,207,557,339,images\tomato002S(5).jpg,True,0.7645490686153306,False
5918,tomato,1,61,tomato002S(6),0,382,229,545,367,images\tomato002S(6).jpg,True,0.7234912585355048,False
5919,tomato,1,62,tomato002S(7),0,450,244,619,379,images\tomato002S(7).jpg,True,0.7104423109648874,False
5920,tomato,1,63,tomato002S(8),0,392,223,562,363,images\tomato002S(8).jpg,True,0.7335564281785345,False
5921,tomato,1,64,tomato002S(9),0,430,247,592,381,images\tomato002S(9).jpg,True,0.7875368224404975,False
5922,tomato,1,65,tomato002T(1),0,482,233,685,429,images\tomato002T(1).jpg,True,0.7071177669188934,False
5923,tomato,1,66,tomato002T(10),0,431,222,652,428,images\tomato002T(10).jpg,True,0.7274403673860195,False
5924,tomato,1,67,tomato002T(11),0,400,274,580,442,images\tomato002T(11).jpg,True,0.6641887980655921,False
5925,tomato,1,68,tomato002T(12),0,416,239,619,440,images\tomato002T(12).jpg,True,0.6610087773483231,False
5926,tomato,1,69,tomato002T(13),0,378,230,584,426,images\tomato002T(13).jpg,True,0.7108839408676917,False
5927,tomato,1,70,tomato002T(14),0,409,241,622,444,images\tomato002T(14).jpg,True,0.7230804912346678,False
5928,tomato,1,71,tomato002T(15),0,447,244,655,448,images\tomato002T(15).jpg,True,0.7170427145467203,False
5929,tomato,1,72,tomato002T(2),0,400,248,623,464,images\tomato002T(2).jpg,True,0.7155102497224708,False
5930,tomato,1,73,tomato002T(3),0,384,199,596,404,images\tomato002T(3).jpg,True,0.7090144449399054,False
5931,tomato,1,74,tomato002T(4),0,434,292,645,498,images\tomato002T(4).jpg,True,0.6942911181426358,False
5932,tomato,1,75,tomato002T(5),0,362,258,553,440,images\tomato002T(5).jpg,True,0.7275010711555258,False
5933,tomato,1,76,tomato002T(6),0,401,239,584,420,images\tomato002T(6).jpg,True,0.7225763872560047,False
5934,tomato,1,77,tomato002T(7),0,445,240,635,427,images\tomato002T(7).jpg,True,0.7073780323930564,False
5935,tomato,1,78,tomato002T(8),0,388,276,580,461,images\tomato002T(8).jpg,True,0.6894816856959595,False
5936,tomato,1,79,tomato002T(9),0,360,258,551,445,images\tomato002T(9).jpg,True,0.6971155166816502,False
5937,tomato,1,80,tomato003S(1),0,456,267,631,387,images\tomato003S(1).jpg,True,0.7552929561137046,False
5938,tomato,2,1,tomato003S(10),0,441,257,627,383,images\tomato003S(10).jpg,True,0.7697607425868296,False
5939,tomato,2,2,tomato003S(11),0,437,257,626,383,images\tomato003S(11).jpg,True,0.7618681941423389,False
5940,tomato,2,3,tomato003S(12),0,459,205,639,336,images\tomato003S(12).jpg,True,0.7935339249399149,False
5941,tomato,2,4,tomato003S(13),0,450,259,639,387,images\tomato003S(13).jpg,True,0.7148576512541441,False
5942,tomato,2,5,tomato003S(14),0,453,260,633,392,images\tomato003S(14).jpg,True,0.6801910570040025,False
5943,tomato,2,6,tomato003S(15),0,441,227,624,357,images\tomato003S(15).jpg,True,0.6636699930709853,False
5944,tomato,2,7,tomato003S(16),0,445,262,631,389,images\tomato003S(16).jpg,True,0.7089335686123448,False
5945,tomato,2,8,tomato003S(17),0,452,251,632,383,images\tomato003S(17).jpg,True,0.7275044145603854,False
5946,tomato,2,9,tomato003S(18),0,446,222,636,348,images\tomato003S(18).jpg,True,0.7970053378894393,False
5947,tomato,2,10,tomato003S(19),0,433,255,615,377,images\tomato003S(19).jpg,True,0.7433785995992586,False
5948,tomato,2,11,tomato003S(2),0,525,321,792,514,images\tomato003S(2).jpg,True,0.8235229250292102,False
5949,tomato,2,12,tomato003S(20),0,440,276,604,400,images\tomato003S(20).jpg,True,0.7820352899669847,False
5950,tomato,2,13,tomato003S(21),0,450,257,625,381,images\tomato003S(21).jpg,True,0.7898280982441792,False
5951,tomato,2,14,tomato003S(22),0,446,264,627,394,images\tomato003S(22).jpg,True,0.7016076485273358,False
5952,tomato,2,15,tomato003S(23),0,450,240,625,375,images\tomato003S(23).jpg,True,0.7345241958734778,False
5953,tomato,2,16,tomato003S(24),0,449,244,629,374,images\tomato003S(24).jpg,True,0.7145145556150103,False
5954,tomato,2,17,tomato003S(25),0,450,240,628,373,images\tomato003S(25).jpg,True,0.7663351144826706,False
5955,tomato,2,18,tomato003S(26),0,432,271,608,402,images\tomato003S(26).jpg,True,0.7561354477484663,False
5956,tomato,2,19,tomato003S(27),0,466,270,642,396,images\tomato003S(27).jpg,True,0.7820176916636002,False
5957,tomato,2,20,tomato003S(28),0,463,237,650,370,images\tomato003S(28).jpg,True,0.6979717167192847,False
5958,tomato,2,21,tomato003S(29),0,421,203,603,327,images\tomato003S(29).jpg,True,0.7472207209912127,False
5959,tomato,2,22,tomato003S(3),0,505,280,779,481,images\tomato003S(3).jpg,True,0.735315745574433,False
5960,tomato,2,23,tomato003S(30),0,438,262,611,389,images\tomato003S(30).jpg,True,0.799765044403636,False
5961,tomato,2,24,tomato003S(31),0,444,209,634,344,images\tomato003S(31).jpg,True,0.7722568449089892,False
5962,tomato,2,25,tomato003S(32),0,454,252,640,376,images\tomato003S(32).jpg,True,0.7952736644287546,False
5963,tomato,2,26,tomato003S(33),0,450,242,630,376,images\tomato003S(33).jpg,True,0.7489140284720395,False
5964,tomato,2,27,tomato003S(34),0,475,264,653,389,images\tomato003S(34).jpg,True,0.7892968308397585,False
5965,tomato,2,28,tomato003S(4),0,486,306,738,491,images\tomato003S(4).jpg,True,0.8079692129153626,False
5966,tomato,2,29,tomato003S(5),0,487,305,744,490,images\tomato003S(5).jpg,True,0.7904779577544818,False
5967,tomato,2,30,tomato003S(6),0,484,287,744,471,images\tomato003S(6).jpg,True,0.7998168928190428,False
5968,tomato,2,31,tomato003S(7),0,462,269,713,461,images\tomato003S(7).jpg,True,0.7510093432106111,False
5969,tomato,2,32,tomato003S(8),0,474,256,730,441,images\tomato003S(8).jpg,True,0.7522770355969572,False
5970,tomato,2,33,tomato003S(9),0,455,276,700,464,images\tomato003S(9).jpg,True,0.7906175825566377,False
5971,tomato,2,34,tomato003T(1),0,409,229,644,450,images\tomato003T(1).jpg,True,0.7438078212925057,False
5972,tomato,2,35,tomato003T(10),0,412,256,633,457,images\tomato003T(10).jpg,True,0.7287761459445631,False
5973,tomato,2,36,tomato003T(11),0,446,248,661,459,images\tomato003T(11).jpg,True,0.7394701371647547,False
5974,tomato,2,37,tomato003T(12),0,448,250,654,450,images\tomato003T(12).jpg,True,0.7376306571009685,False
5975,tomato,2,38,tomato003T(13),0,385,295,608,504,images\tomato003T(13).jpg,True,0.7031054855116696,False
5976,tomato,2,39,tomato003T(14),0,395,277,632,493,images\tomato003T(14).jpg,True,0.7188513500929463,False
5977,tomato,2,40,tomato003T(15),0,401,213,632,443,images\tomato003T(15).jpg,True,0.7120424802583722,False
5978,tomato,2,41,tomato003T(16),0,408,242,619,456,images\tomato003T(16).jpg,True,0.6772770525714368,False
5979,tomato,2,42,tomato003T(17),0,406,279,624,502,images\tomato003T(17).jpg,True,0.7126371633709858,False
5980,tomato,2,43,tomato003T(18),0,419,209,633,427,images\tomato003T(18).jpg,True,0.713476921534244,False
5981,tomato,2,44,tomato003T(19),1,431,232,653,450,images\tomato003T(19).jpg,True,0.7294345448766243,False
5982,tomato,2,45,tomato003T(2),0,423,196,643,408,images\tomato003T(2).jpg,True,0.705191308684774,False
5983,tomato,2,46,tomato003T(20),0,373,267,610,505,images\tomato003T(20).jpg,True,0.7329293877961345,False
5984,tomato,2,47,tomato003T(21),0,407,302,618,529,images\tomato003T(21).jpg,True,0.7123225425683222,False
5985,tomato,2,48,tomato003T(22),0,395,302,611,514,images\tomato003T(22).jpg,True,0.7135497276888279,False
5986,tomato,2,49,tomato003T(23),0,410,262,621,477,images\tomato003T(23).jpg,True,0.6653456362087677,False
5987,tomato,2,50,tomato003T(24),0,393,273,590,478,images\tomato003T(24).jpg,True,0.6889289486575815,False
5988,tomato,2,51,tomato003T(25),0,393,226,601,428,images\tomato003T(25).jpg,True,0.7351969118820871,False
5989,tomato,2,52,tomato003T(26),0,405,246,614,459,images\tomato003T(26).jpg,True,0.7176277895727536,False
5990,tomato,2,53,tomato003T(27),1,419,215,630,428,images\tomato003T(27).jpg,True,0.6710563644607905,False
5991,tomato,2,54,tomato003T(28),0,431,235,677,471,images\tomato003T(28).jpg,True,0.7773100134456757,False
5992,tomato,2,55,tomato003T(29),0,469,257,716,492,images\tomato003T(29).jpg,True,0.7579753110566714,False
5993,tomato,2,56,tomato003T(3),0,368,241,570,437,images\tomato003T(3).jpg,True,0.7335266851219433,False
5994,tomato,2,57,tomato003T(30),0,455,255,687,481,images\tomato003T(30).jpg,True,0.7293369581693904,False
5995,tomato,2,58,tomato003T(31),0,445,229,698,477,images\tomato003T(31).jpg,True,0.6937134066954271,False
5996,tomato,2,59,tomato003T(32),0,417,229,652,469,images\tomato003T(32).jpg,True,0.7312406978462102,False
5997,tomato,2,60,tomato003T(33),0,439,255,674,470,images\tomato003T(33).jpg,True,0.7073347447659374,False
5998,tomato,2,61,tomato003T(34),0,423,207,672,446,images\tomato003T(34).jpg,True,0.7023465454891511,False
5999,tomato,2,62,tomato003T(4),0,418,221,615,421,images\tomato003T(4).jpg,True,0.7369205793605534,False
6000,tomato,2,63,tomato003T(5),0,507,231,719,441,images\tomato003T(5).jpg,True,0.7905034823152466,False
6001,tomato,2,64,tomato003T(6),0,437,250,679,475,images\tomato003T(6).jpg,True,0.7054645334053888,False
6002,tomato,2,65,tomato003T(7),0,467,251,678,445,images\tomato003T(7).jpg,True,0.6701784571687188,False
6003,tomato,2,66,tomato003T(8),0,467,248,680,458,images\tomato003T(8).jpg,True,0.6727689876769548,False
6004,tomato,2,67,tomato003T(9),0,420,268,618,457,images\tomato003T(9).jpg,True,0.7048700197950502,False
6005,tomato,2,68,tomato004S(1),0,440,153,635,286,images\tomato004S(1).jpg,True,0.7732710777788401,False
6006,tomato,2,69,tomato004S(10),0,444,150,637,287,images\tomato004S(10).jpg,True,0.7667572314780883,False
6007,tomato,2,70,tomato004S(11),0,463,183,663,320,images\tomato004S(11).jpg,True,0.7670762596554395,False
6008,tomato,2,71,tomato004S(12),0,456,130,660,270,images\tomato004S(12).jpg,True,0.7555392758601149,False
6009,tomato,2,72,tomato004S(13),0,445,154,653,294,images\tomato004S(13).jpg,True,0.7142132122473104,False
6010,tomato,2,73,tomato004S(14),0,459,140,657,271,images\tomato004S(14).jpg,True,0.6961960217613057,False
6011,tomato,2,74,tomato004S(15),0,464,135,656,276,images\tomato004S(15).jpg,True,0.7269731992602897,False
6012,tomato,2,75,tomato004S(16),0,442,156,631,297,images\tomato004S(16).jpg,True,0.7381158573845589,False
6013,tomato,2,76,tomato004S(17),0,483,139,686,279,images\tomato004S(17).jpg,True,0.7197158424943155,False
6014,tomato,2,77,tomato004S(18),1,461,144,654,283,images\tomato004S(18).jpg,True,0.7358415827311544,False
6015,tomato,2,78,tomato004S(19),0,494,147,692,290,images\tomato004S(19).jpg,True,0.7635288183340947,False
6016,tomato,2,79,tomato004S(2),0,410,212,613,352,images\tomato004S(2).jpg,True,0.7070802313292928,False
6017,tomato,2,80,tomato004S(20),0,456,144,661,282,images\tomato004S(20).jpg,True,0.7027540717234939,False
6018,tomato,3,1,tomato004S(21),0,452,169,645,310,images\tomato004S(21).jpg,True,0.7551461539674094,False
6019,tomato,3,2,tomato004S(22),0,439,152,647,294,images\tomato004S(22).jpg,True,0.7427563544046304,False
6020,tomato,3,3,tomato004S(23),0,416,151,618,292,images\tomato004S(23).jpg,True,0.7451579312440737,False
6021,tomato,3,4,tomato004S(24),0,468,160,668,300,images\tomato004S(24).jpg,True,0.7651662033902082,False
6022,tomato,3,5,tomato004S(25),0,446,148,637,287,images\tomato004S(25).jpg,True,0.7832159624413146,False
6023,tomato,3,6,tomato004S(26),1,460,198,656,337,images\tomato004S(26).jpg,True,0.7782983936537236,False
6024,tomato,3,7,tomato004S(27),0,469,133,655,274,images\tomato004S(27).jpg,True,0.7524770532663969,False
6025,tomato,3,8,tomato004S(3),0,461,175,656,319,images\tomato004S(3).jpg,True,0.6918918421971669,False
6026,tomato,3,9,tomato004S(4),0,416,192,617,330,images\tomato004S(4).jpg,True,0.6914156417026327,False
6027,tomato,3,10,tomato004S(5),0,452,167,634,307,images\tomato004S(5).jpg,True,0.7630420917642055,False
6028,tomato,3,11,tomato004S(6),0,456,187,658,323,images\tomato004S(6).jpg,True,0.7392015355570634,False
6029,tomato,3,12,tomato004S(7),0,455,165,665,308,images\tomato004S(7).jpg,True,0.7266863822219969,False
6030,tomato,3,13,tomato004S(8),0,439,177,634,312,images\tomato004S(8).jpg,True,0.7209647312286952,False
6031,tomato,3,14,tomato004S(9),0,455,166,656,300,images\tomato004S(9).jpg,True,0.7459007579507562,False
6032,tomato,3,15,tomato004T(1),0,431,242,663,475,images\tomato004T(1).jpg,True,0.6835338383596963,False
6033,tomato,3,16,tomato004T(10),0,415,237,657,465,images\tomato004T(10).jpg,True,0.705167122381349,False
6034,tomato,3,17,tomato004T(11),0,392,198,664,446,images\tomato004T(11).jpg,True,0.6706537849583871,False
6035,tomato,3,18,tomato004T(12),0,460,200,697,428,images\tomato004T(12).jpg,True,0.7480271619303731,False
6036,tomato,3,19,tomato004T(13),0,481,234,724,463,images\tomato004T(13).jpg,True,0.7496680186261229,False
6037,tomato,3,20,tomato004T(14),0,453,201,662,414,images\tomato004T(14).jpg,True,0.6959502363860348,False
6038,tomato,3,21,tomato004T(15),0,465,227,699,442,images\tomato004T(15).jpg,True,0.7486731990486684,False
6039,tomato,3,22,tomato004T(16),0,430,244,641,449,images\tomato004T(16).jpg,True,0.6797020491337569,False
6040,tomato,3,23,tomato004T(17),0,443,250,663,460,images\tomato004T(17).jpg,True,0.7448400201794642,False
6041,tomato,3,24,tomato004T(18),0,445,228,679,456,images\tomato004T(18).jpg,True,0.6970917349888786,False
6042,tomato,3,25,tomato004T(19),0,454,211,682,438,images\tomato004T(19).jpg,True,0.7300493338867602,False
6043,tomato,3,26,tomato004T(2),0,430,224,642,434,images\tomato004T(2).jpg,True,0.7187371797523048,False
6044,tomato,3,27,tomato004T(20),0,491,250,719,479,images\tomato004T(20).jpg,True,0.7252011607896286,False
6045,tomato,3,28,tomato004T(21),0,439,233,652,448,images\tomato004T(21).jpg,True,0.7333215028139735,False
6046,tomato,3,29,tomato004T(22),0,459,279,668,497,images\tomato004T(22).jpg,True,0.7353826241796716,False
6047,tomato,3,30,tomato004T(23),0,458,247,659,454,images\tomato004T(23).jpg,True,0.6949794628191905,False
6048,tomato,3,31,tomato004T(24),0,437,244,642,445,images\tomato004T(24).jpg,True,0.6798743438570892,False
6049,tomato,3,32,tomato004T(25),0,389,212,603,420,images\tomato004T(25).jpg,True,0.702505399960146,False
6050,tomato,3,33,tomato004T(26),0,524,205,767,455,images\tomato004T(26).jpg,True,0.7253200080781337,False
6051,tomato,3,34,tomato004T(27),0,449,202,647,409,images\tomato004T(27).jpg,True,0.6904140353980639,False
6052,tomato,3,35,tomato004T(3),0,404,200,629,428,images\tomato004T(3).jpg,True,0.7455231001913281,False
6053,tomato,3,36,tomato004T(4),1,420,197,650,425,images\tomato004T(4).jpg,True,0.754057283770593,False
6054,tomato,3,37,tomato004T(5),0,424,206,643,423,images\tomato004T(5).jpg,True,0.7591313231046007,False
6055,tomato,3,38,tomato004T(6),0,449,236,684,462,images\tomato004T(6).jpg,True,0.7512868215017241,False
6056,tomato,3,39,tomato004T(7),0,425,219,648,435,images\tomato004T(7).jpg,True,0.7104599061913239,False
6057,tomato,3,40,tomato004T(8),0,472,210,711,433,images\tomato004T(8).jpg,True,0.7650204374996832,False
6058,tomato,3,41,tomato004T(9),0,409,272,639,509,images\tomato004T(9).jpg,True,0.7842595103944376,False
6059,kiwi,1,1,qiwi006S(7),1,179,264,378,413,images\qiwi006S(7).jpg,True,0.738879304029304,False
6060,kiwi,1,2,qiwi006S(8),1,126,240,336,408,images\qiwi006S(8).jpg,True,0.7719084914075055,False
6061,kiwi,1,3,qiwi007S(1),1,328,257,546,423,images\qiwi007S(1).jpg,True,0.7791383542513157,False
6062,kiwi,1,4,qiwi007T(3),1,337,263,497,462,images\qiwi007T(3).jpg,True,0.7412042944268009,False
