stem,source,num_objects,mean_miou,min_miou,max_miou,mean_coverage,mean_fill,classes
apple001S(1),raw_gt_box_prompt,2,0.7675176561736312,0.7169751116783663,0.8180602006688963,0.7711056981397417,0.7757689679478562,apple;coin
apple001S(2),raw_gt_box_prompt,2,0.7289362891924802,0.6582832148715145,0.7995893635134459,0.7291466178323301,0.7294096636524068,apple;coin
apple001T(1),raw_gt_box_prompt,2,0.7255514266917906,0.6970675275760021,0.7540353258075793,0.7258074263394414,0.7261469325122809,apple;coin
apple001T(2),raw_gt_box_prompt,2,0.6943659931423543,0.6491389207807118,0.7395930655039967,0.6943659931423543,0.6943659931423543,apple;coin
apple002S(1),raw_gt_box_prompt,2,0.7740628707833994,0.7428288822947576,0.8052968592720413,0.7750182176891172,0.7763021764149813,apple;coin
apple002S(2),raw_gt_box_prompt,2,0.7764209712319351,0.7750984647536372,0.777743477710233,0.7767015329349105,0.7770635020468797,apple;coin
apple002S(3),raw_gt_box_prompt,2,0.7557980589977964,0.7266577460600654,0.7849383719355275,0.7557980589977964,0.7557980589977964,apple;coin
apple002S(4),raw_gt_box_prompt,2,0.7554625732334652,0.7147344583242019,0.7961906881427286,0.7554625732334652,0.7554625732334652,apple;coin
apple002S(5),raw_gt_box_prompt,2,0.7885151640864062,0.7837946896941328,0.7932356384786796,0.7912541459358047,0.7947486603608351,apple;coin
apple002S(6),raw_gt_box_prompt,2,0.7647989355881305,0.7437776759810658,0.7858201951951952,0.7647989355881305,0.7647989355881305,apple;coin
apple002S(7),raw_gt_box_prompt,2,0.7711186965128853,0.7435167372066179,0.7987206558191529,0.7712045397322365,0.7713199953972611,apple;coin
apple002S(8),raw_gt_box_prompt,2,0.7826869524657014,0.7523128352639353,0.8130610696674675,0.7828961811877062,0.7831564202633422,apple;coin
apple002T(1),raw_gt_box_prompt,2,0.7166652955353582,0.7123308047002826,0.7209997863704337,0.7166652955353582,0.7166652955353582,apple;coin
apple002T(2),raw_gt_box_prompt,2,0.7332132859432982,0.7143730886850153,0.752053483201581,0.7338698788556925,0.7347889965027513,apple;coin
apple002T(3),raw_gt_box_prompt,2,0.7650135738563473,0.7552076531278569,0.7748194945848376,0.7658896700736526,0.7670203801595865,apple;coin
apple002T(4),raw_gt_box_prompt,2,0.7358420877744549,0.7354978354978355,0.7361863400510743,0.7358420877744549,0.7358420877744549,apple;coin
apple002T(5),raw_gt_box_prompt,2,0.7322549591456714,0.6880733944954128,0.77643652379593,0.7326499496132348,0.7332240024260936,apple;coin
apple002T(6),raw_gt_box_prompt,2,0.7369833626549562,0.7130394857667585,0.7609272395431539,0.7374061955657181,0.7379618766989308,apple;coin
apple003S(1),raw_gt_box_prompt,2,0.7668299265050258,0.7303790710090764,0.8032807820009752,0.7768795547942494,0.7906297521096713,apple;coin
apple003S(2),raw_gt_box_prompt,2,0.7522010822785998,0.7189586114819759,0.7854435530752238,0.7522010822785998,0.7522010822785998,apple;coin
apple003S(3),raw_gt_box_prompt,2,0.7811453729992599,0.7515891433760468,0.8107016026224731,0.7815629225233578,0.7821184780789133,apple;coin
apple003S(4),raw_gt_box_prompt,2,0.805299257336865,0.7991331128093989,0.8114654018643311,0.8064514477157685,0.8078930668584066,apple;coin
apple003S(5),raw_gt_box_prompt,2,0.7536880082562876,0.7145454545454546,0.7928305619671204,0.7536880082562876,0.7536880082562876,apple;coin
apple003S(6),raw_gt_box_prompt,2,0.7591473425421186,0.725796568627451,0.7924981164567861,0.7591473425421186,0.7591473425421186,apple;coin
apple003T(1),raw_gt_box_prompt,2,0.7680918513613975,0.7511177347242921,0.7850659679985028,0.7691082228605793,0.7704028548286076,apple;coin
apple003T(2),raw_gt_box_prompt,2,0.7502434094278965,0.7355769230769231,0.7649098957788699,0.7523098574926639,0.7550668850086467,apple;coin
apple004S(1),raw_gt_box_prompt,2,0.7638007642734108,0.7278550764568122,0.7997464520900095,0.7638007642734108,0.7638007642734108,apple;coin
apple004S(2),raw_gt_box_prompt,2,0.7570316157294076,0.7414132436035807,0.7726499878552344,0.757055152657776,0.757086898689522,apple;coin
apple004S(3),raw_gt_box_prompt,2,0.7006533954612573,0.6300464888671398,0.7712603020553749,0.7026702889247571,0.7058714708996401,apple;coin
apple004S(4),raw_gt_box_prompt,2,0.8103456412068156,0.7910747957259585,0.8296164866876727,0.8360828450308092,0.868617320864254,apple;coin
apple004T(1),raw_gt_box_prompt,2,0.7206712294627229,0.6898395721925134,0.7515028867329325,0.7206712294627229,0.7206712294627229,apple;coin
apple004T(2),raw_gt_box_prompt,2,0.7342759731821962,0.7057531840140536,0.7627987623503386,0.7350471578639001,0.736058151483407,apple;coin
apple004T(3),raw_gt_box_prompt,2,0.7335263901679705,0.7309316556063087,0.7361211247296323,0.7335263901679705,0.7335263901679705,apple;coin
apple005S(1),raw_gt_box_prompt,2,0.743044313703334,0.689834829841481,0.796253797565187,0.743044313703334,0.743044313703334,apple;coin
apple005S(5),raw_gt_box_prompt,2,0.786782436242137,0.7644671841919548,0.8090976882923192,0.786782436242137,0.786782436242137,apple;coin
apple005S(6),raw_gt_box_prompt,2,0.7605627074476,0.7397477731722374,0.7813776417229628,0.7618695080556825,0.7636055222115459,apple;coin
apple005T(1),raw_gt_box_prompt,2,0.7344996392463492,0.6931297709923664,0.7758695075003319,0.7368587765872323,0.7402623778169204,apple;coin
apple005T(5),raw_gt_box_prompt,2,0.7384955322455322,0.725,0.7519910644910645,0.7384955322455322,0.7384955322455322,apple;coin
apple005T(6),raw_gt_box_prompt,2,0.7305320637235725,0.7231578947368421,0.7379062327103029,0.7305320637235725,0.7305320637235725,apple;coin
apple006S(1),raw_gt_box_prompt,2,0.7649426305427196,0.7134918184624884,0.8163934426229508,0.7649426305427196,0.7649426305427196,apple;coin
apple006S(2),raw_gt_box_prompt,2,0.7558107879439402,0.7101449275362319,0.8014766483516483,0.7559733669108669,0.7562023046398046,apple;coin
apple006S(3),raw_gt_box_prompt,2,0.7759350254524887,0.739423076923077,0.8124469739819005,0.7759350254524887,0.7759350254524887,apple;coin
apple006S(4),raw_gt_box_prompt,2,0.7809177032586605,0.7427504002846469,0.8190850062326741,0.7814746859460346,0.7821546919077307,apple;coin
apple006T(1),raw_gt_box_prompt,2,0.741900219150739,0.7344687753446878,0.7493316629567902,0.742437111530377,0.7431681056824238,apple;coin
apple006T(2),raw_gt_box_prompt,2,0.7251097068769112,0.6903364632237872,0.7598829505300353,0.727208481438403,0.7299704522919769,apple;coin
apple006T(3),raw_gt_box_prompt,2,0.7613439540237716,0.7449118046132972,0.777776103434246,0.7625843981494301,0.7641792583157189,apple;coin
apple006T(4),raw_gt_box_prompt,2,0.7135431689040288,0.6789915966386555,0.748094741169402,0.7135431689040288,0.7135431689040288,apple;coin
apple007S(1),raw_gt_box_prompt,2,0.7778048898936946,0.7581427581427581,0.797467021644631,0.7778048898936946,0.7778048898936946,apple;coin
apple007S(2),raw_gt_box_prompt,2,0.7667242883314984,0.7250893211591901,0.8083592555038067,0.7673024985449517,0.7680792007929501,apple;coin
apple007S(3),raw_gt_box_prompt,2,0.7604651887318863,0.7386134991768795,0.7823168782868931,0.7604651887318863,0.7604651887318863,apple;coin
apple007S(4),raw_gt_box_prompt,2,0.7714590219346031,0.7295,0.8134180438692062,0.7716780273180983,0.771947268190176,apple;coin
apple007T(1),raw_gt_box_prompt,2,0.7574503655186308,0.7327210103329507,0.7821797207043109,0.7582236230371977,0.7592122161930913,apple;coin
apple007T(2),raw_gt_box_prompt,2,0.7165054973394315,0.6624412185647107,0.7705697761141522,0.7168365074260696,0.7172660727904255,apple;coin
apple007T(3),raw_gt_box_prompt,2,0.7549856460117689,0.7504235533300704,0.7595477386934674,0.7568072899477997,0.7592179288251555,apple;coin
apple007T(4),raw_gt_box_prompt,2,0.7327701724197297,0.7093220338983051,0.7562183109411543,0.7345145533421003,0.7368212694016462,apple;coin
apple008S(1),raw_gt_box_prompt,2,0.7656058156971582,0.7300480769230769,0.8011635544712395,0.7656434078309078,0.7656903297528297,apple;coin
apple008S(2),raw_gt_box_prompt,2,0.7932446020864077,0.7535087719298246,0.8329804322429907,0.7932446020864077,0.7932446020864077,apple;coin
apple008S(3),raw_gt_box_prompt,2,0.7456202009407198,0.731218148939668,0.7600222529417715,0.7456202009407198,0.7456202009407198,apple;coin
apple008S(4),raw_gt_box_prompt,2,0.7556080452857505,0.7075517075517076,0.8036643830197934,0.7562257000662224,0.7569942482232914,apple;coin
apple008T(1),raw_gt_box_prompt,2,0.7620023644726843,0.7469682835820896,0.777036445363279,0.7626057104184958,0.763382181006731,apple;coin
apple008T(2),raw_gt_box_prompt,2,0.7321160489529979,0.7077294685990339,0.7565026293069618,0.7322407785178449,0.7324056550959492,apple;coin
apple008T(3),raw_gt_box_prompt,2,0.7116043373595018,0.7066004552038072,0.7166082195151963,0.7119702240906554,0.7124880368495616,apple;coin
apple008T(4),raw_gt_box_prompt,2,0.7653743975020821,0.7625084516565247,0.7682403433476395,0.7672073929529972,0.7695950940100913,apple;coin
apple009S(1),raw_gt_box_prompt,2,0.7816764556984388,0.7808137364688317,0.782539174928046,0.7830577026374967,0.7848227860778048,apple;coin
apple009S(2),raw_gt_box_prompt,2,0.7329137480453269,0.7070868945868946,0.7587406015037594,0.7329137480453269,0.7329137480453269,apple;coin
apple009S(3),raw_gt_box_prompt,2,0.7702725510780135,0.7502836074872377,0.7902614946687895,0.7702725510780135,0.7702725510780135,apple;coin
apple009S(4),raw_gt_box_prompt,2,0.7536129319260674,0.7195072424529579,0.7877186213991769,0.7536129319260674,0.7536129319260674,apple;coin
apple009T(1),raw_gt_box_prompt,2,0.7390164525700562,0.7140232700551132,0.7640096350849992,0.739790106382807,0.7408027294928083,apple;coin
apple009T(2),raw_gt_box_prompt,2,0.7187535596725386,0.6806966618287373,0.7568104575163399,0.7191695201941006,0.7197191433096786,apple;coin
apple009T(3),raw_gt_box_prompt,2,0.7275922346423263,0.7096153846153846,0.745569084669268,0.7275922346423263,0.7275922346423263,apple;coin
apple009T(4),raw_gt_box_prompt,2,0.7312769812145592,0.7212121212121212,0.7413418412169973,0.7312769812145592,0.7312769812145592,apple;coin
apple010S(1),raw_gt_box_prompt,2,0.770963860346702,0.7640510948905109,0.7778766258028931,0.7723573013087881,0.7741697723440029,apple;coin
apple010S(2),raw_gt_box_prompt,2,0.7723973847959185,0.7491877842755036,0.7956069853163333,0.7723973847959185,0.7723973847959185,apple;coin
apple010S(3),raw_gt_box_prompt,2,0.7615702073173338,0.7320463320463321,0.7910940825883355,0.7615702073173338,0.7615702073173338,apple;coin
apple010S(4),raw_gt_box_prompt,2,0.7783856417183062,0.768818313054238,0.7879529703823742,0.7815495094297162,0.7856277346022249,apple;coin
apple010T(1),raw_gt_box_prompt,2,0.7069115554861991,0.7025013896609227,0.7113217213114754,0.7072689431981456,0.7077776791482895,apple;coin
apple010T(2),raw_gt_box_prompt,2,0.7344987839362872,0.7308464849354376,0.7381510829371368,0.7355034084971226,0.7368757940671808,apple;coin
apple010T(3),raw_gt_box_prompt,2,0.7072142312121743,0.6771428571428572,0.7372856052814916,0.7073488081014963,0.7075313383019477,apple;coin
apple010T(4),raw_gt_box_prompt,2,0.755934651572046,0.7519671570304481,0.7599021461136439,0.7572794153130238,0.7590633979490111,apple;coin
apple011S(1),raw_gt_box_prompt,2,0.7587433563489119,0.7254380128631626,0.7920486998346611,0.7610716229302671,0.7642361873765129,apple;coin
apple011S(2),raw_gt_box_prompt,2,0.746100442983674,0.6990049751243781,0.7931959108429697,0.746100442983674,0.746100442983674,apple;coin
apple011S(3),raw_gt_box_prompt,2,0.7972151444211748,0.7819963257807716,0.8124339630615781,0.797412674825099,0.7976558089294141,apple;coin
apple011S(4),raw_gt_box_prompt,2,0.7332073435578365,0.668918918918919,0.7974957681967539,0.7334755262174617,0.7338118071989039,apple;coin
apple011S(5),raw_gt_box_prompt,2,0.7748526203312429,0.7348551360842844,0.8148501045782013,0.7750610315838089,0.7753167979528566,apple;coin
apple011T(1),raw_gt_box_prompt,2,0.7411431301873,0.7071172555043522,0.7751690048702479,0.7418063431925227,0.7426619153336376,apple;coin
apple011T(2),raw_gt_box_prompt,2,0.7197828910980487,0.714922711058264,0.7246430711378334,0.7197828910980487,0.7197828910980487,apple;coin
apple011T(3),raw_gt_box_prompt,2,0.74111898992941,0.735632183908046,0.7466057959507741,0.74111898992941,0.74111898992941,apple;coin
apple011T(4),raw_gt_box_prompt,2,0.7386958875201985,0.7335745707393218,0.7438172043010752,0.7386958875201985,0.7386958875201985,apple;coin
apple011T(5),raw_gt_box_prompt,2,0.7355802989146165,0.6996724615772235,0.7714881362520096,0.7359691538220017,0.7364731860800662,apple;coin
apple012S(1),raw_gt_box_prompt,2,0.7790700819249639,0.7420091324200914,0.8161310314298362,0.7790700819249639,0.7790700819249639,apple;coin
apple012S(2),raw_gt_box_prompt,2,0.7999469696466293,0.7681311018131102,0.8317628374801482,0.802750621994226,0.8063764543186123,apple;coin
apple012S(3),raw_gt_box_prompt,2,0.7723421911397033,0.7181467181467182,0.8265376641326884,0.7727406895418634,0.7732228192976542,apple;coin
apple012S(4),raw_gt_box_prompt,2,0.7731185623528822,0.7288522288522289,0.8173848958535356,0.7739684329568695,0.7750081764220332,apple;coin
apple012T(1),raw_gt_box_prompt,2,0.7600140067745371,0.7527486576323191,0.7672793559167552,0.7606888582862464,0.761585374679689,apple;coin
apple012T(2),raw_gt_box_prompt,2,0.7671339700293481,0.7580947283917581,0.7761732116669382,0.7694424481563066,0.7724792901761994,apple;coin
apple012T(3),raw_gt_box_prompt,2,0.754549536508292,0.71238570241064,0.796713370605944,0.7562890456287044,0.7586194488742841,apple;coin
apple012T(4),raw_gt_box_prompt,2,0.7449088036765761,0.7333333333333333,0.756484274019819,0.7449088036765761,0.7449088036765761,apple;coin
apple012T(5),raw_gt_box_prompt,2,0.6879472720319791,0.6450653983353151,0.7308291457286432,0.6879472720319791,0.6879472720319791,apple;coin
apple013S(1),raw_gt_box_prompt,2,0.7549945490630958,0.7328874024526199,0.7771016956735717,0.7549945490630958,0.7549945490630958,apple;coin
apple013S(2),raw_gt_box_prompt,2,0.7706546603747242,0.7192982456140351,0.8220110751354132,0.7714896322066537,0.7725053993382486,apple;coin
apple013S(3),raw_gt_box_prompt,2,0.7646897074067346,0.7383977900552486,0.7909816247582205,0.766843966032903,0.7697614431098688,apple;coin
apple013S(4),raw_gt_box_prompt,2,0.7892209650543279,0.7694571615434925,0.8089847685651633,0.7949664292908641,0.8023677100463127,apple;coin
apple013S(5),raw_gt_box_prompt,2,0.7619821276131624,0.6981726528040327,0.8257916024222922,0.7626752779643764,0.7635146548110056,apple;coin
apple013S(6),raw_gt_box_prompt,2,0.7694545958874166,0.7268563162970106,0.8120528754778227,0.7709776737105392,0.7728532631815157,apple;coin
apple013S(7),raw_gt_box_prompt,2,0.780692379033978,0.7559343979283556,0.8054503601396005,0.7836657606455544,0.78743047549689,apple;coin
apple013S(8),raw_gt_box_prompt,2,0.7884587282737046,0.7560819462227913,0.8208355103246178,0.7916911780247368,0.7956291774294578,apple;coin
apple013T(1),raw_gt_box_prompt,2,0.7198634545990193,0.6645851917930419,0.7751417174049968,0.7206686642725892,0.7217074545421488,apple;coin
apple013T(2),raw_gt_box_prompt,2,0.7414505443513796,0.7136904761904762,0.769210612512283,0.7414505443513796,0.7414505443513796,apple;coin
apple013T(3),raw_gt_box_prompt,2,0.7387856358078855,0.7092245989304813,0.7683466726852897,0.7387856358078855,0.7387856358078855,apple;coin
apple013T(4),raw_gt_box_prompt,2,0.7439694832879231,0.7414678899082568,0.7464710766675893,0.7454213581244535,0.7473663428424308,apple;coin
apple013T(5),raw_gt_box_prompt,2,0.7357473463686804,0.7204635387224421,0.7510311540149188,0.7361550789882177,0.7367210099446411,apple;coin
apple013T(6),raw_gt_box_prompt,2,0.733389159295895,0.7084175084175084,0.7583608101742817,0.733389159295895,0.733389159295895,apple;coin
apple013T(7),raw_gt_box_prompt,2,0.751789392941359,0.7258592471358429,0.7777195387468753,0.7546003513132107,0.7582147112872197,apple;coin
apple013T(8),raw_gt_box_prompt,2,0.721390628339537,0.664080459770115,0.7787007969089592,0.721390628339537,0.721390628339537,apple;coin
apple014S(1),raw_gt_box_prompt,2,0.7716639424889529,0.7187320711417097,0.8245958138361961,0.7785228508393351,0.7868407542718946,apple;coin
apple014S(2),raw_gt_box_prompt,2,0.7850967758468319,0.7456896551724138,0.8245038965212501,0.7868698628692842,0.7892272569660813,apple;coin
apple014S(3),raw_gt_box_prompt,2,0.7743862833965368,0.7200584225900681,0.8287141442030055,0.7802763148818836,0.787383749365232,apple;coin
apple014S(4),raw_gt_box_prompt,2,0.7792566519614914,0.7707395812952456,0.7877737226277373,0.7849440224136354,0.7921635707290742,apple;coin
apple014S(5),raw_gt_box_prompt,2,0.7441369560611353,0.7103296703296703,0.7779442417926004,0.7441369560611353,0.7441369560611353,apple;coin
apple014S(6),raw_gt_box_prompt,2,0.7595095943837837,0.7315334773218143,0.7874857114457532,0.7603465602756461,0.7614554909763931,apple;coin
apple014S(7),raw_gt_box_prompt,2,0.7711237801735638,0.7359132468637041,0.8063343134834234,0.772838881296085,0.7750682906503465,apple;coin
apple014S(8),raw_gt_box_prompt,2,0.7588220680076193,0.722718253968254,0.7949258820469847,0.7596853171845208,0.7607712664489712,apple;coin
apple014T(1),raw_gt_box_prompt,2,0.734493456430163,0.7315540187656455,0.7374328940946804,0.7354858422675793,0.7368315726321499,apple;coin
apple014T(2),raw_gt_box_prompt,2,0.7328684172376101,0.7155989658144212,0.750137868660799,0.7332411009958875,0.733737921345649,apple;coin
apple014T(3),raw_gt_box_prompt,2,0.7415974907071967,0.7288989669942051,0.7542960144201882,0.7421118315778052,0.7427937135721095,apple;coin
apple014T(4),raw_gt_box_prompt,2,0.7314861756238515,0.6793785310734464,0.7835938201742567,0.7319001231291701,0.7324283910846607,apple;coin
apple014T(5),raw_gt_box_prompt,2,0.7612787930379039,0.7396499027507641,0.7829076833250438,0.7624589961437319,0.7639664575353682,apple;coin
apple014T(6),raw_gt_box_prompt,2,0.7138209215707565,0.6952853598014889,0.7323564833400241,0.7138209215707565,0.7138209215707565,apple;coin
apple014T(7),raw_gt_box_prompt,2,0.7453978646911549,0.7450508293204923,0.7457449000618175,0.7475025280508173,0.7503273868078795,apple;coin
apple014T(8),raw_gt_box_prompt,2,0.7385283728827333,0.7011000804936947,0.775956665271772,0.7390936242241687,0.7398998591072646,apple;coin
apple015S(1),raw_gt_box_prompt,2,0.7744255187540763,0.7308043875685558,0.8180466499395966,0.7773309855530844,0.7811398267688247,apple;coin
apple015S(10),raw_gt_box_prompt,2,0.7790559334445226,0.7319955406911929,0.8261163261978524,0.7793544137022398,0.7797157190635451,apple;coin
apple015S(11),raw_gt_box_prompt,2,0.7618750398047084,0.7311237928007024,0.7926262868087144,0.7622549229999198,0.7627341945072288,apple;coin
apple015S(12),raw_gt_box_prompt,2,0.7809735657099218,0.7458639705882353,0.8160831608316084,0.7811848386742757,0.7814437252369375,apple;coin
apple015S(13),raw_gt_box_prompt,2,0.7656257998921261,0.7284615384615385,0.8027900613227138,0.7666778591778591,0.7679883628031776,apple;coin
apple015S(2),raw_gt_box_prompt,2,0.7930021358708925,0.7496392496392497,0.8363650221025355,0.7945162081954535,0.7963265090623581,apple;coin
apple015S(3),raw_gt_box_prompt,2,0.7695226648351647,0.7111607142857143,0.8278846153846153,0.77068939141077,0.7720986778667853,apple;coin
apple015S(4),raw_gt_box_prompt,2,0.7874076536074058,0.7620738636363636,0.812741443578448,0.7874076536074058,0.7874076536074058,apple;coin
apple015S(5),raw_gt_box_prompt,2,0.790306898621747,0.7622360844529751,0.8183777127905187,0.7912288488190282,0.7924213697259008,apple;coin
apple015S(6),raw_gt_box_prompt,2,0.772761945445525,0.7363949483352469,0.8091289425558033,0.774206273664795,0.7759913145196033,apple;coin
apple015S(7),raw_gt_box_prompt,2,0.7378827471716676,0.6927631578947369,0.7830023364485982,0.7381868574253527,0.7386258389881271,apple;coin
apple015S(8),raw_gt_box_prompt,2,0.8097063743476147,0.7538912700203023,0.865521478674927,0.8119107318960854,0.8146180027718597,apple;coin
apple015S(9),raw_gt_box_prompt,2,0.7973610596778881,0.7547646383467279,0.8399574810090482,0.7983542526452974,0.7995366850777299,apple;coin
apple015T(1),raw_gt_box_prompt,2,0.7263908257905579,0.7164385364569623,0.7363431151241535,0.7270568982601411,0.7279614663288883,apple;coin
apple015T(10),raw_gt_box_prompt,2,0.7617185635037124,0.7397629310344828,0.783674195972942,0.7629937407881069,0.7646209186267385,apple;coin
apple015T(11),raw_gt_box_prompt,2,0.7350112917912089,0.713094245204337,0.7569283383780809,0.7358303178099433,0.7369607365513637,apple;coin
apple015T(12),raw_gt_box_prompt,2,0.7348872954734774,0.7044776119402985,0.7652969790066564,0.7348872954734774,0.7348872954734774,apple;coin
apple015T(13),raw_gt_box_prompt,2,0.732897959244458,0.7197231833910035,0.7460727350979126,0.735078041911952,0.7380001198340299,apple;coin
apple015T(2),raw_gt_box_prompt,2,0.7501055848751805,0.7471011219034711,0.75311004784689,0.7501055848751805,0.7501055848751805,apple;coin
apple015T(3),raw_gt_box_prompt,2,0.7335121259200126,0.6893226176808266,0.7777016341591987,0.7342103160225003,0.7351080769012498,apple;coin
apple015T(4),raw_gt_box_prompt,2,0.7574829993963874,0.7436079545454546,0.7713580442473204,0.7581510847107438,0.7590172004132232,apple;coin
apple015T(5),raw_gt_box_prompt,2,0.7364791116014906,0.7253814147018031,0.7475768085011782,0.7369108006005196,0.7375059206163896,apple;coin
apple015T(6),raw_gt_box_prompt,2,0.7447443677054106,0.7294776119402985,0.7600111234705228,0.7447443677054106,0.7447443677054106,apple;coin
apple015T(7),raw_gt_box_prompt,2,0.7474621760093267,0.7205630587787711,0.7743612932398825,0.7483450647347523,0.7495050503320887,apple;coin
apple015T(8),raw_gt_box_prompt,2,0.7345473404326024,0.7138318670576735,0.7552628138075314,0.7345473404326024,0.7345473404326024,apple;coin
apple015T(9),raw_gt_box_prompt,2,0.7422351766503634,0.7185265438786566,0.7659438094220703,0.7422351766503634,0.7422351766503634,apple;coin
apple016S(1),raw_gt_box_prompt,2,0.7744391501468482,0.7330016583747927,0.8158766419189035,0.7755511315513326,0.7769140599002422,apple;coin
apple016S(10),raw_gt_box_prompt,2,0.7996233747055754,0.7771527477282562,0.8220940016828946,0.8007821836355394,0.8022035983055382,apple;coin
apple016S(11),raw_gt_box_prompt,2,0.7782296697670561,0.7504729871767921,0.8059863523573201,0.7783189737550406,0.7784297746237194,apple;coin
apple016S(12),raw_gt_box_prompt,2,0.7843234434095295,0.773773987206823,0.7948728996122361,0.7843234434095295,0.7843234434095295,apple;coin
apple016S(13),raw_gt_box_prompt,2,0.7846227360003132,0.7570289550986152,0.8122165169020111,0.7857378880806352,0.7872109520536992,apple;coin
apple016S(14),raw_gt_box_prompt,2,0.7611358702700588,0.7437810945273632,0.7784906460127545,0.7611358702700588,0.7611358702700588,apple;coin
apple016S(15),raw_gt_box_prompt,2,0.7983001400652273,0.7837358741413694,0.8128644059890853,0.8027515526080806,0.8083275643533894,apple;coin
apple016S(16),raw_gt_box_prompt,2,0.7640890883339901,0.724776119402985,0.8034020572649954,0.7641427581961928,0.7642095614383768,apple;coin
apple016S(17),raw_gt_box_prompt,2,0.786937723391325,0.764179104477612,0.809696342305038,0.786937723391325,0.786937723391325,apple;coin
apple016S(18),raw_gt_box_prompt,2,0.7735374906664791,0.7311891999205876,0.8158857814123707,0.7736481092475899,0.7737836902120225,apple;coin
apple016S(19),raw_gt_box_prompt,2,0.7840358223854211,0.7714468629961587,0.7966247817746837,0.7842849394345873,0.7845976551005638,apple;coin
apple016S(2),raw_gt_box_prompt,2,0.7722084409125888,0.7407254740313273,0.8036914077938503,0.7754503614907728,0.7797605877185361,apple;coin
apple016S(20),raw_gt_box_prompt,2,0.7683006469024629,0.7433846153846154,0.7932166784203103,0.7683705831287386,0.7684587510003662,apple;coin
apple016S(21),raw_gt_box_prompt,2,0.7779820999127155,0.7630789022298456,0.7928852975955853,0.7816158089709528,0.7863777137328576,apple;coin
apple016S(22),raw_gt_box_prompt,2,0.7696775354619442,0.7335876330054206,0.8057674379184677,0.7704893527620508,0.7715959926010849,apple;coin
apple016S(23),raw_gt_box_prompt,2,0.7750508855124711,0.7490405117270789,0.8010612592978633,0.7754307694501094,0.7759049952764479,apple;coin
apple016S(24),raw_gt_box_prompt,2,0.7592672232991875,0.7020532983835737,0.8164811482148014,0.7834230642681159,0.817712619942061,apple;coin
apple016S(25),raw_gt_box_prompt,2,0.7989502779304869,0.7881619937694704,0.8097385620915033,0.8001817810457517,0.8017442810457516,apple;coin
apple016S(3),raw_gt_box_prompt,2,0.7806351611053661,0.7470612930310663,0.814209029179666,0.7824299247867119,0.7847993417264899,apple;coin
apple016S(4),raw_gt_box_prompt,2,0.7681953028121816,0.7450289975144988,0.7913616081098644,0.7699135180280825,0.7721454914056655,apple;coin
apple016S(5),raw_gt_box_prompt,2,0.7670368080480559,0.727364185110664,0.8067094309854477,0.7673133194446917,0.767656083996605,apple;coin
apple016S(6),raw_gt_box_prompt,2,0.8047677856583068,0.7962667880719326,0.8132687832446809,0.8107311306941938,0.8181913445702327,apple;coin
apple016S(7),raw_gt_box_prompt,2,0.7592069380499707,0.7105263157894737,0.8078875603104678,0.7592069380499707,0.7592069380499707,apple;coin
apple016S(8),raw_gt_box_prompt,2,0.7918369119185926,0.7788988813336258,0.8047749425035593,0.7929619881762886,0.7943776403363256,apple;coin
apple016S(9),raw_gt_box_prompt,2,0.7693475400808756,0.7261029411764706,0.8125921389852805,0.7693475400808756,0.7693475400808756,apple;coin
apple016T(1),raw_gt_box_prompt,2,0.7576589358145177,0.7503384782020038,0.7649793934270316,0.7611305528524257,0.765755018811011,apple;coin
apple016T(10),raw_gt_box_prompt,2,0.7738270318831093,0.7737157889047044,0.7739382748615141,0.7752391255817148,0.7770637878102717,apple;coin
apple016T(11),raw_gt_box_prompt,2,0.7419820510642218,0.7298068481123793,0.7541572540160643,0.7420293811291154,0.7420921400094971,apple;coin
apple016T(12),raw_gt_box_prompt,2,0.7310325731045715,0.7180650037792895,0.7440001424298534,0.7310325731045715,0.7310325731045715,apple;coin
apple016T(13),raw_gt_box_prompt,2,0.7775378216370338,0.7731359069275515,0.781939736346516,0.7775378216370338,0.7775378216370338,apple;coin
apple016T(14),raw_gt_box_prompt,2,0.7155507193755833,0.6745762711864407,0.756525167564726,0.7157496740547589,0.7160126589331284,apple;coin
apple016T(15),raw_gt_box_prompt,2,0.7292939179939397,0.7091485986250661,0.7494392373628134,0.7292939179939397,0.7292939179939397,apple;coin
apple016T(16),raw_gt_box_prompt,2,0.7372911488690586,0.6999702646446625,0.7746120330934547,0.7378037597733116,0.738465524479194,apple;coin
apple016T(17),raw_gt_box_prompt,2,0.719297527825162,0.6905737704918032,0.7480212851585207,0.719297527825162,0.719297527825162,apple;coin
apple016T(18),raw_gt_box_prompt,2,0.758840865627668,0.7523212045169385,0.7653605267383973,0.7605876895643233,0.762906539165917,apple;coin
apple016T(19),raw_gt_box_prompt,2,0.7385932279738,0.7167717528373266,0.7604147031102734,0.7389388591636806,0.7393933890254349,apple;coin
apple016T(2),raw_gt_box_prompt,2,0.7414911755721384,0.7314814814814815,0.7515008696627953,0.7422799014881591,0.7433294357573271,apple;coin
apple016T(20),raw_gt_box_prompt,2,0.7471211516297017,0.7200741525423728,0.7741681507170306,0.7471211516297017,0.7471211516297017,apple;coin
apple016T(21),raw_gt_box_prompt,2,0.760194629531942,0.7347915242652084,0.7855977347986755,0.7620870864856252,0.7646069171052947,apple;coin
apple016T(22),raw_gt_box_prompt,2,0.7490439782715107,0.7360366744917394,0.762051282051282,0.7502199833364047,0.7517631932129478,apple;coin
apple016T(23),raw_gt_box_prompt,2,0.7171675495568633,0.70520067834935,0.7291344207643767,0.7171675495568633,0.7171675495568633,apple;coin
apple016T(24),raw_gt_box_prompt,2,0.7423570697340477,0.7422348863560622,0.7424792531120332,0.7435902098508498,0.7452510839403399,apple;coin
apple016T(25),raw_gt_box_prompt,2,0.7506828760100797,0.7325567358763883,0.768809016143771,0.7551843771831864,0.7610395389705515,apple;coin
apple016T(3),raw_gt_box_prompt,2,0.7445633905256284,0.7115832913306451,0.7775434897206115,0.7460032858769627,0.7478551377288146,apple;coin
apple016T(4),raw_gt_box_prompt,2,0.7397213671620384,0.737452711223203,0.7419900231008738,0.7397213671620384,0.7397213671620384,apple;coin
apple016T(5),raw_gt_box_prompt,2,0.740945753924567,0.709246661627614,0.77264484622152,0.7409804377591492,0.7410253275099213,apple;coin
apple016T(6),raw_gt_box_prompt,2,0.729142347100252,0.7248235244977236,0.7334611697027804,0.7303771302142297,0.7320606318977314,apple;coin
apple016T(7),raw_gt_box_prompt,2,0.735735444324565,0.7209467455621302,0.7505241430869997,0.7360406396526797,0.7364472825714,apple;coin
apple016T(8),raw_gt_box_prompt,2,0.7476989548785268,0.7443458345261953,0.7510520752308583,0.7508108016642442,0.7549695092307368,apple;coin
apple016T(9),raw_gt_box_prompt,2,0.7516905977163885,0.7254824474741487,0.7778987479586282,0.7531783822070197,0.7550909505130307,apple;coin
apple017S(1),raw_gt_box_prompt,2,0.7910229561699196,0.746641074856046,0.8354048374837931,0.7931671802374634,0.7959271790486124,apple;coin
apple017S(10),raw_gt_box_prompt,2,0.7485273399412824,0.6863811863811864,0.8106734935013785,0.7490228420963072,0.7496340649363245,apple;coin
apple017S(11),raw_gt_box_prompt,2,0.755753636809265,0.7265827471306924,0.7849245264878377,0.7560028335822784,0.7563203122246243,apple;coin
apple017S(12),raw_gt_box_prompt,2,0.7543871088780898,0.735544848035582,0.7732293697205977,0.7543871088780898,0.7543871088780898,apple;coin
apple017S(13),raw_gt_box_prompt,2,0.7514774398269424,0.6973493100944081,0.8056055695594767,0.7543143395234662,0.7582284227511225,apple;coin
apple017S(14),raw_gt_box_prompt,2,0.7773820233940995,0.7369130100076983,0.8178510367805006,0.7789777549377953,0.7810817228731033,apple;coin
apple017S(15),raw_gt_box_prompt,2,0.7801090891257931,0.7785925925925926,0.7816255856589936,0.7808269085411943,0.781745275888133,apple;coin
apple017S(16),raw_gt_box_prompt,2,0.763692173444656,0.7286036036036037,0.7987807432857083,0.7642116021038659,0.7648618789959619,apple;coin
apple017S(17),raw_gt_box_prompt,2,0.7864013288457213,0.7637073170731707,0.8090953406182719,0.7882731605052145,0.7907241408973713,apple;coin
apple017S(18),raw_gt_box_prompt,2,0.7550305495221349,0.7116700201207243,0.7983910789235454,0.7557463813322876,0.7566429742790897,apple;coin
apple017S(19),raw_gt_box_prompt,2,0.7533495879907559,0.729669887278583,0.7770292887029289,0.7533495879907559,0.7533495879907559,apple;coin
apple017S(2),raw_gt_box_prompt,2,0.7786671064701656,0.7743380855397148,0.7829961274006164,0.7795519100531386,0.7806943470916303,apple;coin
apple017S(20),raw_gt_box_prompt,2,0.7670924288531711,0.7303822937625755,0.8038025639437666,0.7670924288531711,0.7670924288531711,apple;coin
apple017S(21),raw_gt_box_prompt,2,0.7756526832377817,0.7452175741013244,0.806087792374239,0.775781863973739,0.7759421203839956,apple;coin
apple017S(22),raw_gt_box_prompt,2,0.7559200230907546,0.6909021697754092,0.8209378764061,0.7572736239069991,0.7589224707383457,apple;coin
apple017S(23),raw_gt_box_prompt,2,0.7756847528656177,0.7451690821256038,0.8062004236056315,0.7756847528656177,0.7756847528656177,apple;coin
apple017S(24),raw_gt_box_prompt,2,0.756627706217238,0.7452966714905933,0.7679587409438827,0.7576556189118555,0.7590155024946543,apple;coin
apple017S(25),raw_gt_box_prompt,2,0.7922186762310329,0.7672224659938569,0.817214886468209,0.7927108799168708,0.7933266011544585,apple;coin
apple017S(26),raw_gt_box_prompt,2,0.7775593812726143,0.7431648715824358,0.8119538909627928,0.7781598155208922,0.7788993085573327,apple;coin
apple017S(27),raw_gt_box_prompt,2,0.813225334615912,0.7962922573609597,0.8301584118708643,0.8165746923030652,0.8207481422407464,apple;coin
apple017S(3),raw_gt_box_prompt,2,0.7575303896062348,0.7220657276995305,0.792995051512939,0.7578684096622932,0.7582946671217987,apple;coin
apple017S(4),raw_gt_box_prompt,2,0.7742357061202462,0.7568466353677621,0.7916247768727303,0.7746991485864734,0.7752845805736555,apple;coin
apple017S(5),raw_gt_box_prompt,2,0.7726150743132476,0.7490219092331768,0.7962082393933183,0.7726150743132476,0.7726150743132476,apple;coin
apple017S(6),raw_gt_box_prompt,2,0.7846795085326573,0.7767091945553961,0.7926498225099186,0.7870103418691705,0.7899509005753246,apple;coin
apple017S(7),raw_gt_box_prompt,2,0.79157984876627,0.7646940418679549,0.8184656556645852,0.79157984876627,0.79157984876627,apple;coin
apple017S(8),raw_gt_box_prompt,2,0.7673732209092974,0.7456003128666406,0.7891461289519542,0.7675190738656485,0.7677146920190131,apple;coin
apple017S(9),raw_gt_box_prompt,2,0.7203847628067596,0.6555023923444976,0.7852671332690215,0.7207800423260949,0.721283411819849,apple;coin
apple017T(1),raw_gt_box_prompt,2,0.7488576605629325,0.7409440175631175,0.7567713035627475,0.7538027819259788,0.7604768642396607,apple;coin
apple017T(10),raw_gt_box_prompt,2,0.6924484202045678,0.651702395964691,0.7331944444444445,0.6924484202045678,0.6924484202045678,apple;coin
apple017T(11),raw_gt_box_prompt,2,0.7398511133492949,0.7069790879314689,0.7727231387671208,0.7400550240560015,0.7403189099117198,apple;coin
apple017T(12),raw_gt_box_prompt,2,0.7460849637742588,0.7196969696969697,0.7724729578515479,0.7471842251555366,0.74860726704989,apple;coin
apple017T(13),raw_gt_box_prompt,2,0.7223665002619585,0.7180865358774523,0.7266464646464647,0.7225427424314095,0.7227852842698765,apple;coin
apple017T(14),raw_gt_box_prompt,2,0.7213270407925848,0.6902497027348394,0.7524043788503302,0.7213270407925848,0.7213270407925848,apple;coin
apple017T(15),raw_gt_box_prompt,2,0.7370690076880726,0.706269592476489,0.7678684228996561,0.7379783776837677,0.739162656094724,apple;coin
apple017T(16),raw_gt_box_prompt,2,0.7438761587978793,0.742668428005284,0.7450838895904744,0.7441707126429369,0.7445673281902663,apple;coin
apple017T(17),raw_gt_box_prompt,2,0.7262227594797994,0.710735060814384,0.741710458145215,0.7262227594797994,0.7262227594797994,apple;coin
apple017T(18),raw_gt_box_prompt,2,0.7309315425950527,0.7258771929824561,0.7359858922076491,0.7309315425950527,0.7309315425950527,apple;coin
apple017T(19),raw_gt_box_prompt,2,0.7456855481755913,0.7241290983606558,0.7672419979905267,0.7459679516401537,0.7463360277690702,apple;coin
apple017T(2),raw_gt_box_prompt,2,0.7418705868079757,0.7149038461538462,0.7688373274621052,0.7418705868079757,0.7418705868079757,apple;coin
apple017T(20),raw_gt_box_prompt,2,0.7396357829225443,0.7283767772511849,0.7508947885939037,0.7410435881714686,0.7429763862684059,apple;coin
apple017T(21),raw_gt_box_prompt,2,0.7602688665914681,0.7490336009515314,0.7715041322314049,0.7603964301053954,0.7605617740207392,apple;coin
apple017T(22),raw_gt_box_prompt,2,0.7603630875104229,0.7497520661157024,0.7709741089051434,0.7604436659080928,0.7605481809582599,apple;coin
apple017T(23),raw_gt_box_prompt,2,0.782388376116429,0.7696019300361882,0.7951748221966697,0.7864279050136616,0.79156635842036,apple;coin
apple017T(24),raw_gt_box_prompt,2,0.7249505525654398,0.6692037470725996,0.7806973580582802,0.7257066081130573,0.7266750442680071,apple;coin
apple017T(25),raw_gt_box_prompt,2,0.723401018886424,0.7017543859649122,0.7450476518079359,0.7234387115189624,0.7234893024206948,apple;coin
apple017T(26),raw_gt_box_prompt,2,0.7388758856275304,0.7328125,0.7449392712550608,0.7388758856275304,0.7388758856275304,apple;coin
apple017T(27),raw_gt_box_prompt,2,0.7092034475949986,0.67265625,0.7457506451899973,0.7093163033221763,0.7094676350413046,apple;coin
apple017T(3),raw_gt_box_prompt,2,0.7396457625812565,0.7116581777023203,0.7676333474601925,0.7399946445413795,0.7404491349061838,apple;coin
apple017T(4),raw_gt_box_prompt,2,0.7635189753670651,0.7618276085547635,0.7652103421793668,0.7645579834341958,0.7659215354207849,apple;coin
apple017T(5),raw_gt_box_prompt,2,0.732246653598593,0.7005108556832694,0.7639824515139165,0.733173816767906,0.7343874090009157,apple;coin
apple017T(6),raw_gt_box_prompt,2,0.7186207674707561,0.6846994535519125,0.7525420813895995,0.719407029662643,0.7204518379349394,apple;coin
apple017T(7),raw_gt_box_prompt,2,0.7459284068662575,0.7282528886656104,0.7636039250669046,0.7459284068662575,0.7459284068662575,apple;coin
apple017T(8),raw_gt_box_prompt,2,0.7639887883404632,0.7569732937685459,0.7710042829123804,0.7648846431081123,0.7660655150740726,apple;coin
apple017T(9),raw_gt_box_prompt,2,0.7223984777115131,0.6684060721062619,0.7763908833167642,0.72263446278243,0.7229384141502111,apple;coin
apple018S(1),raw_gt_box_prompt,2,0.7728592620185415,0.7207792207792207,0.8249393032578624,0.7728592620185415,0.7728592620185415,apple;coin
apple018S(10),raw_gt_box_prompt,2,0.7674086832258187,0.7596034696406444,0.775213896810993,0.7676912738023218,0.7680632976118457,apple;coin
apple018S(11),raw_gt_box_prompt,2,0.7921128592894263,0.772269753397081,0.8119559651817716,0.7929893318973171,0.7941242625404444,apple;coin
apple018S(2),raw_gt_box_prompt,2,0.7869920495595026,0.7718360071301248,0.8021480919888805,0.7898386815437507,0.7934890250558453,apple;coin
apple018S(3),raw_gt_box_prompt,2,0.7664658024668801,0.7154372252076209,0.8174943797261394,0.7684345103831699,0.7710569210427158,apple;coin
apple018S(4),raw_gt_box_prompt,2,0.7539061557943754,0.7016317016317016,0.8061806099570491,0.7541894620395959,0.7545408798754026,apple;coin
apple018S(5),raw_gt_box_prompt,2,0.8109178289204376,0.7799946794360202,0.8418409784048551,0.8175757229919313,0.8258595806245548,apple;coin
apple018S(6),raw_gt_box_prompt,2,0.7827047141235689,0.7677300290007909,0.7976793992463469,0.7854904008669823,0.7890971685001636,apple;coin
apple018S(7),raw_gt_box_prompt,2,0.7771859378589605,0.7320773183264008,0.8222945573915202,0.780294197115895,0.7840741798836206,apple;coin
apple018S(8),raw_gt_box_prompt,2,0.7634657372268219,0.7179926560587515,0.8089388183948921,0.7645277428601358,0.765909469664505,apple;coin
apple018S(9),raw_gt_box_prompt,2,0.7611463762007225,0.7243867243867244,0.7979060280147205,0.761750505050505,0.7625076479076479,apple;coin
apple018T(1),raw_gt_box_prompt,2,0.7811041215152875,0.7697910069664344,0.7924172360641406,0.7846368431283117,0.7892135183847173,apple;coin
apple018T(10),raw_gt_box_prompt,2,0.761665179821922,0.7550407853384653,0.7682895743053786,0.7636614238645487,0.7662626137022011,apple;coin
apple018T(11),raw_gt_box_prompt,2,0.7291961669120204,0.680050505050505,0.7783418287735359,0.7302434601353993,0.7315890041941444,apple;coin
apple018T(2),raw_gt_box_prompt,2,0.7638688309943902,0.747110167492333,0.7806274944964473,0.766463902723094,0.7698644798828622,apple;coin
apple018T(3),raw_gt_box_prompt,2,0.7517415078919077,0.7252517232668086,0.7782312925170068,0.7535498638203917,0.7558735379592654,apple;coin
apple018T(4),raw_gt_box_prompt,2,0.7800569879620185,0.7727947727947728,0.7873192031292641,0.7817053209222975,0.7838181394190384,apple;coin
apple018T(5),raw_gt_box_prompt,2,0.7676722560468443,0.7399224806201551,0.7954220314735336,0.770922778771616,0.7750093172331545,apple;coin
apple018T(6),raw_gt_box_prompt,2,0.7789567748307911,0.7494089834515366,0.8085045662100456,0.7816277896286697,0.784931438005573,apple;coin
apple018T(7),raw_gt_box_prompt,2,0.7736011753862643,0.748306148055207,0.7988962027173215,0.7776432237117721,0.782838415708192,apple;coin
apple018T(8),raw_gt_box_prompt,2,0.7621291238260992,0.7565267912363889,0.7677314564158094,0.7659069166679484,0.7708276383737986,apple;coin
apple018T(9),raw_gt_box_prompt,2,0.7561757227038801,0.755289298515105,0.7570621468926554,0.7561757227038801,0.7561757227038801,apple;coin
apple019S(1),raw_gt_box_prompt,2,0.7482056748388406,0.7191919191919192,0.7772194304857621,0.7482056748388406,0.7482056748388406,apple;coin
apple019S(2),raw_gt_box_prompt,2,0.7370269000661736,0.715702479338843,0.758351320793504,0.7370269000661736,0.7370269000661736,apple;coin
apple019S(3),raw_gt_box_prompt,2,0.7372899159663866,0.7094155844155844,0.7651642475171887,0.7372899159663866,0.7372899159663866,apple;coin
apple019S(4),raw_gt_box_prompt,2,0.7415849014456354,0.6967532467532468,0.786416556138024,0.7415849014456354,0.7415849014456354,apple;coin
apple019S(5),raw_gt_box_prompt,2,0.7517170976897019,0.701948051948052,0.8014861434313518,0.7517806908774907,0.751860034966356,apple;coin
apple019S(6),raw_gt_box_prompt,2,0.7556382249349659,0.7341644204851752,0.7771120293847567,0.7556382249349659,0.7556382249349659,apple;coin
apple019S(7),raw_gt_box_prompt,2,0.7465835131928258,0.6919642857142857,0.8012027406713659,0.7466032608695652,0.7466279084097407,apple;coin
apple019T(1),raw_gt_box_prompt,2,0.6522747957876477,0.6086369770580297,0.6959126145172657,0.6522747957876477,0.6522747957876477,apple;coin
apple019T(2),raw_gt_box_prompt,2,0.7196595009444953,0.6951754385964912,0.7441435632924994,0.7196595009444953,0.7196595009444953,apple;coin
apple019T(3),raw_gt_box_prompt,2,0.7121429321828789,0.6636636636636637,0.7606222007020942,0.7123732562504366,0.7126760663279559,apple;coin
apple019T(4),raw_gt_box_prompt,2,0.6913306677017659,0.6535947712418301,0.7290665641617016,0.6913306677017659,0.6913306677017659,apple;coin
apple019T(5),raw_gt_box_prompt,2,0.6998770430349377,0.6637426900584795,0.736011396011396,0.6998770430349377,0.6998770430349377,apple;coin
apple019T(6),raw_gt_box_prompt,2,0.7202457892675285,0.6912162162162162,0.7492753623188406,0.7202457892675285,0.7202457892675285,apple;coin
apple019T(7),raw_gt_box_prompt,2,0.6813538024475525,0.6538461538461539,0.708861451048951,0.6813538024475525,0.6813538024475525,apple;coin
banana001S(1),raw_gt_box_prompt,2,0.7947227080747606,0.7510917030567685,0.8383537130927528,0.7956911931954191,0.796969077604456,banana;coin
banana001S(2),raw_gt_box_prompt,2,0.7836913494936367,0.7742587601078167,0.7931239388794568,0.7885069719888379,0.7945786869619161,banana;coin
banana001S(3),raw_gt_box_prompt,2,0.7272958286709448,0.695703010815551,0.7588886465263387,0.7277496248672553,0.7283597721720928,banana;coin
banana001T(1),raw_gt_box_prompt,2,0.6188531335973837,0.5564692764127275,0.6812369907820398,0.6198093045818291,0.6215275863001108,banana;coin
banana001T(2),raw_gt_box_prompt,2,0.5879726638669749,0.41957060489581227,0.7563747228381374,0.589311642980874,0.5911635708879983,banana;coin
banana001T(3),raw_gt_box_prompt,2,0.6160955283760305,0.5385334212840809,0.6936576354679803,0.6160955283760305,0.6160955283760305,banana;coin
banana001T(4),raw_gt_box_prompt,2,0.5831717552100824,0.4374795738283548,0.7288639365918098,0.5843278685283013,0.5865300257265245,banana;coin
banana002S(1),raw_gt_box_prompt,2,0.7830486227192214,0.7557457954672502,0.8103514499711926,0.7891158716235669,0.79672998968882,banana;coin
banana002S(2),raw_gt_box_prompt,2,0.6518756754270998,0.6096491228070176,0.6941022280471821,0.6720957000269142,0.7044795203927565,banana;coin
banana002S(3),raw_gt_box_prompt,2,0.7746754968917788,0.7597165991902834,0.7896343945932741,0.7747076481293437,0.7747483647417215,banana;coin
banana002T(1),raw_gt_box_prompt,2,0.5851485490992976,0.3852978235721627,0.7849992746264326,0.5855536671007524,0.5862285900322451,banana;coin
banana002T(2),raw_gt_box_prompt,2,0.5937664950163285,0.45160225410192106,0.7359307359307359,0.5941293255953379,0.5949327551081753,banana;coin
banana002T(3),raw_gt_box_prompt,2,0.5866571304531989,0.45999422544540497,0.7133200354609929,0.5866649432531963,0.5866819278142303,banana;coin
banana003S(1),raw_gt_box_prompt,2,0.7063800274506937,0.6734273956496178,0.7393326592517695,0.7063800274506937,0.7063800274506937,banana;coin
banana003S(2),raw_gt_box_prompt,2,0.7487875723150523,0.6790019031507718,0.8185732414793329,0.7511005445208033,0.7545069741567412,banana;coin
banana003S(3),raw_gt_box_prompt,2,0.7832109415258429,0.7231766124171187,0.8432452706345671,0.7839336779269644,0.7847907671112034,banana;coin
banana003T(1),raw_gt_box_prompt,2,0.6300030082147942,0.5397102489640095,0.7202957674655788,0.631936765893329,0.6347483649929107,banana;coin
banana003T(2),raw_gt_box_prompt,2,0.6525818398736567,0.5903767123287671,0.7147869674185464,0.6552893662653936,0.6590772450532725,banana;coin
banana004S(1),raw_gt_box_prompt,2,0.715750555195915,0.6937297996121525,0.7377713107796775,0.7166563132353562,0.717884008086331,banana;coin
banana004S(2),raw_gt_box_prompt,2,0.7641834672219234,0.7199464800329354,0.8084204544109116,0.7657532465951217,0.767841856672273,banana;coin
banana004S(3),raw_gt_box_prompt,2,0.6897586757404435,0.5850255482021984,0.7944918032786885,0.6936216965945956,0.6989003419345876,banana;coin
banana004T(1),raw_gt_box_prompt,2,0.522022101194115,0.3488246479863264,0.6952195544019035,0.5220259727791328,0.5220370717225133,banana;coin
banana004T(2),raw_gt_box_prompt,2,0.5361053022297521,0.34811259172556613,0.7240980127339379,0.5361053022297521,0.5361053022297521,banana;coin
banana004T(3),raw_gt_box_prompt,2,0.609402032900401,0.46129655829329447,0.7575075075075075,0.6095653071225517,0.6099192534488693,banana;coin
banana005S(1),raw_gt_box_prompt,2,0.7406504938910277,0.6996105160662123,0.7816904717158429,0.742217635975462,0.7442224475231765,banana;coin
banana005S(2),raw_gt_box_prompt,2,0.7759035117542308,0.7327300150829562,0.8190770084255053,0.7759745234244022,0.7760612206084777,banana;coin
banana005S(3),raw_gt_box_prompt,2,0.6743942465603966,0.5984663281723396,0.7503221649484536,0.6746633411324165,0.6751129814201864,banana;coin
banana005T(1),raw_gt_box_prompt,2,0.5448316696438504,0.3540233573790621,0.7356399819086387,0.5448316696438504,0.5448316696438504,banana;coin
banana005T(2),raw_gt_box_prompt,2,0.5650457343155412,0.3859560393686881,0.7441354292623942,0.5705844447127785,0.5794854103974485,banana;coin
banana005T(3),raw_gt_box_prompt,2,0.5898038979044652,0.43023484577998966,0.7493729500289408,0.5901477215478232,0.5909468749560848,banana;coin
banana006S(1),raw_gt_box_prompt,2,0.6969742375914025,0.66900675024108,0.7249417249417249,0.6978928474635135,0.6992659425358427,banana;coin
banana006S(2),raw_gt_box_prompt,2,0.719721454550776,0.6981673375010705,0.7412755716004813,0.7284091976295376,0.7407160139409479,banana;coin
banana006S(3),raw_gt_box_prompt,2,0.757896330898778,0.7328532853285329,0.782939376469023,0.7587449315390492,0.7598922607573126,banana;coin
banana006T(1),raw_gt_box_prompt,2,0.5797322305752138,0.3869361867980016,0.7725282743524261,0.5802260842665807,0.5808653536729734,banana;coin
banana006T(2),raw_gt_box_prompt,2,0.6017924329102342,0.5034122205106661,0.7001726453098024,0.6119697167712694,0.627542437618616,banana;coin
banana006T(3),raw_gt_box_prompt,2,0.5540359396366337,0.4160803838799293,0.691991495393338,0.5542112241593982,0.5546324997819834,banana;coin
banana007S(1),raw_gt_box_prompt,2,0.6759377545282924,0.5809573724668065,0.7709181365897784,0.6761121703962991,0.6763384147401905,banana;coin
banana007S(2),raw_gt_box_prompt,2,0.7804476367734348,0.6974789915966386,0.8634162819502308,0.7833348256554946,0.786678738600405,banana;coin
banana007S(3),raw_gt_box_prompt,2,0.7950619318696426,0.7228473019517796,0.8672765617875057,0.7954701493356102,0.7959408382530258,banana;coin
banana007T(1),raw_gt_box_prompt,2,0.6196455597759555,0.47402305428384567,0.7652680652680652,0.6206619987827335,0.6223760207285246,banana;coin
banana007T(2),raw_gt_box_prompt,2,0.578461694846221,0.43029580561345404,0.726627584078988,0.5786291303584387,0.5789119713666562,banana;coin
banana007T(3),raw_gt_box_prompt,2,0.5827186942928237,0.46223226038051934,0.7032051282051283,0.5838110355076271,0.5861742223910007,banana;coin
banana008S(1),raw_gt_box_prompt,2,0.76323958124114,0.7134502923976608,0.8130288700846192,0.76323958124114,0.76323958124114,banana;coin
banana008S(2),raw_gt_box_prompt,2,0.7808719472679356,0.7521008403361344,0.8096430541997368,0.7830484999632454,0.7857367867138321,banana;coin
banana008S(3),raw_gt_box_prompt,2,0.7321794694606947,0.6497291440953413,0.8146297948260481,0.736215923399022,0.741170878353977,banana;coin
banana008S(4),raw_gt_box_prompt,2,0.763854432679762,0.7200568092157172,0.807652056143807,0.7648228635149414,0.7661678002238022,banana;coin
banana008S(5),raw_gt_box_prompt,2,0.7680898404204359,0.7383357383357383,0.7978439425051335,0.7680898404204359,0.7680898404204359,banana;coin
banana008T(1),raw_gt_box_prompt,2,0.587741856424134,0.46797676196782306,0.7075069508804449,0.5905095668954469,0.596186368270445,banana;coin
banana008T(2),raw_gt_box_prompt,2,0.5995656375158671,0.46032530488248036,0.7388059701492538,0.6014149792462202,0.6052173093772808,banana;coin
banana008T(3),raw_gt_box_prompt,2,0.5797793729794484,0.46652989980505055,0.6930288461538462,0.5798534253444968,0.5800121555032269,banana;coin
banana008T(4),raw_gt_box_prompt,2,0.5580731312789344,0.4433737614271588,0.6727725011307101,0.5590188695044035,0.5611519191066734,banana;coin
banana008T(5),raw_gt_box_prompt,2,0.5970789064308413,0.4836756828544867,0.710482130007196,0.5986197236197236,0.6011850968747521,banana;coin
banana009S(1),raw_gt_box_prompt,2,0.737681581346358,0.6890547263681592,0.7863084363245567,0.7402673947714533,0.743555943266726,banana;coin
banana009S(2),raw_gt_box_prompt,2,0.7768833128093178,0.772420443587271,0.7813461820313645,0.8000889258742662,0.8297939674903025,banana;coin
banana009S(3),raw_gt_box_prompt,2,0.7831411756457112,0.728310502283105,0.8379718490083173,0.7889390349253362,0.7958579538442552,banana;coin
banana009S(4),raw_gt_box_prompt,2,0.7942589929653943,0.7671683913452493,0.8213495945855391,0.8203206403969794,0.8522695516233563,banana;coin
banana009S(5),raw_gt_box_prompt,2,0.7599784462527948,0.7231601731601731,0.7967967193454165,0.7610757708008217,0.7624529408134295,banana;coin
banana009S(6),raw_gt_box_prompt,2,0.7787659907951003,0.7481735159817352,0.8093584656084656,0.7808270748611658,0.7835818957978049,banana;coin
banana009S(7),raw_gt_box_prompt,2,0.7183627009654052,0.6584964331443205,0.7782289687864898,0.7198125380219731,0.721675533508801,banana;coin
banana009S(8),raw_gt_box_prompt,2,0.7705403202206527,0.7485498108448928,0.7925308295964125,0.7705403202206527,0.7705403202206527,banana;coin
banana009T(1),raw_gt_box_prompt,2,0.5451008649688661,0.40614842111420285,0.6840533088235294,0.54531320040166,0.5458360029579554,banana;coin
banana009T(2),raw_gt_box_prompt,2,0.562330537899337,0.499326553051127,0.6253345227475469,0.562330537899337,0.562330537899337,banana;coin
banana009T(3),raw_gt_box_prompt,2,0.5748255055879072,0.43012735088123605,0.7195236602945785,0.5763750652370214,0.5794496785709493,banana;coin
banana009T(4),raw_gt_box_prompt,2,0.5615008431989836,0.39518896801921116,0.7278127183787562,0.5619642104290475,0.5631367310902046,banana;coin
banana009T(5),raw_gt_box_prompt,2,0.5826058844055975,0.42383245846636725,0.7413793103448276,0.5834136192114168,0.5853194071936355,banana;coin
banana009T(6),raw_gt_box_prompt,2,0.5304687162983701,0.3604698697679851,0.7004675628287551,0.5304792426345084,0.5305084443432255,banana;coin
banana009T(7),raw_gt_box_prompt,2,0.5402163063460113,0.3804931087597781,0.6999395039322444,0.5405213300643373,0.5413229837902626,banana;coin
banana009T(8),raw_gt_box_prompt,2,0.5270637434628651,0.43937338856507446,0.6147540983606558,0.5270637434628651,0.5270637434628651,banana;coin
banana010S(1),raw_gt_box_prompt,2,0.71460495858233,0.6457412319481285,0.7834686852165313,0.7167700231264835,0.719533457817629,banana;coin
banana010S(2),raw_gt_box_prompt,2,0.7817312675431896,0.7446472842010368,0.8188152508853425,0.7849568448259947,0.7891115399704607,banana;coin
banana010S(3),raw_gt_box_prompt,2,0.7722076344500923,0.7354358300481822,0.8089794388520025,0.7730147413750794,0.7741121952820154,banana;coin
banana010S(4),raw_gt_box_prompt,2,0.7987476446721105,0.7526463599049471,0.8448489294392738,0.8019548197605751,0.8058572722241788,banana;coin
banana010S(5),raw_gt_box_prompt,2,0.7973010981973572,0.7373579861884607,0.8572442102062535,0.8028679047985425,0.8093617446342714,banana;coin
banana010S(6),raw_gt_box_prompt,2,0.7778818723670038,0.7225974025974026,0.8331663421366051,0.7825404813873998,0.7881319326796463,banana;coin
banana010S(7),raw_gt_box_prompt,2,0.7499938741638854,0.7086919831223629,0.791295765205408,0.7500528270985255,0.7501273288679424,banana;coin
banana010S(8),raw_gt_box_prompt,2,0.7584154783335957,0.7114155251141553,0.8054154315530362,0.7584154783335957,0.7584154783335957,banana;coin
banana010T(1),raw_gt_box_prompt,2,0.5786932783066567,0.492820024355249,0.6645665322580645,0.5804677559646041,0.584068416591714,banana;coin
banana010T(2),raw_gt_box_prompt,2,0.5553164110249735,0.483896710938836,0.6267361111111112,0.5559663637402835,0.5573095278920897,banana;coin
banana010T(3),raw_gt_box_prompt,2,0.5741425514564759,0.46118451119697534,0.6871005917159764,0.5741425514564759,0.5741425514564759,banana;coin
banana010T(4),raw_gt_box_prompt,2,0.584779012050619,0.4854621635347892,0.6840958605664488,0.584779012050619,0.584779012050619,banana;coin
banana010T(5),raw_gt_box_prompt,2,0.6618320924231009,0.5352026463846634,0.7884615384615384,0.6692240720020384,0.6802432054281284,banana;coin
banana010T(6),raw_gt_box_prompt,2,0.5729706061083403,0.46340152967699794,0.6825396825396826,0.5733667175889633,0.5742215086400397,banana;coin
banana010T(7),raw_gt_box_prompt,2,0.5756529987892125,0.45337533377837114,0.6979306638000538,0.5756529987892125,0.5756529987892125,banana;coin
banana010T(8),raw_gt_box_prompt,2,0.5458981473596421,0.4092788122018017,0.6825174825174826,0.5460215898334199,0.5463231995676586,banana;coin
banana011S(1),raw_gt_box_prompt,2,0.8086036034856796,0.7457451224574512,0.8714620845139079,0.8121231754793399,0.8161618732680376,banana;coin
banana011S(2),raw_gt_box_prompt,2,0.7183510922361787,0.6912984757862242,0.7454037086861333,0.7207853058607212,0.7240509370833417,banana;coin
banana011S(3),raw_gt_box_prompt,2,0.7988856976175515,0.7426410466067048,0.8551303486283981,0.7999966907382934,0.8013093476268056,banana;coin
banana011S(4),raw_gt_box_prompt,2,0.8135715924560625,0.7791489361702127,0.8479942487419123,0.8164788753151584,0.819976510493189,banana;coin
banana011S(5),raw_gt_box_prompt,2,0.7760102394857546,0.7485306465155331,0.8034898324559763,0.7767972909907424,0.7778271586044687,banana;coin
banana011S(6),raw_gt_box_prompt,2,0.8086882670076678,0.7828282828282829,0.8345482511870528,0.8165061157975724,0.8258738770729506,banana;coin
banana011S(7),raw_gt_box_prompt,2,0.757430603542445,0.75356988316746,0.7612913239174298,0.7633929147059677,0.7713050026180556,banana;coin
banana011S(8),raw_gt_box_prompt,2,0.7604681556452559,0.747721623860812,0.7732146874296998,0.7610197606162633,0.7617331523559379,banana;coin
banana011S(9),raw_gt_box_prompt,2,0.7498987484174482,0.7310247634386954,0.768772733396201,0.7509250683084185,0.7523046448854303,banana;coin
banana011T(1),raw_gt_box_prompt,2,0.601825495678223,0.5097555148522737,0.6938954765041722,0.6020896387622902,0.6026078147826983,banana;coin
banana011T(2),raw_gt_box_prompt,2,0.6397551832663038,0.5395788055955187,0.7399315609370887,0.6414181706454589,0.6436656587469926,banana;coin
banana011T(3),raw_gt_box_prompt,2,0.6189153524024471,0.5035757124853859,0.7342549923195084,0.6195246834599886,0.6207346922877259,banana;coin
banana011T(4),raw_gt_box_prompt,2,0.6085379005252103,0.4998298117456078,0.7172459893048129,0.6085575324895366,0.6085968097872585,banana;coin
banana011T(5),raw_gt_box_prompt,2,0.6452882819657345,0.5109646322778345,0.7796119316536345,0.6490495676009056,0.6538741290044143,banana;coin
banana011T(6),raw_gt_box_prompt,2,0.6561727887673943,0.556112890554179,0.7562326869806094,0.6575370094386488,0.6597178722916428,banana;coin
banana011T(7),raw_gt_box_prompt,2,0.6134883810266851,0.497363028147791,0.7296137339055794,0.6142266696519375,0.6152385593559597,banana;coin
banana011T(8),raw_gt_box_prompt,2,0.583814155757211,0.49619974008585044,0.6714285714285714,0.583814155757211,0.583814155757211,banana;coin
banana011T(9),raw_gt_box_prompt,2,0.5972731536608165,0.503939582175434,0.6906067251461988,0.5972731536608165,0.5972731536608165,banana;coin
banana012S(1),raw_gt_box_prompt,2,0.7543921401747133,0.7016129032258065,0.8071713771236201,0.7545501859487429,0.7547459879537554,banana;coin
banana012S(2),raw_gt_box_prompt,2,0.7712327836896431,0.7038934426229508,0.8385721247563352,0.7712327836896431,0.7712327836896431,banana;coin
banana012S(3),raw_gt_box_prompt,2,0.7707134233688233,0.7011841773746535,0.840242669362993,0.7729967807694382,0.7757142783256454,banana;coin
banana012S(4),raw_gt_box_prompt,2,0.7403227415274279,0.6957816377171215,0.7848638453377343,0.7418553158999809,0.7438079786218743,banana;coin
banana012S(5),raw_gt_box_prompt,2,0.7976701840142384,0.7715667831228165,0.8237735849056603,0.7976701840142384,0.7976701840142384,banana;coin
banana012S(6),raw_gt_box_prompt,2,0.7383915928095078,0.7044665012406948,0.7723166843783209,0.740869614256711,0.7440781704064436,banana;coin
banana012S(7),raw_gt_box_prompt,2,0.7656723690235203,0.6827838827838828,0.8485608552631579,0.7656723690235203,0.7656723690235203,banana;coin
banana012S(8),raw_gt_box_prompt,2,0.7663523658361371,0.7569688768606224,0.7757358548116516,0.7701806666075754,0.775238075027477,banana;coin
banana012T(1),raw_gt_box_prompt,2,0.6208827818579061,0.5469065255731922,0.6948590381426202,0.6208827818579061,0.6208827818579061,banana;coin
banana012T(2),raw_gt_box_prompt,2,0.6551662010122994,0.5639454556376524,0.7463869463869464,0.6567331892913288,0.659511806023434,banana;coin
banana012T(3),raw_gt_box_prompt,2,0.5931875648381972,0.522567940133911,0.6638071895424836,0.5936067296334342,0.5944088546071349,banana;coin
banana012T(4),raw_gt_box_prompt,2,0.6210592983916524,0.5650999632429322,0.6770186335403726,0.6215432872501274,0.6223997531675864,banana;coin
banana012T(5),raw_gt_box_prompt,2,0.6284049112420547,0.5366478446494973,0.7201619778346121,0.6285602084079907,0.6288495921584041,banana;coin
banana012T(6),raw_gt_box_prompt,2,0.6193055463421152,0.533965307525517,0.7046457851587135,0.6193055463421152,0.6193055463421152,banana;coin
banana012T(7),raw_gt_box_prompt,2,0.6698733023074421,0.5749908858913598,0.7647557187235244,0.6702237395582031,0.6706932825988284,banana;coin
banana012T(8),raw_gt_box_prompt,2,0.620959799464054,0.5240454582617938,0.7178741406663142,0.6213459788732374,0.6220828985489927,banana;coin
banana013S(1),raw_gt_box_prompt,2,0.7571801055332246,0.6914607291411794,0.8228994819252698,0.7638480116294133,0.7719509528058839,banana;coin
banana013S(10),raw_gt_box_prompt,2,0.7463655692608495,0.6686100746268657,0.8241210638948334,0.7575981721667713,0.7712279692900674,banana;coin
banana013S(11),raw_gt_box_prompt,2,0.7850122445344316,0.719758064516129,0.8502664245527342,0.7875072623386107,0.7904416576435782,banana;coin
banana013S(12),raw_gt_box_prompt,2,0.7699049302816778,0.6951690821256039,0.8446407784377519,0.7757452866901093,0.7826598905756024,banana;coin
banana013S(2),raw_gt_box_prompt,2,0.7503129604162899,0.6789860222696044,0.8216398985629755,0.7503129604162899,0.7503129604162899,banana;coin
banana013S(3),raw_gt_box_prompt,2,0.7772997181964574,0.7058531746031746,0.84874626178974,0.7772997181964574,0.7772997181964574,banana;coin
banana013S(4),raw_gt_box_prompt,2,0.7991848381328226,0.7698154180238871,0.8285542582417582,0.8028262420521988,0.8074535675925708,banana;coin
banana013S(5),raw_gt_box_prompt,2,0.7945257419156595,0.7366849178695869,0.8523665659617321,0.8008559913726304,0.8083841505521348,banana;coin
banana013S(6),raw_gt_box_prompt,2,0.773517749000975,0.7706138613861386,0.7764216366158114,0.7752538534880025,0.7774973074138813,banana;coin
banana013S(7),raw_gt_box_prompt,2,0.7608523417034055,0.7222222222222222,0.7994824611845889,0.7629899953429364,0.7656637921343803,banana;coin
banana013S(8),raw_gt_box_prompt,2,0.7694369744621334,0.7068923821039903,0.8319815668202765,0.7733833400810673,0.778217684524269,banana;coin
banana013S(9),raw_gt_box_prompt,2,0.7591472822979581,0.7051556189118555,0.8131389456840608,0.7664692121708598,0.7754737370577377,banana;coin
banana013T(1),raw_gt_box_prompt,2,0.5825182671474245,0.43055969038404285,0.7344768439108061,0.5826465244278487,0.5829444094442324,banana;coin
banana013T(10),raw_gt_box_prompt,2,0.5653006034044403,0.4660596160377816,0.664541590771099,0.565924142557319,0.5672620382501058,banana;coin
banana013T(11),raw_gt_box_prompt,2,0.5505595298997569,0.45895330057386347,0.6421657592256503,0.5512476276654894,0.5527469038769734,banana;coin
banana013T(12),raw_gt_box_prompt,2,0.6172117079326884,0.5239484646617334,0.7104749512036435,0.6172301279599226,0.6172652841412583,banana;coin
banana013T(2),raw_gt_box_prompt,2,0.5890825607318774,0.443222644585794,0.7349424768779608,0.590314337833246,0.5922748457172171,banana;coin
banana013T(3),raw_gt_box_prompt,2,0.6192815559862477,0.5431209779670343,0.6954421340054611,0.6201156630241353,0.6216514295876177,banana;coin
banana013T(4),raw_gt_box_prompt,2,0.60326247018749,0.4624927286982473,0.7440322116767328,0.6033268222925254,0.60346596416664,banana;coin
banana013T(5),raw_gt_box_prompt,2,0.579253247910784,0.44671162402669634,0.7117948717948718,0.5796083693174227,0.580403337228572,banana;coin
banana013T(6),raw_gt_box_prompt,2,0.6063972756180603,0.5101773525015794,0.7026171987345413,0.6066097019966176,0.6070260795122318,banana;coin
banana013T(7),raw_gt_box_prompt,2,0.5330611847622208,0.4349262488347864,0.6311961206896551,0.5331685562851392,0.5334154292278647,banana;coin
banana013T(8),raw_gt_box_prompt,2,0.5869735226730265,0.44067868927067927,0.7332683560753737,0.5877345062808722,0.5894613508648596,banana;coin
banana013T(9),raw_gt_box_prompt,2,0.5873986983613668,0.47976815695665187,0.6950292397660819,0.5887014709521098,0.5914168920817797,banana;coin
banana014S(1),raw_gt_box_prompt,2,0.7766683145230526,0.7762039085171581,0.777132720528947,0.7826001701001701,0.7902385190359874,banana;coin
banana014S(10),raw_gt_box_prompt,2,0.8045699079617232,0.7744883040935673,0.8346515118298791,0.8047036662168241,0.8048639226270806,banana;coin
banana014S(2),raw_gt_box_prompt,2,0.7016329010215151,0.6476817770889836,0.7555840249540466,0.701906663349397,0.7022689821899768,banana;coin
banana014S(3),raw_gt_box_prompt,2,0.7736616562360449,0.7575241340147644,0.7897991784573254,0.7861923927394612,0.8024523379386592,banana;coin
banana014S(4),raw_gt_box_prompt,2,0.7917765986702687,0.7525714285714286,0.8309817687691088,0.7968436768284096,0.8029413775825989,banana;coin
banana014S(5),raw_gt_box_prompt,2,0.7883479049694541,0.7719298245614035,0.8047659853775047,0.7973567762882279,0.8089154796816087,banana;coin
banana014S(6),raw_gt_box_prompt,2,0.7703981975095202,0.7690843327622311,0.7717120622568093,0.7730656090457171,0.7765230673990953,banana;coin
banana014S(7),raw_gt_box_prompt,2,0.7806587757868599,0.7485560261840585,0.8127615253896614,0.7829142087206604,0.785795985291953,banana;coin
banana014S(8),raw_gt_box_prompt,2,0.7092986858800023,0.684931506849315,0.7336658649106896,0.7095157810424275,0.709811685721667,banana;coin
banana014S(9),raw_gt_box_prompt,2,0.7732720158851925,0.7597339390006489,0.7868100927697361,0.7764227272727273,0.7804383116883118,banana;coin
banana014T(1),raw_gt_box_prompt,2,0.6110826483219631,0.45743122860367713,0.7647340680402491,0.6123801283606037,0.6140861419989179,banana;coin
banana014T(10),raw_gt_box_prompt,2,0.5475497876944159,0.452815900098912,0.6422836752899197,0.5475497876944159,0.5475497876944159,banana;coin
banana014T(2),raw_gt_box_prompt,2,0.6111794975670578,0.49912089989602043,0.7232380952380952,0.6117848709556026,0.6129977502172624,banana;coin
banana014T(3),raw_gt_box_prompt,2,0.5894569543307748,0.4823621845236186,0.696551724137931,0.5895381926488035,0.5897066103246396,banana;coin
banana014T(4),raw_gt_box_prompt,2,0.5900992132886428,0.5201487987857223,0.6600496277915633,0.5901024490107414,0.5901086697731579,banana;coin
banana014T(5),raw_gt_box_prompt,2,0.5923344206865292,0.4715800732571163,0.713088768115942,0.5928566287082684,0.5939639868248494,banana;coin
banana014T(6),raw_gt_box_prompt,2,0.6111586184972629,0.4680286396181384,0.7542885973763875,0.6167588154567907,0.6241832906232013,banana;coin
banana014T(7),raw_gt_box_prompt,2,0.5386881623655089,0.4404140771454164,0.6369622475856014,0.5390874535273811,0.5399940802284626,banana;coin
banana014T(8),raw_gt_box_prompt,2,0.5625967685323603,0.4613017576682586,0.663891779396462,0.5626507219543098,0.5627676810186373,banana;coin
banana014T(9),raw_gt_box_prompt,2,0.5466070671159127,0.43536114639470214,0.6578529878371232,0.5466983772076863,0.5469081113388318,banana;coin
banana015S(1),raw_gt_box_prompt,2,0.6535977704584353,0.5826053769824442,0.7245901639344262,0.6538697848534609,0.6543366778925102,banana;coin
banana015S(2),raw_gt_box_prompt,2,0.7678486258160898,0.704812834224599,0.8308844174075807,0.770430713185376,0.7735383504393547,banana;coin
banana015S(3),raw_gt_box_prompt,2,0.7577851741119785,0.7164021164021164,0.7991682318218406,0.75956206076136,0.7617854807856155,banana;coin
banana015S(4),raw_gt_box_prompt,2,0.721890692499396,0.7105034722222222,0.7332779127765698,0.7223131957782045,0.7228893801572058,banana;coin
banana015S(5),raw_gt_box_prompt,2,0.7461045574975913,0.7324810606060606,0.7597280543891222,0.7463325671177561,0.7466326871657754,banana;coin
banana015S(6),raw_gt_box_prompt,2,0.7811696218764794,0.7394007914075749,0.8229384523453839,0.7858162698587143,0.7914626799504921,banana;coin
banana015S(7),raw_gt_box_prompt,2,0.6777298174276014,0.5940209267563528,0.7614387080988501,0.6781002470401958,0.6787238439471551,banana;coin
banana015S(8),raw_gt_box_prompt,2,0.7580163244142217,0.7563405797101449,0.7596920691182987,0.7580163244142217,0.7580163244142217,banana;coin
banana015T(1),raw_gt_box_prompt,2,0.546303143817728,0.4551793870506607,0.6374269005847953,0.546334889076092,0.5464046313782853,banana;coin
banana015T(2),raw_gt_box_prompt,2,0.5667471844661731,0.4881416991894326,0.6453526697429136,0.5668041875339418,0.566920963191222,banana;coin
banana015T(3),raw_gt_box_prompt,2,0.5607356762203847,0.4303999238693408,0.6910714285714286,0.5607407961281201,0.5607526918266355,banana;coin
banana015T(4),raw_gt_box_prompt,2,0.5753637097300235,0.46993852245493384,0.6807888970051132,0.5756987963286435,0.5764118398069045,banana;coin
banana015T(5),raw_gt_box_prompt,2,0.5581219186958115,0.4717531929009786,0.6444906444906445,0.5583176994033567,0.558732706043463,banana;coin
banana015T(6),raw_gt_box_prompt,2,0.5683048632471452,0.4286517685363327,0.7079579579579579,0.5683048632471452,0.5683048632471452,banana;coin
banana015T(7),raw_gt_box_prompt,2,0.5596879819598458,0.465876310420038,0.6534996534996536,0.5596879819598458,0.5596879819598458,banana;coin
banana015T(8),raw_gt_box_prompt,2,0.557793448763521,0.4654320987654321,0.6501547987616099,0.5583344865264477,0.5594969284043537,banana;coin
bread001S(1),raw_gt_box_prompt,2,0.7330121901677202,0.7256595138379172,0.7403648664975233,0.7330121901677202,0.7330121901677202,bread;coin
bread001S(2),raw_gt_box_prompt,2,0.7455757284445261,0.7317103620474407,0.7594410948416116,0.7459030737440269,0.7463341082267855,bread;coin
bread001S(3),raw_gt_box_prompt,2,0.7200163724582482,0.7197117733268197,0.7203209715896769,0.7208148503219041,0.7219233531909703,bread;coin
bread001S(4),raw_gt_box_prompt,2,0.7245762067130899,0.7164835164835165,0.7326688969426634,0.7245762067130899,0.7245762067130899,bread;coin
bread001S(5),raw_gt_box_prompt,2,0.7602620048556227,0.7579891372994821,0.7625348724117632,0.7602620048556227,0.7602620048556227,bread;coin
bread001S(6),raw_gt_box_prompt,2,0.7591558872830622,0.7576864692412586,0.7606253053248656,0.7597709559301371,0.7605827279124071,bread;coin
bread001S(7),raw_gt_box_prompt,2,0.7617210098966221,0.7396539630582184,0.7837880567350257,0.7619158322544674,0.7621643973559271,bread;coin
bread001S(8),raw_gt_box_prompt,2,0.7672130020951378,0.7460451636275812,0.7883808405626943,0.7696188105402202,0.772670392112605,bread;coin
bread001T(1),raw_gt_box_prompt,2,0.67640917961888,0.5930780994975003,0.7597402597402597,0.676432047484679,0.6764706054179739,bread;coin
bread001T(2),raw_gt_box_prompt,2,0.5980658481249831,0.5100149960487589,0.6861167002012073,0.5980785428809846,0.5981034338275251,bread;coin
bread001T(3),raw_gt_box_prompt,2,0.7815756412640021,0.7503778881451091,0.8127733943828952,0.7823246039012798,0.783312517223294,bread;coin
bread001T(4),raw_gt_box_prompt,2,0.6140853896570853,0.5027506112469438,0.7254201680672269,0.6140853896570853,0.6140853896570853,bread;coin
bread001T(5),raw_gt_box_prompt,2,0.7661624710509195,0.7633689839572193,0.7689559581446197,0.7661624710509195,0.7661624710509195,bread;coin
bread001T(6),raw_gt_box_prompt,2,0.6317977312797183,0.5078610561208048,0.7557344064386318,0.6317977312797183,0.6317977312797183,bread;coin
bread001T(7),raw_gt_box_prompt,2,0.7477827446582437,0.7161606268364349,0.7794048624800526,0.7486969324183452,0.7499734445943076,bread;coin
bread001T(8),raw_gt_box_prompt,2,0.633249507189186,0.5050075959526471,0.761491418425725,0.6354403059128315,0.6383172900398156,bread;coin
bread002S(1),raw_gt_box_prompt,2,0.7802121131396931,0.7741320914479255,0.7862921348314607,0.7819817930935613,0.7842678111690531,bread;coin
bread002S(2),raw_gt_box_prompt,2,0.7470390138542182,0.7413194444444444,0.7527585832639919,0.7470390138542182,0.7470390138542182,bread;coin
bread002S(3),raw_gt_box_prompt,2,0.7666295028019936,0.7589129608513873,0.7743460447526,0.7693003453764934,0.7727928711185754,bread;coin
bread002S(4),raw_gt_box_prompt,2,0.7316804170708457,0.6672230241789967,0.7961378099626948,0.7316804170708457,0.7276595190407311,bread;coin
bread002S(5),raw_gt_box_prompt,2,0.788510676307776,0.783921742153671,0.7930996104618809,0.7916944309544516,0.7957117687773979,bread;coin
bread002S(6),raw_gt_box_prompt,2,0.727221120494663,0.7223047223047223,0.7321375186846039,0.7285023611523611,0.7302523611523611,bread;coin
bread002T(1),raw_gt_box_prompt,2,0.6158938884824386,0.5274222488038277,0.7043655281610496,0.6159735678408279,0.6160866900127736,bread;coin
bread002T(2),raw_gt_box_prompt,2,0.6016032794271571,0.561879142300195,0.6413274165541193,0.6016032794271571,0.6016032794271571,bread;coin
bread003S(1),raw_gt_box_prompt,2,0.7665991996286606,0.7182348210695617,0.8149635781877596,0.7773623918514301,0.7908691379342017,bread;coin
bread003S(2),raw_gt_box_prompt,2,0.7667930508318876,0.7253725917848055,0.8082135098789697,0.7695772780832679,0.7733031661866108,bread;coin
bread003S(3),raw_gt_box_prompt,2,0.7801506402311651,0.7281985083189902,0.83210277214334,0.7801843996750204,0.7802249709181233,bread;coin
bread003T(1),raw_gt_box_prompt,2,0.6558728461810306,0.5551426854543002,0.756603006907761,0.6579056302007982,0.6606037847831441,bread;coin
bread003T(2),raw_gt_box_prompt,2,0.754939234322666,0.691699604743083,0.8181788639022488,0.754939234322666,0.754939234322666,bread;coin
bread003T(3),raw_gt_box_prompt,2,0.5801926437160578,0.5202171587771448,0.6401681286549707,0.5802120557698457,0.5802493710591636,bread;coin
bread004S(1),raw_gt_box_prompt,2,0.6985493379169849,0.6560510567863509,0.7410476190476191,0.6985493379169849,0.6985493379169849,bread;coin
bread004S(2),raw_gt_box_prompt,2,0.7214443043650614,0.6920916162489196,0.750796992481203,0.7221185655196662,0.7230928023674688,bread;coin
bread004S(3),raw_gt_box_prompt,2,0.7701874624760436,0.7626016260162601,0.7777732989358271,0.7717785217465782,0.7738648787857656,bread;coin
bread004S(4),raw_gt_box_prompt,2,0.7942201613595279,0.7452401612985554,0.8432001614205004,0.7942201613595279,0.7933288292650031,bread;coin
bread004T(1),raw_gt_box_prompt,2,0.6302694738836873,0.4902291873933243,0.7703097603740503,0.6302694738836873,0.6302694738836873,bread;coin
bread004T(2),raw_gt_box_prompt,2,0.7697106816197745,0.7482642332870463,0.7911571299525026,0.7697529516768429,0.7698063798208463,bread;coin
bread005S(1),raw_gt_box_prompt,2,0.7555296103952029,0.7326381423349817,0.7784210784554242,0.7565655736274337,0.7579027498131726,bread;coin
bread005S(2),raw_gt_box_prompt,2,0.7546584540478602,0.7534727522515646,0.7558441558441559,0.7621063867639211,0.771991193737769,bread;coin
bread005S(3),raw_gt_box_prompt,2,0.7275903920230049,0.7242653580086325,0.7309154260373772,0.7281479481107713,0.7289177710514949,bread;coin
bread005T(1),raw_gt_box_prompt,2,0.586055080417597,0.4825410375611964,0.6895691232739977,0.586457061085728,0.5870400057892591,bread;coin
bread005T(2),raw_gt_box_prompt,2,0.7906890417021548,0.7847533632286996,0.7966247201756101,0.7940608901646933,0.7983575884912424,bread;coin
bread005T(3),raw_gt_box_prompt,2,0.6278841365304622,0.5001978630787495,0.7555704099821747,0.6278841365304622,0.6278841365304622,bread;coin
bread006S(1),raw_gt_box_prompt,2,0.7181917530526122,0.6932745617962051,0.7431089443090193,0.7185404340512557,0.7190096532704748,bread;coin
bread006S(2),raw_gt_box_prompt,2,0.7019842005520538,0.6990740740740741,0.7048943270300334,0.7019842005520538,0.7019842005520538,bread;coin
bread006S(3),raw_gt_box_prompt,2,0.7458128652448623,0.730126582278481,0.7614991482112436,0.7471871513216113,0.748991862567812,bread;coin
bread006S(4),raw_gt_box_prompt,2,0.7841239211363091,0.7336603893021048,0.8345874529705136,0.787689467262638,0.7920095750380303,bread;coin
bread006T(1),raw_gt_box_prompt,2,0.6355426979841593,0.6028070692918418,0.6682783266764768,0.6356785833097124,0.6359040042320528,bread;coin
bread006T(2),raw_gt_box_prompt,2,0.7079044812556244,0.7033613445378152,0.7124476179734337,0.7079199351144487,0.7079416263355778,bread;coin
bread006T(3),raw_gt_box_prompt,2,0.8035042280353122,0.7657657657657657,0.8412426903048585,0.8035042280353122,0.8035042280353122,bread;coin
bread006T(4),raw_gt_box_prompt,2,0.6230439054068223,0.5328666057891609,0.7132212050244837,0.6235761600374377,0.624322428694154,bread;coin
bread007S(1),raw_gt_box_prompt,2,0.6867105633412032,0.6805702882004998,0.6928508384819064,0.6870596428389664,0.6875725648748169,bread;coin
bread007S(2),raw_gt_box_prompt,2,0.7085852218830943,0.6348463848463849,0.7823240589198036,0.7102999047519596,0.7124916855738774,bread;coin
bread007S(3),raw_gt_box_prompt,2,0.7210772486967785,0.7011906419718702,0.7409638554216867,0.7223512498631843,0.7241681611140579,bread;coin
bread007S(4),raw_gt_box_prompt,2,0.7726456225062164,0.7697912450124328,0.7755,0.7741650943396226,0.776138969521045,bread;coin
bread007S(5),raw_gt_box_prompt,2,0.722394410544774,0.6937227230085247,0.7510660980810234,0.7238346528249274,0.725822447003797,bread;coin
bread007S(6),raw_gt_box_prompt,2,0.7954864543727103,0.751982751982752,0.8389901567626686,0.7958844572933756,0.7963588405950834,bread;coin
bread007S(7),raw_gt_box_prompt,2,0.7435235233305353,0.7315348349921424,0.7555122116689281,0.7435235233305353,0.7435235233305353,bread;coin
bread007S(8),raw_gt_box_prompt,2,0.7912050554512411,0.7861216250315418,0.7962884858709405,0.7969134309720047,0.8041189364855263,bread;coin
bread007T(1),raw_gt_box_prompt,2,0.7191514477648795,0.7148481724936211,0.7234547230361379,0.7205334175578642,0.7224438888381354,bread;coin
bread007T(2),raw_gt_box_prompt,2,0.7586633583244591,0.6992732558139535,0.8180534608349646,0.7603688665128749,0.7624537035926852,bread;coin
bread007T(3),raw_gt_box_prompt,2,0.8073244758238747,0.7121835443037975,0.9024654073439519,0.8089551601300409,0.810762081805815,bread;coin
bread007T(4),raw_gt_box_prompt,2,0.7647604155837613,0.6780622837370243,0.8514585474304982,0.7666445674040157,0.7688574194869975,bread;coin
bread007T(5),raw_gt_box_prompt,2,0.7781066214992278,0.7194674898707313,0.8367457531277243,0.7795805317136321,0.7813420108832543,bread;coin
bread007T(6),raw_gt_box_prompt,2,0.7395210582885932,0.6954365079365079,0.7836056086406784,0.7400714471195775,0.7407738270220632,bread;coin
bread007T(7),raw_gt_box_prompt,2,0.7203378386389574,0.716220238095238,0.7244554391826769,0.7203378386389574,0.7203378386389574,bread;coin
bread007T(8),raw_gt_box_prompt,2,0.6899906011641481,0.62503588860178,0.7549453137265163,0.6899906011641481,0.6899906011641481,bread;coin
bun001S(1),raw_gt_box_prompt,2,0.7904876534815222,0.7701518691588785,0.8108234378041659,0.7912539604417238,0.7922283914539905,bun;coin
bun001S(2),raw_gt_box_prompt,2,0.7489528743681568,0.7200371057513915,0.7778686429849221,0.7489528743681568,0.7489528743681568,bun;coin
bun001S(3),raw_gt_box_prompt,2,0.7895773558913439,0.7731073943661971,0.8060473174164907,0.7901673384756598,0.7908992838237405,bun;coin
bun001S(4),raw_gt_box_prompt,2,0.7785165803497062,0.7703286384976525,0.7867045222017598,0.7785165803497062,0.7785165803497062,bun;coin
bun001S(5),raw_gt_box_prompt,2,0.7557404254039106,0.6974505723204995,0.8140302784873217,0.7569484873349928,0.7584325376989756,bun;coin
bun001S(6),raw_gt_box_prompt,2,0.7501186876630007,0.7411924119241192,0.7590449634018822,0.7552092948877542,0.7620774267558861,bun;coin
bun001S(7),raw_gt_box_prompt,2,0.7730767278232892,0.7326287978863937,0.8135246577601847,0.7736954935230798,0.7745218584601525,bun;coin
bun001T(1),raw_gt_box_prompt,2,0.7175694370480442,0.6813694601974375,0.7537694138986509,0.7178687555128327,0.7182658510426716,bun;coin
bun001T(2),raw_gt_box_prompt,2,0.7346961715582729,0.6582248520710059,0.8111674910455399,0.7347913120099554,0.7349086003045836,bun;coin
bun001T(3),raw_gt_box_prompt,2,0.7372497121810762,0.713557779799818,0.7609416445623343,0.7390770048310116,0.7416378242932395,bun;coin
bun001T(4),raw_gt_box_prompt,2,0.7705846733589498,0.7167606768734891,0.8244086698444104,0.7709037399344404,0.7712907647040257,bun;coin
bun001T(5),raw_gt_box_prompt,2,0.7367502770045142,0.6649572649572649,0.8085432890517636,0.7371488298787288,0.7376417569484492,bun;coin
bun001T(6),raw_gt_box_prompt,2,0.7962586946231347,0.7388059701492538,0.8537114190970155,0.7978250707547772,0.7996598548476257,bun;coin
bun001T(7),raw_gt_box_prompt,2,0.8272512251216029,0.8144225920322743,0.8400798582109316,0.8342951178388632,0.8429144807037219,bun;coin
bun002S(1),raw_gt_box_prompt,2,0.7192726690767299,0.6914741361684728,0.747071201984987,0.7203669427141111,0.7218316941788625,bun;coin
bun002S(2),raw_gt_box_prompt,2,0.7448328507186073,0.7043534762833008,0.7853122251539139,0.7465805087843038,0.7488282779304963,bun;coin
bun002S(3),raw_gt_box_prompt,2,0.7656234446666532,0.7244213714038503,0.806825517929456,0.769037745361016,0.7732695161943495,bun;coin
bun002S(4),raw_gt_box_prompt,2,0.7418945571821619,0.7209507042253521,0.7628384101389717,0.7420262213777234,0.7421988191308145,bun;coin
bun002S(5),raw_gt_box_prompt,2,0.7774617358257321,0.7518298261665142,0.8030936454849499,0.7820180919496875,0.7879937388827828,bun;coin
bun002T(1),raw_gt_box_prompt,2,0.7455526710766915,0.7233931824095758,0.7677121597438071,0.7458783408277141,0.7463025489725104,bun;coin
bun002T(2),raw_gt_box_prompt,2,0.6934495936448142,0.6716214095118506,0.7152777777777778,0.6934495936448142,0.6934495936448142,bun;coin
bun002T(3),raw_gt_box_prompt,2,0.7388389599416216,0.6777777777777778,0.7999001421054653,0.7416387341859186,0.7451388888888889,bun;coin
bun002T(4),raw_gt_box_prompt,2,0.7219205757758747,0.6419270833333334,0.801914068218416,0.7219205757758747,0.7219205757758747,bun;coin
bun002T(5),raw_gt_box_prompt,2,0.7675456856061286,0.723264752430477,0.8118266187817801,0.7676418998940167,0.7677727505768865,bun;coin
bun003S(1),raw_gt_box_prompt,2,0.7385036195968337,0.6851973684210526,0.7918098707726148,0.739656747392368,0.7411130664382636,bun;coin
bun003S(2),raw_gt_box_prompt,2,0.7158679505478663,0.6554800339847069,0.7762558671110258,0.7560680865155881,0.8169337169129627,bun;coin
bun003S(3),raw_gt_box_prompt,2,0.7703197207183574,0.741642958748222,0.7989964826884929,0.7704196385764319,0.7705446927665811,bun;coin
bun003S(4),raw_gt_box_prompt,2,0.7708232508092776,0.7548015234526162,0.7868449781659389,0.8031114496048132,0.8441593330374761,bun;coin
bun003T(1),raw_gt_box_prompt,2,0.7240514339166167,0.69585346215781,0.7522494056754235,0.724527412027412,0.7251601517905866,bun;coin
bun003T(2),raw_gt_box_prompt,2,0.6917805409873533,0.6758146031014672,0.7077464788732394,0.6929473884281241,0.6946739676340421,bun;coin
bun003T(3),raw_gt_box_prompt,2,0.7324979722548273,0.6914731633041492,0.7735227812055054,0.7324979722548273,0.7324979722548273,bun;coin
bun003T(4),raw_gt_box_prompt,2,0.7061861098694098,0.6749984823650823,0.7373737373737373,0.7061861098694098,0.7061861098694098,bun;coin
bun004S(1),raw_gt_box_prompt,2,0.7631220482454337,0.7411341134113412,0.7851099830795262,0.7644084040222936,0.7660720750433111,bun;coin
bun004S(2),raw_gt_box_prompt,2,0.7838900977081756,0.7602996254681648,0.8074805699481865,0.7839881802132305,0.78410964753852,bun;coin
bun004S(3),raw_gt_box_prompt,2,0.7811731234192043,0.7597109304426377,0.8026353163957709,0.7826252562205844,0.7844517271916263,bun;coin
bun004S(4),raw_gt_box_prompt,2,0.7429810903480261,0.7037890424987199,0.7821731381973321,0.7435098143490788,0.7441857823352349,bun;coin
bun004S(5),raw_gt_box_prompt,2,0.7788726958808926,0.7787771377935312,0.778968253968254,0.7788726958808926,0.7788726958808926,bun;coin
bun004S(6),raw_gt_box_prompt,2,0.7804475844062809,0.7661106899166035,0.7947844788959584,0.7853914906138952,0.7917845131913241,bun;coin
bun004S(7),raw_gt_box_prompt,2,0.7716764810645576,0.7673905208145612,0.7759624413145539,0.7731166613482732,0.7749933854472195,bun;coin
bun004S(8),raw_gt_box_prompt,2,0.7244702575228287,0.6450577663671374,0.8038827486785199,0.726278497023544,0.7285278791675045,bun;coin
bun004T(1),raw_gt_box_prompt,2,0.7977846205733592,0.7686517600177109,0.8269174811290074,0.800430844504676,0.8038586001025565,bun;coin
bun004T(2),raw_gt_box_prompt,2,0.7716937645856237,0.7306878306878307,0.8126996984834166,0.7803788482359911,0.7910655553512697,bun;coin
bun004T(3),raw_gt_box_prompt,2,0.720915099314765,0.6809701492537313,0.7608600493757989,0.7212551142329082,0.7217019965714172,bun;coin
bun004T(4),raw_gt_box_prompt,2,0.8170134300700953,0.8041552092881149,0.8298716508520758,0.821367354658941,0.8267475526604726,bun;coin
bun004T(5),raw_gt_box_prompt,2,0.7714102761819812,0.7018616282300639,0.8409589241338985,0.7718615004230169,0.7723980596152515,bun;coin
bun004T(6),raw_gt_box_prompt,2,0.6947921568605302,0.6672032193158953,0.722381094405165,0.6957897803767823,0.6971708014527473,bun;coin
bun004T(7),raw_gt_box_prompt,2,0.7392976358321643,0.7223776223776224,0.7562176492867062,0.7397550806001509,0.7403599921205555,bun;coin
bun004T(8),raw_gt_box_prompt,2,0.7408260946521839,0.6998577524893315,0.7817944368150362,0.7410630690803499,0.7413661851131672,bun;coin
bun005S(1),raw_gt_box_prompt,2,0.7780256868187192,0.7662389735364876,0.7898124001009507,0.7847683774065805,0.793365534305556,bun;coin
bun005S(2),raw_gt_box_prompt,2,0.7227862721584183,0.7142313546423136,0.731341189674523,0.7227862721584183,0.7227862721584183,bun;coin
bun005S(3),raw_gt_box_prompt,2,0.7850076366331891,0.7785053929121726,0.7915098803542057,0.7873234488595531,0.7902762512339222,bun;coin
bun005S(4),raw_gt_box_prompt,2,0.7701149430450935,0.7473481195756991,0.792881766514488,0.7705733454551705,0.7711625727790803,bun;coin
bun005S(5),raw_gt_box_prompt,2,0.7438498588602098,0.7301704966641956,0.7575292210562239,0.7444324242698915,0.7452014578510247,bun;coin
bun005T(1),raw_gt_box_prompt,2,0.767525742548061,0.7011655011655011,0.8338859839306211,0.7677119371856214,0.7679352226720648,bun;coin
bun005T(2),raw_gt_box_prompt,2,0.7458624271550636,0.6916454081632653,0.8000794461468619,0.7458624271550636,0.7458624271550636,bun;coin
bun005T(3),raw_gt_box_prompt,2,0.7193682244800579,0.6431451612903226,0.7955912876697933,0.7207947296234078,0.7225877421481277,bun;coin
bun005T(4),raw_gt_box_prompt,2,0.7532899824412966,0.7055869428750785,0.8009930220075148,0.7532899824412966,0.7532899824412966,bun;coin
bun005T(5),raw_gt_box_prompt,2,0.74483996428407,0.7119904076738609,0.777689520894279,0.746919953861851,0.7496960679794891,bun;coin
bun006S(1),raw_gt_box_prompt,2,0.743354417011898,0.6982631733882838,0.7884456606355122,0.7439225151137026,0.7446430442892281,bun;coin
bun006S(2),raw_gt_box_prompt,2,0.798515634599638,0.7335834896810507,0.8634477795182253,0.798515634599638,0.798515634599638,bun;coin
bun006S(3),raw_gt_box_prompt,2,0.7772490225703177,0.753531185526107,0.8009668596145283,0.7804976445809074,0.7846620046079047,bun;coin
bun006S(4),raw_gt_box_prompt,2,0.7894259537792898,0.7306064880112835,0.848245419547296,0.7902918763889153,0.7913779796387396,bun;coin
bun006S(5),raw_gt_box_prompt,2,0.7635542313490032,0.734428261543229,0.7926802011547774,0.7666526005773887,0.7708713505773888,bun;coin
bun006S(6),raw_gt_box_prompt,2,0.7999505048156524,0.7726462485820774,0.8272547610492275,0.8007146941109206,0.8016973985134362,bun;coin
bun006S(7),raw_gt_box_prompt,2,0.7901558204560878,0.7653077797628716,0.815003861149304,0.7912294044841977,0.7925813813316401,bun;coin
bun006S(8),raw_gt_box_prompt,2,0.7934597301589355,0.7439873417721519,0.842932118545719,0.7948107947354286,0.7965252604155064,bun;coin
bun006T(1),raw_gt_box_prompt,2,0.8188808136208678,0.7620943049601959,0.8756673222815398,0.821661379557888,0.8251961346139565,bun;coin
bun006T(2),raw_gt_box_prompt,2,0.7965881619256749,0.7443074003795066,0.8488689234718434,0.7965881619256749,0.7965881619256749,bun;coin
bun006T(3),raw_gt_box_prompt,2,0.7932896593339287,0.720407196969697,0.8661721216981605,0.7953617370827535,0.7977539610956462,bun;coin
bun006T(4),raw_gt_box_prompt,2,0.8060270071223965,0.7946107784431138,0.8174432358016792,0.8118080762250454,0.8190238401151122,bun;coin
bun006T(5),raw_gt_box_prompt,2,0.79410810201056,0.7731380492365223,0.8150781547845978,0.796166896941171,0.7988298042093416,bun;coin
bun006T(6),raw_gt_box_prompt,2,0.7937978256548235,0.7561576354679803,0.8314380158416665,0.7941784494213614,0.7946362391294164,bun;coin
bun006T(7),raw_gt_box_prompt,2,0.8113124132959914,0.7374773687386844,0.8851474578532983,0.8182916882724052,0.8263784133793208,bun;coin
bun006T(8),raw_gt_box_prompt,2,0.8327311906564483,0.7832207207207207,0.882241660592176,0.8366926544202855,0.8413731133577409,bun;coin
bun007S(1),raw_gt_box_prompt,2,0.7527513525728273,0.7493315508021391,0.7561711543435157,0.7537644903206799,0.7551043162873716,bun;coin
bun007S(2),raw_gt_box_prompt,2,0.7478587917400344,0.6704633204633205,0.8252542630167484,0.7484651658564703,0.7491999383303731,bun;coin
bun007S(3),raw_gt_box_prompt,2,0.7118057794935266,0.711755233494364,0.7118563254926892,0.7118057794935266,0.7118057794935266,bun;coin
bun007S(4),raw_gt_box_prompt,2,0.809406676236974,0.7475622968580715,0.8712510556158765,0.8223624443940527,0.8372327485085428,bun;coin
bun007T(1),raw_gt_box_prompt,2,0.776784769226484,0.7158730158730159,0.837696522579952,0.7790014560931899,0.7816476254480287,bun;coin
bun007T(2),raw_gt_box_prompt,2,0.7579433569986169,0.7202919708029197,0.7955947431943141,0.7607653376387227,0.7646322956400475,bun;coin
bun007T(3),raw_gt_box_prompt,2,0.7557572969141433,0.716976127320955,0.7945384665073316,0.7590824293989565,0.7632674155575626,bun;coin
bun007T(4),raw_gt_box_prompt,2,0.7678038589445706,0.7153990862671324,0.8202086316220086,0.7699117141861977,0.7724816155019874,bun;coin
bun008S(1),raw_gt_box_prompt,2,0.7536160188435375,0.6718651211801897,0.8353669165068851,0.755223899172772,0.7571486585778464,bun;coin
bun008S(2),raw_gt_box_prompt,2,0.7712326766697937,0.7219251336898396,0.8205402196497477,0.7730675161591714,0.7753036521162376,bun;coin
bun008S(3),raw_gt_box_prompt,2,0.7449359867776381,0.6806130903065452,0.809258883248731,0.7449359867776381,0.7449359867776381,bun;coin
bun008S(4),raw_gt_box_prompt,2,0.7474084262794536,0.6670199236964816,0.8277969288624256,0.7534077581315901,0.7616112534600903,bun;coin
bun008T(1),raw_gt_box_prompt,2,0.748326474207578,0.6912466843501326,0.8054062640650235,0.7492668949707566,0.7504345302439568,bun;coin
bun008T(2),raw_gt_box_prompt,2,0.7484571175317655,0.7173224785165083,0.7795917565470226,0.7500951092077491,0.7521961982229006,bun;coin
bun008T(3),raw_gt_box_prompt,2,0.7530000743570833,0.7068723702664796,0.7991277784476868,0.7534100318751473,0.7539230380915757,bun;coin
bun008T(4),raw_gt_box_prompt,2,0.7264289066401204,0.6692967409948543,0.7835610722853864,0.7264834019680255,0.7265529502519217,bun;coin
doughnut001S(1),raw_gt_box_prompt,2,0.8093926992912805,0.7714646464646465,0.8473207521179145,0.8121090522523049,0.8153337138230832,doughnut;coin
doughnut001S(2),raw_gt_box_prompt,2,0.7963830544938353,0.7658763759525825,0.826889733035088,0.7972818851479435,0.7984079771307226,doughnut;coin
doughnut001S(3),raw_gt_box_prompt,2,0.7995336824071775,0.760408534998699,0.8386588298156559,0.7995336824071775,0.7995336824071775,doughnut;coin
doughnut001S(4),raw_gt_box_prompt,2,0.8092466707176182,0.7550096961861668,0.8634836452490698,0.811857805701855,0.8148817598885998,doughnut;coin
doughnut001T(1),raw_gt_box_prompt,2,0.7321334030133178,0.7318840579710145,0.732382748055621,0.7322844987762529,0.7324908058791118,doughnut;coin
doughnut001T(2),raw_gt_box_prompt,2,0.7314922518253845,0.7310975609756097,0.7318869426751592,0.731584282206306,0.7317100261915521,doughnut;coin
doughnut001T(3),raw_gt_box_prompt,2,0.7305322163672205,0.7141350210970464,0.7469294116373947,0.7358028463034918,0.742859242602999,doughnut;coin
doughnut001T(4),raw_gt_box_prompt,2,0.7426843784131881,0.7230046948356808,0.7623640619906955,0.7451742037767046,0.7484401307631041,doughnut;coin
doughnut002S(1),raw_gt_box_prompt,2,0.8217171130444083,0.7718471123084695,0.8715871137803471,0.8248294917110569,0.8284293412939427,doughnut;coin
doughnut002S(2),raw_gt_box_prompt,2,0.7895640568377094,0.7399282010370961,0.8391999126383226,0.7898926992690262,0.7902843132651283,doughnut;coin
doughnut002S(3),raw_gt_box_prompt,2,0.7702801517134965,0.7427607034997336,0.7977995999272595,0.791894456787976,0.8209903714983662,doughnut;coin
doughnut002S(4),raw_gt_box_prompt,2,0.7951834242438041,0.7597751300553784,0.8305917184322298,0.7965537412955549,0.7983399087618231,doughnut;coin
doughnut002S(5),raw_gt_box_prompt,2,0.798644145828755,0.7532430506058446,0.8440452410516655,0.8009118531361833,0.8035985661192488,doughnut;coin
doughnut002S(6),raw_gt_box_prompt,2,0.7884450587712827,0.7351532567049809,0.8417368608375845,0.7902376952812725,0.7923673828278128,doughnut;coin
doughnut002S(7),raw_gt_box_prompt,2,0.8056288114810171,0.7559804582210242,0.85527716474101,0.8057732014236387,0.8059420238224752,doughnut;coin
doughnut002T(1),raw_gt_box_prompt,2,0.7390058450607675,0.7245029181917103,0.7535087719298246,0.7398697147727619,0.7410180816413503,doughnut;coin
doughnut002T(2),raw_gt_box_prompt,2,0.7038175874854145,0.6502557544757033,0.7573794204951256,0.7041659733377521,0.7046259618757427,doughnut;coin
doughnut002T(3),raw_gt_box_prompt,2,0.7439727958322875,0.7380657927281722,0.7498797989364027,0.7451632245302361,0.7467761277560425,doughnut;coin
doughnut002T(4),raw_gt_box_prompt,2,0.7410198187703096,0.7173846516007533,0.7646549859398659,0.7410198187703096,0.7410198187703096,doughnut;coin
doughnut002T(5),raw_gt_box_prompt,2,0.7002741283840981,0.6389154704944179,0.7616327862737784,0.7007007337535569,0.7012608532457153,doughnut;coin
doughnut002T(6),raw_gt_box_prompt,2,0.7279804266044052,0.7157628676470589,0.7401979855617516,0.728028429067801,0.7280932799108619,doughnut;coin
doughnut002T(7),raw_gt_box_prompt,2,0.7190819398602095,0.7062622309197651,0.7319016488006538,0.7190819398602095,0.7190819398602095,doughnut;coin
doughnut003S(1),raw_gt_box_prompt,2,0.8044106608011343,0.7731408227848101,0.8356804988174587,0.8048924132858375,0.8055133500771461,doughnut;coin
doughnut003S(2),raw_gt_box_prompt,2,0.7898680168733136,0.7215876641918904,0.8581483695547371,0.7900749711606156,0.7903161349204552,doughnut;coin
doughnut003S(3),raw_gt_box_prompt,2,0.8140799055397374,0.7726328287325616,0.8555269823469132,0.8143890081663927,0.8147838856283818,doughnut;coin
doughnut003T(1),raw_gt_box_prompt,2,0.736919867131731,0.7332825645488831,0.7405571697145787,0.7377424935809161,0.7388600921112038,doughnut;coin
doughnut003T(2),raw_gt_box_prompt,2,0.6822785956390351,0.6790540540540541,0.6855031372240161,0.6823235926942013,0.6823892336121239,doughnut;coin
doughnut003T(3),raw_gt_box_prompt,2,0.7601609272859757,0.7282532586448346,0.7920685959271169,0.7645203132808767,0.7700317074683272,doughnut;coin
doughnut004S(1),raw_gt_box_prompt,2,0.7378873482854383,0.6960847934241834,0.7796899031466933,0.7378873482854383,0.7378873482854383,doughnut;coin
doughnut004S(10),raw_gt_box_prompt,2,0.7642828929951819,0.7072192513368984,0.8213465346534653,0.7642828929951819,0.7642828929951819,doughnut;coin
doughnut004S(11),raw_gt_box_prompt,2,0.7612708972533561,0.7048846675712347,0.8176571269354774,0.7612708972533561,0.7612708972533561,doughnut;coin
doughnut004S(12),raw_gt_box_prompt,2,0.7830977620730271,0.7328621908127209,0.8333333333333334,0.7856182795698925,0.7890575585072739,doughnut;coin
doughnut004S(13),raw_gt_box_prompt,2,0.8120672536828748,0.7566863905325444,0.8674481168332052,0.8145483591500076,0.8174085941530996,doughnut;coin
doughnut004S(14),raw_gt_box_prompt,2,0.777305964786202,0.6976284584980237,0.8569834710743801,0.7780864597507505,0.7789972065631368,doughnut;coin
doughnut004S(15),patched_gt_box_prompt,2,0.7848360801729994,0.6756359049821316,0.8940362553638672,0.7856989738124661,0.7866641400842921,doughnut;coin
doughnut004S(2),raw_gt_box_prompt,2,0.7965271337268349,0.7389277389277389,0.8541265285259309,0.7970819797000899,0.7977315859993025,doughnut;coin
doughnut004S(3),raw_gt_box_prompt,2,0.8203542819271554,0.7829861111111112,0.8577224527431996,0.8203542819271554,0.8203542819271554,doughnut;coin
doughnut004S(4),raw_gt_box_prompt,2,0.8050049086716979,0.7408284023668639,0.8691814149765319,0.8065637258161027,0.8083571571039159,doughnut;coin
doughnut004S(5),raw_gt_box_prompt,2,0.793162458511111,0.7663505956722587,0.8199743213499633,0.7957516052344289,0.79904491132606,doughnut;coin
doughnut004S(6),raw_gt_box_prompt,2,0.8116464121826933,0.7797035920622959,0.8435892323030907,0.8201093069955496,0.8302941145202101,doughnut;coin
doughnut004S(7),raw_gt_box_prompt,2,0.8021993269761127,0.7526442307692308,0.8517544231829947,0.8021993269761127,0.8021993269761127,doughnut;coin
doughnut004S(8),raw_gt_box_prompt,2,0.7981971596359039,0.7443733712390429,0.8520209480327648,0.7996705160183717,0.8013997650302294,doughnut;coin
doughnut004S(9),raw_gt_box_prompt,2,0.8248855546383885,0.7858560794044666,0.8639150298723105,0.8270724667038032,0.8296038638780574,doughnut;coin
doughnut004T(1),raw_gt_box_prompt,2,0.7303972425271084,0.7294957241547216,0.7312987608994952,0.7328766634753845,0.736267774193623,doughnut;coin
doughnut004T(10),raw_gt_box_prompt,2,0.7184340394800193,0.7173808377467501,0.7194872412132884,0.7184340394800193,0.7184340394800193,doughnut;coin
doughnut004T(11),raw_gt_box_prompt,2,0.7617988597929221,0.7286206609043662,0.7949770586814779,0.7666693861554884,0.7728424593161245,doughnut;coin
doughnut004T(12),raw_gt_box_prompt,2,0.7229271669999308,0.7119909502262444,0.7338633837736172,0.7230369939056137,0.723186649697293,doughnut;coin
doughnut004T(13),raw_gt_box_prompt,2,0.6956816582242812,0.6806130903065452,0.7107502261420172,0.6959078293259853,0.6962260439299142,doughnut;coin
doughnut004T(14),raw_gt_box_prompt,2,0.7114145309902826,0.7006936453138984,0.7221354166666667,0.7114145309902826,0.7114145309902826,doughnut;coin
doughnut004T(15),raw_gt_box_prompt,2,0.779033057989968,0.7733654507914659,0.78470066518847,0.788195440848743,0.7998868615715935,doughnut;coin
doughnut004T(2),raw_gt_box_prompt,2,0.7545980219284947,0.7270329387545034,0.7821631051024859,0.7571731857951621,0.7604655475159698,doughnut;coin
doughnut004T(3),raw_gt_box_prompt,2,0.7486587666714504,0.7123902837313737,0.784927249611527,0.7513099822269185,0.7546876399102008,doughnut;coin
doughnut004T(4),raw_gt_box_prompt,2,0.7167735519381351,0.6837797619047619,0.7497673419715083,0.7167735519381351,0.7167735519381351,doughnut;coin
doughnut004T(5),raw_gt_box_prompt,2,0.7686155116420026,0.7399068322981367,0.7973241909858684,0.772395559380788,0.7774087532559552,doughnut;coin
doughnut004T(6),raw_gt_box_prompt,2,0.7400116911756656,0.7208268127282211,0.7591965696231099,0.740784279272297,0.7418019183496375,doughnut;coin
doughnut004T(7),raw_gt_box_prompt,2,0.7470822950940104,0.7436724565756824,0.7504921336123382,0.7470822950940104,0.7470822950940104,doughnut;coin
doughnut004T(8),raw_gt_box_prompt,2,0.7420650251107395,0.7098953563439279,0.7742346938775511,0.7440143128958759,0.7465744717476179,doughnut;coin
doughnut004T(9),raw_gt_box_prompt,2,0.7206819773363891,0.7051785714285714,0.7361853832442068,0.7206819773363891,0.7206819773363891,doughnut;coin
doughnut005S(1),raw_gt_box_prompt,2,0.796276862787022,0.7320261437908496,0.8605275817831943,0.796864135725212,0.7975465925698528,doughnut;coin
doughnut005S(10),raw_gt_box_prompt,2,0.7821478263851914,0.761656746031746,0.8026389067386368,0.7821478263851914,0.7821478263851914,doughnut;coin
doughnut005S(11),raw_gt_box_prompt,2,0.7924698489915881,0.7208472686733556,0.8640924293098207,0.7935044424174859,0.7947017604251487,doughnut;coin
doughnut005S(12),raw_gt_box_prompt,2,0.7925965907968249,0.7474556213017751,0.8377375602918745,0.792717501372537,0.7928618312694442,doughnut;coin
doughnut005S(13),raw_gt_box_prompt,2,0.8044507065668753,0.7436079545454546,0.8652934585882961,0.8076624535045485,0.8113741965043313,doughnut;coin
doughnut005S(14),raw_gt_box_prompt,2,0.7877221804010692,0.6745524296675192,0.9008919311346194,0.7892409167984615,0.7909267309842758,doughnut;coin
doughnut005S(15),raw_gt_box_prompt,2,0.7878293762167972,0.6772658446895955,0.8983929077439987,0.7905920295458404,0.793667135443527,doughnut;coin
doughnut005S(2),raw_gt_box_prompt,2,0.7872042638328315,0.7295684113865932,0.8448401162790697,0.7879595106355091,0.7889947073228797,doughnut;coin
doughnut005S(3),raw_gt_box_prompt,2,0.7856823561534925,0.737724268177526,0.833640444129459,0.78699316686454,0.7887699969995791,doughnut;coin
doughnut005S(4),raw_gt_box_prompt,2,0.7865341947596369,0.7113970588235294,0.8616713306957445,0.7865341947596369,0.7865341947596369,doughnut;coin
doughnut005S(5),raw_gt_box_prompt,2,0.8109662277867249,0.7612980769230769,0.8606343786503728,0.8111209485738979,0.8113007238547969,doughnut;coin
doughnut005S(6),raw_gt_box_prompt,2,0.8100534147418202,0.775012444001991,0.8450943854816495,0.8162431419975222,0.8241747455082952,doughnut;coin
doughnut005S(7),raw_gt_box_prompt,2,0.7112362079888346,0.554320987654321,0.8681514283233481,0.7114436020233121,0.7116824935665516,doughnut;coin
doughnut005S(8),raw_gt_box_prompt,2,0.7706732722826408,0.7024553571428571,0.8388911874224245,0.7709684975173152,0.7713204206738589,doughnut;coin
doughnut005S(9),raw_gt_box_prompt,2,0.8169553093616313,0.7359728506787331,0.8979377680445296,0.8220515785324267,0.82772710455679,doughnut;coin
doughnut005T(1),raw_gt_box_prompt,2,0.7474205970160435,0.7267252520031016,0.7681159420289855,0.7479472913023222,0.7486720415223356,doughnut;coin
doughnut005T(10),raw_gt_box_prompt,2,0.7303042936093528,0.7066459659743242,0.7539626212443814,0.7308401590118008,0.7315508910658164,doughnut;coin
doughnut005T(11),raw_gt_box_prompt,2,0.7253957457189193,0.7196828358208955,0.7311086556169429,0.7259621202861302,0.7267367993476619,doughnut;coin
doughnut005T(12),raw_gt_box_prompt,2,0.7107684740562892,0.7094281045751634,0.712108843537415,0.7141920742656036,0.7189997665732959,doughnut;coin
doughnut005T(13),raw_gt_box_prompt,2,0.7285268596462342,0.7054133790737565,0.7516403402187121,0.731750807183937,0.7360400228702115,doughnut;coin
doughnut005T(14),raw_gt_box_prompt,2,0.7344470228945262,0.7168808308396409,0.7520132149494115,0.7354590489601931,0.736804804653775,doughnut;coin
doughnut005T(15),raw_gt_box_prompt,2,0.7420001258029427,0.7132294808351146,0.7707707707707707,0.7457143641971099,0.7506373515727417,doughnut;coin
doughnut005T(2),raw_gt_box_prompt,2,0.7191227573655852,0.7120435916542474,0.7262019230769231,0.7191227573655852,0.7191227573655852,doughnut;coin
doughnut005T(3),raw_gt_box_prompt,2,0.7130303288299062,0.7033382322065925,0.7227224254532201,0.7150237933688638,0.7178131076018399,doughnut;coin
doughnut005T(4),raw_gt_box_prompt,2,0.7386970433757218,0.7223815554231228,0.7550125313283208,0.7394384867666872,0.7404648742559568,doughnut;coin
doughnut005T(5),raw_gt_box_prompt,2,0.7383218164913191,0.7327635840230299,0.7438800489596084,0.7420290843518382,0.7470346170338096,doughnut;coin
doughnut005T(6),raw_gt_box_prompt,2,0.7152245941974396,0.6957910937134063,0.7346580946814728,0.7152245941974396,0.7152245941974396,doughnut;coin
doughnut005T(7),raw_gt_box_prompt,2,0.7031895304200138,0.6947240491850157,0.7116550116550117,0.7031895304200138,0.7031895304200138,doughnut;coin
doughnut005T(8),raw_gt_box_prompt,2,0.6976694913754868,0.679020979020979,0.7163180037299947,0.6976694913754868,0.6976694913754868,doughnut;coin
doughnut005T(9),raw_gt_box_prompt,2,0.7146900498106192,0.7021073723485111,0.7272727272727273,0.7147870996927601,0.714925326246081,doughnut;coin
doughnut006S(1),raw_gt_box_prompt,2,0.7517750938000489,0.7076923076923077,0.7958578799077902,0.755137666761283,0.7593627590122055,doughnut;coin
doughnut006S(10),raw_gt_box_prompt,2,0.7833168438693159,0.7410819749586581,0.8255517127799736,0.7843702652978286,0.7857917294058598,doughnut;coin
doughnut006S(11),raw_gt_box_prompt,2,0.7792760444852165,0.7192307692307692,0.8393213197396636,0.7793865895525413,0.7795182972367438,doughnut;coin
doughnut006S(12),raw_gt_box_prompt,2,0.8118228730351893,0.757695895522388,0.8659498505479907,0.8128679227924049,0.8140747475947354,doughnut;coin
doughnut006S(13),raw_gt_box_prompt,2,0.7775806275675317,0.7013614404918753,0.8537998146431881,0.7775806275675317,0.7775806275675317,doughnut;coin
doughnut006S(14),raw_gt_box_prompt,2,0.8140606681369587,0.7472850678733032,0.8808362684006141,0.818398575888316,0.8233233364902312,doughnut;coin
doughnut006S(15),patched_gt_box_prompt,2,0.7399089879739993,0.6551367025683513,0.8246812733796473,0.7431130504686656,0.7469982635783747,doughnut;coin
doughnut006S(16),raw_gt_box_prompt,2,0.8176046709130302,0.7650259708137521,0.8701833710123085,0.8201540537178018,0.8232786727410384,doughnut;coin
doughnut006S(17),raw_gt_box_prompt,2,0.7653119140461804,0.714544630720435,0.8160791973719258,0.7675651497589817,0.7703826252475419,doughnut;coin
doughnut006S(18),raw_gt_box_prompt,2,0.8042154950674194,0.7770508303975843,0.8313801597372547,0.8051594603207328,0.8063690456857714,doughnut;coin
doughnut006S(19),raw_gt_box_prompt,2,0.7456464370397418,0.6668068110153458,0.8244860630641377,0.7456464370397418,0.7456464370397418,doughnut;coin
doughnut006S(2),raw_gt_box_prompt,2,0.7656547842742881,0.6943143812709031,0.8369951872776732,0.7656547842742881,0.7656547842742881,doughnut;coin
doughnut006S(3),raw_gt_box_prompt,2,0.8041323773185158,0.7551425030978934,0.8531222515391381,0.8047050656074748,0.8054475966685031,doughnut;coin
doughnut006S(4),raw_gt_box_prompt,2,0.7885748663720713,0.7369402985074627,0.84020943423668,0.7892889138224959,0.7901387584223405,doughnut;coin
doughnut006S(5),raw_gt_box_prompt,2,0.8260905361854654,0.775146484375,0.8770345879959308,0.8329432538109018,0.8407567627867509,doughnut;coin
doughnut006S(6),raw_gt_box_prompt,2,0.7859158472773273,0.6976381461675579,0.8741935483870967,0.7874295227474122,0.7892285798355039,doughnut;coin
doughnut006S(7),raw_gt_box_prompt,2,0.7676423509462079,0.678781512605042,0.8565031892873738,0.7746848739495799,0.7829072870023922,doughnut;coin
doughnut006S(8),raw_gt_box_prompt,2,0.8054081103449771,0.7481325863678805,0.8626836343220735,0.810162031323101,0.8156726504991099,doughnut;coin
doughnut006T(1),raw_gt_box_prompt,2,0.7373867036152006,0.7256930078609847,0.7490803993694167,0.7378913160252089,0.7385843587988683,doughnut;coin
doughnut006T(10),raw_gt_box_prompt,2,0.7180130118310811,0.7137618636755824,0.7222641599865799,0.7190165705838156,0.7204225839950205,doughnut;coin
doughnut006T(11),raw_gt_box_prompt,2,0.7464071525731207,0.7456489830153072,0.7471653221309342,0.7481580258525808,0.750505010561907,doughnut;coin
doughnut006T(12),raw_gt_box_prompt,2,0.722935097852843,0.7222222222222222,0.7236479734834638,0.722935097852843,0.722935097852843,doughnut;coin
doughnut006T(13),raw_gt_box_prompt,2,0.7301788858270727,0.7146755609460279,0.7456822107081175,0.7309047283423629,0.7318781222424278,doughnut;coin
doughnut006T(14),raw_gt_box_prompt,2,0.7204940095158656,0.7097402597402598,0.7312477592914713,0.7211895743145743,0.7221407769539954,doughnut;coin
doughnut006T(15),raw_gt_box_prompt,2,0.7679987920267456,0.7373222430909578,0.7986753409625333,0.7813166498672481,0.7980949170193936,doughnut;coin
doughnut006T(16),raw_gt_box_prompt,2,0.6323611784279549,0.47604550552796027,0.7886768513279495,0.636563682964299,0.6418922335985264,doughnut;coin
doughnut006T(17),raw_gt_box_prompt,2,0.7702003478969613,0.7340461075843635,0.8063545882095592,0.7809679218306032,0.7947600052586374,doughnut;coin
doughnut006T(18),patched_gt_box_prompt,2,0.729607630708583,0.7114219114219115,0.7477933499952545,0.7299391308795697,0.7303824353981094,doughnut;coin
doughnut006T(2),raw_gt_box_prompt,2,0.7168236685533391,0.6982142857142857,0.7354330513923926,0.7168236685533391,0.7168236685533391,doughnut;coin
doughnut006T(3),raw_gt_box_prompt,2,0.7079995774502013,0.69826224328594,0.7177369116144626,0.7102198071585827,0.7133994573970565,doughnut;coin
doughnut006T(4),raw_gt_box_prompt,2,0.7637550677407713,0.7616409948565426,0.765869140625,0.7637550677407713,0.7637550677407713,doughnut;coin
doughnut006T(5),raw_gt_box_prompt,2,0.6780406663376639,0.6573226544622426,0.6987586782130853,0.6787793300336878,0.6798364384733466,doughnut;coin
doughnut006T(6),raw_gt_box_prompt,2,0.7064657271041115,0.6772994129158513,0.7356320412923718,0.706963844144757,0.707640972128158,doughnut;coin
doughnut006T(7),patched_gt_box_prompt,2,0.7192037697338536,0.7039659367396593,0.7344416027280477,0.7192037697338536,0.7192037697338536,doughnut;coin
doughnut006T(8),raw_gt_box_prompt,2,0.7306799948102185,0.7189326669938869,0.7424273226265501,0.7321954618904931,0.7342366947951675,doughnut;coin
doughnut006T(9),raw_gt_box_prompt,2,0.7210117944273401,0.7180931075712578,0.7239304812834224,0.7211087591602297,0.7212437900244273,doughnut;coin
doughnut007S(1),raw_gt_box_prompt,2,0.8348653727325459,0.7904191616766467,0.879311583788445,0.8359290838196883,0.8372748395132701,doughnut;coin
doughnut007S(10),raw_gt_box_prompt,2,0.7991961978396962,0.7495049504950495,0.848887445184343,0.8024034399526394,0.8062861206299962,doughnut;coin
doughnut007S(11),raw_gt_box_prompt,2,0.7616771708683474,0.7351190476190477,0.788235294117647,0.7616771708683474,0.7616771708683474,doughnut;coin
doughnut007S(12),raw_gt_box_prompt,2,0.7952101896832122,0.7482142857142857,0.8422060936521387,0.7995044408585572,0.8046032536167543,doughnut;coin
doughnut007S(13),raw_gt_box_prompt,2,0.7614825648376802,0.6980062191329797,0.8249589105423808,0.7656236629261737,0.7706434257720234,doughnut;coin
doughnut007S(14),patched_gt_box_prompt,2,0.7597397673342767,0.693042537851478,0.8264369968170755,0.7597397673342767,0.7597397673342767,doughnut;coin
doughnut007S(15),raw_gt_box_prompt,2,0.8104820893940438,0.7869401423189619,0.8340240364691256,0.8118870444895512,0.813672383704002,doughnut;coin
doughnut007S(2),raw_gt_box_prompt,2,0.7960361471517095,0.7412915851272016,0.8507807091762172,0.796560309313697,0.7971764048084988,doughnut;coin
doughnut007S(3),patched_gt_box_prompt,2,0.8140814045648067,0.7861528689392335,0.8420099401903799,0.819093403120865,0.8252792097150716,doughnut;coin
doughnut007S(4),raw_gt_box_prompt,2,0.8380554516409917,0.8117190866006032,0.8643918166813802,0.8399009434670623,0.842154565309176,doughnut;coin
doughnut007S(5),raw_gt_box_prompt,2,0.7566074601736534,0.7082191780821918,0.8049957422651149,0.7571222364760823,0.7577617135259616,doughnut;coin
doughnut007S(6),raw_gt_box_prompt,2,0.8068111503988571,0.7560627674750356,0.8575595333226786,0.8120770774243707,0.8184112626831781,doughnut;coin
doughnut007S(7),raw_gt_box_prompt,2,0.8087157295498417,0.7688391038696538,0.8485923552300297,0.809814968464688,0.8112447070267796,doughnut;coin
doughnut007S(8),raw_gt_box_prompt,2,0.807648727507107,0.7447183098591549,0.8705791451550592,0.811022706993002,0.814898264436196,doughnut;coin
doughnut007S(9),raw_gt_box_prompt,2,0.8045798942657836,0.7507936507936508,0.8583661377379165,0.8053301533096638,0.8062042081108671,doughnut;coin
doughnut007T(1),raw_gt_box_prompt,2,0.7421073180150375,0.7274949083503055,0.7567197276797695,0.7444663883083,0.7476866816940346,doughnut;coin
doughnut007T(10),raw_gt_box_prompt,2,0.7571932081547028,0.6970223325062035,0.817364083803202,0.7635881600476317,0.771412031954473,doughnut;coin
doughnut007T(11),raw_gt_box_prompt,2,0.7271753639159697,0.6694514062935115,0.784899321538428,0.7277669965703957,0.7285207654146169,doughnut;coin
doughnut007T(12),raw_gt_box_prompt,2,0.7590794661041023,0.7147371444987073,0.8034217877094972,0.7612653600323973,0.7639860902412792,doughnut;coin
doughnut007T(13),raw_gt_box_prompt,2,0.7759437879787573,0.7655502392344498,0.7863373367230648,0.780159046606415,0.7855196703880915,doughnut;coin
doughnut007T(14),raw_gt_box_prompt,2,0.7568289032355762,0.7474639530432563,0.766193853427896,0.7572941947956855,0.757901861261697,doughnut;coin
doughnut007T(15),raw_gt_box_prompt,2,0.7242722803826857,0.6977678571428572,0.7507767036225141,0.7254243066462526,0.7269587525847165,doughnut;coin
doughnut007T(2),raw_gt_box_prompt,2,0.751641519973604,0.7444581280788177,0.7588249118683902,0.753748619752513,0.7565254128518867,doughnut;coin
doughnut007T(3),raw_gt_box_prompt,2,0.721527427005068,0.7004230565838181,0.742631797426318,0.721527427005068,0.721527427005068,doughnut;coin
doughnut007T(4),raw_gt_box_prompt,2,0.7492580710226308,0.7366695804195804,0.7618465616256811,0.7517745902568771,0.755150309878867,doughnut;coin
doughnut007T(5),raw_gt_box_prompt,2,0.7170984294139401,0.6795742753623188,0.7546225834655613,0.718115275871951,0.7194627659687105,doughnut;coin
doughnut007T(6),raw_gt_box_prompt,2,0.7732791411913772,0.7513187340153452,0.7952395483674092,0.7775512768119464,0.7829764850118182,doughnut;coin
doughnut007T(7),raw_gt_box_prompt,2,0.7469852955594678,0.7380022962112515,0.7559682949076841,0.7470566424901226,0.7471510206950491,doughnut;coin
doughnut007T(8),raw_gt_box_prompt,2,0.7261857497341369,0.7178660049627792,0.7345054945054945,0.7261857497341369,0.7261857497341369,doughnut;coin
doughnut007T(9),raw_gt_box_prompt,2,0.7376234720474039,0.7060627932154457,0.769184150879362,0.7380136929766228,0.7385506471663201,doughnut;coin
doughnut008S(1),raw_gt_box_prompt,2,0.8129790415930372,0.7791134485349361,0.8468446346511384,0.814986986697513,0.8173881449185092,doughnut;coin
doughnut008S(10),raw_gt_box_prompt,2,0.7916447667289861,0.7350396539293439,0.8482498795286284,0.7947893445956353,0.798496480832892,doughnut;coin
doughnut008S(11),raw_gt_box_prompt,2,0.7599345478270843,0.7218755571403103,0.7979935385138582,0.7600024044204953,0.7600874384341008,doughnut;coin
doughnut008S(12),raw_gt_box_prompt,2,0.8129779014684086,0.7487401007919366,0.8772157021448806,0.8156599525020578,0.8188759162443373,doughnut;coin
doughnut008S(13),raw_gt_box_prompt,2,0.817052346644564,0.8047856430707876,0.8293190502183406,0.8266935274360259,0.8386691784196377,doughnut;coin
doughnut008S(14),raw_gt_box_prompt,2,0.7754439709143408,0.7233599444637279,0.8275279973649539,0.7755695542380325,0.7757431653491436,doughnut;coin
doughnut008S(2),raw_gt_box_prompt,2,0.7957756153861915,0.7577464788732394,0.8338047518991434,0.7957756153861915,0.7957756153861915,doughnut;coin
doughnut008S(3),patched_gt_box_prompt,2,0.7659514232136908,0.7143397654180855,0.8175630810092962,0.7681268012583595,0.7711721000783063,doughnut;coin
doughnut008S(4),patched_gt_box_prompt,2,0.7835014592311079,0.7380059230009872,0.8289969954612286,0.7855924465384565,0.788419828105634,doughnut;coin
doughnut008S(5),raw_gt_box_prompt,2,0.7806815770933226,0.71260663507109,0.8487565191155554,0.7839727549994582,0.78814033786105,doughnut;coin
doughnut008S(6),raw_gt_box_prompt,2,0.8401379847603181,0.7923109965635738,0.8879649729570624,0.8431128988046915,0.8468476336214306,doughnut;coin
doughnut008S(7),raw_gt_box_prompt,2,0.8025156517648424,0.746730083234245,0.85830122029544,0.8065693780634425,0.8113568093857093,doughnut;coin
doughnut008S(8),raw_gt_box_prompt,2,0.8330998269210317,0.7668151920220666,0.8993844618199967,0.8443792574979365,0.8585998974924156,doughnut;coin
doughnut008S(9),raw_gt_box_prompt,2,0.8096077157794617,0.763061224489796,0.8561542070691273,0.8096077157794617,0.8096077157794617,doughnut;coin
doughnut008T(1),raw_gt_box_prompt,2,0.7432174070444615,0.7089467723669309,0.777488041721992,0.7446252764484484,0.746566242054625,doughnut;coin
doughnut008T(10),raw_gt_box_prompt,2,0.7749089003629719,0.732127224978115,0.8176905757478289,0.7783307944918094,0.7825920688488992,doughnut;coin
doughnut008T(11),raw_gt_box_prompt,2,0.7885297312327839,0.7633015006821282,0.8137579617834395,0.7913611810391832,0.7950107629185046,doughnut;coin
doughnut008T(12),patched_gt_box_prompt,2,0.7774230246852256,0.7455038186745504,0.8093422306959008,0.7814918451797266,0.7868029631325185,doughnut;coin
doughnut008T(13),patched_gt_box_prompt,2,0.7611903540481311,0.7434959349593496,0.7788847731369126,0.7629331727403474,0.7652681360865756,doughnut;coin
doughnut008T(14),raw_gt_box_prompt,2,0.7226733534864287,0.7067873303167421,0.7385593766561153,0.7228797495975926,0.723159207306326,doughnut;coin
doughnut008T(2),raw_gt_box_prompt,2,0.7715597937365736,0.7448381696428571,0.79828141783029,0.7742734836794418,0.7776762954711833,doughnut;coin
doughnut008T(3),raw_gt_box_prompt,2,0.7751768230226368,0.7619647355163728,0.7883889105289007,0.811041454874054,0.8581021468186065,doughnut;coin
doughnut008T(4),raw_gt_box_prompt,2,0.7432257743505212,0.7189759624780144,0.7674755862230279,0.7441753373860625,0.7454806624127961,doughnut;coin
doughnut008T(5),raw_gt_box_prompt,2,0.7757971384001305,0.7708516242317822,0.7807426525684789,0.7775546609234403,0.7798057516221844,doughnut;coin
doughnut008T(6),raw_gt_box_prompt,2,0.7465387491066424,0.7112873134328358,0.781790184780449,0.7491317729869602,0.7524485502128677,doughnut;coin
doughnut008T(7),raw_gt_box_prompt,2,0.7921755014581088,0.7812328013208586,0.803118201595359,0.8016590939823584,0.8136000628558084,doughnut;coin
doughnut008T(8),patched_gt_box_prompt,2,0.6942839026344336,0.6455882352941177,0.7429795699747495,0.6943123300743621,0.69435059147626,doughnut;coin
doughnut008T(9),raw_gt_box_prompt,2,0.717305487047497,0.6657568238213399,0.768854150273654,0.7183096882080051,0.7196157891897723,doughnut;coin
doughnut009S(1),patched_gt_box_prompt,2,0.7830300527482881,0.7192670343355275,0.8467930711610487,0.7830300527482881,0.7830300527482881,doughnut;coin
doughnut009S(10),raw_gt_box_prompt,2,0.7908591182768343,0.7375925925925926,0.8441256439610761,0.798233541491404,0.8069697092258246,doughnut;coin
doughnut009S(11),raw_gt_box_prompt,2,0.8026027212617732,0.7511415525114156,0.854063890012131,0.8041754794599367,0.8062471335181519,doughnut;coin
doughnut009S(12),raw_gt_box_prompt,2,0.7851517059334454,0.7062127062127063,0.8640907056541847,0.7886278208858855,0.792650679747454,doughnut;coin
doughnut009S(13),raw_gt_box_prompt,2,0.807505109584417,0.7746088334323629,0.8404013857364712,0.8106453523874971,0.8145141928324855,doughnut;coin
doughnut009S(14),raw_gt_box_prompt,2,0.7883182796116132,0.7273906597479615,0.8492458994752649,0.7929650059157516,0.7984365970144072,doughnut;coin
doughnut009S(2),patched_gt_box_prompt,2,0.7649205928236336,0.6809637730690362,0.848877412578231,0.7660194029891034,0.7673138303695335,doughnut;coin
doughnut009S(3),raw_gt_box_prompt,2,0.737014179772558,0.7032292032292032,0.7707991563159128,0.7370528926478837,0.7371031169832483,doughnut;coin
doughnut009S(4),raw_gt_box_prompt,2,0.7376900607512323,0.7130497476568133,0.7623303738456514,0.7376900607512323,0.7376900607512323,doughnut;coin
doughnut009S(5),raw_gt_box_prompt,2,0.8215516907343483,0.7510444360045575,0.892058945464139,0.8341572824136012,0.8484385560523897,doughnut;coin
doughnut009S(6),raw_gt_box_prompt,2,0.8277092857123638,0.7701038861100423,0.8853146853146853,0.8291616049680559,0.8309903713180186,doughnut;coin
doughnut009S(7),raw_gt_box_prompt,2,0.7642201481178501,0.7437862081853859,0.7846540880503144,0.7660359642129506,0.7684772787669413,doughnut;coin
doughnut009S(8),raw_gt_box_prompt,2,0.7856001765225067,0.7575757575757576,0.8136245954692557,0.7908967850801792,0.7976327572358595,doughnut;coin
doughnut009S(9),patched_gt_box_prompt,2,0.7814508790653261,0.7098245614035088,0.8530771967271433,0.7816026721608291,0.7817806081038896,doughnut;coin
doughnut009T(1),raw_gt_box_prompt,2,0.7809434348345159,0.7547123015873016,0.8071745680817302,0.7841345934769941,0.7880880860282546,doughnut;coin
doughnut009T(10),patched_gt_box_prompt,2,0.7517072584517632,0.7456140350877193,0.7578004818158071,0.7525266145342772,0.7536255156331783,doughnut;coin
doughnut009T(11),patched_gt_box_prompt,2,0.7552339479609522,0.7224264705882353,0.788041425333669,0.7554324970729032,0.7556844497058082,doughnut;coin
doughnut009T(12),raw_gt_box_prompt,2,0.7778470696429882,0.7689804772234273,0.7867136620625492,0.7824484126761659,0.7883896591315576,doughnut;coin
doughnut009T(13),raw_gt_box_prompt,2,0.7639610925210062,0.7578796561604585,0.7700425288815539,0.7669396972226621,0.7708647821309788,doughnut;coin
doughnut009T(14),raw_gt_box_prompt,2,0.7387648313060793,0.6989843028624192,0.7785453597497393,0.7390017592913957,0.7393060806547553,doughnut;coin
doughnut009T(2),raw_gt_box_prompt,2,0.7200344291360548,0.700120433560819,0.7399484247112905,0.7493006515896965,0.7910493109743706,doughnut;coin
doughnut009T(3),raw_gt_box_prompt,2,0.784403319026484,0.7832142857142858,0.7855923523386822,0.78718555575059,0.790731119042511,doughnut;coin
doughnut009T(4),raw_gt_box_prompt,2,0.7363073912645466,0.7238121700472353,0.7488026124818578,0.7371925007355653,0.7383745338324921,doughnut;coin
doughnut009T(5),raw_gt_box_prompt,2,0.7194840455283052,0.6848154869933454,0.7541526040632651,0.7194840455283052,0.7194840455283052,doughnut;coin
doughnut009T(6),patched_gt_box_prompt,2,0.7614040457316928,0.7583263946711074,0.7644816967922783,0.7652152957063203,0.770237912815518,doughnut;coin
doughnut009T(7),raw_gt_box_prompt,2,0.7432610054574513,0.7320125130344108,0.7545094978804917,0.7433899026632321,0.7435646258711068,doughnut;coin
doughnut009T(8),raw_gt_box_prompt,2,0.7610913831043284,0.7568139137496405,0.7653688524590164,0.761694135954484,0.7624905706383673,doughnut;coin
doughnut009T(9),raw_gt_box_prompt,2,0.7271505120455646,0.7076604554865424,0.7466405686045866,0.7271505120455646,0.7271505120455646,doughnut;coin
egg001S(1),raw_gt_box_prompt,2,0.7101950588936976,0.6930596285434996,0.7273304892438958,0.7104593264890265,0.7108226655752288,egg;coin
egg001S(2),raw_gt_box_prompt,2,0.7134899757672082,0.6953771289537712,0.7316028225806451,0.7134899757672082,0.7134899757672082,egg;coin
egg001S(3),raw_gt_box_prompt,2,0.7233393387217427,0.6854319852941176,0.7612466921493678,0.7235633006788329,0.7238575048565322,egg;coin
egg001S(4),raw_gt_box_prompt,2,0.7018997035879501,0.6923298731257209,0.7114695340501792,0.7018997035879501,0.7018997035879501,egg;coin
egg001S(5),raw_gt_box_prompt,2,0.7481549528882157,0.7311500380807312,0.7651598676957001,0.7512377031192764,0.7552666000350863,egg;coin
egg001S(6),raw_gt_box_prompt,2,0.7273415977961433,0.7186868686868687,0.7359963269054178,0.7273415977961433,0.7273415977961433,egg;coin
egg001S(7),raw_gt_box_prompt,2,0.749470084837955,0.7437372560442761,0.7552029136316337,0.7503386830931891,0.7515065663048679,egg;coin
egg001T(1),raw_gt_box_prompt,2,0.758802750389012,0.7426339285714286,0.7749715722065953,0.7604562839154775,0.7625899538277265,egg;coin
egg001T(2),raw_gt_box_prompt,2,0.7285473519320866,0.7107128982128982,0.746381805651275,0.7290624532472358,0.7297525843721495,egg;coin
egg001T(3),raw_gt_box_prompt,2,0.7297618894244577,0.7214517243211648,0.7380720545277507,0.7309334323681527,0.7325207339554543,egg;coin
egg001T(4),raw_gt_box_prompt,2,0.7089175679074446,0.7002012072434608,0.7176339285714286,0.7089175679074446,0.7089175679074446,egg;coin
egg001T(5),raw_gt_box_prompt,2,0.6833531852360698,0.6471306471306472,0.7195757233414924,0.6833531852360698,0.6833531852360698,egg;coin
egg001T(6),raw_gt_box_prompt,2,0.7158121618169819,0.6946084785635412,0.7370158450704225,0.7158121618169819,0.7158121618169819,egg;coin
egg001T(7),raw_gt_box_prompt,2,0.7236638077821187,0.7193993364763401,0.7279282790878971,0.7250165696466208,0.7268749421035847,egg;coin
egg002T(1),raw_gt_box_prompt,2,0.7066955316604064,0.6659392977583812,0.7474517655624318,0.7066955316604064,0.7066955316604064,egg;coin
egg002T(2),raw_gt_box_prompt,2,0.7766657557685495,0.7711213517665131,0.7822101597705858,0.7786181613446327,0.7811141728726034,egg;coin
egg002T(3),raw_gt_box_prompt,2,0.7175831255076857,0.6861261261261261,0.7490401248892452,0.7175831255076857,0.7175831255076857,egg;coin
egg002T(4),raw_gt_box_prompt,2,0.6870198764437282,0.6514907332796133,0.7225490196078431,0.6870198764437282,0.6870198764437282,egg;coin
egg002T(5),raw_gt_box_prompt,2,0.7590532658793915,0.7540939597315436,0.7640125720272394,0.7626894970524455,0.767448883620399,egg;coin
egg002T(6),raw_gt_box_prompt,2,0.7094409627018323,0.6722222222222223,0.7466597031814423,0.7104673998428908,0.7118421052631579,egg;coin
egg002T(7),raw_gt_box_prompt,2,0.7307275888785933,0.7093933463796478,0.752061831377539,0.7315623448316149,0.732672301377997,egg;coin
egg002T(8),raw_gt_box_prompt,2,0.6958446798323712,0.6496267445634534,0.7420626151012891,0.6958446798323712,0.6958446798323712,egg;coin
egg002T(9),raw_gt_box_prompt,2,0.7293248602848387,0.7066666666666667,0.7519830539030107,0.7293248602848387,0.7293248602848387,egg;coin
egg002s(1),raw_gt_box_prompt,2,0.7003760358532047,0.6999619482496194,0.7007901234567901,0.7003760358532047,0.7003760358532047,egg;coin
egg002s(2),raw_gt_box_prompt,2,0.7160052178665852,0.7111297539149888,0.7208806818181818,0.7160052178665852,0.7160052178665852,egg;coin
egg002s(3),raw_gt_box_prompt,2,0.7404906299376763,0.7332852332852333,0.7476960265901194,0.7408864157956717,0.7414157563885332,egg;coin
egg002s(4),raw_gt_box_prompt,2,0.7119800873896781,0.7043150200424428,0.7196451547369134,0.7136656211238162,0.7160506614669329,egg;coin
egg002s(5),raw_gt_box_prompt,2,0.7131533780621002,0.7058823529411765,0.7204244031830239,0.7131533780621002,0.7131533780621002,egg;coin
egg002s(6),raw_gt_box_prompt,2,0.7402982695249747,0.7207502374169041,0.7598463016330451,0.7418373100664768,0.7438627730294397,egg;coin
egg002s(7),raw_gt_box_prompt,2,0.7529751766070074,0.7462720289200181,0.7596783242939966,0.7549842216176454,0.7576442987292165,egg;coin
egg002s(8),raw_gt_box_prompt,2,0.733413565627707,0.7093931837073981,0.757433947548016,0.73435569938082,0.7356788308712399,egg;coin
egg002s(9),raw_gt_box_prompt,2,0.7282326888002305,0.6936619718309859,0.7628034057694751,0.7282326888002305,0.7282326888002305,egg;coin
egg003S(1),raw_gt_box_prompt,2,0.7070153007676898,0.6584468959550076,0.755583705580372,0.7085687696486572,0.7106664946187227,egg;coin
egg003S(2),raw_gt_box_prompt,2,0.7089779144932125,0.6789297658862876,0.7390260631001372,0.7089779144932125,0.7089779144932125,egg;coin
egg003S(3),raw_gt_box_prompt,2,0.7767031152046561,0.7578261199120746,0.7955801104972375,0.7796612743981165,0.7834263689526848,egg;coin
egg003S(4),raw_gt_box_prompt,2,0.7033233219961218,0.6598421838345063,0.7468044601577373,0.7044662309368191,0.7061085972850678,egg;coin
egg003S(5),raw_gt_box_prompt,2,0.6890083898166534,0.6612392582541836,0.7167775213791231,0.6890083898166534,0.6890083898166534,egg;coin
egg003S(6),raw_gt_box_prompt,2,0.7435113176700783,0.7313432835820896,0.7556793517580669,0.7441136707765521,0.7449107722258275,egg;coin
egg003T(1),raw_gt_box_prompt,2,0.7494533797035674,0.7138395792241946,0.7850671801829402,0.7512828903463892,0.7536132777183278,egg;coin
egg003T(2),raw_gt_box_prompt,2,0.7444858245636005,0.7329729729729729,0.755998676154228,0.7489157515124365,0.7547754535047353,egg;coin
egg003T(3),raw_gt_box_prompt,2,0.7228208418557314,0.6887522317000595,0.7568894520114032,0.7228208418557314,0.7228208418557314,egg;coin
egg003T(4),raw_gt_box_prompt,2,0.6992323984259469,0.6893939393939394,0.7090708574579543,0.6992323984259469,0.6992323984259469,egg;coin
egg003T(5),raw_gt_box_prompt,2,0.6653264473314834,0.663936147868095,0.6667167467948718,0.6653264473314834,0.6653264473314834,egg;coin
egg003T(6),raw_gt_box_prompt,2,0.7162430287430288,0.6745495495495496,0.7579365079365079,0.7162430287430288,0.7162430287430288,egg;coin
egg004S(1),raw_gt_box_prompt,2,0.7461482306500433,0.7003508771929825,0.7919455841071043,0.7470910230120756,0.7482814992025519,egg;coin
egg004S(2),raw_gt_box_prompt,2,0.743706896304299,0.7218755270703323,0.7655382655382655,0.7438462751419026,0.7440283415961584,egg;coin
egg004S(3),raw_gt_box_prompt,2,0.7666460546475413,0.7569288183963558,0.7763632908987269,0.767311002270123,0.7681674925632331,egg;coin
egg004S(4),raw_gt_box_prompt,2,0.7295782952679504,0.7097835497835497,0.7493730407523511,0.7300487114893894,0.7306764578798477,egg;coin
egg004S(5),raw_gt_box_prompt,2,0.7376254449964708,0.7353988603988604,0.7398520295940811,0.7376994301994302,0.7377994301994302,egg;coin
egg004T(1),raw_gt_box_prompt,2,0.7351934876894044,0.6879032258064516,0.7824837495723571,0.7387320602934495,0.7432542917212319,egg;coin
egg004T(2),raw_gt_box_prompt,2,0.735035912875539,0.7223021582733813,0.7477696674776967,0.7353479673794013,0.7357799950291709,egg;coin
egg004T(3),raw_gt_box_prompt,2,0.7211642487943942,0.6868333333333333,0.7554951642554552,0.7211944444444445,0.721234412470024,egg;coin
egg004T(4),raw_gt_box_prompt,2,0.6896559527345352,0.6788732394366197,0.7004386660324508,0.6896559527345352,0.6896559527345352,egg;coin
egg004T(5),raw_gt_box_prompt,2,0.6804861211489864,0.6495388669301713,0.7114333753678016,0.6804861211489864,0.6804861211489864,egg;coin
egg005S(1),raw_gt_box_prompt,2,0.720809776160089,0.6762797404470079,0.7653398118731701,0.7225097863791791,0.7247310352841972,egg;coin
egg005S(2),raw_gt_box_prompt,2,0.7706288078537784,0.7611019736842105,0.7801556420233463,0.7758118662515736,0.7825567430717342,egg;coin
egg005S(3),raw_gt_box_prompt,2,0.7579590444074987,0.7534136546184739,0.7625044341965236,0.759388104709642,0.7612766701263791,egg;coin
egg005S(4),raw_gt_box_prompt,2,0.7270886551839182,0.7270083605961468,0.7271689497716894,0.7270886551839182,0.7270886551839182,egg;coin
egg005S(5),raw_gt_box_prompt,2,0.7095558798317847,0.6659641728134879,0.7531475868500817,0.7097974844819845,0.7101182777161636,egg;coin
egg005S(6),raw_gt_box_prompt,2,0.7231125356125356,0.6898148148148148,0.7564102564102564,0.7251296296296297,0.7277962962962963,egg;coin
egg005S(7),raw_gt_box_prompt,2,0.7775875035544635,0.7740733071029199,0.7811017000060071,0.7780198969614878,0.778574397464207,egg;coin
egg005S(8),raw_gt_box_prompt,2,0.7104892752562051,0.6928494041170098,0.7281291463954003,0.7104892752562051,0.7104892752562051,egg;coin
egg005T(1),raw_gt_box_prompt,2,0.7074933711392947,0.6864406779661016,0.7285460643124877,0.7074933711392947,0.7074933711392947,egg;coin
egg005T(2),raw_gt_box_prompt,2,0.7655654298083943,0.7552097804945819,0.7759210791222065,0.7668978195402203,0.768614991257392,egg;coin
egg005T(3),raw_gt_box_prompt,2,0.7297314016602809,0.725925925925926,0.733536877394636,0.7297314016602809,0.7297314016602809,egg;coin
egg005T(4),raw_gt_box_prompt,2,0.7754056570253633,0.7632586112629852,0.7875527027877415,0.7786284174193367,0.7827205377086401,egg;coin
egg005T(5),raw_gt_box_prompt,2,0.7275599625797434,0.6986559139784946,0.7564640111809923,0.7275599625797434,0.7275599625797434,egg;coin
egg005T(6),raw_gt_box_prompt,2,0.7285375052093435,0.7125494629734314,0.7445255474452555,0.7285375052093435,0.7285375052093435,egg;coin
egg005T(7),raw_gt_box_prompt,2,0.7416215554651446,0.6871473354231975,0.7960957755070917,0.7440646911886588,0.7471335879202837,egg;coin
egg005T(8),raw_gt_box_prompt,2,0.719098702203724,0.7083466581387912,0.7298507462686568,0.719098702203724,0.719098702203724,egg;coin
egg006S(1),raw_gt_box_prompt,2,0.7657176443360654,0.74314163787848,0.7882936507936508,0.765893911327972,0.7661311029788259,egg;coin
egg006S(2),raw_gt_box_prompt,2,0.7210409955191597,0.7127192982456141,0.7293626927927054,0.7210409955191597,0.7210409955191597,egg;coin
egg006S(3),raw_gt_box_prompt,2,0.7036340215264322,0.6869066809958804,0.720361362056984,0.7068006531945294,0.7113852308948452,egg;coin
egg006S(4),raw_gt_box_prompt,2,0.7354582813591206,0.7181220657276995,0.7527944969905417,0.7364317225190222,0.737724825967298,egg;coin
egg006S(5),raw_gt_box_prompt,2,0.7672922977493137,0.7483976641504059,0.7861869313482217,0.7679436539476139,0.7687721543618641,egg;coin
egg006S(6),raw_gt_box_prompt,2,0.7409199027361586,0.7392130773617183,0.742626728110599,0.7414123362669478,0.7420784953838111,egg;coin
egg006S(7),raw_gt_box_prompt,2,0.7489402993836689,0.747542956475229,0.7503376422921089,0.7511776992735766,0.7541707043852258,egg;coin
egg006S(8),raw_gt_box_prompt,2,0.7424722843941833,0.7414529914529915,0.7434915773353752,0.7454129707409661,0.7493682090199552,egg;coin
egg006T(1),raw_gt_box_prompt,2,0.749510209377382,0.7381096028154852,0.7609108159392789,0.749510209377382,0.749510209377382,egg;coin
egg006T(2),raw_gt_box_prompt,2,0.734485924713263,0.7105042016806723,0.7584676477458537,0.7348583485021394,0.735349369826494,egg;coin
egg006T(3),raw_gt_box_prompt,2,0.7152557611269879,0.6787683823529411,0.7517431399010346,0.7152557611269879,0.7152557611269879,egg;coin
egg006T(4),raw_gt_box_prompt,2,0.7379404298366163,0.7270833333333333,0.7487975263398993,0.7379404298366163,0.7379404298366163,egg;coin
egg006T(5),raw_gt_box_prompt,2,0.7114172526444067,0.6905475347316807,0.7322869705571325,0.724802228911843,0.7441853641693417,egg;coin
egg006T(6),raw_gt_box_prompt,2,0.7447527366604753,0.7149253731343284,0.7745801001866222,0.7449430324791139,0.7451887085797428,egg;coin
egg006T(7),raw_gt_box_prompt,2,0.7667609990825311,0.7494263423588802,0.7840956558061821,0.7671788417086223,0.7677218897438334,egg;coin
egg006T(8),raw_gt_box_prompt,2,0.7486777589979751,0.7388392857142857,0.7585162322816644,0.7493726891237484,0.7502888595314443,egg;coin
egg007S(1),raw_gt_box_prompt,2,0.7606043375496419,0.7427276624410558,0.7784810126582279,0.7654253636938646,0.7716308902593295,egg;coin
egg007S(2),raw_gt_box_prompt,2,0.7414096617668047,0.7320500927643785,0.7507692307692307,0.7417835382186762,0.7422942634485025,egg;coin
egg007S(3),raw_gt_box_prompt,2,0.7154982876528038,0.6905490916513575,0.74044748365425,0.7162325936679674,0.7172242994018296,egg;coin
egg007S(4),raw_gt_box_prompt,2,0.7239304812834224,0.7205882352941176,0.7272727272727273,0.7240841248303935,0.7242973444465982,egg;coin
egg007S(5),raw_gt_box_prompt,2,0.7743077059520187,0.7626471729848622,0.7859682389191751,0.7810342904461437,0.7895926318154783,egg;coin
egg007S(6),raw_gt_box_prompt,2,0.7269750464130373,0.7220149253731343,0.7319351674529404,0.7278145787914361,0.7289615825367544,egg;coin
egg007S(7),raw_gt_box_prompt,2,0.7623462122623299,0.7622755786285962,0.7624168458960636,0.7637432110010451,0.7655755403183142,egg;coin
egg007S(8),raw_gt_box_prompt,2,0.7810959974421343,0.7742995169082125,0.787892477976056,0.7829178576764177,0.7852608468499601,egg;coin
egg007S(9),raw_gt_box_prompt,2,0.7299983550502653,0.7182875264270613,0.7417091836734694,0.730946832267239,0.7322256046457557,egg;coin
egg007T(1),raw_gt_box_prompt,2,0.7193456514570085,0.6827238335435056,0.7559674693705112,0.7209291862207639,0.7230238990594975,egg;coin
egg007T(2),raw_gt_box_prompt,2,0.7553235017506477,0.7289638762708198,0.7816831272304755,0.7557456470087898,0.7562856935358752,egg;coin
egg007T(3),raw_gt_box_prompt,2,0.7147879129721372,0.712253347427766,0.7173224785165083,0.7147879129721372,0.7147879129721372,egg;coin
egg007T(4),raw_gt_box_prompt,2,0.7692518524336439,0.7521679598356915,0.7863357450315963,0.7725658182348083,0.7769300247796613,egg;coin
egg007T(5),raw_gt_box_prompt,2,0.7188243930948952,0.7002118644067796,0.7374369217830109,0.7188243930948952,0.7188243930948952,egg;coin
egg007T(6),raw_gt_box_prompt,2,0.7397234534128292,0.7346189164370982,0.7448279903885601,0.7427843655646504,0.7469510322313171,egg;coin
egg007T(7),raw_gt_box_prompt,2,0.7347447158576983,0.718906972071529,0.7505824596438675,0.7354896053845736,0.7365202464310916,egg;coin
egg007T(8),raw_gt_box_prompt,2,0.7450206983344616,0.701330376940133,0.7887110197287903,0.7520546960453511,0.7616821125934862,egg;coin
egg007T(9),raw_gt_box_prompt,2,0.7180095429560602,0.6944269190325972,0.7415921668795232,0.7187412889192137,0.7197950296989819,egg;coin
fired_dough_twist001S(1),raw_gt_box_prompt,2,0.6875333281889391,0.6285877831384414,0.7464788732394366,0.6887804579102881,0.6907644763000861,fired_dough_twist;coin
fired_dough_twist001S(2),raw_gt_box_prompt,2,0.693967384007621,0.6162305879509336,0.7717041800643086,0.6967450490289886,0.7004602260807368,fired_dough_twist;coin
fired_dough_twist001S(3),raw_gt_box_prompt,2,0.6620836830931406,0.5829886875076025,0.7411786786786787,0.6620925476840768,0.6621077531093724,fired_dough_twist;coin
fired_dough_twist001S(4),raw_gt_box_prompt,2,0.6948610963648034,0.627692117541637,0.76203007518797,0.6950843016632491,0.6954398984474173,fired_dough_twist;coin
fired_dough_twist001S(5),raw_gt_box_prompt,2,0.656616578602341,0.5951015829490216,0.7181315742556605,0.656616578602341,0.656616578602341,fired_dough_twist;coin
fired_dough_twist001S(6),raw_gt_box_prompt,2,0.6782875488771634,0.6016144088737576,0.7549606888805691,0.6793455127148899,0.6807691743894166,fired_dough_twist;coin
fired_dough_twist001S(7),raw_gt_box_prompt,2,0.6593509424340835,0.5967957682252082,0.7219061166429588,0.6593872328426105,0.6594480415990713,fired_dough_twist;coin
fired_dough_twist001S(8),raw_gt_box_prompt,2,0.6626484234415463,0.6054770270632728,0.7198198198198198,0.6629166213193058,0.66335957433944,fired_dough_twist;coin
fired_dough_twist001S(9),raw_gt_box_prompt,2,0.6645369375342967,0.5908262072434608,0.7382476678251326,0.6645369375342967,0.6645369375342967,fired_dough_twist;coin
fired_dough_twist001T(1),raw_gt_box_prompt,2,0.7117796888984464,0.6675279329608939,0.7560314448359989,0.7156043694041863,0.7208087236595438,fired_dough_twist;coin
fired_dough_twist001T(2),raw_gt_box_prompt,2,0.6773898718529072,0.674924924924925,0.6798548187808896,0.678249559236656,0.6795140753656883,fired_dough_twist;coin
fired_dough_twist001T(3),raw_gt_box_prompt,2,0.6436554589377999,0.5797216321613139,0.7075892857142857,0.6442540404934372,0.645286573216782,fired_dough_twist;coin
fired_dough_twist001T(4),raw_gt_box_prompt,2,0.6814604980732344,0.6126092754482145,0.7503117206982544,0.6838385523570709,0.6870862212496951,fired_dough_twist;coin
fired_dough_twist001T(5),raw_gt_box_prompt,2,0.6576466525616351,0.6421606406862581,0.6731326644370123,0.6586720199958357,0.6602687659955668,fired_dough_twist;coin
fired_dough_twist001T(6),raw_gt_box_prompt,2,0.6933935708608483,0.6652151639344263,0.7215719777872704,0.696377071156635,0.7005117942163301,fired_dough_twist;coin
fired_dough_twist001T(7),raw_gt_box_prompt,2,0.6689295525468235,0.6363665677802142,0.7014925373134329,0.6694433812463425,0.6702508226260983,fired_dough_twist;coin
fired_dough_twist001T(8),raw_gt_box_prompt,2,0.6698142304581389,0.6102969465915847,0.729331514324693,0.6710720690685857,0.6729998697108347,fired_dough_twist;coin
fired_dough_twist001T(9),raw_gt_box_prompt,2,0.663714417390888,0.6372171945701357,0.6902116402116402,0.663714417390888,0.663714417390888,fired_dough_twist;coin
fired_dough_twist002S(1),raw_gt_box_prompt,2,0.7421294743690421,0.7214384359175715,0.7628205128205128,0.7432857827474926,0.7448885645246788,fired_dough_twist;coin
fired_dough_twist002S(10),raw_gt_box_prompt,2,0.7440381956028554,0.7201007770762506,0.7679756141294602,0.7494267370819094,0.7567480584032308,fired_dough_twist;coin
fired_dough_twist002S(2),raw_gt_box_prompt,2,0.7271698705940779,0.7026490874687176,0.7516906537194382,0.727341510065826,0.7275857848749863,fired_dough_twist;coin
fired_dough_twist002S(3),raw_gt_box_prompt,2,0.7399248205459591,0.7028201543791406,0.7770294867127776,0.7432923186683715,0.7479005147348827,fired_dough_twist;coin
fired_dough_twist002S(4),raw_gt_box_prompt,2,0.752590170940171,0.7258,0.7793803418803419,0.752590170940171,0.752590170940171,fired_dough_twist;coin
fired_dough_twist002S(5),raw_gt_box_prompt,2,0.7305284297922159,0.719792158715163,0.7412647008692688,0.7334613428698563,0.7374977769302138,fired_dough_twist;coin
fired_dough_twist002S(6),raw_gt_box_prompt,2,0.6979668920749784,0.6845850999394306,0.7113486842105263,0.6979668920749784,0.6979668920749784,fired_dough_twist;coin
fired_dough_twist002S(7),raw_gt_box_prompt,2,0.755031315457358,0.7095818616839467,0.8004807692307693,0.7563679252761106,0.7580376840887266,fired_dough_twist;coin
fired_dough_twist002S(8),raw_gt_box_prompt,2,0.7180853223826296,0.6714443800389945,0.7647262647262647,0.7187001268709895,0.719555546499867,fired_dough_twist;coin
fired_dough_twist002S(9),raw_gt_box_prompt,2,0.7243153412132861,0.7043571781530681,0.7442735042735042,0.7284792126526193,0.734390803488183,fired_dough_twist;coin
fired_dough_twist002T(1),raw_gt_box_prompt,2,0.6783462803837299,0.6450236326806212,0.7116689280868386,0.678564193773149,0.6789020316109868,fired_dough_twist;coin
fired_dough_twist002T(10),raw_gt_box_prompt,2,0.7361236222704346,0.6978680879413725,0.7743791565994969,0.7371195399251363,0.7384056252312996,fired_dough_twist;coin
fired_dough_twist002T(2),raw_gt_box_prompt,2,0.7061363758912977,0.6785789363043935,0.7336938154782021,0.7070062703202185,0.708191907176587,fired_dough_twist;coin
fired_dough_twist002T(3),raw_gt_box_prompt,2,0.6524613364240894,0.6364722826586584,0.6684503901895206,0.6539637567506911,0.6562569052829766,fired_dough_twist;coin
fired_dough_twist002T(4),raw_gt_box_prompt,2,0.7728594803292388,0.7625931782245313,0.7831257824339461,0.7779110583446405,0.7843764133876074,fired_dough_twist;coin
fired_dough_twist002T(5),raw_gt_box_prompt,2,0.680494983498409,0.6253667559637709,0.7356232110330471,0.680494983498409,0.680494983498409,fired_dough_twist;coin
fired_dough_twist002T(6),raw_gt_box_prompt,2,0.7368321982158088,0.727296383034088,0.7463680133975298,0.7370979987903807,0.737454124146506,fired_dough_twist;coin
fired_dough_twist002T(7),raw_gt_box_prompt,2,0.6930235043433375,0.6659743002992431,0.7200727083874319,0.6941603974444758,0.695751162135512,fired_dough_twist;coin
fired_dough_twist002T(8),raw_gt_box_prompt,2,0.7293761583188171,0.7082969432314411,0.7504553734061931,0.7293761583188171,0.7293761583188171,fired_dough_twist;coin
fired_dough_twist002T(9),raw_gt_box_prompt,2,0.7482742321702631,0.7442336495257115,0.7523148148148148,0.7488696786345301,0.7496697586425309,fired_dough_twist;coin
fired_dough_twist003S(1),raw_gt_box_prompt,2,0.7095216461784483,0.6831767492614378,0.7358665430954587,0.7096398743166324,0.709812930759657,fired_dough_twist;coin
fired_dough_twist003S(10),raw_gt_box_prompt,2,0.7410429278632127,0.7169982502754196,0.7650876054510058,0.7427375523169004,0.7450792749445883,fired_dough_twist;coin
fired_dough_twist003S(2),raw_gt_box_prompt,2,0.7084706000924861,0.6982352941176471,0.7187059060673251,0.7094875682231656,0.710902567212452,fired_dough_twist;coin
fired_dough_twist003S(3),raw_gt_box_prompt,2,0.757788256730867,0.7434314656536879,0.7721450478080462,0.7628833865520761,0.7694820558508989,fired_dough_twist;coin
fired_dough_twist003S(4),raw_gt_box_prompt,2,0.6521402527458373,0.6017525807415275,0.702527924750147,0.6524301528196212,0.6529119124049758,fired_dough_twist;coin
fired_dough_twist003S(5),raw_gt_box_prompt,2,0.7322635123708294,0.7296452570714174,0.7348817676702416,0.7323109976233282,0.7323756138032197,fired_dough_twist;coin
fired_dough_twist003S(6),raw_gt_box_prompt,2,0.7365529413021189,0.7063851033834586,0.7667207792207792,0.7365529413021189,0.7365529413021189,fired_dough_twist;coin
fired_dough_twist003S(7),raw_gt_box_prompt,2,0.7421132547290817,0.7355727242190124,0.748653785239151,0.7425063709245165,0.7430323488542667,fired_dough_twist;coin
fired_dough_twist003S(8),raw_gt_box_prompt,2,0.7477291721489931,0.7035200938691698,0.7919382504288165,0.751944565552813,0.7573379503276411,fired_dough_twist;coin
fired_dough_twist003S(9),raw_gt_box_prompt,2,0.7265835447907838,0.7198857177966883,0.7332813717848792,0.7277547992696227,0.729358536176836,fired_dough_twist;coin
fired_dough_twist003T(1),raw_gt_box_prompt,2,0.6628150011822138,0.6587301587301587,0.6668998436342688,0.6628424456202233,0.6628835978835979,fired_dough_twist;coin
fired_dough_twist003T(10),raw_gt_box_prompt,2,0.6993697955976312,0.6631518951268167,0.7355876960684458,0.7007233611802557,0.7025634756762686,fired_dough_twist;coin
fired_dough_twist003T(2),raw_gt_box_prompt,2,0.7387882931579467,0.7307325057972991,0.7468440805185943,0.7411944066269298,0.7444569759690882,fired_dough_twist;coin
fired_dough_twist003T(3),raw_gt_box_prompt,2,0.7093778878648387,0.651638761761278,0.7671170139683994,0.7104347654960237,0.7118124922468847,fired_dough_twist;coin
fired_dough_twist003T(4),raw_gt_box_prompt,2,0.737311660582421,0.7340640233489614,0.7405592978158808,0.7373914501501764,0.7375001458023503,fired_dough_twist;coin
fired_dough_twist003T(5),raw_gt_box_prompt,2,0.7182389615674226,0.7094382960952182,0.727039627039627,0.7185354875010047,0.7189534603327706,fired_dough_twist;coin
fired_dough_twist003T(6),raw_gt_box_prompt,2,0.7505232146778,0.7482638888888888,0.7527825404667112,0.7526240543217092,0.7554148199558413,fired_dough_twist;coin
fired_dough_twist003T(7),raw_gt_box_prompt,2,0.7785744354811883,0.7491716629851688,0.807977207977208,0.7835702742688062,0.7899004210765904,fired_dough_twist;coin
fired_dough_twist003T(8),raw_gt_box_prompt,2,0.7208021640657273,0.6628648696316765,0.7787394584997781,0.7227832680046353,0.7254214152214817,fired_dough_twist;coin
fired_dough_twist003T(9),raw_gt_box_prompt,2,0.7417747530405799,0.7300859181593127,0.7534635879218472,0.7421766717396847,0.7427100999046918,fired_dough_twist;coin
fired_dough_twist004S(1),raw_gt_box_prompt,2,0.7628657043699459,0.7432813319349764,0.7824500768049155,0.7659502638747672,0.7699730946839334,fired_dough_twist;coin
fired_dough_twist004S(10),raw_gt_box_prompt,2,0.7398350362832911,0.6968379446640316,0.7828321279025504,0.7398350362832911,0.7398350362832911,fired_dough_twist;coin
fired_dough_twist004S(2),raw_gt_box_prompt,2,0.7361296256112598,0.7118587608261159,0.7604004903964038,0.7430107201259766,0.7520600232256229,fired_dough_twist;coin
fired_dough_twist004S(3),raw_gt_box_prompt,2,0.7416957693737717,0.6986940298507462,0.7846975088967971,0.7430970149253731,0.7448827292110873,fired_dough_twist;coin
fired_dough_twist004S(4),raw_gt_box_prompt,2,0.7621714404136141,0.7314480926171949,0.7928947882100332,0.7646053298847975,0.7677929773440413,fired_dough_twist;coin
fired_dough_twist004S(5),raw_gt_box_prompt,2,0.7494836541505379,0.7180806087936866,0.7808866995073892,0.7531971572412749,0.7580648926237161,fired_dough_twist;coin
fired_dough_twist004S(6),raw_gt_box_prompt,2,0.7579179090856702,0.7496713615023474,0.766164456668993,0.7622438262238354,0.7678900254184216,fired_dough_twist;coin
fired_dough_twist004S(7),raw_gt_box_prompt,2,0.7520195401244465,0.7439725859747889,0.7600664942741042,0.7540548464517537,0.7567625320460372,fired_dough_twist;coin
fired_dough_twist004S(8),raw_gt_box_prompt,2,0.7504434850526692,0.7449676823638043,0.7559192877415342,0.7542399701987152,0.7592878188292611,fired_dough_twist;coin
fired_dough_twist004S(9),raw_gt_box_prompt,2,0.7563156457941782,0.7361502347417841,0.7764810568465724,0.7609409182366929,0.7668976281934028,fired_dough_twist;coin
fired_dough_twist004T(1),raw_gt_box_prompt,2,0.7582099678160611,0.7538934712707954,0.7625264643613268,0.7653114094337499,0.7746615726668917,fired_dough_twist;coin
fired_dough_twist004T(10),raw_gt_box_prompt,2,0.7652407463155472,0.7420447406517167,0.7884367519793777,0.7724838933364084,0.7820771450768083,fired_dough_twist;coin
fired_dough_twist004T(2),raw_gt_box_prompt,2,0.6765294726751026,0.672943115234375,0.6801158301158301,0.6765294726751026,0.6765294726751026,fired_dough_twist;coin
fired_dough_twist004T(3),raw_gt_box_prompt,2,0.7061000266181188,0.6577019471756314,0.7544981060606061,0.7061000266181188,0.7061000266181188,fired_dough_twist;coin
fired_dough_twist004T(4),raw_gt_box_prompt,2,0.6948118489211128,0.6857948690133969,0.7038288288288288,0.6950724234248904,0.6954523832577081,fired_dough_twist;coin
fired_dough_twist004T(5),raw_gt_box_prompt,2,0.7507954223524165,0.7244578122526516,0.7771330324521813,0.7544328043306796,0.7592177199731722,fired_dough_twist;coin
fired_dough_twist004T(6),raw_gt_box_prompt,2,0.7473550822916697,0.7263746759448765,0.7683354886384629,0.7518630613555104,0.7579996611376996,fired_dough_twist;coin
fired_dough_twist004T(7),raw_gt_box_prompt,2,0.736416225933523,0.7262926594795028,0.7465397923875432,0.7376422263577512,0.739330251712581,fired_dough_twist;coin
fired_dough_twist004T(8),raw_gt_box_prompt,2,0.7211703313183497,0.685722786585625,0.7566178760510744,0.723186340669989,0.7259486207832865,fired_dough_twist;coin
fired_dough_twist004T(9),raw_gt_box_prompt,2,0.7074156410773742,0.6958881754000071,0.7189431067547412,0.7101883852846625,0.7141268391428853,fired_dough_twist;coin
fired_dough_twist005S(1),raw_gt_box_prompt,2,0.7449360402656434,0.7127677517287907,0.7771043288024961,0.7458299379083222,0.7469802308735618,fired_dough_twist;coin
fired_dough_twist005S(2),raw_gt_box_prompt,2,0.752150112895237,0.739081254320367,0.7652189714701072,0.7545500455888826,0.7576970540149657,fired_dough_twist;coin
fired_dough_twist005S(3),raw_gt_box_prompt,2,0.7429122241412397,0.742180003838035,0.7436444444444444,0.7436495520517312,0.7446430144283496,fired_dough_twist;coin
fired_dough_twist005S(4),raw_gt_box_prompt,2,0.8008430708733638,0.7780408215496832,0.8236453201970443,0.8099369898206396,0.8209940031051481,fired_dough_twist;coin
fired_dough_twist005S(5),raw_gt_box_prompt,2,0.7298471086717384,0.7208577113836833,0.7388365059597937,0.730200701401325,0.730691218078892,fired_dough_twist;coin
fired_dough_twist005S(6),raw_gt_box_prompt,2,0.7398102056965924,0.7236486486486486,0.7559717627445361,0.7399481028259529,0.7401305132494058,fired_dough_twist;coin
fired_dough_twist005S(7),raw_gt_box_prompt,2,0.7301242009435355,0.7187601603988295,0.7414882414882414,0.7309048680016421,0.7319909981200303,fired_dough_twist;coin
fired_dough_twist005S(8),raw_gt_box_prompt,2,0.7688323218924598,0.7496479581573124,0.7880166856276072,0.771847886493989,0.7757828865078289,fired_dough_twist;coin
fired_dough_twist005S(9),raw_gt_box_prompt,2,0.7738694107123982,0.7546801725755018,0.7930586488492948,0.7793527877829362,0.7863371020615775,fired_dough_twist;coin
fired_dough_twist005T(1),raw_gt_box_prompt,2,0.7430698429647326,0.7116334525634475,0.7745062333660176,0.7522255671283913,0.7643885472024023,fired_dough_twist;coin
fired_dough_twist005T(2),raw_gt_box_prompt,2,0.7363523604678369,0.7172425360617243,0.7554621848739496,0.7369910984859717,0.7378816452480781,fired_dough_twist;coin
fired_dough_twist005T(3),raw_gt_box_prompt,2,0.7313995628896528,0.7121766396655344,0.7506224861137714,0.7354902412241862,0.7410205093691332,fired_dough_twist;coin
fired_dough_twist005T(4),raw_gt_box_prompt,2,0.7326220038693848,0.7120749338220321,0.7531690739167375,0.7334941103406917,0.7347188500834962,fired_dough_twist;coin
fired_dough_twist005T(5),raw_gt_box_prompt,2,0.6707238642783492,0.6479268419411826,0.6935208866155158,0.6725180190653337,0.6752870890757829,fired_dough_twist;coin
fired_dough_twist005T(6),raw_gt_box_prompt,2,0.7424684093621337,0.7155804754406851,0.769356343283582,0.7430050947187141,0.7437550947187141,fired_dough_twist;coin
fired_dough_twist005T(7),raw_gt_box_prompt,2,0.742466915933842,0.7135374697824335,0.7713963620852503,0.7431850963075781,0.7441161097385915,fired_dough_twist;coin
fired_dough_twist005T(8),raw_gt_box_prompt,2,0.7559624683658713,0.7370669821862881,0.7748579545454546,0.7628427185429902,0.7717453531677709,fired_dough_twist;coin
fired_dough_twist005T(9),raw_gt_box_prompt,2,0.7428663623195848,0.7343693136327244,0.7513634110064452,0.7443083838126971,0.7462317073435791,fired_dough_twist;coin
fired_dough_twist006S(1),raw_gt_box_prompt,2,0.7082296588643378,0.6835365853658537,0.7329227323628219,0.7082296588643378,0.7082296588643378,fired_dough_twist;coin
fired_dough_twist006S(2),raw_gt_box_prompt,2,0.6910274587548049,0.6884964434633308,0.6935584740462789,0.6910274587548049,0.6910274587548049,fired_dough_twist;coin
fired_dough_twist006S(3),raw_gt_box_prompt,2,0.7175216515223162,0.6380670611439843,0.796976241900648,0.7245280360664976,0.7333192448577064,fired_dough_twist;coin
fired_dough_twist006S(4),raw_gt_box_prompt,2,0.7952193855853409,0.7902934223334724,0.8001453488372093,0.7984434144634396,0.8024727184927436,fired_dough_twist;coin
fired_dough_twist006S(5),raw_gt_box_prompt,2,0.7141178147275709,0.6954346466541589,0.7328009828009828,0.7141178147275709,0.7141178147275709,fired_dough_twist;coin
fired_dough_twist006S(6),raw_gt_box_prompt,2,0.7408301506769843,0.7169448010269577,0.7647155003270111,0.7408301506769843,0.7408301506769843,fired_dough_twist;coin
fired_dough_twist006S(7),raw_gt_box_prompt,2,0.7120828191079426,0.6630918127125295,0.7610738255033557,0.7155304154184333,0.7203308629213818,fired_dough_twist;coin
fired_dough_twist006T(1),raw_gt_box_prompt,2,0.6787467426662196,0.6688034188034188,0.6886900665290204,0.6818554131054131,0.686369301994302,fired_dough_twist;coin
fired_dough_twist006T(2),raw_gt_box_prompt,2,0.6816892796525296,0.6729023688288687,0.6904761904761905,0.6820621200607903,0.6826161980749746,fired_dough_twist;coin
fired_dough_twist006T(3),raw_gt_box_prompt,2,0.6981991355159307,0.6794294294294294,0.7169688416024319,0.6981991355159307,0.6981991355159307,fired_dough_twist;coin
fired_dough_twist006T(4),raw_gt_box_prompt,2,0.6886355133369727,0.6848214285714286,0.6924495981025168,0.6890008738952644,0.6895285087719298,fired_dough_twist;coin
fired_dough_twist006T(5),raw_gt_box_prompt,2,0.7155400155400156,0.7062937062937062,0.7247863247863248,0.7194638694638695,0.7250194250194251,fired_dough_twist;coin
fired_dough_twist006T(6),raw_gt_box_prompt,2,0.72582063221827,0.7072397200349956,0.7444015444015444,0.7261690261690261,0.7266616370064646,fired_dough_twist;coin
fired_dough_twist006T(7),raw_gt_box_prompt,2,0.7424554442044913,0.7361327847921691,0.7487781036168133,0.7424554442044913,0.7424554442044913,fired_dough_twist;coin
fired_dough_twist007S(1),raw_gt_box_prompt,2,0.7381034401375035,0.7097970189498914,0.7664098613251156,0.7397592236868635,0.7420919801019438,fired_dough_twist;coin
fired_dough_twist007S(2),raw_gt_box_prompt,2,0.724480629037326,0.6705244122965642,0.7784368457780879,0.7261480904881921,0.728466077070138,fired_dough_twist;coin
fired_dough_twist007S(3),raw_gt_box_prompt,2,0.7523391009991318,0.7095217943292425,0.7951564076690212,0.7535463222658358,0.7550645408893175,fired_dough_twist;coin
fired_dough_twist007S(4),raw_gt_box_prompt,2,0.6974560169565831,0.6927272727272727,0.7021847611858935,0.6975296459265925,0.6976345029016785,fired_dough_twist;coin
fired_dough_twist007S(5),raw_gt_box_prompt,2,0.6964069600619633,0.6686135580237457,0.724200362100181,0.6990464529568553,0.7028683503713014,fired_dough_twist;coin
fired_dough_twist007S(6),raw_gt_box_prompt,2,0.7332234940912548,0.7138927097661623,0.7525542784163474,0.7366938058748403,0.7415549169859514,fired_dough_twist;coin
fired_dough_twist007S(7),raw_gt_box_prompt,2,0.6813352578022833,0.6702951490356517,0.692375366568915,0.682046823777905,0.6831083949031704,fired_dough_twist;coin
fired_dough_twist007T(1),raw_gt_box_prompt,2,0.6537526858404463,0.6457142857142857,0.6617910859666069,0.6541183667830994,0.6546709292917332,fired_dough_twist;coin
fired_dough_twist007T(2),raw_gt_box_prompt,2,0.6733411979294739,0.6695842450765864,0.6770981507823614,0.6736554583699041,0.6741247950407426,fired_dough_twist;coin
fired_dough_twist007T(3),raw_gt_box_prompt,2,0.6619242316205041,0.6597873671044403,0.6640610961365678,0.6619242316205041,0.6619242316205041,fired_dough_twist;coin
fired_dough_twist007T(4),raw_gt_box_prompt,2,0.6787163650667971,0.6550079491255962,0.702424781007998,0.6794759847409151,0.6805574096773019,fired_dough_twist;coin
fired_dough_twist007T(5),raw_gt_box_prompt,2,0.6832726951410294,0.6353971232020013,0.7311482670800575,0.6882788736450011,0.6951258822879465,fired_dough_twist;coin
fired_dough_twist007T(6),raw_gt_box_prompt,2,0.7016148915187377,0.6725838264299803,0.7306459566074951,0.7050240271878656,0.7096899473073132,fired_dough_twist;coin
fired_dough_twist007T(7),raw_gt_box_prompt,2,0.7159547898402393,0.7078258100469708,0.7240837696335078,0.7195400967302847,0.7244960757624026,fired_dough_twist;coin
grape001S(1),raw_gt_box_prompt,2,0.6945605005786255,0.6393542101124748,0.7497667910447762,0.6945768945565596,0.6946025360205162,grape;coin
grape001S(10),raw_gt_box_prompt,2,0.6384522948248215,0.5814028595458368,0.6955017301038062,0.638495331852708,0.638569354584416,grape;coin
grape001S(11),raw_gt_box_prompt,2,0.7059758802363882,0.6512315519913741,0.7607202084814025,0.7059758802363882,0.7059758802363882,grape;coin
grape001S(12),raw_gt_box_prompt,2,0.6621122499052821,0.6007336564915499,0.7234908433190143,0.6623577784720193,0.6626971449878564,grape;coin
grape001S(2),raw_gt_box_prompt,2,0.6285818760133829,0.5774499473129611,0.6797138047138047,0.6285818760133829,0.6285818760133829,grape;coin
grape001S(3),raw_gt_box_prompt,2,0.6951271406731858,0.6759358391928779,0.7143184421534937,0.6964663605096029,0.6983824485151964,grape;coin
grape001S(4),raw_gt_box_prompt,2,0.6421162587771443,0.5505571444199603,0.7336753731343284,0.6421162587771443,0.6421162587771443,grape;coin
grape001S(5),raw_gt_box_prompt,2,0.7074966506384694,0.6449737700269389,0.77001953125,0.707945363080702,0.7086410695777488,grape;coin
grape001S(6),raw_gt_box_prompt,2,0.6781963390573347,0.6369356645400087,0.7194570135746606,0.6782490819568416,0.6783318892204999,grape;coin
grape001S(7),raw_gt_box_prompt,2,0.6487830874903338,0.5839350180505415,0.713631156930126,0.6496024114362926,0.6507505170620101,grape;coin
grape001S(8),raw_gt_box_prompt,2,0.6612186279999157,0.6350048527984471,0.6874324032013844,0.66144476932926,0.6618008946853853,grape;coin
grape001S(9),raw_gt_box_prompt,2,0.6817663164101947,0.6131776872453776,0.7503549455750118,0.682454024393811,0.6835226091133104,grape;coin
grape001T(1),raw_gt_box_prompt,2,0.6677929560589113,0.5804225625121148,0.7551633496057079,0.670586083807271,0.6747739494308518,grape;coin
grape001T(10),raw_gt_box_prompt,2,0.6758101055947485,0.56535446555764,0.7862657456318569,0.6779220284844183,0.6806200754597933,grape;coin
grape001T(11),raw_gt_box_prompt,2,0.6950375296305438,0.5923961424332345,0.797678916827853,0.700829154419129,0.7080897509654398,grape;coin
grape001T(12),raw_gt_box_prompt,2,0.6744777567713068,0.558499082007344,0.7904564315352697,0.676124541003672,0.6782078743370054,grape;coin
grape001T(2),raw_gt_box_prompt,2,0.6296405412923141,0.5451567887993173,0.7141242937853107,0.6300372112817387,0.6307648367971401,grape;coin
grape001T(3),raw_gt_box_prompt,2,0.6619833725407437,0.5558043519190942,0.7681623931623932,0.6620001916520406,0.6620304525005548,grape;coin
grape001T(4),raw_gt_box_prompt,2,0.6209077240467835,0.5813593858021322,0.6604560622914349,0.6209711981581278,0.6210803803832616,grape;coin
grape001T(5),manual_mask_override,2,0.6715587261659849,0.6313212056831762,0.7117962466487936,0.6728034599844452,0.6745521820721504,grape;coin
grape001T(6),raw_gt_box_prompt,2,0.6925945830470843,0.6836217679750464,0.7015673981191223,0.692778692960358,0.6930480084238182,grape;coin
grape001T(7),raw_gt_box_prompt,2,0.7183090373999783,0.6824050382339788,0.7542130365659777,0.7200044240188348,0.7222704679601231,grape;coin
grape001T(8),raw_gt_box_prompt,2,0.6951492004510784,0.6468065577921256,0.7434918431100312,0.697850142528204,0.701529772953793,grape;coin
grape001T(9),raw_gt_box_prompt,2,0.6969391853663627,0.6499430607596797,0.7439353099730458,0.6969391853663627,0.6969391853663627,grape;coin
grape002S(1),raw_gt_box_prompt,2,0.7384522770650809,0.7044874001340604,0.7724171539961013,0.7403266480873998,0.7428458801947666,grape;coin
grape002S(10),raw_gt_box_prompt,2,0.7352307775767059,0.7175478022396587,0.752913752913753,0.7353059535469959,0.7354107214384944,grape;coin
grape002S(11),raw_gt_box_prompt,2,0.7242771882647683,0.7221862173255563,0.7263681592039801,0.7243552118405381,0.7244632498699244,grape;coin
grape002S(12),raw_gt_box_prompt,2,0.7271675723535336,0.7154150197628458,0.7389201249442213,0.7277025048764179,0.7284264431003562,grape;coin
grape002S(13),raw_gt_box_prompt,2,0.6956483417200414,0.6827561428995423,0.7085405405405405,0.6959776730360396,0.696451859760852,grape;coin
grape002S(14),raw_gt_box_prompt,2,0.7394784476659961,0.7051445578231292,0.7738123375088631,0.7400279002133398,0.7407379593849375,grape;coin
grape002S(15),raw_gt_box_prompt,2,0.7655920348834186,0.7265654916661628,0.8046185781006746,0.7741002438213691,0.7847008659567778,grape;coin
grape002S(16),raw_gt_box_prompt,2,0.7401292722570424,0.7369221474552613,0.7433363970588235,0.7404058197115237,0.7407810933485507,grape;coin
grape002S(17),raw_gt_box_prompt,2,0.7044790039618944,0.6990360458279137,0.7099219620958751,0.7061623274152523,0.7085703912960846,grape;coin
grape002S(2),raw_gt_box_prompt,2,0.7931415807796189,0.7806572112297905,0.8056259503294475,0.7991039152104726,0.806552873356152,grape;coin
grape002S(3),raw_gt_box_prompt,2,0.7516572106595828,0.6839047164667393,0.8194097048524263,0.7558145491803279,0.7610688577133249,grape;coin
grape002S(4),raw_gt_box_prompt,2,0.7379415354722998,0.7112196094061379,0.7646634615384615,0.7379415354722998,0.7379415354722998,grape;coin
grape002S(5),raw_gt_box_prompt,2,0.7270032684701975,0.6921130458161345,0.7618934911242603,0.727655770787127,0.7285985391988394,grape;coin
grape002S(6),raw_gt_box_prompt,2,0.7344677367299841,0.7332293885001521,0.7357060849598163,0.7344677367299841,0.7344677367299841,grape;coin
grape002S(7),raw_gt_box_prompt,2,0.732475069643506,0.712578222778473,0.7523719165085389,0.732475069643506,0.732475069643506,grape;coin
grape002S(8),raw_gt_box_prompt,2,0.735758681825571,0.7163090303178087,0.7552083333333334,0.736934251680224,0.7385754006883991,grape;coin
grape002S(9),raw_gt_box_prompt,2,0.7337627437409752,0.7176433564117004,0.7498821310702499,0.7376429549815684,0.7428252190324698,grape;coin
grape002T(1),raw_gt_box_prompt,2,0.678688982006536,0.6043075050602601,0.7530704589528119,0.6804005057768833,0.6826732330496106,grape;coin
grape002T(10),raw_gt_box_prompt,2,0.6512972450851242,0.5772466377806539,0.7253478523895946,0.6515736107729206,0.6520523761215744,grape;coin
grape002T(11),raw_gt_box_prompt,2,0.6594629801681555,0.6102566054976014,0.7086693548387096,0.6600838063392154,0.6611011262100158,grape;coin
grape002T(12),raw_gt_box_prompt,2,0.6711774532719961,0.5895520626829038,0.7528028438610883,0.6717615379794108,0.6726385916276296,grape;coin
grape002T(13),raw_gt_box_prompt,2,0.6549815264100978,0.5673326673326673,0.7426303854875284,0.6549815264100978,0.6549815264100978,grape;coin
grape002T(14),raw_gt_box_prompt,2,0.6841525300783247,0.6048448213641284,0.7634602387925208,0.6857934514060462,0.6879427726730145,grape;coin
grape002T(15),raw_gt_box_prompt,2,0.6813052734863141,0.5917014560635373,0.7709090909090909,0.6819069194989903,0.6826873565437354,grape;coin
grape002T(16),raw_gt_box_prompt,2,0.6889154224904939,0.6020259207385635,0.7758049242424242,0.6889154224904939,0.6889154224904939,grape;coin
grape002T(17),raw_gt_box_prompt,2,0.667624616601415,0.5939297887583856,0.7413194444444444,0.667721356240378,0.6678842368380411,grape;coin
grape002T(2),raw_gt_box_prompt,2,0.6831787731706029,0.6216925339342579,0.7446650124069479,0.6832379801037733,0.6833332151756759,grape;coin
grape002T(3),raw_gt_box_prompt,2,0.7131479074562157,0.6258331197128941,0.8004626951995373,0.7175949224295465,0.723150477985102,grape;coin
grape002T(4),raw_gt_box_prompt,2,0.7017514710972654,0.6272066458982347,0.7762962962962963,0.7031364778703186,0.7049205991905685,grape;coin
grape002T(5),raw_gt_box_prompt,2,0.7158687495038928,0.6347034774899025,0.797034021517883,0.7179931820018379,0.7207050234397399,grape;coin
grape002T(6),raw_gt_box_prompt,2,0.6634880964601644,0.6067613491703289,0.72021484375,0.6636191275606187,0.6638350791874543,grape;coin
grape002T(7),raw_gt_box_prompt,2,0.6739181549057669,0.6399510051520355,0.7078853046594982,0.6749558782342793,0.6765774450732375,grape;coin
grape002T(8),raw_gt_box_prompt,2,0.6747683059196794,0.5891625615763547,0.7603740502630041,0.6747683059196794,0.6747683059196794,grape;coin
grape002T(9),raw_gt_box_prompt,2,0.7011306833804525,0.5888285309400094,0.8134328358208955,0.7041887015602303,0.7079481000564709,grape;coin
lemon001S(1),raw_gt_box_prompt,2,0.698835938331358,0.6747881355932204,0.7228837410694956,0.698835938331358,0.698835938331358,lemon;coin
lemon001S(10),raw_gt_box_prompt,2,0.7654343937840749,0.7648388920293951,0.7660298955387546,0.765965651874953,0.7666591732296314,lemon;coin
lemon001S(11),raw_gt_box_prompt,2,0.7535176464923684,0.7492713178294573,0.7577639751552795,0.7572521463699258,0.7621804617821122,lemon;coin
lemon001S(12),raw_gt_box_prompt,2,0.73546304282928,0.7149208113364823,0.7560052743220776,0.7358752357876168,0.7364204607646598,lemon;coin
lemon001S(13),raw_gt_box_prompt,2,0.731356920175002,0.7149122807017544,0.7478015596482496,0.731356920175002,0.731356920175002,lemon;coin
lemon001S(14),raw_gt_box_prompt,2,0.7599901039540249,0.7563384522734117,0.7636417556346382,0.7613537499462297,0.763139464231944,lemon;coin
lemon001S(15),raw_gt_box_prompt,2,0.72941498086386,0.7263440860215054,0.7324858757062147,0.72941498086386,0.72941498086386,lemon;coin
lemon001S(16),raw_gt_box_prompt,2,0.7230796856741604,0.7193232131562303,0.7268361581920904,0.7230796856741604,0.7230796856741604,lemon;coin
lemon001S(17),raw_gt_box_prompt,2,0.7439054206404826,0.7397837837837837,0.7480270574971815,0.7447506489540388,0.7458805924568637,lemon;coin
lemon001S(18),raw_gt_box_prompt,2,0.7053480824364107,0.6877183552808385,0.7229778095919828,0.7053480824364107,0.7053480824364107,lemon;coin
lemon001S(2),raw_gt_box_prompt,2,0.7402141800542966,0.7341597033921753,0.746268656716418,0.7430133573252127,0.7467809001467647,lemon;coin
lemon001S(3),raw_gt_box_prompt,2,0.7746831203944167,0.7698125616573496,0.7795536791314838,0.7778212529948112,0.7818786044507319,lemon;coin
lemon001S(4),raw_gt_box_prompt,2,0.7435662627314592,0.7303513319728642,0.7567811934900542,0.7454843481461818,0.7480449217387259,lemon;coin
lemon001S(5),raw_gt_box_prompt,2,0.7677288532962199,0.7508374130378769,0.7846202935545629,0.7890875794451313,0.8165292618381379,lemon;coin
lemon001S(6),raw_gt_box_prompt,2,0.7490812890879992,0.7370531239558971,0.7611094542201015,0.7551932286446152,0.7632235316749183,lemon;coin
lemon001S(7),raw_gt_box_prompt,2,0.7414689066649696,0.7344632768361582,0.7484745364937808,0.7420626897197187,0.7428560140424547,lemon;coin
lemon001S(8),raw_gt_box_prompt,2,0.749113628596701,0.7310734463276836,0.7671538108657185,0.749289673596572,0.7495191516978046,lemon;coin
lemon001S(9),raw_gt_box_prompt,2,0.7559617894776958,0.7492413632119514,0.7626822157434402,0.7570768219568529,0.7585388102609465,lemon;coin
lemon001T(1),raw_gt_box_prompt,2,0.7161845619669207,0.6993788819875777,0.7329902419462638,0.7162335586408477,0.7163004035606337,lemon;coin
lemon001T(10),raw_gt_box_prompt,2,0.7466262018987605,0.7271937202130642,0.7660586835844568,0.7468541503267265,0.7471517103346614,lemon;coin
lemon001T(11),raw_gt_box_prompt,2,0.7184991232820135,0.6992747512228031,0.7377234953412238,0.7184991232820135,0.7184991232820135,lemon;coin
lemon001T(12),raw_gt_box_prompt,2,0.7299494617099047,0.7050346913360612,0.7548642320837482,0.7302645984152834,0.7306820730974639,lemon;coin
lemon001T(13),raw_gt_box_prompt,2,0.7104604856683931,0.6723980245107005,0.7485229468260858,0.7109116559335111,0.7115144033402956,lemon;coin
lemon001T(14),raw_gt_box_prompt,2,0.7140662150847776,0.6807359307359307,0.7473964994336244,0.7143258416294835,0.7146732162089775,lemon;coin
lemon001T(15),raw_gt_box_prompt,2,0.7319016879698925,0.7247863247863248,0.7390170511534604,0.7330169048478907,0.7345259591738464,lemon;coin
lemon001T(16),raw_gt_box_prompt,2,0.7802276341586942,0.7525133057362507,0.8079419625811378,0.7844971081378416,0.7899015922360234,lemon;coin
lemon001T(17),raw_gt_box_prompt,2,0.7404276867856974,0.7298521632985217,0.7510032102728732,0.7494482176269817,0.7615320927175453,lemon;coin
lemon001T(18),raw_gt_box_prompt,2,0.7028096872500481,0.6918721461187215,0.7137472283813747,0.7028096872500481,0.7028096872500481,lemon;coin
lemon001T(2),raw_gt_box_prompt,2,0.7151490459759429,0.6748490945674044,0.7554489973844812,0.7153264528124192,0.7155612890979802,lemon;coin
lemon001T(3),raw_gt_box_prompt,2,0.7555984900216444,0.7474066390041494,0.7637903410391393,0.7576030967822013,0.7602499456977069,lemon;coin
lemon001T(4),raw_gt_box_prompt,2,0.7528415586066535,0.7453893442622951,0.7602937729510117,0.7535557288826152,0.75449506352058,lemon;coin
lemon001T(5),raw_gt_box_prompt,2,0.7417055381664945,0.7350172215843858,0.7483938547486033,0.7417055381664945,0.7417055381664945,lemon;coin
lemon001T(6),raw_gt_box_prompt,2,0.7734190864869552,0.7717557251908397,0.7750824477830707,0.780151449605343,0.7888517380085003,lemon;coin
lemon001T(7),raw_gt_box_prompt,2,0.7463979499794997,0.7416888888888888,0.7511070110701107,0.7491499881997545,0.7528139644104597,lemon;coin
lemon001T(8),raw_gt_box_prompt,2,0.7626605326902933,0.743896484375,0.7814245810055865,0.7638560762888824,0.7653860302059332,lemon;coin
lemon001T(9),raw_gt_box_prompt,2,0.7264263714018968,0.7198707489522347,0.732981993851559,0.727941231456397,0.7300455815174391,lemon;coin
lemon002S(1),raw_gt_box_prompt,2,0.7178364730037091,0.7067390440884417,0.7289339019189766,0.717844244319749,0.7178549055278772,lemon;coin
lemon002S(10),raw_gt_box_prompt,2,0.731645120522881,0.6917562724014337,0.7715339686443283,0.7321438343046321,0.7327902268187911,lemon;coin
lemon002S(11),raw_gt_box_prompt,2,0.7657046706098307,0.75,0.7814093412196614,0.7661035116374031,0.7666139240506329,lemon;coin
lemon002S(12),raw_gt_box_prompt,2,0.7581738673699561,0.730405049973698,0.7859426847662142,0.7623312407455327,0.767864186392416,lemon;coin
lemon002S(13),raw_gt_box_prompt,2,0.7542322635135135,0.7234375,0.785027027027027,0.7547421316843472,0.7553916229162156,lemon;coin
lemon002S(14),raw_gt_box_prompt,2,0.7521544952705046,0.7479239217787302,0.756385068762279,0.7544183102010158,0.7574353259061419,lemon;coin
lemon002S(15),raw_gt_box_prompt,2,0.757887161583163,0.7384831460674157,0.7772911770989105,0.76060370965868,0.7642822608754315,lemon;coin
lemon002S(16),raw_gt_box_prompt,2,0.7436885612088779,0.7432575356953992,0.7441195867223566,0.7440979579885447,0.7446481340448827,lemon;coin
lemon002S(17),raw_gt_box_prompt,2,0.7523915029555392,0.7051664182811723,0.7996165876299062,0.7525933040325707,0.7528456763321871,lemon;coin
lemon002S(18),raw_gt_box_prompt,2,0.7651566068906233,0.7524858908895459,0.7778273228917005,0.765373501465073,0.7656523481551627,lemon;coin
lemon002S(19),raw_gt_box_prompt,2,0.7383858157671095,0.7184491282851938,0.7583225032490253,0.7414811656342317,0.7455630039732761,lemon;coin
lemon002S(2),raw_gt_box_prompt,2,0.7673505149547761,0.7503359312012899,0.7843650987082622,0.7686211106584113,0.7702410140754906,lemon;coin
lemon002S(20),raw_gt_box_prompt,2,0.7545355473387416,0.749584487534626,0.7594866071428571,0.7556810640604532,0.7572092663388639,lemon;coin
lemon002S(21),raw_gt_box_prompt,2,0.7336567078351248,0.7114762931034483,0.7558371225668012,0.7339658910933204,0.734374951787701,lemon;coin
lemon002S(22),raw_gt_box_prompt,2,0.7440447995443431,0.7328798185941043,0.7552097804945819,0.7440447995443431,0.7440447995443431,lemon;coin
lemon002S(23),raw_gt_box_prompt,2,0.7571562353446211,0.7513227513227513,0.7629897193664907,0.7571562353446211,0.7571562353446211,lemon;coin
lemon002S(24),raw_gt_box_prompt,2,0.7374103178269162,0.7140625,0.7607581356538324,0.7376371660305343,0.7379353530534352,lemon;coin
lemon002S(25),raw_gt_box_prompt,2,0.7213649587980739,0.7059588862867552,0.7367710313093928,0.7223811182524603,0.7237603248325295,lemon;coin
lemon002S(26),raw_gt_box_prompt,2,0.732613078383586,0.7137681159420289,0.7514580408251431,0.732613078383586,0.732613078383586,lemon;coin
lemon002S(3),raw_gt_box_prompt,2,0.7807603995296093,0.7770776302876917,0.784443168771527,0.7814398822605237,0.7823102056561806,lemon;coin
lemon002S(4),raw_gt_box_prompt,2,0.7623436365654432,0.7525970475669765,0.7720902255639098,0.7623436365654432,0.7623436365654432,lemon;coin
lemon002S(5),raw_gt_box_prompt,2,0.7300424946672943,0.7296286401282394,0.7304563492063492,0.7337841800012852,0.7389123851294903,lemon;coin
lemon002S(6),raw_gt_box_prompt,2,0.7650194621446268,0.7475436681222707,0.7824952561669829,0.7656325378702602,0.7664526581545685,lemon;coin
lemon002S(7),raw_gt_box_prompt,2,0.7812361347213406,0.7754212667054038,0.7870510027372772,0.7841923741120138,0.7879959967031673,lemon;coin
lemon002S(8),raw_gt_box_prompt,2,0.7677528846107954,0.7636465953854812,0.7718591738361096,0.7694749694749695,0.7717270958796383,lemon;coin
lemon002S(9),raw_gt_box_prompt,2,0.7746824887003125,0.7597672485453034,0.7895977288553216,0.7765648769574944,0.7789960850111857,lemon;coin
lemon002T(1),raw_gt_box_prompt,2,0.7661109390949459,0.746631299734748,0.7855905784551438,0.7674224723874257,0.7691156601057303,lemon;coin
lemon002T(10),raw_gt_box_prompt,2,0.7751711119094105,0.7335381913959613,0.8168040324228595,0.7795573917392887,0.7849274433744007,lemon;coin
lemon002T(11),raw_gt_box_prompt,2,0.7671449631869149,0.7467045224092476,0.7875854039645822,0.7715566016982709,0.7773222692218249,lemon;coin
lemon002T(12),raw_gt_box_prompt,2,0.7268857433029735,0.677365491651206,0.776405994954741,0.7298460233375648,0.7336588223806269,lemon;coin
lemon002T(13),raw_gt_box_prompt,2,0.7579400580821027,0.7463938883853425,0.7694862277788631,0.758637017951682,0.7595435421883964,lemon;coin
lemon002T(14),raw_gt_box_prompt,2,0.7867416482415501,0.7859613721533583,0.7875219243297419,0.7916311491407007,0.7978456839864216,lemon;coin
lemon002T(15),raw_gt_box_prompt,2,0.7465475068102775,0.7157588577472237,0.7773361558733313,0.7483525191513896,0.7506745677625007,lemon;coin
lemon002T(16),raw_gt_box_prompt,2,0.7183123777068161,0.6922302737520128,0.7443944816616194,0.7188939358956143,0.7196751858956143,lemon;coin
lemon002T(17),raw_gt_box_prompt,2,0.7516011964943146,0.7318532818532818,0.7713491111353473,0.7522331735899574,0.7530524875510674,lemon;coin
lemon002T(18),raw_gt_box_prompt,2,0.7301008280674175,0.7035714285714286,0.7566302275634065,0.7302743671104367,0.7305037249086018,lemon;coin
lemon002T(19),raw_gt_box_prompt,2,0.7310001374799711,0.7044209702660407,0.7575793046939014,0.731377395906938,0.7318753746989,lemon;coin
lemon002T(2),raw_gt_box_prompt,2,0.7335895503748664,0.7050173010380623,0.7621617997116706,0.734126914745991,0.734831967624957,lemon;coin
lemon002T(20),raw_gt_box_prompt,2,0.7148551024547731,0.6796937953263498,0.7500164095831966,0.7167352148344923,0.7192419764942324,lemon;coin
lemon002T(21),raw_gt_box_prompt,2,0.7176017130887261,0.6432595573440644,0.7919438688333879,0.7189740074769351,0.7207068252209888,lemon;coin
lemon002T(22),raw_gt_box_prompt,2,0.7234388634166196,0.6871657754010695,0.7597119514321697,0.723930157076808,0.7245768412039459,lemon;coin
lemon002T(23),raw_gt_box_prompt,2,0.7292402108165654,0.7095495495495495,0.7489308720835814,0.7292402108165654,0.7292402108165654,lemon;coin
lemon002T(24),raw_gt_box_prompt,2,0.698947234906139,0.684931506849315,0.7129629629629629,0.698947234906139,0.698947234906139,lemon;coin
lemon002T(25),raw_gt_box_prompt,2,0.7397111602107003,0.7212467076382791,0.7581756127831213,0.7434407494827566,0.7483599122851128,lemon;coin
lemon002T(26),raw_gt_box_prompt,2,0.7153459329377267,0.6847278225806451,0.7459640432948083,0.7153459329377267,0.7153459329377267,lemon;coin
lemon002T(3),raw_gt_box_prompt,2,0.7578700322646682,0.7436880072137061,0.7720520573156303,0.7602179873074215,0.7633173316386994,lemon;coin
lemon002T(4),raw_gt_box_prompt,2,0.7651182621337509,0.741421568627451,0.7888149556400507,0.7709109713705302,0.7786121599540717,lemon;coin
lemon002T(5),raw_gt_box_prompt,2,0.7901561079199095,0.7843077763281653,0.7960044395116537,0.7988718068023353,0.8098410094889095,lemon;coin
lemon002T(6),raw_gt_box_prompt,2,0.7566437485550459,0.7322593800978793,0.7810281170122124,0.7590868504979671,0.7622659238605609,lemon;coin
lemon002T(7),raw_gt_box_prompt,2,0.7660243126708179,0.754410080183276,0.7776385451583597,0.767748844643279,0.7700111106189464,lemon;coin
lemon002T(8),raw_gt_box_prompt,2,0.7256676091162282,0.666734693877551,0.7846005243549055,0.7273529345219241,0.7295009389565139,lemon;coin
lemon002T(9),raw_gt_box_prompt,2,0.7337316266508022,0.6957472178060413,0.771716035495563,0.7344926878297919,0.7354788811236774,lemon;coin
lemon003S(1),raw_gt_box_prompt,2,0.7558612635281228,0.7311207311207312,0.7806017959355144,0.7558612635281228,0.7558612635281228,lemon;coin
lemon003S(10),raw_gt_box_prompt,2,0.7641416668686227,0.7415609082275749,0.7867224255096706,0.7687180532676743,0.774535081295173,lemon;coin
lemon003S(11),raw_gt_box_prompt,2,0.7484655578362127,0.7462197580645161,0.7507113576079093,0.7484655578362127,0.7484655578362127,lemon;coin
lemon003S(12),raw_gt_box_prompt,2,0.7170200391032129,0.7059659090909091,0.7280741691155167,0.7173367242223394,0.7177716869398207,lemon;coin
lemon003S(13),raw_gt_box_prompt,2,0.7399580738587617,0.7221828490432317,0.7577332986742916,0.741263040736654,0.7429929999569884,lemon;coin
lemon003S(14),raw_gt_box_prompt,2,0.7682425712673052,0.7618796198521647,0.7746055226824458,0.7718492648593,0.7765184649462071,lemon;coin
lemon003S(15),raw_gt_box_prompt,2,0.7720014732288059,0.7529502308876347,0.7910527155699771,0.7730415062454271,0.7743809907563213,lemon;coin
lemon003S(16),raw_gt_box_prompt,2,0.742730054825472,0.7425595238095238,0.7429005858414204,0.7438463717549458,0.745349018206906,lemon;coin
lemon003S(17),raw_gt_box_prompt,2,0.7825746458498072,0.7817785051827605,0.7833707865168539,0.7902815482626384,0.8001394600949662,lemon;coin
lemon003S(18),raw_gt_box_prompt,2,0.7597480042808856,0.7493696419566314,0.7701263666051399,0.7605892686455347,0.7617020589526984,lemon;coin
lemon003S(2),raw_gt_box_prompt,2,0.7559942744523858,0.7411374649324152,0.7708510839723564,0.7588158053492753,0.7625600110145876,lemon;coin
lemon003S(3),raw_gt_box_prompt,2,0.7733126340407224,0.7422123015873016,0.8044129664941433,0.775183873836891,0.7775100916803503,lemon;coin
lemon003S(4),raw_gt_box_prompt,2,0.7303089507825687,0.7135874877810362,0.7470304137841013,0.7303089507825687,0.7303089507825687,lemon;coin
lemon003S(5),raw_gt_box_prompt,2,0.7517655857692567,0.7156031904287139,0.7879279811097993,0.7522312642450898,0.7528222807935532,lemon;coin
lemon003S(6),raw_gt_box_prompt,2,0.7594496038742149,0.7569065878222304,0.7619926199261993,0.7618750445742453,0.7650580684469241,lemon;coin
lemon003S(7),raw_gt_box_prompt,2,0.7530468642374983,0.7374487704918032,0.7686449579831933,0.7530468642374983,0.7530468642374983,lemon;coin
lemon003S(8),raw_gt_box_prompt,2,0.7081485100359535,0.6834873252783701,0.7328096947935369,0.7084777147505956,0.7089269510488885,lemon;coin
lemon003S(9),raw_gt_box_prompt,2,0.7612276388800496,0.7542328042328043,0.7682224735272951,0.7612276388800496,0.7612276388800496,lemon;coin
lemon003T(1),raw_gt_box_prompt,2,0.7252195801794926,0.7107843137254902,0.739654846633495,0.7252428749277489,0.725274369006862,lemon;coin
lemon003T(10),raw_gt_box_prompt,2,0.752934362944855,0.7423784035373516,0.7634903223523584,0.7544307055900306,0.7564195956900128,lemon;coin
lemon003T(11),raw_gt_box_prompt,2,0.7676042751642531,0.7483692925238334,0.7868392578046728,0.7706610810087631,0.7747065021071644,lemon;coin
lemon003T(12),raw_gt_box_prompt,2,0.7472709169502232,0.7298216392532445,0.764720194647202,0.7494473635111298,0.7523243544010534,lemon;coin
lemon003T(13),raw_gt_box_prompt,2,0.7567146620420062,0.7552435370357466,0.7581857870482658,0.7611358054898549,0.7669725785958341,lemon;coin
lemon003T(14),raw_gt_box_prompt,2,0.7643857527426781,0.7576783555018138,0.7710931499835424,0.7692570869990225,0.7756659335288367,lemon;coin
lemon003T(15),raw_gt_box_prompt,2,0.7605141815906898,0.7573564881813797,0.763671875,0.7613248877762431,0.7623953297651933,lemon;coin
lemon003T(16),raw_gt_box_prompt,2,0.7859925146284656,0.764692836549124,0.8072921927078073,0.7910367008193095,0.7974261648174692,lemon;coin
lemon003T(17),raw_gt_box_prompt,2,0.7331462850507775,0.715378421900161,0.7509141482013939,0.7355910668796181,0.7388468076786114,lemon;coin
lemon003T(18),raw_gt_box_prompt,2,0.7580160420865205,0.7490583804143126,0.7669737037587283,0.7610577926510075,0.7650900643629144,lemon;coin
lemon003T(2),raw_gt_box_prompt,2,0.7563396252569823,0.7433862433862434,0.7692930071277211,0.7573798128269831,0.7587319472677788,lemon;coin
lemon003T(3),raw_gt_box_prompt,2,0.7207277100792236,0.6838775510204081,0.7575778691380392,0.721812989346682,0.7232455539867939,lemon;coin
lemon003T(4),raw_gt_box_prompt,2,0.7276677028025731,0.7023052464228935,0.7530301591822526,0.7280971468625572,0.7286674348579949,lemon;coin
lemon003T(5),raw_gt_box_prompt,2,0.7297987114371295,0.7276626909395271,0.7319347319347319,0.7299694051712561,0.7302026141264799,lemon;coin
lemon003T(6),raw_gt_box_prompt,2,0.7059436712562785,0.6692044156832889,0.7426829268292683,0.7059436712562785,0.7059436712562785,lemon;coin
lemon003T(7),raw_gt_box_prompt,2,0.742922059383327,0.7268019884009942,0.7590421303656598,0.746372250884989,0.7509177054304437,lemon;coin
lemon003T(8),raw_gt_box_prompt,2,0.7262424856703481,0.6956521739130435,0.7568327974276527,0.7268518518518519,0.7276570048309179,lemon;coin
lemon003T(9),raw_gt_box_prompt,2,0.782157250463872,0.7646393520376519,0.7996751488900921,0.7900951339529798,0.8002508787003046,lemon;coin
lemon004S(1),raw_gt_box_prompt,2,0.7749882774516492,0.7721681848592455,0.7778083700440529,0.7785542230214538,0.7831388298566859,lemon;coin
lemon004S(10),raw_gt_box_prompt,2,0.7447065050614001,0.7148979077388454,0.7745151023839548,0.7464614128224045,0.7488635329357566,lemon;coin
lemon004S(11),raw_gt_box_prompt,2,0.7841737867149545,0.7749256957579033,0.7934218776720059,0.7933763837172928,0.8051703347157892,lemon;coin
lemon004S(12),raw_gt_box_prompt,2,0.7712024471653368,0.76756515074093,0.7748397435897436,0.7744879672299028,0.7787378392217101,lemon;coin
lemon004S(2),raw_gt_box_prompt,2,0.7407132204335853,0.7136438874438401,0.7677825534233307,0.7445762918996458,0.7496745785985359,lemon;coin
lemon004S(3),raw_gt_box_prompt,2,0.7416544519296728,0.7290114257327373,0.7542974781266083,0.7421598048061748,0.7428297697618541,lemon;coin
lemon004S(4),raw_gt_box_prompt,2,0.7592576905168777,0.7422680412371134,0.7762473397966422,0.7617939393939395,0.7651552188552189,lemon;coin
lemon004S(5),raw_gt_box_prompt,2,0.768749705135104,0.737477976340297,0.8000214339299111,0.7695146543432834,0.7705200700412393,lemon;coin
lemon004S(6),raw_gt_box_prompt,2,0.7519030960542716,0.7416390094460046,0.7621671826625387,0.7538224661980675,0.7563786975682399,lemon;coin
lemon004S(7),raw_gt_box_prompt,2,0.7633532315751814,0.7632962532514251,0.7634102098989376,0.7688033659870244,0.7759430223988331,lemon;coin
lemon004S(8),raw_gt_box_prompt,2,0.732527300275851,0.7253399258343635,0.7397146747173385,0.7340911375661375,0.7362365740740741,lemon;coin
lemon004S(9),raw_gt_box_prompt,2,0.7491290257501824,0.7114109848484849,0.7868470666518798,0.7507940323507376,0.7529100809084834,lemon;coin
lemon004T(1),raw_gt_box_prompt,2,0.7666228325747673,0.7642487046632125,0.7689969604863222,0.7688713310878472,0.7717961711760756,lemon;coin
lemon004T(10),raw_gt_box_prompt,2,0.7416729038798584,0.6978272777067738,0.785518530052943,0.7419917211668223,0.7424485925118516,lemon;coin
lemon004T(11),raw_gt_box_prompt,2,0.7930468070847004,0.7825303917154435,0.8035632224539574,0.7963419013088697,0.8005016963299322,lemon;coin
lemon004T(12),raw_gt_box_prompt,2,0.7234680463630326,0.6998112020138452,0.7471248907122201,0.7242664252524365,0.7254015895276382,lemon;coin
lemon004T(2),raw_gt_box_prompt,2,0.7449622508749394,0.7263330984261217,0.7635914033237572,0.749011229874994,0.7545043761248116,lemon;coin
lemon004T(3),raw_gt_box_prompt,2,0.7460390684043149,0.7307116104868914,0.7613665263217384,0.7496572827491936,0.7545118520491207,lemon;coin
lemon004T(4),raw_gt_box_prompt,2,0.7660579093820814,0.7301241559573077,0.8019916628068551,0.7750611197761933,0.7862969461774609,lemon;coin
lemon004T(5),raw_gt_box_prompt,2,0.7614639342643117,0.7473777462792346,0.7755501222493888,0.7679446778711485,0.7763448676572078,lemon;coin
lemon004T(6),raw_gt_box_prompt,2,0.7298472815308744,0.7102846648301194,0.7494098982316294,0.7312070741115231,0.733075604132227,lemon;coin
lemon004T(7),raw_gt_box_prompt,2,0.7218305235567891,0.6913609467455621,0.7523001003680161,0.721956410454441,0.7221237464651505,lemon;coin
lemon004T(8),raw_gt_box_prompt,2,0.7588327586562994,0.7228144989339019,0.7948510183786969,0.7602282133936216,0.7619838313711497,lemon;coin
lemon004T(9),raw_gt_box_prompt,2,0.7488924865427844,0.7392578125,0.7585271605855688,0.7497965040153631,0.7509883103468342,lemon;coin
litchi001S(1),raw_gt_box_prompt,2,0.7263686855329278,0.7105263157894737,0.7422110552763819,0.7273971966954422,0.7287829361764199,litchi;coin
litchi001S(2),raw_gt_box_prompt,2,0.7433363495042427,0.7403273809523809,0.7463453180561043,0.7434838485789572,0.7436814770374554,litchi;coin
litchi001S(3),raw_gt_box_prompt,2,0.7258333953076102,0.7031788873894137,0.7484879032258065,0.7259388668671405,0.7260888593675154,litchi;coin
litchi001S(4),raw_gt_box_prompt,2,0.7833317764370153,0.75884042362233,0.8078231292517006,0.7896653557804192,0.7975383478802172,litchi;coin
litchi001S(5),raw_gt_box_prompt,2,0.7175494091207517,0.7120781117859614,0.7230207064555421,0.7188920440873565,0.7207606776698574,litchi;coin
litchi001S(6),raw_gt_box_prompt,2,0.7384394878998641,0.6972624798711755,0.7796164959285526,0.7412238325281804,0.7447952610996089,litchi;coin
litchi001S(7),raw_gt_box_prompt,2,0.7328481501533075,0.7292387543252595,0.7364575459813555,0.7351565982518363,0.7383221569729506,litchi;coin
litchi001T(1),raw_gt_box_prompt,2,0.7361013675016865,0.72984375,0.7423589850033729,0.7384076728279031,0.7415143979741019,litchi;coin
litchi001T(2),raw_gt_box_prompt,2,0.7763633964635186,0.7449778241586225,0.8077489687684148,0.7810516626652555,0.7869438297390459,litchi;coin
litchi001T(3),raw_gt_box_prompt,2,0.750184954981088,0.7129530135781967,0.7874168963839793,0.7566869212410928,0.7650855550456637,litchi;coin
litchi001T(4),raw_gt_box_prompt,2,0.6931278742357551,0.6699598641556036,0.7162958843159065,0.6941065842444406,0.6954729330258805,litchi;coin
litchi001T(5),raw_gt_box_prompt,2,0.7536476617622281,0.7435796128012643,0.763715710723192,0.7566510187686495,0.7606411224111447,litchi;coin
litchi001T(6),raw_gt_box_prompt,2,0.7282713184595169,0.6843030303030303,0.7722396066160035,0.7328118498417007,0.7386915422885572,litchi;coin
litchi001T(7),raw_gt_box_prompt,2,0.7414795351067912,0.7219548315438726,0.7610042386697098,0.7449926900584796,0.7496186647173488,litchi;coin
litchi002S(1),raw_gt_box_prompt,2,0.7421966754307388,0.7184536834427425,0.7659396674187349,0.7455409367785769,0.7501043583277064,litchi;coin
litchi002S(2),raw_gt_box_prompt,2,0.7347273558409588,0.7110091743119266,0.7584455373699911,0.7391177321365516,0.7452575831378632,litchi;coin
litchi002S(3),raw_gt_box_prompt,2,0.774411600365237,0.7634408602150538,0.7853823405154203,0.7762115598927743,0.7785033857140119,litchi;coin
litchi002S(4),raw_gt_box_prompt,2,0.728372859765464,0.6898954703832753,0.7668502491476528,0.7317202219641243,0.7360853013292037,litchi;coin
litchi002S(5),raw_gt_box_prompt,2,0.7460249342619987,0.7257928280734086,0.7662570404505888,0.7461085509472607,0.7462237583205324,litchi;coin
litchi002S(6),raw_gt_box_prompt,2,0.7661801445342782,0.7495121380064007,0.7828481510621558,0.7696265938069217,0.7740307051782462,litchi;coin
litchi002S(7),raw_gt_box_prompt,2,0.7582490249315836,0.7580645161290323,0.7584335337341349,0.7584391085239981,0.7586897350904143,litchi;coin
litchi002S(8),raw_gt_box_prompt,2,0.7562790894042679,0.7306841388699796,0.7818740399385561,0.7562790894042679,0.7562790894042679,litchi;coin
litchi002T(1),raw_gt_box_prompt,2,0.7439194467418666,0.7381429064549534,0.7496959870287799,0.7778366701373092,0.8231256087618966,litchi;coin
litchi002T(2),raw_gt_box_prompt,2,0.7297892086058502,0.727824031246788,0.7317543859649123,0.7299176316290099,0.7300931318045102,litchi;coin
litchi002T(3),raw_gt_box_prompt,2,0.7584452776811024,0.7275762187638077,0.7893143365983971,0.7644478461150515,0.7721855654724908,litchi;coin
litchi002T(4),raw_gt_box_prompt,2,0.7537587667768562,0.7398741813167873,0.767643352236925,0.7557088463721605,0.7582554292060997,litchi;coin
litchi002T(5),raw_gt_box_prompt,2,0.7805993956173822,0.7731077229335385,0.7880910683012259,0.7843786944757642,0.7891987828559844,litchi;coin
litchi002T(6),raw_gt_box_prompt,2,0.7339680437302465,0.731006350530756,0.736929736929737,0.7339680437302465,0.7339680437302465,litchi;coin
litchi002T(7),raw_gt_box_prompt,2,0.73559351513767,0.725152455333262,0.746034574942078,0.7376499248362505,0.7404574730407572,litchi;coin
litchi002T(8),raw_gt_box_prompt,2,0.7640197964795674,0.7540570348195998,0.7739825581395349,0.7693772282819726,0.7764047736712674,litchi;coin
litchi003S(1),raw_gt_box_prompt,2,0.7409978316395429,0.7268135904499541,0.7551820728291316,0.7409978316395429,0.7409978316395429,litchi;coin
litchi003S(2),raw_gt_box_prompt,2,0.7179881052111897,0.7074592074592074,0.728517002963172,0.7183482477974004,0.7188425980798863,litchi;coin
litchi003S(3),raw_gt_box_prompt,2,0.7465814157544279,0.6937040441176471,0.7994587873912089,0.7504482412288132,0.7552850452459451,litchi;coin
litchi003S(4),raw_gt_box_prompt,2,0.7172166266319847,0.6954426545504613,0.7389905987135081,0.7186043525700008,0.7205065802813473,litchi;coin
litchi003S(5),raw_gt_box_prompt,2,0.7400674159980416,0.7377414561664191,0.7423933758296641,0.7411293032941,0.7425643222213866,litchi;coin
litchi003S(6),raw_gt_box_prompt,2,0.7195425230250021,0.7035867813003761,0.7354982647496282,0.7200020772718452,0.7206327276679939,litchi;coin
litchi003S(7),raw_gt_box_prompt,2,0.7355205091219441,0.7252652885971907,0.7457757296466974,0.7355205091219441,0.7355205091219441,litchi;coin
litchi003S(8),raw_gt_box_prompt,2,0.7284222371956677,0.7235583888727904,0.7332860855185448,0.729464577047151,0.7308860411551823,litchi;coin
litchi003T(1),raw_gt_box_prompt,2,0.7738804065227263,0.7682339874120696,0.779526825633383,0.7744257335623914,0.7751252951704504,litchi;coin
litchi003T(2),raw_gt_box_prompt,2,0.7165658929371286,0.6909063535079796,0.7422254323662775,0.7166999654502004,0.7168806012883507,litchi;coin
litchi003T(3),raw_gt_box_prompt,2,0.7521422815777654,0.7135954135954136,0.7906891495601173,0.7569832355546642,0.7631056845342559,litchi;coin
litchi003T(4),raw_gt_box_prompt,2,0.7526271946726493,0.7250891000891001,0.7801652892561983,0.756078129070097,0.7605592198965693,litchi;coin
litchi003T(5),raw_gt_box_prompt,2,0.7386720299038747,0.7298848076505108,0.7474592521572387,0.7429732329940946,0.7487918915928755,litchi;coin
litchi003T(6),raw_gt_box_prompt,2,0.7817599104264463,0.7745750972348021,0.7889447236180904,0.7846829758814378,0.7884098947173077,litchi;coin
litchi003T(7),raw_gt_box_prompt,2,0.7158580847699751,0.6934445646016788,0.7382716049382716,0.718418882704597,0.7219109910103699,litchi;coin
litchi003T(8),raw_gt_box_prompt,2,0.7060531789664558,0.6966725679785737,0.7154337899543379,0.7080570310315908,0.7109333493441506,litchi;coin
litchi004S(1),raw_gt_box_prompt,2,0.7933634004667607,0.783068783068783,0.8036580178647384,0.7970546525234026,0.8016477157102158,litchi;coin
litchi004S(2),raw_gt_box_prompt,2,0.7096614131921011,0.6955662862159789,0.7237565401682231,0.7098052725719795,0.7100040402126075,litchi;coin
litchi004S(3),raw_gt_box_prompt,2,0.6929061784897026,0.6857142857142857,0.7000980712651194,0.6929061784897026,0.6929061784897026,litchi;coin
litchi004S(4),raw_gt_box_prompt,2,0.7486703685866842,0.7329478973088306,0.764392839864538,0.7531192719507543,0.7589848533354087,litchi;coin
litchi004S(5),raw_gt_box_prompt,2,0.7206082625246908,0.7040072227238002,0.7372093023255814,0.7214674808257695,0.7226329819912707,litchi;coin
litchi004S(6),raw_gt_box_prompt,2,0.758199485052309,0.7511627906976744,0.7652361794069438,0.762818355301998,0.768879964274731,litchi;coin
litchi004S(7),raw_gt_box_prompt,2,0.7656753584570486,0.7622065727699531,0.7691441441441441,0.7707037850785123,0.7772831454796592,litchi;coin
litchi004S(8),raw_gt_box_prompt,2,0.713098202163873,0.7053140096618358,0.7208823946659101,0.7135589934672815,0.7141981980127361,litchi;coin
litchi004T(1),raw_gt_box_prompt,2,0.7630441732702293,0.7430304953007891,0.7830578512396694,0.7662436565592232,0.7703295402317116,litchi;coin
litchi004T(2),raw_gt_box_prompt,2,0.7402161058492097,0.732406935237124,0.7480252764612955,0.7409264812304646,0.7418761488467988,litchi;coin
litchi004T(3),raw_gt_box_prompt,2,0.7337469614321388,0.7155450609996065,0.751948861864671,0.7348050508250065,0.7362121802809165,litchi;coin
litchi004T(4),raw_gt_box_prompt,2,0.7680519947654749,0.7504820186101098,0.7856219709208401,0.7699650352790808,0.7724001002141458,litchi;coin
litchi004T(5),raw_gt_box_prompt,2,0.718946868946869,0.7185185185185186,0.7193752193752194,0.718946868946869,0.718946868946869,litchi;coin
litchi004T(6),raw_gt_box_prompt,2,0.7575150460246036,0.7472321261024583,0.767797965946749,0.7597876821097957,0.7627476223362455,litchi;coin
litchi004T(7),raw_gt_box_prompt,2,0.7383378218457448,0.7092248145360713,0.7674508291554184,0.7384858640581591,0.738678765292727,litchi;coin
litchi004T(8),raw_gt_box_prompt,2,0.7475289577695889,0.7400641025641026,0.7549938129750752,0.7476624668435013,0.7478393015030946,litchi;coin
litchi005S(1),raw_gt_box_prompt,2,0.6855090431015682,0.6767778901247051,0.6942401960784313,0.6855090431015682,0.6855090431015682,litchi;coin
litchi005S(2),raw_gt_box_prompt,2,0.7411810457373142,0.7350678733031675,0.7472942181714611,0.7415538938860813,0.7420528247485189,litchi;coin
litchi005S(3),raw_gt_box_prompt,2,0.7470234673425948,0.7167575573958123,0.7772893772893773,0.7482339610894634,0.7499228079448306,litchi;coin
litchi005S(4),raw_gt_box_prompt,2,0.7044554776155394,0.6940760389036251,0.7148349163274537,0.7044554776155394,0.7044554776155394,litchi;coin
litchi005S(5),raw_gt_box_prompt,2,0.7092678200810756,0.7000824515597087,0.7184531886024423,0.7105714218874281,0.7124334908529453,litchi;coin
litchi005S(6),raw_gt_box_prompt,2,0.7619213787062044,0.7588686481303931,0.7649741092820156,0.7656050988771577,0.7704320937776821,litchi;coin
litchi005S(7),raw_gt_box_prompt,2,0.7614870655157018,0.7340155363011652,0.7889585947302384,0.765228066349672,0.7701738151364284,litchi;coin
litchi005S(8),raw_gt_box_prompt,2,0.7691237596499059,0.7582824059183016,0.7799651133815101,0.7739355001259763,0.7801225804331394,litchi;coin
litchi005T(1),raw_gt_box_prompt,2,0.7613662866711582,0.7201535686201952,0.8025790047221213,0.7637480362628456,0.7667417973323194,litchi;coin
litchi005T(2),raw_gt_box_prompt,2,0.7439625512022768,0.7330605086232096,0.7548645937813441,0.7468456296992481,0.7507336783861062,litchi;coin
litchi005T(3),raw_gt_box_prompt,2,0.7316351499558548,0.7160845588235294,0.7471857410881801,0.7352080944939624,0.7401976512356658,litchi;coin
litchi005T(4),raw_gt_box_prompt,2,0.7142340314007327,0.6974289715886355,0.73103909121283,0.7142340314007327,0.7142340314007327,litchi;coin
litchi005T(5),raw_gt_box_prompt,2,0.7344952796249437,0.6970375246872943,0.771953034562593,0.7372596017840203,0.7408405478199962,litchi;coin
litchi005T(6),raw_gt_box_prompt,2,0.7280629599833346,0.7159874074704331,0.7401385124962361,0.7280629599833346,0.7280629599833346,litchi;coin
litchi005T(7),raw_gt_box_prompt,2,0.758149660157307,0.7128133980774948,0.8034859222371193,0.7673172164480497,0.7788221620105119,litchi;coin
litchi005T(8),raw_gt_box_prompt,2,0.7222246524553855,0.7100192226546017,0.7344300822561692,0.7241753538090903,0.7268415641575368,litchi;coin
mango001S(1),raw_gt_box_prompt,2,0.7706946414569477,0.749321644750574,0.7920676381633214,0.774147357849108,0.778676506228491,mango;coin
mango001S(2),raw_gt_box_prompt,2,0.7525192533493033,0.748389694041868,0.7566488126567386,0.7528123099942252,0.7531996186637424,mango;coin
mango001S(3),raw_gt_box_prompt,2,0.7870423956038122,0.7740847912076243,0.8,0.7899084271389716,0.7935704716669276,mango;coin
mango001S(4),raw_gt_box_prompt,2,0.768664653710182,0.7273838033331704,0.8099455040871935,0.773221178360041,0.778846895926057,mango;coin
mango001S(5),raw_gt_box_prompt,2,0.7391656830267425,0.7387518142235123,0.7395795518299726,0.7452376157463878,0.7534567938285796,mango;coin
mango001S(6),raw_gt_box_prompt,2,0.7432514918651129,0.7334139784946236,0.7530890052356021,0.7444380816842866,0.7460137119363874,mango;coin
mango001S(7),raw_gt_box_prompt,2,0.7655015217771712,0.7335176371780515,0.797485406376291,0.7683870411127707,0.7720053133877594,mango;coin
mango001S(8),raw_gt_box_prompt,2,0.748892236672809,0.7263254744105808,0.7714589989350372,0.7505308410741054,0.7527669949505582,mango;coin
mango001T(1),raw_gt_box_prompt,2,0.7624535059859467,0.7347319347319348,0.7901750772399588,0.7646218439321888,0.7673659673659674,mango;coin
mango001T(2),raw_gt_box_prompt,2,0.771420310159905,0.7438018699443218,0.7990387503754881,0.7744433078535169,0.7782266008317251,mango;coin
mango001T(3),raw_gt_box_prompt,2,0.7391959100490215,0.7203753351206434,0.7580164849773996,0.7401678976996575,0.7415102287477057,mango;coin
mango001T(4),raw_gt_box_prompt,2,0.7300459939810395,0.7215192267680494,0.7385727611940298,0.7305174412030755,0.7311708502939847,mango;coin
mango001T(5),raw_gt_box_prompt,2,0.7363545075793341,0.7236899090515375,0.7490191061071306,0.7388851456668188,0.7423077995252874,mango;coin
mango001T(6),raw_gt_box_prompt,2,0.7763446458760392,0.7610721692788323,0.7916171224732461,0.7764945576648192,0.7766915321369277,mango;coin
mango001T(7),raw_gt_box_prompt,2,0.741596367481834,0.7380526450293892,0.7451400899342788,0.7428264552235497,0.7444931218902163,mango;coin
mango001T(8),raw_gt_box_prompt,2,0.744244862093426,0.7297671840354767,0.7587225401513753,0.7509159944895571,0.7597562968307455,mango;coin
mango002S(1),raw_gt_box_prompt,2,0.6970283957016119,0.5909681611435997,0.803088630259624,0.6987613688293075,0.7009192541017406,mango;coin
mango002S(10),raw_gt_box_prompt,2,0.7383663663711134,0.7374197556429902,0.7393129770992366,0.7387485283506133,0.7392667704733331,mango;coin
mango002S(2),raw_gt_box_prompt,2,0.7507300767057365,0.7345893543076641,0.7668707991038088,0.7631160439447633,0.7798164528274061,mango;coin
mango002S(3),raw_gt_box_prompt,2,0.7874919741884674,0.7854209445585215,0.7895630038184133,0.7933035714285714,0.8006858178053831,mango;coin
mango002S(4),raw_gt_box_prompt,2,0.7399318360109013,0.7306939123031077,0.749169759718695,0.7404447652282362,0.7411294287650123,mango;coin
mango002S(5),raw_gt_box_prompt,2,0.7265110130178815,0.7254710056275997,0.7275510204081632,0.7265110130178815,0.7265110130178815,mango;coin
mango002S(6),raw_gt_box_prompt,2,0.7438138465715971,0.7164383561643836,0.7711893369788106,0.7438138465715971,0.7438138465715971,mango;coin
mango002S(7),raw_gt_box_prompt,2,0.7454236298515555,0.7232566413662239,0.767590618336887,0.7454236298515555,0.7454236298515555,mango;coin
mango002S(8),raw_gt_box_prompt,2,0.762534603617109,0.7407634211063482,0.7843057861278698,0.7631229919805869,0.763873194738089,mango;coin
mango002S(9),raw_gt_box_prompt,2,0.7612262922519252,0.7589869281045751,0.7634656563992752,0.763243421063401,0.7658884884148763,mango;coin
mango002T(1),raw_gt_box_prompt,2,0.7479117894460889,0.742105917454003,0.7537176614381748,0.7488194814699791,0.7500266418845101,mango;coin
mango002T(10),raw_gt_box_prompt,2,0.7409993834726656,0.7244404113732608,0.7575583555720704,0.7428638339030742,0.7453249650049819,mango;coin
mango002T(2),raw_gt_box_prompt,2,0.749082455787391,0.733174980205859,0.7649899313689229,0.7520142349172234,0.7559086012121783,mango;coin
mango002T(3),raw_gt_box_prompt,2,0.7474714403432616,0.7194460473167917,0.7754968333697314,0.7498410001392504,0.7529207437578328,mango;coin
mango002T(4),raw_gt_box_prompt,2,0.7312024825848111,0.7244459321376977,0.7379590330319247,0.7323636547026882,0.7339371460022068,mango;coin
mango002T(5),raw_gt_box_prompt,2,0.7188043491920082,0.7127902550437761,0.7248184433402401,0.7196886662812654,0.7209087195199522,mango;coin
mango002T(6),raw_gt_box_prompt,2,0.7394477755545315,0.721018270843723,0.75787728026534,0.7395376923513399,0.7396624004210857,mango;coin
mango002T(7),raw_gt_box_prompt,2,0.7585512323576935,0.757899142079933,0.759203322635454,0.7637542168983491,0.7706108615768076,mango;coin
mango002T(8),raw_gt_box_prompt,2,0.7411989126639047,0.7153363616699113,0.7670614636578981,0.7420711397993182,0.7432082418136131,mango;coin
mango002T(9),raw_gt_box_prompt,2,0.7199962797619048,0.6932043650793651,0.7467881944444444,0.7202124894302442,0.7205020088280438,mango;coin
mango003S(1),raw_gt_box_prompt,2,0.7034504370773544,0.6744186046511628,0.7324822695035461,0.7036063507149669,0.7038192072496625,mango;coin
mango003S(10),raw_gt_box_prompt,2,0.750870620975663,0.738475935828877,0.763265306122449,0.750870620975663,0.750870620975663,mango;coin
mango003S(11),raw_gt_box_prompt,2,0.7364460849028927,0.7301678108314263,0.742724358974359,0.7364460849028927,0.7364460849028927,mango;coin
mango003S(2),raw_gt_box_prompt,2,0.7209444612970735,0.6958210059171598,0.7460679166769871,0.7218490266746365,0.7230988726633176,mango;coin
mango003S(3),raw_gt_box_prompt,2,0.7220215935044699,0.7023667279411765,0.7416764590677634,0.7220215935044699,0.7220215935044699,mango;coin
mango003S(4),raw_gt_box_prompt,2,0.7858925522746376,0.7791374382956612,0.7926476662536142,0.7889334956245904,0.7928113162116835,mango;coin
mango003S(5),raw_gt_box_prompt,2,0.7426367752454139,0.714258114374034,0.7710154361167938,0.743548418701258,0.7447877885331348,mango;coin
mango003S(6),raw_gt_box_prompt,2,0.7585093408651866,0.7404489956675857,0.7765696860627874,0.7620007488171551,0.7666720323946886,mango;coin
mango003S(7),raw_gt_box_prompt,2,0.7539490881213313,0.7335600907029478,0.7743380855397148,0.7547392290249433,0.7557596371882086,mango;coin
mango003S(8),raw_gt_box_prompt,2,0.7334134332710422,0.7230681385610963,0.7437587279809883,0.7348860960416659,0.7368661235898752,mango;coin
mango003S(9),raw_gt_box_prompt,2,0.721702036466248,0.705993306966839,0.7374107659656569,0.721702036466248,0.721702036466248,mango;coin
mango003T(1),raw_gt_box_prompt,2,0.7633109001076335,0.7484530535377993,0.7781687466774675,0.7639818202898836,0.7648439985579196,mango;coin
mango003T(10),raw_gt_box_prompt,2,0.731024829317376,0.717566478646253,0.7444831799884991,0.7311988302763465,0.7314325507466639,mango;coin
mango003T(11),raw_gt_box_prompt,2,0.6854731845853945,0.6516610495907559,0.7192853195800332,0.6854731845853945,0.6854731845853945,mango;coin
mango003T(2),raw_gt_box_prompt,2,0.7395270204074409,0.7241462241462241,0.7549078166686577,0.7400236702868281,0.7406815650236702,mango;coin
mango003T(3),raw_gt_box_prompt,2,0.691751770936736,0.67135961383749,0.712143928035982,0.692022044533289,0.692424621022822,mango;coin
mango003T(4),raw_gt_box_prompt,2,0.7191662362919848,0.7171717171717171,0.7211607554122524,0.7191994572591587,0.7192455232256227,mango;coin
mango003T(5),raw_gt_box_prompt,2,0.7407457297449754,0.7390988927071401,0.7423925667828107,0.7422173568013313,0.7441996329207343,mango;coin
mango003T(6),raw_gt_box_prompt,2,0.7362463833721016,0.7214285714285714,0.7510641953156317,0.7366410609187495,0.737166552014064,mango;coin
mango003T(7),raw_gt_box_prompt,2,0.7277962819834844,0.7064312736443884,0.7491612903225806,0.7277962819834844,0.7277962819834844,mango;coin
mango003T(8),raw_gt_box_prompt,2,0.7087787912337902,0.6960023008340523,0.7215552816335281,0.7089916051574809,0.7092865429524187,mango;coin
mango003T(9),raw_gt_box_prompt,2,0.6988051947729367,0.6477920227920227,0.7498183667538506,0.6988051947729367,0.6988051947729367,mango;coin
mango004S(1),raw_gt_box_prompt,2,0.7618522348758933,0.7549302549302549,0.7687742148215316,0.7643076693599342,0.7675016298709678,mango;coin
mango004S(10),raw_gt_box_prompt,2,0.7547735801093602,0.7511654407956075,0.7583817194231129,0.7622215131321826,0.7721240544779036,mango;coin
mango004S(2),raw_gt_box_prompt,2,0.7382017955019702,0.723798076923077,0.7526055140808633,0.7382017955019702,0.7382017955019702,mango;coin
mango004S(3),raw_gt_box_prompt,2,0.6989380081300813,0.6639583333333333,0.7339176829268292,0.6989380081300813,0.6989380081300813,mango;coin
mango004S(4),raw_gt_box_prompt,2,0.7684511142358257,0.7612203731719617,0.7756818552996897,0.7685471067166796,0.7686732101214716,mango;coin
mango004S(5),raw_gt_box_prompt,2,0.7587546289661731,0.7283653846153846,0.7891438733169617,0.7604199671459837,0.7625858993505863,mango;coin
mango004S(6),raw_gt_box_prompt,2,0.7618568768483254,0.7207729468599033,0.8029408068367475,0.7657596422092843,0.7708935849376949,mango;coin
mango004S(7),patched_gt_box_prompt,2,0.7392258469287989,0.7253228782287823,0.7531288156288156,0.7556627684701456,0.7783242920959893,mango;coin
mango004S(8),raw_gt_box_prompt,2,0.7381046297334377,0.7258658806190126,0.750343378847863,0.7400853119794218,0.7427250130840353,mango;coin
mango004S(9),raw_gt_box_prompt,2,0.7910512848761352,0.7876082251082251,0.7944943446440452,0.795321618272438,0.8007391515588237,mango;coin
mango004T(1),raw_gt_box_prompt,2,0.730654311020365,0.7252859477124183,0.7360226743283118,0.730654311020365,0.730654311020365,mango;coin
mango004T(10),raw_gt_box_prompt,2,0.7144313483303549,0.7086640211640212,0.7201986754966887,0.7144313483303549,0.7144313483303549,mango;coin
mango004T(2),raw_gt_box_prompt,2,0.7345655875370936,0.6968436154949785,0.7722875595792086,0.7345655875370936,0.7345655875370936,mango;coin
mango004T(3),raw_gt_box_prompt,2,0.7642286613606688,0.7458881578947368,0.7825691648266009,0.7643811891344786,0.764576095579385,mango;coin
mango004T(4),raw_gt_box_prompt,2,0.7440391695492821,0.7151826484018264,0.7728956906967378,0.7440391695492821,0.7440391695492821,mango;coin
mango004T(5),raw_gt_box_prompt,2,0.7879717900672332,0.7744241119483315,0.8015194681861348,0.7938612313612314,0.8012389683585336,mango;coin
mango004T(6),raw_gt_box_prompt,2,0.7525557417790447,0.7279469164715067,0.7771645670865827,0.7593225351037851,0.7685573107448107,mango;coin
mango004T(7),patched_gt_box_prompt,2,0.7401525096844684,0.7175,0.7628050193689369,0.7405317253836211,0.7410288585821762,mango;coin
mango004T(8),raw_gt_box_prompt,2,0.7761482019682356,0.7730642922436266,0.7792321116928447,0.7811259878333049,0.7875440242256674,mango;coin
mango004T(9),raw_gt_box_prompt,2,0.7472388660941909,0.7326860259522311,0.7617917062361507,0.7487934093959133,0.7509151139824066,mango;coin
mango005S(1),raw_gt_box_prompt,2,0.7601050384572225,0.7546359113523292,0.7655741655621159,0.7609370838007872,0.7620239090634366,mango;coin
mango005S(10),raw_gt_box_prompt,2,0.7371361397223466,0.7287878787878788,0.7454844006568144,0.7371361397223466,0.7371361397223466,mango;coin
mango005S(11),raw_gt_box_prompt,2,0.7557865507826026,0.7488320355951057,0.7627410659700995,0.7570941288519931,0.758820630199791,mango;coin
mango005S(12),raw_gt_box_prompt,2,0.7624950130161086,0.7513368983957219,0.7736531276364951,0.7632424136949023,0.7642084805950352,mango;coin
mango005S(2),raw_gt_box_prompt,2,0.7316329637996712,0.7122153209109731,0.7510506066883693,0.7332849983069817,0.7354846297200963,mango;coin
mango005S(3),raw_gt_box_prompt,2,0.7366312649730781,0.7025641025641025,0.7706984273820536,0.7374256939541848,0.7385564505331321,mango;coin
mango005S(4),raw_gt_box_prompt,2,0.758765152099738,0.7573033707865169,0.7602269334129591,0.7612763001544898,0.7645916312863834,mango;coin
mango005S(5),raw_gt_box_prompt,2,0.6985073258559947,0.6406309388065374,0.756383712905452,0.7014561449068879,0.706059136851652,mango;coin
mango005S(6),raw_gt_box_prompt,2,0.7345145366966999,0.7212572373862697,0.7477718360071302,0.7345145366966999,0.7345145366966999,mango;coin
mango005S(7),raw_gt_box_prompt,2,0.7487575807554205,0.7177491601343785,0.7797660013764625,0.7493846903613068,0.7501889183024834,mango;coin
mango005S(8),raw_gt_box_prompt,2,0.7648876242528055,0.7632107023411371,0.7665645461644741,0.7672738714800462,0.7703867825051913,mango;coin
mango005S(9),raw_gt_box_prompt,2,0.7169049120114028,0.6697138314785374,0.7640959925442684,0.71869352622616,0.7210343501961975,mango;coin
mango005T(1),raw_gt_box_prompt,2,0.7462814669319164,0.7315899037210513,0.7609730301427816,0.7462814669319164,0.7462814669319164,mango;coin
mango005T(10),raw_gt_box_prompt,2,0.732821020645636,0.732353271237796,0.7332887700534759,0.732821020645636,0.732821020645636,mango;coin
mango005T(11),raw_gt_box_prompt,2,0.7931386523698288,0.7660049627791563,0.8202723419605014,0.7952203731687859,0.7977582141911734,mango;coin
mango005T(12),raw_gt_box_prompt,2,0.7575625787104447,0.7372005044136192,0.7779246530072703,0.7587315113220259,0.7602341409238291,mango;coin
mango005T(2),raw_gt_box_prompt,2,0.765675775047934,0.7454860252287905,0.7858655248670776,0.7755902728382839,0.7882891706774031,mango;coin
mango005T(3),raw_gt_box_prompt,2,0.7416191685962443,0.729343220338983,0.7538951168535056,0.7435629394284679,0.7461412434773601,mango;coin
mango005T(4),raw_gt_box_prompt,2,0.746559038012676,0.7324529224749328,0.7606651535504192,0.7522609396932507,0.7597659562872192,mango;coin
mango005T(5),raw_gt_box_prompt,2,0.7470631803825958,0.7361305361305361,0.7579958246346555,0.7475199087090039,0.7481291831831982,mango;coin
mango005T(6),raw_gt_box_prompt,2,0.7296697034237707,0.7170068027210884,0.7423326041264531,0.7329138552569572,0.7372840685752904,mango;coin
mango005T(7),raw_gt_box_prompt,2,0.7430060042094702,0.722117202268431,0.7638948061505093,0.7432872833047581,0.7436555003590217,mango;coin
mango005T(8),raw_gt_box_prompt,2,0.7540566572330218,0.7329876863253403,0.7751256281407035,0.7545323143948164,0.7551812436615264,mango;coin
mango005T(9),raw_gt_box_prompt,2,0.7381870374721716,0.7259968812653153,0.750377193679028,0.7390979431202198,0.7403118734684786,mango;coin
mango006S(1),raw_gt_box_prompt,2,0.7586017009676869,0.7423312883435583,0.7748721135918153,0.7594387545026213,0.7605558719783876,mango;coin
mango006S(10),raw_gt_box_prompt,2,0.7616780607511054,0.7206621961441744,0.8026939253580365,0.7639688575293639,0.7669408015735654,mango;coin
mango006S(11),raw_gt_box_prompt,2,0.748612524422726,0.7259948096885813,0.7712302391568707,0.7493172017986054,0.7502309073823616,mango;coin
mango006S(12),raw_gt_box_prompt,2,0.739285058918403,0.7263585793752675,0.7522115384615384,0.7402198833448833,0.7415068846318846,mango;coin
mango006S(13),raw_gt_box_prompt,2,0.7584065385525425,0.7559734513274337,0.7608396257776512,0.7622435759462234,0.7673116935439364,mango;coin
mango006S(14),raw_gt_box_prompt,2,0.7424852623512849,0.7292411183519024,0.7557294063506673,0.7430076559501447,0.743698900189776,mango;coin
mango006S(2),raw_gt_box_prompt,2,0.7349723788003875,0.7127931769722814,0.7571515806284936,0.7353818231329948,0.7359225924361078,mango;coin
mango006S(3),raw_gt_box_prompt,2,0.7550898443002627,0.7472551602986386,0.7629245283018868,0.7550898443002627,0.7550898443002627,mango;coin
mango006S(4),raw_gt_box_prompt,2,0.785364606462024,0.7688419117647058,0.8018873011593421,0.7857974741009763,0.7863372851671033,mango;coin
mango006S(5),raw_gt_box_prompt,2,0.7482967489209351,0.7172268907563025,0.7793666070855676,0.7486363811579677,0.7490721609744815,mango;coin
mango006S(6),raw_gt_box_prompt,2,0.7687480322113873,0.7478453038674033,0.7896507605553713,0.7744760169634246,0.7820915581786603,mango;coin
mango006S(7),raw_gt_box_prompt,2,0.7936866324017504,0.7704691812327507,0.8169040835707503,0.7954891469432597,0.7977022042732845,mango;coin
mango006S(8),raw_gt_box_prompt,2,0.7113655323814208,0.6811214199273901,0.7416096448354513,0.7113655323814208,0.7113655323814208,mango;coin
mango006S(9),raw_gt_box_prompt,2,0.7492963034230475,0.7064583333333333,0.7921342735127619,0.7507570773524721,0.7526011762360447,mango;coin
mango006T(1),raw_gt_box_prompt,2,0.7357515632751876,0.7344632768361582,0.7370398497142172,0.7357515632751876,0.7357515632751876,mango;coin
mango006T(10),raw_gt_box_prompt,2,0.7593295473420469,0.7323836174001527,0.7862754772839412,0.7650140551770432,0.7724630638179025,mango;coin
mango006T(11),raw_gt_box_prompt,2,0.724669772555717,0.7041773231031543,0.7451622220082795,0.7254245673976123,0.7264374942739387,mango;coin
mango006T(12),raw_gt_box_prompt,2,0.780171579496559,0.7735368956743003,0.7868062633188178,0.7856186702567083,0.7925632209405501,mango;coin
mango006T(13),raw_gt_box_prompt,2,0.7539648051027202,0.7420466687347052,0.7658829414707353,0.7572825182550814,0.761632118368619,mango;coin
mango006T(14),raw_gt_box_prompt,2,0.7397721015034302,0.7352368591823492,0.7443073438245112,0.7397721015034302,0.7397721015034302,mango;coin
mango006T(2),raw_gt_box_prompt,2,0.7520143948782732,0.7467969250480462,0.7572318647085002,0.7525205659108324,0.7531890151086933,mango;coin
mango006T(3),raw_gt_box_prompt,2,0.7041435163809113,0.681781045751634,0.7265059870101886,0.7041435163809113,0.7041435163809113,mango;coin
mango006T(4),raw_gt_box_prompt,2,0.7424356500418747,0.7333852022889268,0.7514860977948227,0.7461099542863596,0.751036632052971,mango;coin
mango006T(5),raw_gt_box_prompt,2,0.7237659852032885,0.696969696969697,0.7505622734368799,0.7259332197856788,0.7288207011567668,mango;coin
mango006T(6),raw_gt_box_prompt,2,0.7397484205371965,0.717741935483871,0.7617549055905221,0.7400948954041433,0.7405776244322488,mango;coin
mango006T(7),raw_gt_box_prompt,2,0.6948192959013941,0.6903510615934413,0.6992875302093469,0.6954018889456139,0.6962350126880688,mango;coin
mango006T(8),raw_gt_box_prompt,2,0.6895643150020998,0.6827522419270519,0.6963763880771479,0.690045474966409,0.6907502107911512,mango;coin
mango006T(9),raw_gt_box_prompt,2,0.7282444049358765,0.7163445791025221,0.7401442307692307,0.7282444049358765,0.7282444049358765,mango;coin
mango007S(1),raw_gt_box_prompt,2,0.7735186774261138,0.7313508064516129,0.8156865484006146,0.7747185525673588,0.7761895528475492,mango;coin
mango007S(10),raw_gt_box_prompt,2,0.7422431490691663,0.7114271938283511,0.7730591043099817,0.7436318779990646,0.7454282851846934,mango;coin
mango007S(11),raw_gt_box_prompt,2,0.7468051868363054,0.7373991935483871,0.7562111801242236,0.7468051868363054,0.7468051868363054,mango;coin
mango007S(12),raw_gt_box_prompt,2,0.7355716871045996,0.7207792207792207,0.7503641534299785,0.7374810772050036,0.740025695163732,mango;coin
mango007S(13),raw_gt_box_prompt,2,0.7816467244658734,0.7692307692307693,0.7940626797009775,0.7869617837359772,0.7938108038914491,mango;coin
mango007S(2),raw_gt_box_prompt,2,0.7400500250948255,0.7105702696253877,0.7695297805642634,0.7438186038461161,0.7490570719602978,mango;coin
mango007S(3),raw_gt_box_prompt,2,0.7593774220996179,0.7272272272272272,0.7915276169720085,0.764739106265764,0.7717995680118589,mango;coin
mango007S(4),raw_gt_box_prompt,2,0.8066855688687093,0.7901870425589591,0.8231840951784596,0.8176150020227981,0.8310840001244799,mango;coin
mango007S(5),raw_gt_box_prompt,2,0.7531019749024849,0.7060725005772339,0.8001314492277358,0.7566074950690336,0.7615504153965693,mango;coin
mango007S(6),raw_gt_box_prompt,2,0.7436791141180592,0.7168560606060606,0.7705021676300579,0.7462007575757575,0.7494734848484848,mango;coin
mango007S(7),raw_gt_box_prompt,2,0.75939306204392,0.7386592741935484,0.7801268498942917,0.75939306204392,0.75939306204392,mango;coin
mango007S(8),raw_gt_box_prompt,2,0.780933652110587,0.7440104166666667,0.8178568875545071,0.7847099193931415,0.7893271908742756,mango;coin
mango007S(9),raw_gt_box_prompt,2,0.7630271529518329,0.7591939546599497,0.7668603512437161,0.7644117647058823,0.7662299465240642,mango;coin
mango007T(1),raw_gt_box_prompt,2,0.7729345785428048,0.7643394757331949,0.7815296813524147,0.7763429478479396,0.7807327170327782,mango;coin
mango007T(10),raw_gt_box_prompt,2,0.7333630945153622,0.6823668639053254,0.784359325125399,0.7362272976455569,0.7398789443315152,mango;coin
mango007T(11),raw_gt_box_prompt,2,0.7148739090298758,0.6979166666666666,0.731831151393085,0.7153658963585434,0.7160381652661064,mango;coin
mango007T(12),raw_gt_box_prompt,2,0.6991061370728966,0.6637323943661971,0.734479879779596,0.6996834424837876,0.7004694482366807,mango;coin
mango007T(13),raw_gt_box_prompt,2,0.768496363483365,0.7668531841193712,0.770139542847359,0.7758441732054635,0.7854039814007556,mango;coin
mango007T(2),raw_gt_box_prompt,2,0.7346577806426797,0.7163170163170163,0.7529985449683432,0.7353846704910534,0.7363499975202102,mango;coin
mango007T(3),raw_gt_box_prompt,2,0.7581941082809148,0.72328200413698,0.7931062124248497,0.7597864886194405,0.7618347711226968,mango;coin
mango007T(4),raw_gt_box_prompt,2,0.7456345199340889,0.7032634032634033,0.7880056366047745,0.7460268227734208,0.7465246654551334,mango;coin
mango007T(5),raw_gt_box_prompt,2,0.741593139545752,0.6730769230769231,0.8101093560145808,0.744088953005037,0.7471697882537043,mango;coin
mango007T(6),raw_gt_box_prompt,2,0.7563644489776675,0.7085157182650219,0.8042131796903133,0.7577960051644261,0.7596946912736386,mango;coin
mango007T(7),raw_gt_box_prompt,2,0.7435364425337636,0.7426230781177201,0.744449806949807,0.7493752645490561,0.757218401803958,mango;coin
mango007T(8),raw_gt_box_prompt,2,0.7178463741896577,0.6745816372682044,0.7611111111111111,0.7178463741896577,0.7178463741896577,mango;coin
mango007T(9),raw_gt_box_prompt,2,0.7058259805614402,0.6333725029377203,0.77827945818516,0.7061839318400007,0.7066438582517749,mango;coin
mango008S(1),raw_gt_box_prompt,2,0.756850698112782,0.7015165441176471,0.812184852107917,0.7596778700487733,0.7631588164474332,mango;coin
mango008S(2),raw_gt_box_prompt,2,0.7533151164936946,0.7392874337987482,0.767342799188641,0.7556247392440327,0.7586346361933236,mango;coin
mango008S(3),raw_gt_box_prompt,2,0.7601671793464347,0.7523573200992556,0.7679770385936139,0.7605217575718153,0.7609834617733235,mango;coin
mango008S(4),raw_gt_box_prompt,2,0.7791113320353471,0.7752608806312039,0.7829617834394904,0.7832197983402265,0.7885113399832401,mango;coin
mango008S(5),raw_gt_box_prompt,2,0.7208374219126948,0.6950631458094144,0.7466116980159753,0.7213189826054296,0.7219639774454709,mango;coin
mango008S(6),raw_gt_box_prompt,2,0.7640953912303218,0.7593245967741935,0.76886618568645,0.7679601707275223,0.7729867664722032,mango;coin
mango008S(7),raw_gt_box_prompt,2,0.7617914157481647,0.7472976338729763,0.7762851976233531,0.7679052692554629,0.7759452414296306,mango;coin
mango008S(8),raw_gt_box_prompt,2,0.7472878617183127,0.6901408450704225,0.8044348783662029,0.7488846845584285,0.7508697089315126,mango;coin
mango008T(1),raw_gt_box_prompt,2,0.7076099881692425,0.6559440559440559,0.759275920394429,0.7077466616617712,0.7079266667019124,mango;coin
mango008T(2),raw_gt_box_prompt,2,0.7210435379371198,0.6860905349794238,0.7559965408948159,0.7210435379371198,0.7210435379371198,mango;coin
mango008T(3),raw_gt_box_prompt,2,0.7066654954915146,0.6668737060041408,0.7464572849788883,0.7066654954915146,0.7066654954915146,mango;coin
mango008T(4),patched_gt_box_prompt,2,0.7241172428452048,0.6877551020408164,0.7604793836495933,0.7277096793725124,0.7324335898486479,mango;coin
mango008T(5),raw_gt_box_prompt,2,0.6821151942300901,0.6291891891891892,0.7350411992709911,0.6821151942300901,0.6821151942300901,mango;coin
mango008T(6),raw_gt_box_prompt,2,0.7350064692537192,0.7253783724500987,0.7446345660573396,0.7370926142218578,0.739908379291941,mango;coin
mango008T(7),raw_gt_box_prompt,2,0.714148756367158,0.7029773156899811,0.7253201970443349,0.7148144545827735,0.7157614242797432,mango;coin
mango008T(8),raw_gt_box_prompt,2,0.7212244262906494,0.7094444444444444,0.7330044081368544,0.7216250562303194,0.7221716149347728,mango;coin
mango009S(1),raw_gt_box_prompt,2,0.7569176605034327,0.7201340326340326,0.7937012883728328,0.7604200330050779,0.7648327416058481,mango;coin
mango009S(10),raw_gt_box_prompt,2,0.7468830343170132,0.7441964285714285,0.7495696400625979,0.7468830343170132,0.7468830343170132,mango;coin
mango009S(11),raw_gt_box_prompt,2,0.7412310661994587,0.7144072603516732,0.7680548720472441,0.7412310661994587,0.7412310661994587,mango;coin
mango009S(12),raw_gt_box_prompt,2,0.7415480012878906,0.6964904979886253,0.786605504587156,0.7419091608400427,0.7423682976628159,mango;coin
mango009S(13),raw_gt_box_prompt,2,0.7258129072497614,0.7081930415263749,0.743432772973148,0.7260297568675464,0.7263214437902494,mango;coin
mango009S(2),raw_gt_box_prompt,2,0.7234923947434135,0.7124017957351291,0.7345829937516979,0.7235367469241683,0.7235971242826589,mango;coin
mango009S(3),raw_gt_box_prompt,2,0.7511984147931934,0.7387048192771084,0.7636920103092784,0.7511984147931934,0.7511984147931934,mango;coin
mango009S(4),raw_gt_box_prompt,2,0.7389863665072356,0.7202873803924096,0.7576853526220615,0.7394394505045792,0.7400684827626436,mango;coin
mango009S(5),raw_gt_box_prompt,2,0.7758917507289316,0.7646350639578631,0.7871484375,0.7772196430930988,0.7789562785506645,mango;coin
mango009S(6),raw_gt_box_prompt,2,0.7630694986975048,0.7628609116224535,0.7632780857725562,0.765531974384249,0.7687589216880574,mango;coin
mango009S(7),raw_gt_box_prompt,2,0.7610577144038975,0.7434593023255814,0.7786561264822134,0.7610577144038975,0.7610577144038975,mango;coin
mango009S(8),raw_gt_box_prompt,2,0.7543174197436413,0.7273114010209869,0.7813234384662956,0.7546398143953708,0.7550524407621955,mango;coin
mango009S(9),raw_gt_box_prompt,2,0.7393092648049873,0.719396551724138,0.7592219778858365,0.73967409431445,0.7401546250684181,mango;coin
mango009T(1),raw_gt_box_prompt,2,0.7311590285220826,0.7203082502266546,0.7420098068175105,0.7377537720787148,0.7468601119916909,mango;coin
mango009T(10),raw_gt_box_prompt,2,0.7237730311333388,0.7046368767345411,0.7429091855321364,0.7244003631021921,0.7252906542430143,mango;coin
mango009T(11),raw_gt_box_prompt,2,0.7508912388359692,0.7175906481870362,0.7841918294849023,0.7526109538439252,0.7548143375362905,mango;coin
mango009T(12),raw_gt_box_prompt,2,0.7343547938382564,0.7071428571428572,0.7615667305336558,0.7345582293256712,0.7348253569183802,mango;coin
mango009T(13),raw_gt_box_prompt,2,0.7311031357949601,0.7074484861227922,0.754757785467128,0.7324134791725072,0.7341495902836184,mango;coin
mango009T(2),raw_gt_box_prompt,2,0.7481052418181577,0.7302766393442623,0.7659338442920532,0.7481567435559398,0.7482239840077956,mango;coin
mango009T(3),raw_gt_box_prompt,2,0.7187951240810131,0.6828922495274102,0.7546979986346161,0.7209458952063219,0.7240556976715278,mango;coin
mango009T(4),raw_gt_box_prompt,2,0.7284571972499327,0.7194060419866871,0.7375083525131784,0.7296382213508588,0.7312395918260561,mango;coin
mango009T(5),raw_gt_box_prompt,2,0.7533174259067961,0.7163800904977375,0.7902547613158546,0.7545920303605314,0.7562049335863378,mango;coin
mango009T(6),raw_gt_box_prompt,2,0.7558734294928136,0.7558088557650153,0.7559380032206119,0.7572041740536714,0.7589647126053621,mango;coin
mango009T(7),raw_gt_box_prompt,2,0.7408224706384747,0.7298901098901099,0.7517548313868395,0.7437530019649226,0.7476512560287395,mango;coin
mango009T(8),raw_gt_box_prompt,2,0.7267447996741269,0.6983630235917189,0.7551265757565349,0.7270693005747373,0.7274990310477847,mango;coin
mango009T(9),raw_gt_box_prompt,2,0.765474370331667,0.7609511889862328,0.7699975516771012,0.771459421037116,0.7792722100362407,mango;coin
mango010S(1),raw_gt_box_prompt,2,0.793913693478134,0.768210197710718,0.81961718924555,0.7958147883428263,0.7981342795512063,mango;coin
mango010S(10),raw_gt_box_prompt,2,0.7527109588975829,0.723798076923077,0.7816238408720889,0.7534593221494817,0.7544167689579924,mango;coin
mango010S(11),raw_gt_box_prompt,2,0.7325242965025054,0.6958041958041958,0.7692443972008149,0.7325242965025054,0.7325242965025054,mango;coin
mango010S(2),raw_gt_box_prompt,2,0.7741306177615881,0.7579243353783232,0.790336900144853,0.776195479803236,0.7788396135697978,mango;coin
mango010S(3),raw_gt_box_prompt,2,0.7691481023116227,0.7617452056747701,0.7765509989484752,0.7718850654892604,0.775416378373502,mango;coin
mango010S(4),raw_gt_box_prompt,2,0.7561608120058134,0.7437694704049844,0.7685521536066424,0.7571604896249688,0.7584612180328772,mango;coin
mango010S(5),raw_gt_box_prompt,2,0.7569546687613142,0.7096920289855072,0.8042173085371211,0.7597711785420053,0.763273353577027,mango;coin
mango010S(6),raw_gt_box_prompt,2,0.7535692534955543,0.7407095716880011,0.7664289353031075,0.7555314371496842,0.7580916010001706,mango;coin
mango010S(7),raw_gt_box_prompt,2,0.742620051401516,0.7374330852591722,0.7478070175438597,0.7434418173548608,0.7445407184537619,mango;coin
mango010S(8),raw_gt_box_prompt,2,0.7032951222603054,0.6725643382352942,0.7340259062853168,0.7034068267114555,0.7035590072410438,mango;coin
mango010S(9),raw_gt_box_prompt,2,0.735459728059883,0.7137792484046325,0.7571402077151336,0.7371638915646072,0.7394553460850419,mango;coin
mango010T(1),raw_gt_box_prompt,2,0.7757235241214486,0.7677902621722846,0.7836567860706125,0.784302707781078,0.7953421587727423,mango;coin
mango010T(10),raw_gt_box_prompt,2,0.739448428623207,0.7319254185692542,0.7469714386771598,0.739448428623207,0.739448428623207,mango;coin
mango010T(11),raw_gt_box_prompt,2,0.7255699958497377,0.6952054794520548,0.7559345122474206,0.7258753545357929,0.7262793031333339,mango;coin
mango010T(2),raw_gt_box_prompt,2,0.7331633334818048,0.7284382284382285,0.7378884385253812,0.7331633334818048,0.7331633334818048,mango;coin
mango010T(3),raw_gt_box_prompt,2,0.7258388598951795,0.6936572199730094,0.7580204998173496,0.7258388598951795,0.7258388598951795,mango;coin
mango010T(4),raw_gt_box_prompt,2,0.7395269771129085,0.722671203743088,0.7563827504827291,0.7402970870913219,0.7413627307400857,mango;coin
mango010T(5),raw_gt_box_prompt,2,0.7815758933850123,0.7551410461121595,0.8080107406578653,0.785869935086835,0.7911842724907248,mango;coin
mango010T(6),raw_gt_box_prompt,2,0.7806707937641348,0.7586336571607647,0.8027079303675049,0.7829079588993382,0.7857035876001393,mango;coin
mango010T(7),raw_gt_box_prompt,2,0.7079094367344706,0.6873078612209047,0.7285110122480365,0.7079094367344706,0.7079094367344706,mango;coin
mango010T(8),raw_gt_box_prompt,2,0.7108120157883191,0.6752913752913753,0.7463326562852629,0.7108120157883191,0.7108120157883191,mango;coin
mango010T(9),raw_gt_box_prompt,2,0.7720692526900681,0.760908193484699,0.7832303118954371,0.7766261960828555,0.7825377879455933,mango;coin
mix001S(1),raw_gt_box_prompt,3,0.7848835944018692,0.7457215836526181,0.8357519420279056,0.7857933734601481,0.786896982519966,orange;apple;coin
mix001S(2),raw_gt_box_prompt,3,0.751102604402358,0.6830011074197121,0.8135841548340418,0.7514759275668625,0.7519347899504112,orange;apple;coin
mix001T(1),raw_gt_box_prompt,3,0.7743259450771417,0.7630259428820579,0.7829391891891891,0.776559718422452,0.7794741613461896,apple;orange;coin
mix001T(2),raw_gt_box_prompt,3,0.7567281454695122,0.7444444444444445,0.7655816395409886,0.7589749025254363,0.7619110799320641,orange;apple;coin
mix002S(1),raw_gt_box_prompt,3,0.7077666264125518,0.6159427492296988,0.7845056976295424,0.7091828060167892,0.7110426118541736,banana;apple;coin
mix002S(2),raw_gt_box_prompt,3,0.7269810954244518,0.6078486167112459,0.8044786851566512,0.7309147112936105,0.736444104666861,banana;apple;coin
mix002S(3),raw_gt_box_prompt,3,0.7171730639300785,0.6072508448449635,0.784145978761,0.7190791455170548,0.7220155906630857,banana;apple;coin
mix002S(4),raw_gt_box_prompt,3,0.6716093855523422,0.46542103036073207,0.7978525757027386,0.678161028756248,0.6871148566885085,apple;banana;coin
mix002T(1),raw_gt_box_prompt,3,0.6442832289674661,0.45933608565770484,0.7570300847611772,0.644855812862397,0.6461023595910541,banana;apple;coin
mix002T(2),raw_gt_box_prompt,2,0.6186220464272485,0.4553093964858671,0.7819346963686299,0.6215613232785164,0.6258586503515032,apple;banana
mix002T(3),raw_gt_box_prompt,3,0.6504231115505629,0.4752499113789436,0.7568693976711066,0.6505182554094783,0.6506439625119295,apple;banana;coin
mix002T(4),raw_gt_box_prompt,3,0.7606289621195189,0.742831653135873,0.7797398472358769,0.7622751028533811,0.7643915945827918,banana;apple;coin
mix003S(1),raw_gt_box_prompt,3,0.7769032304186192,0.7229879946642952,0.8100918428346285,0.7792571034621201,0.7822653441331177,apple;qiwi;coin
mix003S(2),raw_gt_box_prompt,3,0.7775933725841019,0.7451423407139629,0.8207568107418299,0.779881969385189,0.7827399084363221,qiwi;apple;coin
mix003S(3),raw_gt_box_prompt,3,0.7947732959268663,0.751486325802616,0.8221609305672143,0.7991598358200035,0.8045294898485221,apple;qiwi;coin
mix003T(1),raw_gt_box_prompt,3,0.7515122125405033,0.7318248481039179,0.7643259883886295,0.7529094470819281,0.7547762191607384,apple;qiwi;coin
mix003T(2),raw_gt_box_prompt,3,0.7563730873800457,0.7282204020848846,0.7808317790648212,0.7581383829548393,0.7604713426004069,apple;qiwi;coin
mix003T(3),raw_gt_box_prompt,3,0.7688233203254585,0.7581168831168831,0.7875148531658462,0.7720874657537552,0.77624980240979,qiwi;apple;coin
mix004S(1),raw_gt_box_prompt,3,0.8033817215748189,0.757020757020757,0.8328645659531868,0.8058771448579956,0.8088916377205804,qiwi;apple;coin
mix004S(2),raw_gt_box_prompt,3,0.8053651926351314,0.7724053724053724,0.8323265691363851,0.8065168951716699,0.8079078161843719,qiwi;apple;coin
mix004S(3),raw_gt_box_prompt,3,0.8178582663371715,0.808066169453183,0.8329174773949868,0.8203681507166815,0.8234573436653422,apple;qiwi;coin
mix004S(4),raw_gt_box_prompt,3,0.7721514572925893,0.7281449893390192,0.8002071706409606,0.7730655848581914,0.7742254947681014,apple;qiwi;coin
mix004T(1),raw_gt_box_prompt,3,0.7798621402928841,0.7514877262583685,0.8275088822878444,0.7826614468347163,0.7861094569907956,apple;qiwi;coin
mix004T(2),raw_gt_box_prompt,3,0.7522795014324334,0.7132925472747497,0.8038719512195122,0.7530755868646596,0.7541916582932311,qiwi;apple;coin
mix004T(3),raw_gt_box_prompt,3,0.7563830582344203,0.7072222222222222,0.8064240090461783,0.7566144593575169,0.756907693606773,qiwi;apple;coin
mix004T(4),raw_gt_box_prompt,3,0.7634386745018924,0.7197922361946418,0.8196165099919068,0.7641317381629392,0.7649957296838051,apple;qiwi;coin
mix005S(4),raw_gt_box_prompt,2,0.7844651246300844,0.7772223855728707,0.7917078636872982,0.7866141938403961,0.7893385398235377,mango;qiwi
mix005T(4),raw_gt_box_prompt,3,0.7663152882290518,0.7401891252955083,0.7939956490210297,0.7670464931559703,0.7680023402998911,mango;qiwi;coin
mix005T(6),raw_gt_box_prompt,3,0.7971358290103989,0.7661475619096247,0.8243161241777713,0.8007729696498358,0.8053057011712385,mango;qiwi;coin
mix006S(1),raw_gt_box_prompt,3,0.7656354863132262,0.7382822085889571,0.8176822213652141,0.7715595979190208,0.7791924470029552,mango;banana;coin
mix006S(2),raw_gt_box_prompt,3,0.7732383394000637,0.7516463348807082,0.7872584487779052,0.7760771738622682,0.7796864054390912,banana;mango;coin
mix006S(3),raw_gt_box_prompt,3,0.7614241280285117,0.7308248078145771,0.7872219934102141,0.7626643377410834,0.7642549561398512,banana;mango;coin
mix006S(4),raw_gt_box_prompt,3,0.7769983997578906,0.7509677419354839,0.8108350346063835,0.7802088453780911,0.7843194730352098,mango;banana;coin
mix006T(1),raw_gt_box_prompt,3,0.69124327299594,0.5410876174874009,0.7790190130946216,0.6917359700109996,0.6923967047783094,mango;banana;coin
mix006T(2),raw_gt_box_prompt,3,0.6781594583490845,0.563862171471038,0.7414467253176931,0.6785204423593525,0.6790338687179505,banana;mango;coin
mix006T(3),raw_gt_box_prompt,3,0.6614648640462621,0.5210272691195647,0.7434599156118143,0.6614707719207759,0.661482110817728,banana;mango;coin
mix006T(4),raw_gt_box_prompt,3,0.6641614914006693,0.5183864864123728,0.7417168674698795,0.6652627305600155,0.6668080330263922,banana;mango;coin
mix007S(1),raw_gt_box_prompt,3,0.7065324837005343,0.6447349204030962,0.7659703300030275,0.7068043791815821,0.7071786184370062,banana;mango;coin
mix007S(2),raw_gt_box_prompt,3,0.7772373840955789,0.7536585365853659,0.8169234787150692,0.7802242338372846,0.784092043806239,mango;banana;coin
mix007S(3),raw_gt_box_prompt,3,0.7718911944713888,0.7372952189903043,0.8099256580269238,0.7743540772814052,0.7775204007022355,banana;mango;coin
mix007S(4),raw_gt_box_prompt,3,0.7541936827610703,0.7130208333333333,0.8042758971748537,0.7544057703857142,0.7546863133690079,mango;banana;coin
mix007S(5),raw_gt_box_prompt,3,0.7599831654675638,0.7257826458478988,0.8237561677631579,0.7629892504793379,0.7667156341804283,banana;mango;coin
mix007T(1),raw_gt_box_prompt,3,0.6729653355438846,0.5331777422921017,0.7515806648990414,0.6744173971525099,0.676945588300654,mango;banana;coin
mix007T(2),raw_gt_box_prompt,3,0.6669361430024234,0.5066961203921028,0.7695426685525696,0.6689029042723452,0.6719422817268063,banana;mango;coin
mix007T(3),raw_gt_box_prompt,3,0.7042393868365856,0.5810385040304431,0.7826266261762831,0.7044401093770841,0.7047118089660106,banana;mango;coin
mix007T(4),raw_gt_box_prompt,3,0.6885034808864744,0.5235068121152273,0.7860215053763441,0.6887934099074688,0.6892069820921152,mango;banana;coin
mix007T(5),raw_gt_box_prompt,3,0.707135461497013,0.5511665603741497,0.7915884064375944,0.7104682754163538,0.7147270148653107,banana;mango;coin
mix008S(1),raw_gt_box_prompt,3,0.7351777839315737,0.6526811002832317,0.7802726543704892,0.7379699996224157,0.7418802155850033,tomato;banana;coin
mix008S(2),raw_gt_box_prompt,3,0.7708377268203366,0.7264308592118089,0.8151595744680851,0.7765332305970771,0.7838288915436383,banana;tomato;coin
mix008S(3),raw_gt_box_prompt,3,0.7471323289655948,0.6811757147446194,0.8083376660207023,0.7542170602067184,0.7642771689013061,tomato;banana;coin
mix008S(4),raw_gt_box_prompt,3,0.7502653847993893,0.6916265060240964,0.800836315040738,0.7508998156657395,0.7516920260768248,banana;tomato;coin
mix008T(1),raw_gt_box_prompt,3,0.6875677152344492,0.5308085437673443,0.7747879315166393,0.690140995865959,0.6936304534177902,banana;tomato;coin
mix008T(2),raw_gt_box_prompt,3,0.6572340554640929,0.4947598253275109,0.7530407191961925,0.6574731489875759,0.6578034335404215,tomato;banana;coin
mix008T(3),raw_gt_box_prompt,3,0.6652530527421935,0.5254445379426411,0.7423262820915196,0.6665030541496041,0.6685062918275088,banana;tomato;coin
mix008T(4),raw_gt_box_prompt,3,0.6519690970998583,0.4691819977133354,0.7781328684873136,0.6553590902563556,0.6597930870405437,tomato;banana;coin
mix009S(1),raw_gt_box_prompt,3,0.7492814840954679,0.7007546187874056,0.7913245758073344,0.7495534804277098,0.7498988762264506,orange;lemon;coin
mix009S(2),raw_gt_box_prompt,3,0.7724719734202076,0.7551033266129032,0.7998197734294542,0.7730661443370659,0.7738320662196161,lemon;orange;coin
mix009S(3),raw_gt_box_prompt,3,0.7639473991373168,0.7441927990708479,0.7833320842389268,0.7662176292426229,0.7692567323239389,orange;lemon;coin
mix009S(4),raw_gt_box_prompt,3,0.7942846437692919,0.7760290556900726,0.8174625304984315,0.7951585404069781,0.7962449161560278,lemon;orange;coin
mix009T(1),raw_gt_box_prompt,3,0.773505089480806,0.7647681266102319,0.7855055523085914,0.7739280027305443,0.7744809981222494,orange;lemon;coin
mix009T(2),raw_gt_box_prompt,3,0.7712425093498428,0.75792874755548,0.7812420678568407,0.7729256860251291,0.7750974199097952,lemon;orange;coin
mix009T(3),raw_gt_box_prompt,3,0.7620330265704159,0.7253456221198157,0.7813796680497925,0.7636644974293395,0.7657542327250427,orange;lemon;coin
mix009T(4),raw_gt_box_prompt,3,0.7540538995773994,0.7275086505190311,0.7990208643051212,0.7548619043592794,0.7558731480175819,lemon;orange;coin
mix010S(1),raw_gt_box_prompt,3,0.7752411647120855,0.749537797863599,0.8196686309676318,0.7766729848856059,0.7784991249182963,tomato;lemon;coin
mix010S(2),raw_gt_box_prompt,3,0.7597153587043565,0.7224867724867725,0.7893065998329156,0.7597153587043565,0.7597153587043565,lemon;tomato;coin
mix010S(3),raw_gt_box_prompt,3,0.7595680092994478,0.7255825361785627,0.8012590275363998,0.7605050442945953,0.7617513294062817,tomato;lemon;coin
mix010S(4),raw_gt_box_prompt,3,0.8049043860887962,0.7673171288371562,0.8719857213382448,0.8151415558676315,0.8274976390512542,lemon;tomato;coin
mix010S(5),raw_gt_box_prompt,3,0.7794598295958344,0.7754237288135594,0.7862819370172311,0.7800947481364564,0.7809122322872738,tomato;lemon;coin
mix010S(6),raw_gt_box_prompt,3,0.7697200661082122,0.7077356557377049,0.857863652364376,0.7714529194046106,0.7734728829403337,lemon;tomato;coin
mix010T(1),raw_gt_box_prompt,3,0.740544273211443,0.7026073408788892,0.760492783380639,0.7405672384170411,0.7405974362126019,tomato;lemon;coin
mix010T(2),raw_gt_box_prompt,3,0.7640249848981849,0.7506408526713437,0.7714627254944577,0.7642276964436,0.7644977477533487,lemon;tomato;coin
mix010T(3),raw_gt_box_prompt,3,0.7287717347881464,0.7154150197628458,0.7554593554593555,0.7288380179745553,0.7289306646110192,tomato;lemon;coin
mix010T(4),raw_gt_box_prompt,3,0.762939255012307,0.7525064451446577,0.7770613828170048,0.7663223156832967,0.7707583389609445,tomato;lemon;coin
mix010T(5),raw_gt_box_prompt,3,0.7506748930071533,0.7218362282878412,0.7760569648420116,0.751111027749229,0.751689354937836,lemon;tomato;coin
mix010T(6),raw_gt_box_prompt,3,0.7731835395140093,0.7670807453416149,0.7826560135906352,0.7762758818642991,0.7802979532169919,tomato;lemon;coin
mix010T(7),raw_gt_box_prompt,3,0.7523354672909939,0.7397181478285879,0.7636092804911077,0.752496420767761,0.7527072006533378,lemon;tomato;coin
mix011S(1),raw_gt_box_prompt,3,0.7780584134543117,0.7441748738890224,0.8005685894199857,0.7786037940256577,0.7793071772097998,orange;tomato;coin
mix011S(2),raw_gt_box_prompt,3,0.7851078881476946,0.7582859848484849,0.810112922495857,0.7860002513459108,0.7871164151047699,tomato;orange;coin
mix011S(3),raw_gt_box_prompt,3,0.7801197515746895,0.7288557213930348,0.8297855377501395,0.7819673192514193,0.784197567502512,orange;tomato;coin
mix011S(4),raw_gt_box_prompt,3,0.7528219532429997,0.6857019251568246,0.7957160761080095,0.7531433615809275,0.7535487689731627,tomato;orange;coin
mix011T(1),raw_gt_box_prompt,3,0.7612446009349846,0.7484808454425363,0.7740717589698712,0.7630368567161209,0.76536818264323,orange;tomato;coin
mix011T(2),raw_gt_box_prompt,3,0.7561805939357646,0.7400563733166301,0.7714250085731209,0.7570436454717576,0.7581922017128631,tomato;orange;coin
mix011T(3),raw_gt_box_prompt,3,0.7568046340881258,0.7326253687315635,0.7936352509179927,0.7583914561306894,0.7604555069938529,orange;tomato;coin
mix011T(4),raw_gt_box_prompt,3,0.7418684654771686,0.7269444444444444,0.7596789662308818,0.742162795647361,0.7425502358468085,tomato;orange;coin
mix012S(1),raw_gt_box_prompt,3,0.7535066860341252,0.7313432835820896,0.777995086698309,0.7551486023286714,0.7572982297824765,lemon;orange;coin
mix012S(2),raw_gt_box_prompt,3,0.7442034483480416,0.7185331556454208,0.776335733232285,0.7448448689090704,0.7457242891963854,orange;lemon;coin
mix012S(3),raw_gt_box_prompt,3,0.7907309081007198,0.7874504442925495,0.7932897509319791,0.7948885729738251,0.8001474762712338,orange;lemon;coin
mix012S(4),raw_gt_box_prompt,3,0.7722933504667885,0.7612820512820513,0.7801780178017802,0.7723713994881773,0.7724714395041836,orange;lemon;coin
mix012T(1),raw_gt_box_prompt,3,0.7324711899881798,0.7073076923076923,0.767682982408167,0.7324711899881798,0.7324711899881798,lemon;orange;coin
mix012T(2),raw_gt_box_prompt,3,0.7432477511646215,0.7133133133133133,0.7695391838780301,0.744424942025547,0.7459778145154107,orange;lemon;coin
mix012T(3),raw_gt_box_prompt,3,0.7474770636884284,0.7201149425287356,0.7951321883442686,0.7497283627677435,0.752588850018563,lemon;orange;coin
mix012T(4),patched_gt_box_prompt,3,0.7739478670147095,0.7220878677952438,0.808,0.7757310390457599,0.7779565831518873,orange;lemon;coin
mix013S(1),raw_gt_box_prompt,3,0.748808013031709,0.7069790879314689,0.7797669792554703,0.748808013031709,0.748808013031709,lemon;pear;coin
mix013S(2),raw_gt_box_prompt,3,0.7778898293637377,0.761322103924996,0.7967869222096956,0.780795976194201,0.78456932465028,pear;lemon;coin
mix013S(3),raw_gt_box_prompt,3,0.7810740493755396,0.7631113730111962,0.7983735277621985,0.7850135104285121,0.7900336730728843,lemon;pear;coin
mix013S(4),raw_gt_box_prompt,3,0.7966119296293805,0.7598855359001041,0.8220572327662504,0.7997120449800974,0.803491582055048,pear;lemon;coin
mix013T(1),raw_gt_box_prompt,3,0.7382150370105626,0.699874686716792,0.7629590488771466,0.7390374236019802,0.7401153144699473,lemon;pear;coin
mix013T(2),raw_gt_box_prompt,3,0.7684421182184166,0.7521599293687331,0.7899195256247353,0.770654759381903,0.7735181673756598,pear;lemon;coin
mix013T(3),raw_gt_box_prompt,3,0.7504844388249392,0.7254273504273504,0.7949436627613655,0.7524290153802032,0.7549642954724334,lemon;pear;coin
mix013T(4),raw_gt_box_prompt,3,0.7361748933155262,0.7212345948304069,0.7584541062801933,0.7362011162138259,0.7362374745617025,pear;lemon;coin
mix014S(1),raw_gt_box_prompt,3,0.7774913960377946,0.739253309534434,0.8090154211150652,0.7792382157968637,0.7814125257995107,pear;mango;coin
mix014S(2),raw_gt_box_prompt,3,0.7734648766959332,0.7399825783972126,0.799914617817709,0.7742846330785128,0.7753336454318531,pear;mango;coin
mix014S(3),raw_gt_box_prompt,3,0.7858695781404847,0.7696136997212266,0.8024501983883503,0.788857156982696,0.792585785157483,mango;pear;coin
mix014S(4),raw_gt_box_prompt,3,0.7688103769076854,0.7387611656172207,0.7970570723824105,0.770414304682762,0.772532006133444,pear;mango;coin
mix014T(1),raw_gt_box_prompt,3,0.7307940141557946,0.6677685950413224,0.7732148104613576,0.7307940141557946,0.7307940141557946,pear;mango;coin
mix014T(2),raw_gt_box_prompt,3,0.7392950722731375,0.7155665315545057,0.7841507463336089,0.7427133934807347,0.7473382294122285,pear;mango;coin
mix014T(3),raw_gt_box_prompt,3,0.7508576494108841,0.7015673981191223,0.8090118501529052,0.7526694926125276,0.7549435415882417,mango;pear;coin
mix014T(4),raw_gt_box_prompt,3,0.734119933468309,0.6893682588597843,0.7893686311587351,0.734119933468309,0.734119933468309,pear;mango;coin
mooncake001S(1),raw_gt_box_prompt,2,0.785918730503421,0.7296416938110749,0.8421957671957672,0.7867695253889284,0.7879355701650478,mooncake;coin
mooncake001S(10),raw_gt_box_prompt,2,0.7983810840244617,0.7800955013822568,0.8166666666666667,0.7997583018074821,0.8015237494745691,mooncake;coin
mooncake001S(11),raw_gt_box_prompt,2,0.7845421799442021,0.7558922558922558,0.8131921039961483,0.7845421799442021,0.7845421799442021,mooncake;coin
mooncake001S(12),raw_gt_box_prompt,2,0.7597432621969795,0.7350172215843858,0.7844693028095734,0.7597432621969795,0.7597432621969795,mooncake;coin
mooncake001S(13),raw_gt_box_prompt,2,0.8086796822530545,0.7950166966349859,0.8223426678711232,0.8154294321591771,0.8239195053044226,mooncake;coin
mooncake001S(14),raw_gt_box_prompt,2,0.7927231901808173,0.7368298368298368,0.8486165435317977,0.7927231901808173,0.7927231901808173,mooncake;coin
mooncake001S(15),raw_gt_box_prompt,2,0.7734566741430534,0.7595089070775156,0.7874044412085912,0.7734566741430534,0.7734566741430534,mooncake;coin
mooncake001S(16),raw_gt_box_prompt,2,0.804751522702104,0.79375,0.8157530454042082,0.8082548329164799,0.8126684520841974,mooncake;coin
mooncake001S(2),raw_gt_box_prompt,2,0.81962117828448,0.81343669250646,0.8258056640625,0.8223721348408234,0.8257540287013853,mooncake;coin
mooncake001S(3),raw_gt_box_prompt,2,0.791441598534291,0.7521831484540948,0.8307000486144871,0.7944369305907768,0.7981769512538743,mooncake;coin
mooncake001S(4),raw_gt_box_prompt,2,0.7779233361329463,0.7126358695652174,0.8432108027006752,0.7779233361329463,0.7779233361329463,mooncake;coin
mooncake001S(5),raw_gt_box_prompt,2,0.7920703970508658,0.748342803030303,0.8357979910714286,0.7920703970508658,0.7920703970508658,mooncake;coin
mooncake001S(6),raw_gt_box_prompt,2,0.795966219572777,0.7624242424242424,0.8295081967213115,0.7995106435037925,0.8041595302177637,mooncake;coin
mooncake001S(7),raw_gt_box_prompt,2,0.8234166130578057,0.8156467854376452,0.8311864406779661,0.8266002461001072,0.8305034467246193,mooncake;coin
mooncake001S(8),raw_gt_box_prompt,2,0.8242786926478861,0.7914343639128231,0.8571230213829492,0.8301395582974531,0.8374293640083115,mooncake;coin
mooncake001S(9),raw_gt_box_prompt,2,0.8175861386138614,0.7727722772277228,0.8624,0.8185449131513648,0.8197856079404466,mooncake;coin
mooncake001T(1),raw_gt_box_prompt,2,0.7428003582154236,0.7228747760302608,0.7627259404005863,0.7485969748845758,0.756582108687758,mooncake;coin
mooncake001T(10),raw_gt_box_prompt,2,0.7666977594161499,0.7650541271989174,0.7683413916333823,0.7680613765160631,0.7698437564176078,mooncake;coin
mooncake001T(11),raw_gt_box_prompt,2,0.7505988255891421,0.743302914336179,0.7578947368421053,0.7516452655264003,0.753041596276129,mooncake;coin
mooncake001T(12),raw_gt_box_prompt,2,0.7316117883836764,0.7150110163808794,0.7482125603864734,0.7317831059551689,0.7320227072586,mooncake;coin
mooncake001T(13),raw_gt_box_prompt,2,0.7371480698533783,0.7247083894122925,0.7495877502944641,0.739482412498909,0.7426058928415566,mooncake;coin
mooncake001T(14),raw_gt_box_prompt,2,0.7367335406583344,0.7205793602896802,0.7528877210269885,0.7378186318363452,0.7392728275779805,mooncake;coin
mooncake001T(15),raw_gt_box_prompt,2,0.7265223699087835,0.6800804828973843,0.7729642569201828,0.7317223418953639,0.7384496542387564,mooncake;coin
mooncake001T(16),raw_gt_box_prompt,2,0.7337611471897665,0.7275624550221034,0.7399598393574297,0.7349536690904231,0.736565272635951,mooncake;coin
mooncake001T(2),raw_gt_box_prompt,2,0.7759047922989748,0.768961038961039,0.7828485456369108,0.7785780257149573,0.782008933817666,mooncake;coin
mooncake001T(3),raw_gt_box_prompt,2,0.7713694961149047,0.7423357664233576,0.8004032258064516,0.7751705969158851,0.7799195792768077,mooncake;coin
mooncake001T(4),raw_gt_box_prompt,2,0.7559962795556427,0.7404580152671756,0.7715345438441098,0.7594535816763275,0.7639670716283649,mooncake;coin
mooncake001T(5),raw_gt_box_prompt,2,0.7599101209285789,0.7405935202831473,0.7792267215740105,0.7617565313089254,0.7641598647323838,mooncake;coin
mooncake001T(6),raw_gt_box_prompt,2,0.7139315130838908,0.6747380261677817,0.753125,0.7139315130838908,0.7139315130838908,mooncake;coin
mooncake001T(7),raw_gt_box_prompt,2,0.7514487699452699,0.7467000835421888,0.7561974563483509,0.7527573530408327,0.7544878310853924,mooncake;coin
mooncake001T(8),raw_gt_box_prompt,2,0.7498787595847007,0.7354203935599285,0.764337125609473,0.7513931804629479,0.7533745324443,mooncake;coin
mooncake001T(9),raw_gt_box_prompt,2,0.7422112777955157,0.7362631792376317,0.7481593763533997,0.7430230826743714,0.7441081521188159,mooncake;coin
mooncake002S(1),raw_gt_box_prompt,2,0.8107150392222207,0.7942366026289182,0.827193475815523,0.8164172507282743,0.8235967379077616,mooncake;coin
mooncake002S(10),raw_gt_box_prompt,2,0.7464949698189135,0.7142857142857143,0.7787042253521127,0.7464949698189135,0.7464949698189135,mooncake;coin
mooncake002S(11),raw_gt_box_prompt,2,0.7545113401091662,0.6985068072024594,0.810515873015873,0.7545113401091662,0.7545113401091662,mooncake;coin
mooncake002S(12),raw_gt_box_prompt,2,0.8097189567407026,0.788952192221947,0.8304857212594582,0.8112241473642716,0.8130675782873299,mooncake;coin
mooncake002S(13),raw_gt_box_prompt,2,0.8060653281105108,0.7791750503018109,0.8329556059192108,0.807861629500285,0.8101486048965041,mooncake;coin
mooncake002S(14),raw_gt_box_prompt,2,0.8104170327167208,0.7346082089552238,0.8862258564782179,0.8149611333908722,0.8200886081095732,mooncake;coin
mooncake002S(15),raw_gt_box_prompt,2,0.7834249223097826,0.7731050113321581,0.793744833287407,0.7849366074538489,0.7868772204806688,mooncake;coin
mooncake002S(16),raw_gt_box_prompt,2,0.7724980139748399,0.7202108157653528,0.824785212184327,0.7805613066482632,0.7905854612376351,mooncake;coin
mooncake002S(17),raw_gt_box_prompt,2,0.7611114679570483,0.7246207701283547,0.797602165785742,0.7659634711597745,0.7722074244480891,mooncake;coin
mooncake002S(2),raw_gt_box_prompt,2,0.7825226244343891,0.7400452488687783,0.825,0.7852283489424392,0.788508015012803,mooncake;coin
mooncake002S(3),raw_gt_box_prompt,2,0.7777715693703221,0.7299270072992701,0.8256161314413741,0.7822095588235294,0.7880110294117647,mooncake;coin
mooncake002S(4),raw_gt_box_prompt,2,0.8097437236277245,0.7853683405556972,0.8341191066997519,0.8114527945173107,0.813628933790224,mooncake;coin
mooncake002S(5),raw_gt_box_prompt,2,0.8266318874676708,0.7881899871630296,0.865073787772312,0.8356678267183819,0.8468908842959106,mooncake;coin
mooncake002S(6),raw_gt_box_prompt,2,0.8048007638552397,0.7802879841112215,0.8293135435992579,0.8060744114150877,0.8076248802427082,mooncake;coin
mooncake002S(7),raw_gt_box_prompt,2,0.804771966955816,0.7774837623286024,0.8320601715830297,0.8050527145830411,0.805413812320162,mooncake;coin
mooncake002S(8),raw_gt_box_prompt,2,0.845437223366911,0.7688492063492064,0.9220252403846154,0.8493488455988456,0.8535912698412699,mooncake;coin
mooncake002S(9),raw_gt_box_prompt,2,0.8088332474134277,0.7513240250361097,0.8663424697907457,0.8088332474134277,0.8088332474134277,mooncake;coin
mooncake002T(1),raw_gt_box_prompt,2,0.7392919967519445,0.7164565826330532,0.7621274108708358,0.7392919967519445,0.7392919967519445,mooncake;coin
mooncake002T(10),raw_gt_box_prompt,2,0.753101397495543,0.7422342272814972,0.7639685677095888,0.75323034666544,0.7533991352456869,mooncake;coin
mooncake002T(11),raw_gt_box_prompt,2,0.7134606781438972,0.7062687687687688,0.7206525875190258,0.7134606781438972,0.7134606781438972,mooncake;coin
mooncake002T(12),raw_gt_box_prompt,2,0.704470685747629,0.6902136240468839,0.7187277474483741,0.7050080413765374,0.70576694628726,mooncake;coin
mooncake002T(13),raw_gt_box_prompt,2,0.749620694979813,0.7439500390320063,0.7552913509276196,0.752053914979514,0.7552754797395402,mooncake;coin
mooncake002T(14),raw_gt_box_prompt,2,0.7340572853657938,0.712241653418124,0.7558729173134637,0.7342333700646555,0.734466325492517,mooncake;coin
mooncake002T(15),raw_gt_box_prompt,2,0.7457221830805747,0.7376052646255089,0.7538391015356406,0.7466748749598133,0.7479386617245192,mooncake;coin
mooncake002T(16),raw_gt_box_prompt,2,0.7197700879974842,0.7132747681795998,0.7262654078153685,0.7200313608063411,0.7203976611726415,mooncake;coin
mooncake002T(17),raw_gt_box_prompt,2,0.738240696587523,0.7319711538461539,0.7445102393288922,0.7401795253357754,0.742783692002442,mooncake;coin
mooncake002T(2),raw_gt_box_prompt,2,0.7317041135703107,0.6944444444444444,0.768963782696177,0.7317041135703107,0.7317041135703107,mooncake;coin
mooncake002T(3),raw_gt_box_prompt,2,0.7635535145468652,0.7586996336996337,0.7684073953940966,0.7647274465773343,0.7662740496347117,mooncake;coin
mooncake002T(4),raw_gt_box_prompt,2,0.7603619617343,0.7458487985934753,0.7748751248751249,0.7608726172106454,0.7615572807474216,mooncake;coin
mooncake002T(5),raw_gt_box_prompt,2,0.7239479760827899,0.7025096525096525,0.7453862996559274,0.7239479760827899,0.7239479760827899,mooncake;coin
mooncake002T(6),raw_gt_box_prompt,2,0.7259850376616996,0.7227822580645161,0.7291878172588833,0.726216525857655,0.7265339861751152,mooncake;coin
mooncake002T(7),raw_gt_box_prompt,2,0.7257551781016185,0.7206040992448759,0.7309062569583612,0.726795482554907,0.728235555488105,mooncake;coin
mooncake002T(8),raw_gt_box_prompt,2,0.6963777283581114,0.6897968768345661,0.7029585798816568,0.6964587379737115,0.6965761777858078,mooncake;coin
mooncake002T(9),raw_gt_box_prompt,2,0.7176740545594968,0.713381197354288,0.7219669117647058,0.7176740545594968,0.7176740545594968,mooncake;coin
mooncake003S(1),raw_gt_box_prompt,2,0.845031503337097,0.8225626740947075,0.8675003325794864,0.8776207328546428,0.9160293063862769,mooncake;coin
mooncake003S(10),raw_gt_box_prompt,2,0.8017697421323375,0.7718253968253969,0.8317140874392783,0.8019140868195016,0.8020876376699008,mooncake;coin
mooncake003S(11),raw_gt_box_prompt,2,0.8045980499028549,0.7350172215843858,0.8741788782213239,0.8104169569263455,0.8170733829376102,mooncake;coin
mooncake003S(12),raw_gt_box_prompt,2,0.813161495160623,0.7996828752642706,0.8266401150569753,0.8200404876360146,0.8286426381736489,mooncake;coin
mooncake003S(13),raw_gt_box_prompt,2,0.8182977317203155,0.7614590832733381,0.875136380167293,0.8226414306818737,0.8278081411446843,mooncake;coin
mooncake003S(2),raw_gt_box_prompt,2,0.8285034602076125,0.7820069204152249,0.875,0.8333059930008748,0.8389791119860017,mooncake;coin
mooncake003S(3),raw_gt_box_prompt,2,0.7647393600219556,0.7203856749311295,0.8090930451127819,0.7650704196152145,0.7655299784387439,mooncake;coin
mooncake003S(4),raw_gt_box_prompt,2,0.8159592409269888,0.7757936507936508,0.8561248310603268,0.8170665716397424,0.8183599936648718,mooncake;coin
mooncake003S(5),raw_gt_box_prompt,2,0.8282755985615033,0.7412280701754386,0.9153231269475681,0.8297110297110297,0.8314882648215982,mooncake;coin
mooncake003S(6),raw_gt_box_prompt,2,0.8247882543253351,0.7684887459807074,0.8810877626699629,0.8272569444444444,0.8302331349206349,mooncake;coin
mooncake003S(7),raw_gt_box_prompt,2,0.7893942141850583,0.7507204610951008,0.8280679672750157,0.7907190259649276,0.7923863022223678,mooncake;coin
mooncake003S(8),raw_gt_box_prompt,2,0.827654501422719,0.7529325513196481,0.9023764515257899,0.8293667907045517,0.8312643239113827,mooncake;coin
mooncake003S(9),raw_gt_box_prompt,2,0.7896584080203002,0.7498802108289411,0.8294366052116593,0.7914636083352471,0.7938709265827194,mooncake;coin
mooncake003T(1),raw_gt_box_prompt,2,0.7706135428044879,0.7535879348090488,0.787639150799927,0.7736249568921325,0.7775327573190168,mooncake;coin
mooncake003T(10),raw_gt_box_prompt,2,0.7066405465656056,0.690851574059901,0.7224295190713101,0.7066405465656056,0.7066405465656056,mooncake;coin
mooncake003T(11),raw_gt_box_prompt,2,0.7529278056319075,0.7522260273972603,0.7536295838665549,0.7531108061931113,0.7533536318001754,mooncake;coin
mooncake003T(12),raw_gt_box_prompt,2,0.7285527777236501,0.7097371343946687,0.7473684210526316,0.7294347201891433,0.730614784051423,mooncake;coin
mooncake003T(13),raw_gt_box_prompt,2,0.7451220637499749,0.7417624521072796,0.7484816753926702,0.7462225409034613,0.7476928202565384,mooncake;coin
mooncake003T(2),raw_gt_box_prompt,2,0.7151413121110091,0.6985766758494031,0.731705948372615,0.7151413121110091,0.7151413121110091,mooncake;coin
mooncake003T(3),raw_gt_box_prompt,2,0.7689082433061979,0.7558657558657559,0.7819507307466399,0.770230311611509,0.7719483330105529,mooncake;coin
mooncake003T(4),raw_gt_box_prompt,2,0.7457731120965774,0.6749069247952345,0.8166392993979201,0.7490833435521165,0.7531368240274985,mooncake;coin
mooncake003T(5),raw_gt_box_prompt,2,0.7288851458818439,0.7051364023870418,0.7526338893766462,0.7288851458818439,0.7288851458818439,mooncake;coin
mooncake003T(6),raw_gt_box_prompt,2,0.7434959564497821,0.7270871606450297,0.7599047522545344,0.7434959564497821,0.7434959564497821,mooncake;coin
mooncake003T(7),raw_gt_box_prompt,2,0.7428499769606363,0.7262704174228675,0.759429536498405,0.7428499769606363,0.7428499769606363,mooncake;coin
mooncake003T(8),raw_gt_box_prompt,2,0.7234721051571662,0.7133800467133801,0.7335641636009522,0.7235514952181619,0.723659720326387,mooncake;coin
mooncake003T(9),raw_gt_box_prompt,2,0.720869990224829,0.695503421309873,0.7462365591397849,0.720869990224829,0.720869990224829,mooncake;coin
mooncake004S(1),raw_gt_box_prompt,2,0.7905648001049511,0.7421911421911422,0.83893845801876,0.7905648001049511,0.7905648001049511,mooncake;coin
mooncake004S(2),raw_gt_box_prompt,2,0.8478532848615215,0.7906509173159085,0.9050556524071343,0.8548396932294147,0.8627821704919403,mooncake;coin
mooncake004S(3),raw_gt_box_prompt,2,0.8142617791868734,0.761379971250599,0.8671435871231477,0.8172830872830872,0.821001961001961,mooncake;coin
mooncake004S(4),raw_gt_box_prompt,2,0.8380638986733602,0.7640613586559533,0.912066438690767,0.8485041213356268,0.8601886647749061,mooncake;coin
mooncake004S(5),raw_gt_box_prompt,2,0.8243910038640617,0.7924827951296982,0.8562992125984252,0.8314362442302471,0.8403263304371437,mooncake;coin
mooncake004S(6),raw_gt_box_prompt,2,0.8150576479306415,0.7846866617898074,0.8454286340714755,0.8200473188902104,0.8260723178432127,mooncake;coin
mooncake004T(1),raw_gt_box_prompt,2,0.7395957889650475,0.7055519897304237,0.7736395881996713,0.7398469380327658,0.7401715711972899,mooncake;coin
mooncake004T(2),raw_gt_box_prompt,2,0.7953415926691649,0.7903490165831084,0.8003341687552213,0.7981532477856008,0.8016735748353395,mooncake;coin
mooncake004T(3),raw_gt_box_prompt,2,0.7613940060336726,0.744887830057574,0.7779001820097711,0.7613940060336726,0.7613940060336726,mooncake;coin
mooncake004T(4),raw_gt_box_prompt,2,0.771979860203482,0.7550978792822186,0.7888618411247454,0.7751011561425556,0.7790928321383548,mooncake;coin
mooncake004T(5),raw_gt_box_prompt,2,0.7223741511574766,0.6996298254891592,0.7451184768257939,0.7223741511574766,0.7223741511574766,mooncake;coin
mooncake004T(6),raw_gt_box_prompt,2,0.7334849971384187,0.7199329572398006,0.747037037037037,0.7334849971384187,0.7334849971384187,mooncake;coin
mooncake005S(1),raw_gt_box_prompt,2,0.7763502837032249,0.7090497737556561,0.8436507936507937,0.7763502837032249,0.7763502837032249,mooncake;coin
mooncake005S(2),raw_gt_box_prompt,2,0.7806641352414628,0.7015837104072398,0.8597445600756859,0.7813770245947594,0.7822062119911111,mooncake;coin
mooncake005S(3),raw_gt_box_prompt,2,0.7931547619047619,0.7291666666666666,0.8571428571428571,0.7931547619047619,0.7931547619047619,mooncake;coin
mooncake005S(4),raw_gt_box_prompt,2,0.790915545992469,0.7294674556213018,0.8523636363636363,0.790915545992469,0.790915545992469,mooncake;coin
mooncake005S(5),raw_gt_box_prompt,2,0.841547158522213,0.7678026449643948,0.9152916720800311,0.8451155873975935,0.8495505712365592,mooncake;coin
mooncake005S(6),raw_gt_box_prompt,2,0.7715201623954484,0.6947738252086079,0.8482664995822891,0.7715201623954484,0.7715201623954484,mooncake;coin
mooncake005S(7),raw_gt_box_prompt,2,0.8084255909290647,0.7165501165501166,0.900301065308013,0.8084255909290647,0.8084255909290647,mooncake;coin
mooncake005T(1),raw_gt_box_prompt,2,0.7617740330173445,0.7498162729658793,0.7737317930688097,0.7633366033568667,0.7653683065030583,mooncake;coin
mooncake005T(2),raw_gt_box_prompt,2,0.7480238855913051,0.7368618618618619,0.7591859093207484,0.7482799779877702,0.74861730300042,mooncake;coin
mooncake005T(3),raw_gt_box_prompt,2,0.7429771117101553,0.724101721225403,0.7618525021949079,0.7429771117101553,0.7429771117101553,mooncake;coin
mooncake005T(4),raw_gt_box_prompt,2,0.7368917136906653,0.7277665995975855,0.7460168277837451,0.7368917136906653,0.7368917136906653,mooncake;coin
mooncake005T(5),raw_gt_box_prompt,2,0.7211434571830329,0.706841046277666,0.7354458680883997,0.7213649389020407,0.7216660918877574,mooncake;coin
mooncake005T(6),raw_gt_box_prompt,2,0.7172722445350934,0.6965421303656598,0.7380023587045269,0.7172722445350934,0.7172722445350934,mooncake;coin
mooncake005T(7),raw_gt_box_prompt,2,0.7500533035295729,0.7476276547672842,0.7524789522918616,0.7512251738658098,0.7527828843988503,mooncake;coin
mooncake006S(1),raw_gt_box_prompt,2,0.8091359932250158,0.7581967213114754,0.8600752651385563,0.8091359932250158,0.8091359932250158,mooncake;coin
mooncake006S(2),raw_gt_box_prompt,2,0.8241596734322144,0.7576844262295082,0.8906349206349207,0.8241596734322144,0.8241596734322144,mooncake;coin
mooncake006S(3),raw_gt_box_prompt,2,0.8188051032144257,0.7359550561797753,0.901655150249076,0.8205091480784348,0.8226343004262131,mooncake;coin
mooncake006S(4),raw_gt_box_prompt,2,0.7948370596720316,0.734375,0.8552991193440632,0.7948370596720316,0.7948370596720316,mooncake;coin
mooncake006S(5),raw_gt_box_prompt,2,0.8458901426212706,0.7765027322404372,0.9152775530021039,0.8513235023684786,0.8572597997565078,mooncake;coin
mooncake006S(6),raw_gt_box_prompt,2,0.8315404941575901,0.745275888133031,0.9178051001821493,0.8315404941575901,0.8315404941575901,mooncake;coin
mooncake006S(7),raw_gt_box_prompt,2,0.8147255134563437,0.7564780539397145,0.8729729729729729,0.8147255134563437,0.8147255134563437,mooncake;coin
mooncake006S(8),raw_gt_box_prompt,2,0.8102274127942808,0.747072599531616,0.8733822260569456,0.8110066280219539,0.8120496527937922,mooncake;coin
mooncake006T(1),raw_gt_box_prompt,2,0.744308806809283,0.7286871270247229,0.7599304865938431,0.744308806809283,0.744308806809283,mooncake;coin
mooncake006T(2),raw_gt_box_prompt,2,0.7525761163281183,0.7486399880766078,0.7565122445796287,0.7535469115871838,0.7548313262649622,mooncake;coin
mooncake006T(3),raw_gt_box_prompt,2,0.7279335969530087,0.7115516062884484,0.7443155876175692,0.7279335969530087,0.7279335969530087,mooncake;coin
mooncake006T(4),raw_gt_box_prompt,2,0.7263456418755792,0.6907894736842105,0.7619018100669477,0.7263456418755792,0.7263456418755792,mooncake;coin
mooncake006T(5),raw_gt_box_prompt,2,0.7436846854126266,0.7313025210084033,0.7560668498168498,0.7436846854126266,0.7436846854126266,mooncake;coin
mooncake006T(6),raw_gt_box_prompt,2,0.7478779600929435,0.7291587362009897,0.7665971839848974,0.7479081125938869,0.7479474455076691,mooncake;coin
mooncake006T(7),raw_gt_box_prompt,2,0.7670655315912778,0.7615101289134438,0.7726209342691117,0.7706506482985014,0.7753442102051338,mooncake;coin
mooncake006T(8),raw_gt_box_prompt,2,0.7618150685214635,0.7566930618401206,0.7669370752028064,0.7622359075662412,0.7627846345197091,mooncake;coin
orange001S(1),raw_gt_box_prompt,2,0.7341988257401997,0.6968845760980592,0.7715130753823403,0.7346615282611855,0.7352612621292816,orange;coin
orange001S(2),raw_gt_box_prompt,2,0.755805664513298,0.7326999432785025,0.7789113857480936,0.7570590567927808,0.7586682158093473,orange;coin
orange001T(1),raw_gt_box_prompt,2,0.7660526357006856,0.7478142076502732,0.7842910637510979,0.7732715106047976,0.7824758420548918,orange;coin
orange001T(2),raw_gt_box_prompt,2,0.6986923050297049,0.6296875,0.7676971100594099,0.6995154117472691,0.7005875881392063,orange;coin
orange001T(3),raw_gt_box_prompt,2,0.738679843739454,0.6939655172413793,0.7833941702375284,0.7397707483291855,0.7411632843361879,orange;coin
orange001T(4),raw_gt_box_prompt,2,0.7518265597922891,0.7309113300492611,0.772741789535317,0.752671604425036,0.7537651710525832,orange;coin
orange002S(1),raw_gt_box_prompt,2,0.7483027547921164,0.7409342132879364,0.7556712962962963,0.7483027547921164,0.7483027547921164,orange;coin
orange002S(2),raw_gt_box_prompt,2,0.7619463803698129,0.746900826446281,0.7769919342933448,0.7619463803698129,0.7619463803698129,orange;coin
orange002S(3),raw_gt_box_prompt,2,0.7413719227983353,0.7360904832628813,0.7466533623337893,0.741835031658773,0.7424641783071372,orange;coin
orange002S(4),raw_gt_box_prompt,2,0.7843215135819086,0.7763453577764636,0.7922976693873537,0.7852625545622429,0.786458632813593,orange;coin
orange002T(1),raw_gt_box_prompt,2,0.7331616744134094,0.7110323886639676,0.7552909601628512,0.7334926558144096,0.7339308728969083,orange;coin
orange002T(2),raw_gt_box_prompt,2,0.7624529937952425,0.7442694526742554,0.7806365349162294,0.7634728670501922,0.7648302925866676,orange;coin
orange003S(1),raw_gt_box_prompt,2,0.7565718976258702,0.7564783263333069,0.7566654689184333,0.7567218259448676,0.7569200184294085,orange;coin
orange003S(2),raw_gt_box_prompt,2,0.7681665163659773,0.759884608857967,0.7764484238739876,0.7695445000424288,0.7713337264246312,orange;coin
orange003S(3),raw_gt_box_prompt,2,0.7601073755523395,0.7494141231611938,0.7708006279434851,0.7602347911450238,0.7604000940626202,orange;coin
orange003S(4),raw_gt_box_prompt,2,0.7568382051000659,0.7458513855963378,0.7678250246037941,0.757601896312382,0.7586258150541907,orange;coin
orange003S(5),raw_gt_box_prompt,2,0.7543622468243774,0.7427892494264176,0.765935244222337,0.7549129940950158,0.7556320460968566,orange;coin
orange003S(6),raw_gt_box_prompt,2,0.7531860509874408,0.7509497369959088,0.7554223649789729,0.7531860509874408,0.7531860509874408,orange;coin
orange003S(7),raw_gt_box_prompt,2,0.7662233381427398,0.7596318016479846,0.772814874637495,0.7670295001006362,0.7680846972305747,orange;coin
orange003S(8),raw_gt_box_prompt,2,0.7544230445066697,0.7442141133039898,0.7646319757093498,0.7557211668975037,0.7574607117736086,orange;coin
orange003T(1),raw_gt_box_prompt,2,0.7482851688122398,0.7426105462284228,0.7539597913960567,0.7487502688611798,0.7493760544453183,orange;coin
orange003T(2),raw_gt_box_prompt,2,0.7433399800182885,0.7077375946173254,0.7789423654192515,0.7436275997068703,0.743996843570538,orange;coin
orange003T(3),raw_gt_box_prompt,2,0.7517566440459036,0.7405278318028509,0.7629854562889564,0.7527959671834767,0.7541581466706562,orange;coin
orange003T(4),raw_gt_box_prompt,2,0.7342302174601973,0.704119850187266,0.7643405847331288,0.734284658706807,0.7343558851308607,orange;coin
orange003T(5),raw_gt_box_prompt,2,0.7211091057790421,0.7125506072874493,0.7296676042706348,0.7211091057790421,0.7211091057790421,orange;coin
orange003T(6),raw_gt_box_prompt,2,0.756998035895281,0.7551353874883286,0.7588606843022335,0.7585186818661652,0.7605317374268253,orange;coin
orange003T(7),raw_gt_box_prompt,2,0.7420321177759055,0.7307077540703294,0.7533564814814815,0.7421611820812632,0.7423378112529653,orange;coin
orange003T(8),raw_gt_box_prompt,2,0.7533376454257953,0.7408245445829339,0.7658507462686567,0.7537495900060258,0.7542874814714813,orange;coin
orange004S(1),raw_gt_box_prompt,2,0.7730975973230148,0.7529810614916997,0.7932141331543296,0.7740826611231806,0.7753245247751163,orange;coin
orange004S(2),raw_gt_box_prompt,2,0.7479560516719868,0.7222503288475159,0.7736617744964576,0.7486354288259158,0.7495236496971107,orange;coin
orange004S(3),raw_gt_box_prompt,2,0.7492802094318705,0.7377324891175306,0.7608279297462104,0.7495723807146893,0.7499684203186497,orange;coin
orange004S(4),raw_gt_box_prompt,2,0.7646626634907638,0.7357041826631643,0.7936211443183634,0.7660029307202065,0.7676917305197555,orange;coin
orange004T(1),raw_gt_box_prompt,2,0.7166970865303928,0.6860328638497653,0.7473613092110202,0.7168261702926096,0.7169988896461887,orange;coin
orange004T(2),raw_gt_box_prompt,2,0.7588200115861093,0.735800064913989,0.7818399582582297,0.7591447807301555,0.7595601715535788,orange;coin
orange004T(3),raw_gt_box_prompt,2,0.7324390123942554,0.6975490196078431,0.7673290051806676,0.7324390123942554,0.7324390123942554,orange;coin
orange004T(4),raw_gt_box_prompt,2,0.7373520196297079,0.7237158969669257,0.7509881422924901,0.7373520196297079,0.7373520196297079,orange;coin
orange005S(1),raw_gt_box_prompt,2,0.7615859517621548,0.7606569254920903,0.7625149780322195,0.7620878655022985,0.762746100100442,orange;coin
orange005S(2),raw_gt_box_prompt,2,0.7985752390285287,0.7540250447227191,0.8431254333343382,0.7996262634653017,0.8008728448104008,orange;coin
orange005S(3),raw_gt_box_prompt,2,0.7151926205908401,0.6811531218310879,0.7492321193505924,0.7160830168285279,0.7173902063710116,orange;coin
orange005S(4),raw_gt_box_prompt,2,0.774551884897628,0.7672967630343465,0.7818070067609096,0.7763621820729003,0.7786777115573091,orange;coin
orange005T(1),raw_gt_box_prompt,2,0.7433715355882611,0.7040182270091135,0.7827248441674087,0.7443797899661424,0.7456679238300338,orange;coin
orange005T(2),raw_gt_box_prompt,2,0.766456307097206,0.7553143374038896,0.7775982767905224,0.7722220890884615,0.7796369486159971,orange;coin
orange005T(3),raw_gt_box_prompt,2,0.7726372360273596,0.7668264961818505,0.7784479758728686,0.7746707489198907,0.7772923053815503,orange;coin
orange005T(4),raw_gt_box_prompt,2,0.7409140969162995,0.7286036036036037,0.7532245902289955,0.7409140969162995,0.7409140969162995,orange;coin
orange006S(1),raw_gt_box_prompt,2,0.7536205969269452,0.7398095238095238,0.7674316700443665,0.7559890826542797,0.7590753323098322,orange;coin
orange006S(2),raw_gt_box_prompt,2,0.7603466244782893,0.7556897352531352,0.7650035137034434,0.7627498990139792,0.7659226811291893,orange;coin
orange006S(3),raw_gt_box_prompt,2,0.7592167918932478,0.7577700766774906,0.7606635071090048,0.761419434850096,0.7643195428294789,orange;coin
orange006S(4),raw_gt_box_prompt,2,0.7888507934207072,0.7696535988384152,0.8080479880029993,0.7926104014842996,0.7972877706033652,orange;coin
orange006T(1),raw_gt_box_prompt,2,0.7520157074984366,0.7422116112502184,0.7618198037466548,0.7539207099900742,0.7564558692200121,orange;coin
orange006T(2),raw_gt_box_prompt,2,0.7195325041420911,0.7136476426799008,0.7254173656042815,0.7195325041420911,0.7195325041420911,orange;coin
orange006T(3),raw_gt_box_prompt,2,0.6980886453310728,0.680747567844342,0.7154297228178037,0.6989965275577341,0.7002655302252295,orange;coin
orange006T(4),raw_gt_box_prompt,2,0.7086141632215676,0.6728995901639344,0.7443287362792007,0.7086141632215676,0.7086141632215676,orange;coin
orange007S(1),raw_gt_box_prompt,2,0.7038814646562425,0.6763326226012794,0.7314303067112056,0.7038814646562425,0.7038814646562425,orange;coin
orange007S(2),raw_gt_box_prompt,2,0.7684865593804355,0.7589991220368745,0.7779739967239967,0.7684865593804355,0.7684865593804355,orange;coin
orange007S(3),raw_gt_box_prompt,2,0.7327887559011348,0.6815789473684211,0.7839985644338486,0.733382541720154,0.7341399229781771,orange;coin
orange007S(4),raw_gt_box_prompt,2,0.7588532275113287,0.7481632653061224,0.7695431897165348,0.7591918497346135,0.7596318799081111,orange;coin
orange007S(5),raw_gt_box_prompt,2,0.7556842783925795,0.7320827320827321,0.7792858247024269,0.757925694399575,0.7608019381806695,orange;coin
orange007S(6),raw_gt_box_prompt,2,0.7764774067137368,0.7656567022859462,0.7872981111415275,0.7777587426252193,0.7794167629256081,orange;coin
orange007S(7),raw_gt_box_prompt,2,0.7326183919015677,0.7176884838442419,0.7475482999588936,0.7343493892629074,0.7366649551754173,orange;coin
orange007S(8),raw_gt_box_prompt,2,0.7343374287562187,0.7056550755180893,0.7630197819943481,0.7345239663304732,0.7347684391195888,orange;coin
orange007T(1),raw_gt_box_prompt,2,0.7369776377850936,0.7007585025691216,0.7731967730010655,0.7398145443713916,0.7434836059678167,orange;coin
orange007T(2),raw_gt_box_prompt,2,0.7170618735264976,0.6831750339213026,0.7509487131316926,0.7184282130784558,0.7202476975892691,orange;coin
orange007T(3),raw_gt_box_prompt,2,0.704731281084592,0.6640989729225023,0.7453635892466819,0.704731281084592,0.704731281084592,orange;coin
orange007T(4),raw_gt_box_prompt,2,0.7242597417860359,0.7229650480882008,0.725554435483871,0.7242597417860359,0.7242597417860359,orange;coin
orange007T(5),raw_gt_box_prompt,2,0.7305387002969213,0.7271105826397146,0.733966817954128,0.731116396150734,0.7319090436274733,orange;coin
orange007T(6),raw_gt_box_prompt,2,0.742786718442129,0.7318099960240428,0.7537634408602151,0.7430350625008808,0.7433744184267375,orange;coin
orange007T(7),raw_gt_box_prompt,2,0.7770225144754933,0.7473214285714286,0.806723600379558,0.7810985497550975,0.7861511294461918,orange;coin
orange007T(8),raw_gt_box_prompt,2,0.7376679492568521,0.7223668639053255,0.7529690346083788,0.7376679492568521,0.7376679492568521,orange;coin
orange008S(1),raw_gt_box_prompt,2,0.7597809891611121,0.7596604215456675,0.7599015567765568,0.7613440764482431,0.7634016896169674,orange;coin
orange008S(10),raw_gt_box_prompt,2,0.7604327482355682,0.755083785556682,0.7657817109144542,0.7682272451164974,0.7784417362628828,orange;coin
orange008S(11),raw_gt_box_prompt,2,0.7597800529106192,0.7321478188385663,0.7874122869826722,0.760918828875305,0.7623943309210333,orange;coin
orange008S(12),raw_gt_box_prompt,2,0.7621691767420411,0.7557015848473135,0.7686367686367687,0.7626262904908587,0.7632209975976085,orange;coin
orange008S(13),raw_gt_box_prompt,2,0.7471973031485478,0.7120218579234973,0.7823727483735984,0.7471973031485478,0.7471973031485478,orange;coin
orange008S(14),raw_gt_box_prompt,2,0.7665465291662281,0.7562594268476621,0.7768336314847942,0.7687806571574476,0.7717006862687199,orange;coin
orange008S(15),raw_gt_box_prompt,2,0.771287213429991,0.7540983606557377,0.7884760662042443,0.7722643266273524,0.7735035693123783,orange;coin
orange008S(16),raw_gt_box_prompt,2,0.772485214612926,0.7314116379310345,0.8135587912948176,0.7751133197534151,0.778343701095993,orange;coin
orange008S(17),raw_gt_box_prompt,2,0.73501794680223,0.676923076923077,0.7931128166813829,0.7379210349037935,0.7415814070986485,orange;coin
orange008S(18),raw_gt_box_prompt,2,0.7524300320916504,0.7266995614035088,0.7781605027797921,0.7524300320916504,0.7524300320916504,orange;coin
orange008S(19),raw_gt_box_prompt,2,0.7441150156568418,0.69901585565883,0.7892141756548536,0.7441150156568418,0.7441150156568418,orange;coin
orange008S(2),raw_gt_box_prompt,2,0.7433727532672298,0.7327035287579883,0.7540419777764713,0.7450872947357152,0.7473610958224148,orange;coin
orange008S(20),raw_gt_box_prompt,2,0.7091602523754796,0.6607818411097099,0.7575386636412492,0.7142719420992751,0.7210197029320033,orange;coin
orange008S(21),raw_gt_box_prompt,2,0.7458482952019425,0.7,0.791696590403885,0.7460650128314799,0.74633875106929,orange;coin
orange008S(22),raw_gt_box_prompt,2,0.7407460496216087,0.6849206349206349,0.7965714643225826,0.7414074879810921,0.7422378445644098,orange;coin
orange008S(23),raw_gt_box_prompt,2,0.761626281064743,0.7350029120559115,0.7882496500735743,0.7630565079676568,0.7649893824519111,orange;coin
orange008S(3),raw_gt_box_prompt,2,0.7302108578384838,0.7205240174672489,0.7398976982097186,0.7325862117422219,0.7358829150389252,orange;coin
orange008S(4),raw_gt_box_prompt,2,0.7224118521433099,0.6705128205128205,0.7743108837737994,0.7224118521433099,0.7224118521433099,orange;coin
orange008S(5),raw_gt_box_prompt,2,0.769240991139758,0.733240611961057,0.8052413703184589,0.7767165937145782,0.7866948819596735,orange;coin
orange008S(6),raw_gt_box_prompt,2,0.7481441974214103,0.724424729692265,0.7718636651505556,0.7495301332679121,0.7514197061061999,orange;coin
orange008S(7),raw_gt_box_prompt,2,0.746697982928984,0.7234100877192983,0.7699858781386698,0.7487436767013398,0.7515504436824552,orange;coin
orange008S(8),raw_gt_box_prompt,2,0.7235465812477548,0.675,0.7720931624955095,0.7239862434813882,0.7245556854282803,orange;coin
orange008S(9),raw_gt_box_prompt,2,0.7466008762367387,0.7213983050847458,0.7718034473887316,0.7466008762367387,0.7466008762367387,orange;coin
orange008T(1),raw_gt_box_prompt,2,0.7656918362581093,0.7635658914728682,0.7678177810433505,0.7673748974114194,0.7695769046467129,orange;coin
orange008T(10),raw_gt_box_prompt,2,0.7461869841577897,0.7196029776674938,0.7727709906480856,0.7467809116899529,0.747549480307759,orange;coin
orange008T(11),raw_gt_box_prompt,2,0.761263774329618,0.7504496265813139,0.772077922077922,0.761263774329618,0.761263774329618,orange;coin
orange008T(12),raw_gt_box_prompt,2,0.7674990866878164,0.7600891861761427,0.77490898719949,0.7684896355571657,0.7697679132461741,orange;coin
orange008T(13),raw_gt_box_prompt,2,0.7553992545071133,0.7481481481481481,0.7626503608660786,0.7553992545071133,0.7553992545071133,orange;coin
orange008T(14),raw_gt_box_prompt,2,0.7722205116755235,0.768758344459279,0.775682678891768,0.7751486012905936,0.7789522445266811,orange;coin
orange008T(15),raw_gt_box_prompt,2,0.7582366815845445,0.7514619883040936,0.7650113748649953,0.7597988298696288,0.7618408234090841,orange;coin
orange008T(16),raw_gt_box_prompt,2,0.7638320414372646,0.7532387955182073,0.7744252873563219,0.7710866108738577,0.7804542923726867,orange;coin
orange008T(17),raw_gt_box_prompt,2,0.7171207790274103,0.6824596774193549,0.7517818806354659,0.7186093799932523,0.72076442729088,orange;coin
orange008T(18),raw_gt_box_prompt,2,0.7166618234426148,0.6803970223325062,0.7529266245527234,0.7170697107240198,0.7176114464896362,orange;coin
orange008T(19),raw_gt_box_prompt,2,0.7519294228221071,0.7274038461538461,0.776454999490368,0.7527462930720203,0.753798344060744,orange;coin
orange008T(2),raw_gt_box_prompt,2,0.7354360303710883,0.7235653235653235,0.7473067371768531,0.7354360303710883,0.7354360303710883,orange;coin
orange008T(20),raw_gt_box_prompt,2,0.7713778650073049,0.7579926454683106,0.7847630845462992,0.7759261472955588,0.7817218866439297,orange;coin
orange008T(21),raw_gt_box_prompt,2,0.7403895240170413,0.7218671853292581,0.7589118627048245,0.7405454648107478,0.7407509442628026,orange;coin
orange008T(22),raw_gt_box_prompt,2,0.7584258904717122,0.752983293556086,0.7638684873873384,0.7634028019516624,0.770004256796337,orange;coin
orange008T(23),raw_gt_box_prompt,2,0.7698872751186205,0.7421498968599587,0.7976246533772825,0.7716918914041229,0.774018260055944,orange;coin
orange008T(3),raw_gt_box_prompt,2,0.7498117750152569,0.736813632675142,0.7628099173553718,0.7541471590060931,0.7600311217866076,orange;coin
orange008T(4),raw_gt_box_prompt,2,0.7598953645314942,0.7542313934616276,0.7655593356013608,0.7621471406713698,0.7651281537845415,orange;coin
orange008T(5),raw_gt_box_prompt,2,0.7422598058675633,0.7112299465240641,0.7732896652110626,0.7422598058675633,0.7422598058675633,orange;coin
orange008T(6),raw_gt_box_prompt,2,0.7274024761969508,0.7144368059227921,0.7403681464711094,0.727460787823664,0.7275395481363425,orange;coin
orange008T(7),raw_gt_box_prompt,2,0.7309919392539515,0.691207729468599,0.7707761490393039,0.7314031310199804,0.7319366085627682,orange;coin
orange008T(8),raw_gt_box_prompt,2,0.7534819431580566,0.7484848484848485,0.7584790378312646,0.7534819431580566,0.7534819431580566,orange;coin
orange008T(9),raw_gt_box_prompt,2,0.7308528639292533,0.7308198158702324,0.7308859119882742,0.7313340885665691,0.7319925609107306,orange;coin
orange009S(1),raw_gt_box_prompt,2,0.7636320156190726,0.7424500212675458,0.7848140099705995,0.7649757471946235,0.7667454359022712,orange;coin
orange009S(10),raw_gt_box_prompt,2,0.7616021286097449,0.757473209249859,0.7657310479696308,0.7629279404655523,0.7646685124689314,orange;coin
orange009S(11),raw_gt_box_prompt,2,0.7268422757302853,0.6810613943808532,0.7726231570797174,0.7271540989726816,0.7275576893123432,orange;coin
orange009S(12),raw_gt_box_prompt,2,0.7522255570410835,0.7424284523478744,0.7620226617342927,0.7523476760573871,0.7525079324676435,orange;coin
orange009S(13),raw_gt_box_prompt,2,0.7598725229258401,0.7407407407407407,0.7790043051109394,0.7617068372006073,0.7640921778432634,orange;coin
orange009S(14),raw_gt_box_prompt,2,0.7840458779146042,0.7401315789473685,0.82796017688184,0.789170931530507,0.7953609075209032,orange;coin
orange009S(15),raw_gt_box_prompt,2,0.7783615085378414,0.7733093237294918,0.7834136933461909,0.778739603949688,0.7792222294323135,orange;coin
orange009S(16),raw_gt_box_prompt,2,0.7389020699284613,0.6750572082379863,0.8027469316189363,0.7405509045884767,0.7426048951988053,orange;coin
orange009S(2),raw_gt_box_prompt,2,0.7921664628369502,0.7904445564815089,0.7938883691923917,0.7958806161162993,0.8005691949467255,orange;coin
orange009S(3),raw_gt_box_prompt,2,0.7643498986316013,0.7465537730243612,0.7821460242388413,0.7670268865121805,0.7704495055597996,orange;coin
orange009S(4),raw_gt_box_prompt,2,0.7895930544514058,0.7780037815848279,0.8011823273179838,0.7930196819965026,0.7973119947108798,orange;coin
orange009S(5),raw_gt_box_prompt,2,0.7556851112936958,0.7224043715846995,0.788965851002692,0.7573506579386349,0.7594617083000954,orange;coin
orange009S(6),raw_gt_box_prompt,2,0.752603092935628,0.7368572249353634,0.7683489609358926,0.7528629909605342,0.7532012461520161,orange;coin
orange009S(7),raw_gt_box_prompt,2,0.7489005725534261,0.7429351366442287,0.7548660084626234,0.7496296646992604,0.7505996906858567,orange;coin
orange009S(8),raw_gt_box_prompt,2,0.72079802259887,0.6958333333333333,0.7457627118644068,0.72079802259887,0.72079802259887,orange;coin
orange009S(9),raw_gt_box_prompt,2,0.7742617108981342,0.7732663135083072,0.7752571082879612,0.7754406484591091,0.7769652688135456,orange;coin
orange009T(1),raw_gt_box_prompt,2,0.7340458926873523,0.6776738749269433,0.7904179104477612,0.7342229311920068,0.7344469120789712,orange;coin
orange009T(10),raw_gt_box_prompt,2,0.7240934165943267,0.6849598163030999,0.7632270168855535,0.7240934165943267,0.7240934165943267,orange;coin
orange009T(11),raw_gt_box_prompt,2,0.7700520293996862,0.752050300710771,0.7880537580886013,0.7702678915277545,0.7705418095515606,orange;coin
orange009T(12),raw_gt_box_prompt,2,0.7361523736548108,0.6862876254180602,0.7860171218915614,0.7361523736548108,0.7361523736548108,orange;coin
orange009T(13),raw_gt_box_prompt,2,0.7505393572211072,0.6990622335890878,0.8020164808531265,0.7518420411642919,0.7534663019797291,orange;coin
orange009T(14),raw_gt_box_prompt,2,0.7375508574965277,0.7038171055317411,0.7712846094613144,0.7375508574965277,0.7375508574965277,orange;coin
orange009T(15),raw_gt_box_prompt,2,0.7598061577103998,0.7436173071754905,0.7759950082453091,0.7608986687839552,0.7623065529352021,orange;coin
orange009T(16),raw_gt_box_prompt,2,0.703467976876091,0.6486101211689237,0.7583258325832584,0.703467976876091,0.703467976876091,orange;coin
orange009T(2),raw_gt_box_prompt,2,0.7599222631697274,0.7263843648208469,0.793460161518608,0.7614187390806434,0.7633835730091857,orange;coin
orange009T(3),raw_gt_box_prompt,2,0.7035277402327238,0.6650094696969697,0.7420460107684778,0.7035277402327238,0.7035277402327238,orange;coin
orange009T(4),raw_gt_box_prompt,2,0.7564408826907919,0.7475728155339806,0.7653089498476032,0.7705114867672775,0.7888970081691735,orange;coin
orange009T(5),raw_gt_box_prompt,2,0.7254248573561127,0.674863387978142,0.7759863267340834,0.7254801270375041,0.7255513521087291,orange;coin
orange009T(6),raw_gt_box_prompt,2,0.7339010487444904,0.7236312399355878,0.744170857553393,0.7339010487444904,0.7339010487444904,orange;coin
orange009T(7),raw_gt_box_prompt,2,0.7686935480729823,0.747707696582384,0.7896793995635806,0.7697568080661433,0.7711032532105255,orange;coin
orange009T(8),raw_gt_box_prompt,2,0.7394618436238403,0.7176087462200512,0.7613149410276293,0.7402145800709242,0.7412635311198752,orange;coin
orange009T(9),raw_gt_box_prompt,2,0.7557640737427094,0.7448587570621469,0.7666693904232718,0.7560167395354713,0.7563559525612514,orange;coin
orange010S(1),raw_gt_box_prompt,2,0.7883886653772596,0.767884000752021,0.8088933300024981,0.7919561132792363,0.7963663955373008,orange;coin
orange010S(10),raw_gt_box_prompt,2,0.7425637642823173,0.6932727666017737,0.7918547619628609,0.7427280735655095,0.742935572833159,orange;coin
orange010S(11),raw_gt_box_prompt,2,0.7840983670481128,0.7616794224872643,0.8065173116089613,0.7871683389074693,0.7909875510962467,orange;coin
orange010S(12),raw_gt_box_prompt,2,0.7887653762365076,0.7884474774555204,0.7890832750174948,0.7901808108817454,0.7919753688678922,orange;coin
orange010S(13),raw_gt_box_prompt,2,0.7559806129054949,0.7427973977695167,0.769163828041473,0.7573744042027624,0.7592424242424243,orange;coin
orange010S(2),raw_gt_box_prompt,2,0.73568687740497,0.7175027870680044,0.7538709677419355,0.73568687740497,0.73568687740497,orange;coin
orange010S(3),raw_gt_box_prompt,2,0.7400274570068983,0.7198748043818466,0.7601801096319499,0.740819719069709,0.7418619221644391,orange;coin
orange010S(4),raw_gt_box_prompt,2,0.7686236681971574,0.7611044417767107,0.7761428946176043,0.7702573590508376,0.7724019478462079,orange;coin
orange010S(5),raw_gt_box_prompt,2,0.7662865629539897,0.7218453188602443,0.8107278070477351,0.7677514092640534,0.7695582380138872,orange;coin
orange010S(6),raw_gt_box_prompt,2,0.7419722690606072,0.6889125799573561,0.7950319581638582,0.7433629955180366,0.7451122666550629,orange;coin
orange010S(7),raw_gt_box_prompt,2,0.793622146102718,0.7891504873396221,0.7980938048658139,0.7963628185473699,0.7998043183206556,orange;coin
orange010S(8),raw_gt_box_prompt,2,0.7568326733815745,0.7248868778280543,0.7887784689350945,0.7585111342848584,0.7606390586253262,orange;coin
orange010S(9),raw_gt_box_prompt,2,0.7579282636966646,0.7393023255813953,0.7765542018119338,0.759308846937713,0.7611762605698325,orange;coin
orange010T(1),raw_gt_box_prompt,2,0.7392628925188975,0.7212409420289855,0.7572848430088096,0.7392628925188975,0.7392628925188975,orange;coin
orange010T(10),raw_gt_box_prompt,2,0.7446595426259375,0.7138461538461538,0.7754729314057213,0.7449654049654049,0.7453598253598253,orange;coin
orange010T(11),raw_gt_box_prompt,2,0.7161221197638692,0.6894977168949772,0.7427465226327613,0.716210897078202,0.7163304228001373,orange;coin
orange010T(12),raw_gt_box_prompt,2,0.7692257194334162,0.760957832728725,0.7774936061381074,0.7712482329932366,0.7738731454207672,orange;coin
orange010T(13),raw_gt_box_prompt,2,0.7729280645150443,0.7720580521070117,0.7737980769230769,0.7737262041469883,0.7747599860365315,orange;coin
orange010T(2),raw_gt_box_prompt,2,0.7564160225488281,0.7196408529741863,0.7931911921234699,0.7619825947770995,0.769410000674104,orange;coin
orange010T(3),raw_gt_box_prompt,2,0.7812826917817732,0.7652738960313024,0.7972914875322442,0.7847724618011916,0.7891877261962947,orange;coin
orange010T(4),raw_gt_box_prompt,2,0.74781325892437,0.7393004115226337,0.7563261063261063,0.7510356143917787,0.7553942694353653,orange;coin
orange010T(5),raw_gt_box_prompt,2,0.7474032813778824,0.7376830892143809,0.757123473541384,0.7495901390927493,0.7525271348408098,orange;coin
orange010T(6),raw_gt_box_prompt,2,0.7709733061671235,0.7610797121591155,0.7808669001751314,0.7720016646835963,0.7733186093719195,orange;coin
orange010T(7),raw_gt_box_prompt,2,0.745922275420857,0.7152906330988523,0.7765539177428618,0.7464432757932847,0.7471141891201301,orange;coin
orange010T(8),raw_gt_box_prompt,2,0.7271250214117577,0.7242250287026406,0.7300250141208747,0.7271250214117577,0.7271250214117577,orange;coin
orange010T(9),raw_gt_box_prompt,2,0.7584226013031562,0.7545263620266023,0.7623188405797101,0.7584226013031562,0.7584226013031562,orange;coin
orange011S(1),raw_gt_box_prompt,2,0.7652015612758201,0.7650214592274678,0.7653816633241725,0.7678036600233397,0.771204860907378,orange;coin
orange011S(10),raw_gt_box_prompt,2,0.7541805319985052,0.7307501241927471,0.7776109398042633,0.7548279667777047,0.7556605615189288,orange;coin
orange011S(11),raw_gt_box_prompt,2,0.7265444881017428,0.6793756967670012,0.7737132794364844,0.727133735829388,0.7278953199243055,orange;coin
orange011S(12),raw_gt_box_prompt,2,0.7716784229254395,0.7565524193548387,0.7868044264960403,0.7738464140281116,0.776601852393306,orange;coin
orange011S(13),raw_gt_box_prompt,2,0.743840442964289,0.71171802054155,0.775962865387028,0.7444937745213027,0.7453357369220266,orange;coin
orange011S(14),raw_gt_box_prompt,2,0.7290629347283273,0.7182163187855788,0.7399095506710757,0.7290629347283273,0.7290629347283273,orange;coin
orange011S(15),raw_gt_box_prompt,2,0.7360967582921741,0.7126774351443955,0.7595160814399528,0.7370899628887089,0.7384429885885544,orange;coin
orange011S(16),raw_gt_box_prompt,2,0.7271118462793438,0.7213359920239282,0.7328877005347594,0.7271118462793438,0.7271118462793438,orange;coin
orange011S(17),raw_gt_box_prompt,2,0.7477030766504451,0.7065897065897065,0.7888164467111836,0.7478794249789227,0.7481029856427663,orange;coin
orange011S(18),raw_gt_box_prompt,2,0.7486040335253126,0.7334174022698613,0.7637906647807637,0.7504035403271521,0.7527595612695603,orange;coin
orange011S(2),raw_gt_box_prompt,2,0.756416087941977,0.7464889685295106,0.7663432073544433,0.7587732847029584,0.7618558638669947,orange;coin
orange011S(3),raw_gt_box_prompt,2,0.767073894428115,0.7625971479916913,0.7715506408645388,0.7686408153116342,0.7706748039837651,orange;coin
orange011S(4),raw_gt_box_prompt,2,0.7751118022333883,0.7588723886232066,0.7913512158435698,0.778091752338864,0.7818988048469383,orange;coin
orange011S(5),raw_gt_box_prompt,2,0.7660660687544913,0.7631012203876526,0.7690309171213302,0.7674697757740088,0.7692950691247259,orange;coin
orange011S(6),raw_gt_box_prompt,2,0.7524961752102619,0.7248138957816377,0.7801784546388862,0.7530710569927861,0.7538079163345252,orange;coin
orange011S(7),raw_gt_box_prompt,2,0.7719440242405822,0.7702492211838006,0.7736388272973639,0.7731475386486819,0.7747100386486819,orange;coin
orange011S(8),raw_gt_box_prompt,2,0.7766267973812013,0.7746441750131787,0.7786094197492238,0.7792424751871085,0.7826181077031005,orange;coin
orange011S(9),raw_gt_box_prompt,2,0.7452543309008457,0.7118440057775638,0.7786646560241277,0.7458118667156884,0.7465278820253975,orange;coin
orange011T(1),raw_gt_box_prompt,2,0.7473387535887536,0.7408783783783783,0.7537991287991288,0.7473387535887536,0.7473387535887536,orange;coin
orange011T(10),raw_gt_box_prompt,2,0.7681142585694831,0.7660240380737275,0.7702044790652386,0.7696200346771375,0.7715750688902362,orange;coin
orange011T(11),raw_gt_box_prompt,2,0.7614302207771126,0.7500458402093647,0.7728146013448607,0.7628336386355632,0.7646828458526533,orange;coin
orange011T(12),raw_gt_box_prompt,2,0.7584794560521229,0.7292780748663101,0.7876808372379356,0.7599124387306527,0.7617316815137509,orange;coin
orange011T(13),raw_gt_box_prompt,2,0.730339140898995,0.7091684434968017,0.7515098383011883,0.730339140898995,0.730339140898995,orange;coin
orange011T(14),raw_gt_box_prompt,2,0.7529985600950747,0.7457962413452027,0.7602008788449467,0.7545383538030597,0.7565920599008834,orange;coin
orange011T(15),raw_gt_box_prompt,2,0.742614658006199,0.7297908422837761,0.7554384737286217,0.7426457556072581,0.7426869205758697,orange;coin
orange011T(16),raw_gt_box_prompt,2,0.7550939747966123,0.7458418441785819,0.7643461054146429,0.7578344283686971,0.7615087375985619,orange;coin
orange011T(17),raw_gt_box_prompt,2,0.7646815537294565,0.7573981016192072,0.7719650058397056,0.769472524411006,0.7757906664035181,orange;coin
orange011T(18),raw_gt_box_prompt,2,0.7373785122922123,0.7305913847651496,0.7441656398192749,0.7385378980346374,0.7401248120971374,orange;coin
orange011T(2),raw_gt_box_prompt,2,0.7686585429600179,0.753349875930521,0.7839672099895149,0.7688828540358376,0.7691689770687418,orange;coin
orange011T(3),raw_gt_box_prompt,2,0.7238241984004696,0.696969696969697,0.7506786998312422,0.7238241984004696,0.7238241984004696,orange;coin
orange011T(4),raw_gt_box_prompt,2,0.7372366630832536,0.722412109375,0.7520612167915073,0.7372366630832536,0.7372366630832536,orange;coin
orange011T(5),raw_gt_box_prompt,2,0.7668857347401776,0.7534722222222222,0.7802992472581332,0.7675843373300191,0.7685052569951192,orange;coin
orange011T(6),raw_gt_box_prompt,2,0.742211325474252,0.7059478725774114,0.7784747783710924,0.7423930234256352,0.7426264259152617,orange;coin
orange011T(7),raw_gt_box_prompt,2,0.7515582215288553,0.7170673076923076,0.786049135365403,0.7533939235354249,0.7557292762811744,orange;coin
orange011T(8),raw_gt_box_prompt,2,0.7502154676939974,0.7342509264160931,0.7661800089719016,0.7508165472199446,0.7516120982836345,orange;coin
orange011T(9),raw_gt_box_prompt,2,0.758734483714705,0.7547398431931576,0.7627291242362525,0.761522361848829,0.7651863778719589,orange;coin
orange012S(1),raw_gt_box_prompt,2,0.7610337514190826,0.7386062922669803,0.783461210571185,0.7688683635247945,0.7788683635247945,orange;coin
orange012S(2),raw_gt_box_prompt,2,0.7201442049159785,0.6936736958934517,0.7466147139385054,0.7201442049159785,0.7201442049159785,orange;coin
orange012S(3),raw_gt_box_prompt,2,0.751580800008482,0.7436942675159236,0.7594673325010404,0.7520554670912951,0.7526804670912952,orange;coin
orange012S(4),raw_gt_box_prompt,2,0.7207971374076495,0.7042741624951867,0.7373201123201123,0.7210561188310145,0.7214073657576039,orange;coin
orange012S(5),raw_gt_box_prompt,2,0.7499635947216232,0.7112648981161092,0.7886622913271374,0.7499983360233865,0.7500423869462534,orange;coin
orange012S(6),raw_gt_box_prompt,2,0.7521096569099268,0.7405829501834901,0.7636363636363637,0.7542200465203165,0.7569836519624933,orange;coin
orange012S(7),raw_gt_box_prompt,2,0.7295170738352557,0.7134615384615385,0.7455726092089728,0.7295170738352557,0.7295170738352557,orange;coin
orange012S(8),raw_gt_box_prompt,2,0.7521844076024877,0.7392486826449091,0.7651201325600663,0.7544160079891211,0.7573326746557878,orange;coin
orange012S(9),raw_gt_box_prompt,2,0.756777120024891,0.7248484848484849,0.7887057552012969,0.7623488640739315,0.7698263630143247,orange;coin
orange012T(1),raw_gt_box_prompt,2,0.7191882733605257,0.6880053908355795,0.7503711558854719,0.7201180103751683,0.7214693617265198,orange;coin
orange012T(2),raw_gt_box_prompt,2,0.6795796787614568,0.6639928698752228,0.6951664876476906,0.6795796787614568,0.6795796787614568,orange;coin
orange012T(3),raw_gt_box_prompt,2,0.7132618335677495,0.7061258278145696,0.7203978393209295,0.7186022810050026,0.7261653062150866,orange;coin
orange012T(4),raw_gt_box_prompt,2,0.7102804730758031,0.682277318640955,0.7382836275106512,0.7102804730758031,0.7102804730758031,orange;coin
orange012T(5),raw_gt_box_prompt,2,0.7259088302881955,0.6850733390854185,0.7667443214909726,0.7279902163010419,0.7310284107454863,orange;coin
orange012T(6),raw_gt_box_prompt,2,0.7393121511166743,0.7342487883683361,0.7443755138650123,0.7441522206366824,0.7507322111234431,orange;coin
orange012T(7),patched_gt_box_prompt,2,0.7538541926772651,0.7368421052631579,0.7708662800913724,0.7625616392977143,0.7742113482561166,orange;coin
orange012T(8),raw_gt_box_prompt,2,0.7155927492379757,0.6848617176128093,0.7463237808631421,0.7186580232632864,0.722945785939207,orange;coin
orange012T(9),raw_gt_box_prompt,2,0.7200518067607823,0.6685714285714286,0.771532184950136,0.7205420686793236,0.7211775080402532,orange;coin
orange013S(1),raw_gt_box_prompt,2,0.7646029048023355,0.7302573203194321,0.7989484892852389,0.7652953268263827,0.7661619934930495,orange;coin
orange013S(2),raw_gt_box_prompt,2,0.7441996956677408,0.7079081632653061,0.7804912280701755,0.7441996956677408,0.7441996956677408,orange;coin
orange013S(3),raw_gt_box_prompt,2,0.7456518640350878,0.7161458333333334,0.7751578947368422,0.7456518640350878,0.7456518640350878,orange;coin
orange013S(4),raw_gt_box_prompt,2,0.7597835993839952,0.7558876811594203,0.7636795176085701,0.7597835993839952,0.7597835993839952,orange;coin
orange013S(5),raw_gt_box_prompt,2,0.7348966932867992,0.7095093356491533,0.7602840509244451,0.7354324819061963,0.7361372035411504,orange;coin
orange013T(1),raw_gt_box_prompt,2,0.7480473328651128,0.7304409672830725,0.7656536984471531,0.7480473328651128,0.7480473328651128,orange;coin
orange013T(2),raw_gt_box_prompt,2,0.7168331527045897,0.6814562002275313,0.7522101051816481,0.7174884166171116,0.7184399291408456,orange;coin
orange013T(3),raw_gt_box_prompt,2,0.7458166531654469,0.6932367149758454,0.7983965913550485,0.7492477043920788,0.7535451315902693,orange;coin
orange013T(4),raw_gt_box_prompt,2,0.7579299873020449,0.7462195923734385,0.7696403822306513,0.7618144823051984,0.7668616382144233,orange;coin
orange013T(5),raw_gt_box_prompt,2,0.7283850191660375,0.7051282051282052,0.7516418332038698,0.7283850191660375,0.7283850191660375,orange;coin
orange014S(1),raw_gt_box_prompt,2,0.7521827277784813,0.7300380228136882,0.7743274327432743,0.754881379919448,0.7585734199507324,orange;coin
orange014S(2),raw_gt_box_prompt,2,0.7294073414928604,0.6858660130718954,0.7729486699138254,0.7294073414928604,0.7294073414928604,orange;coin
orange014S(3),raw_gt_box_prompt,2,0.7429705213973905,0.7242132867132867,0.7617277560814943,0.7484505659971499,0.7560162404882902,orange;coin
orange014T(1),raw_gt_box_prompt,2,0.7017746800953633,0.691025641025641,0.7125237191650854,0.7017746800953633,0.7017746800953633,orange;coin
orange014T(2),raw_gt_box_prompt,2,0.7174019567259557,0.7126620900076278,0.7221418234442837,0.7218988105715795,0.7281259167986858,orange;coin
orange014T(3),raw_gt_box_prompt,2,0.7550674809771172,0.747834199653472,0.7623007623007623,0.7550674809771172,0.7550674809771172,orange;coin
orange015S(1),raw_gt_box_prompt,2,0.7520083519279785,0.7339427471734424,0.7700739566825145,0.7541127256158083,0.7568623583847763,orange;coin
orange015S(2),raw_gt_box_prompt,2,0.7688617562213068,0.7417582417582418,0.7959652706843718,0.7719135503989603,0.7757476299625443,orange;coin
orange015S(3),raw_gt_box_prompt,2,0.7592771769558374,0.7487636003956478,0.769790753516027,0.7616664053729203,0.7648175889861699,orange;coin
orange015S(4),raw_gt_box_prompt,2,0.7609690887287229,0.721981721981722,0.7999564554757239,0.7638636680084048,0.7674820890610364,orange;coin
orange015S(5),raw_gt_box_prompt,2,0.7589310460156382,0.750503524672709,0.7673585673585673,0.7600994066355512,0.7616552615046591,orange;coin
orange015S(6),patched_gt_box_prompt,2,0.7521776947069552,0.7109375,0.7934178894139103,0.7527705349730178,0.7535177329804899,orange;coin
orange015T(1),raw_gt_box_prompt,2,0.6836681652978382,0.6381944444444444,0.729141886151232,0.6836681652978382,0.6836681652978382,orange;coin
orange015T(2),raw_gt_box_prompt,2,0.7090323563023522,0.703591028394178,0.7144736842105263,0.7090323563023522,0.7090323563023522,orange;coin
orange015T(3),raw_gt_box_prompt,2,0.7380557652574697,0.7230769230769231,0.7530346074380165,0.7384938590820944,0.7390756302521009,orange;coin
orange015T(4),raw_gt_box_prompt,2,0.7288535358666938,0.7183499288762447,0.7393571428571428,0.7288535358666938,0.7288535358666938,orange;coin
orange015T(5),raw_gt_box_prompt,2,0.7309775353236778,0.6905829596412556,0.7713721110061001,0.732532902349897,0.7347851546021491,orange;coin
orange015T(6),raw_gt_box_prompt,2,0.7028756660695741,0.6416831032215647,0.7640682289175833,0.7054199035324706,0.7087497599073402,orange;coin
peach001S(1),raw_gt_box_prompt,2,0.7611740229603624,0.75994842381397,0.7623996221067548,0.7620764846342577,0.7632601967554699,peach;coin
peach001S(10),raw_gt_box_prompt,2,0.718635292218564,0.6570691024622717,0.7802014819748564,0.723563590191868,0.7299430163090688,peach;coin
peach001S(11),raw_gt_box_prompt,2,0.7658462816336271,0.759915014164306,0.7717775491029484,0.7688195993224963,0.7727214564540399,peach;coin
peach001S(12),raw_gt_box_prompt,2,0.696106899515738,0.682024659312135,0.7101891397193411,0.696106899515738,0.696106899515738,peach;coin
peach001S(13),raw_gt_box_prompt,2,0.7385027212447839,0.7304068030337854,0.7465986394557823,0.740189183500692,0.7424981190813892,peach;coin
peach001S(14),raw_gt_box_prompt,2,0.7881227512123448,0.7801779450765677,0.796067557348122,0.7958851891037142,0.8056438580429321,peach;coin
peach001S(15),raw_gt_box_prompt,2,0.7942005881404004,0.7773329652125898,0.811068211068211,0.7986333407188555,0.8041044105936552,peach;coin
peach001S(16),raw_gt_box_prompt,2,0.7082931110945445,0.669822723609992,0.746763498579097,0.7085796536070905,0.7089633661386905,peach;coin
peach001S(2),raw_gt_box_prompt,2,0.760077733671437,0.7512426035502958,0.7689128637925784,0.7618756724045186,0.7642139591178052,peach;coin
peach001S(3),raw_gt_box_prompt,2,0.7049674532498305,0.698943661971831,0.7109912445278299,0.7049674532498305,0.7049674532498305,peach;coin
peach001S(4),raw_gt_box_prompt,2,0.7012411784007581,0.6604012671594509,0.7420810896420652,0.7039125908078327,0.7079577260005089,peach;coin
peach001S(5),raw_gt_box_prompt,2,0.7564394618112565,0.7204013377926421,0.7924775858298709,0.7579878132588079,0.7599416242879614,peach;coin
peach001S(6),raw_gt_box_prompt,2,0.7477435709868103,0.7295429208472687,0.765944221126352,0.7498339604236344,0.752563127090301,peach;coin
peach001S(7),raw_gt_box_prompt,2,0.7595826477154716,0.724567945787722,0.7945973496432212,0.7616179892873036,0.7641794646971397,peach;coin
peach001S(8),raw_gt_box_prompt,2,0.7297284632228271,0.7258475406623555,0.7336093857832988,0.730241248486453,0.7309477126333975,peach;coin
peach001S(9),raw_gt_box_prompt,2,0.7107241554339857,0.6831932773109244,0.738255033557047,0.7107241554339857,0.7107241554339857,peach;coin
peach001T(1),raw_gt_box_prompt,2,0.7070245636295491,0.6992229272118058,0.7148262000472925,0.708722891498514,0.711098752748217,peach;coin
peach001T(10),raw_gt_box_prompt,2,0.7493072877447289,0.7439759036144579,0.754638671875,0.7493072877447289,0.7493072877447289,peach;coin
peach001T(11),raw_gt_box_prompt,2,0.723438742547545,0.7193714706604468,0.7275060144346431,0.727652342057392,0.7335094500925029,peach;coin
peach001T(12),raw_gt_box_prompt,2,0.7356977546671737,0.705327333430106,0.7660681759042415,0.7356977546671737,0.7356977546671737,peach;coin
peach001T(13),raw_gt_box_prompt,2,0.7157360509724118,0.7147945633494767,0.7166775385953468,0.7157360509724118,0.7157360509724118,peach;coin
peach001T(14),raw_gt_box_prompt,2,0.7094457245263697,0.6908730158730159,0.7280184331797235,0.7094457245263697,0.7094457245263697,peach;coin
peach001T(15),raw_gt_box_prompt,2,0.6874134248261705,0.6716299384554298,0.7031969111969112,0.6874134248261705,0.6874134248261705,peach;coin
peach001T(16),raw_gt_box_prompt,2,0.6539700163796096,0.64422704378148,0.6637129889777393,0.6542571515684384,0.6546897710795785,peach;coin
peach001T(2),raw_gt_box_prompt,2,0.6925300790364761,0.6705882352941176,0.7144719227788346,0.6925300790364761,0.6925300790364761,peach;coin
peach001T(3),raw_gt_box_prompt,2,0.680242645882632,0.6247619047619047,0.7357233870033592,0.680242645882632,0.680242645882632,peach;coin
peach001T(4),raw_gt_box_prompt,2,0.6967598529816974,0.6872527472527472,0.7062669587106476,0.6967598529816974,0.6967598529816974,peach;coin
peach001T(5),raw_gt_box_prompt,2,0.686700912936389,0.6766174055829228,0.6967844202898551,0.688604695505487,0.6913369359426453,peach;coin
peach001T(6),raw_gt_box_prompt,2,0.7398532415198167,0.7028985507246377,0.7768079323149956,0.74061306515902,0.7415912009472825,peach;coin
peach001T(7),raw_gt_box_prompt,2,0.7211629042554565,0.7050691244239631,0.7372566840869499,0.7211629042554565,0.7211629042554565,peach;coin
peach001T(8),raw_gt_box_prompt,2,0.7636324995020305,0.753578445130508,0.773686553873553,0.7684077066454378,0.7746715488506126,peach;coin
peach001T(9),raw_gt_box_prompt,2,0.6956536694767073,0.6521942110177404,0.739113127935674,0.6956536694767073,0.6956536694767073,peach;coin
peach002S(1),raw_gt_box_prompt,2,0.6888170787613959,0.6745930126211817,0.7030411449016101,0.6888170787613959,0.6888170787613959,peach;coin
peach002S(2),raw_gt_box_prompt,2,0.7106623550401427,0.6633333333333333,0.7579913767469522,0.7109019848501754,0.7112181227606897,peach;coin
peach002S(3),raw_gt_box_prompt,2,0.7237008389806695,0.7236180904522613,0.7237835875090777,0.7245025914982939,0.7256105689358443,peach;coin
peach002S(4),raw_gt_box_prompt,2,0.7168318489939123,0.7107405201508835,0.722923177836941,0.7168318489939123,0.7168318489939123,peach;coin
peach002S(5),raw_gt_box_prompt,2,0.7641736006810242,0.7632150615496017,0.7651321398124468,0.7649735519670151,0.7660216854830999,peach;coin
peach002S(6),raw_gt_box_prompt,2,0.7439210782533702,0.7301744647105471,0.7576676917961932,0.7450118736335508,0.7464767629014595,peach;coin
peach002S(7),raw_gt_box_prompt,2,0.7486617115982195,0.737119341563786,0.7602040816326531,0.7486617115982195,0.7486617115982195,peach;coin
peach002S(8),raw_gt_box_prompt,2,0.7465854924282229,0.7420714572460859,0.75109952761036,0.7484627017371253,0.7509764942751397,peach;coin
peach002T(1),raw_gt_box_prompt,2,0.7841844598397961,0.7729981860585644,0.7953707336210278,0.7889962081297173,0.795100781754238,peach;coin
peach002T(2),raw_gt_box_prompt,2,0.7080438286911757,0.6586274509803921,0.7574602064019591,0.7084815596174026,0.7090594525846203,peach;coin
peach002T(3),raw_gt_box_prompt,2,0.7604699011166218,0.7435132032146957,0.7774265990185478,0.7615586189551362,0.7629991717909355,peach;coin
peach002T(4),raw_gt_box_prompt,2,0.7195479625859373,0.6976689976689977,0.7414269275028769,0.7195479625859373,0.7195479625859373,peach;coin
peach002T(5),raw_gt_box_prompt,2,0.6847422317397802,0.6646085011185683,0.7048759623609923,0.6874766643523875,0.6913559746972151,peach;coin
peach002T(6),raw_gt_box_prompt,2,0.7495078841839979,0.7006390850992263,0.7983766832687696,0.7545129230849679,0.7609678034074066,peach;coin
peach002T(7),raw_gt_box_prompt,2,0.7626149206217878,0.7391304347826086,0.7860994064609669,0.7635802194062743,0.7648415219082189,peach;coin
peach002T(8),raw_gt_box_prompt,2,0.7650984427213895,0.745126993502658,0.785069891940121,0.768176045710885,0.7722930600032117,peach;coin
peach003S(1),raw_gt_box_prompt,2,0.7563027638421816,0.720392156862745,0.7922133708216182,0.7576842245186016,0.7594280232567967,peach;coin
peach003S(2),raw_gt_box_prompt,2,0.7854975244746708,0.7680623673230363,0.8029326816263053,0.7892061240834978,0.7939536560081043,peach;coin
peach003S(3),raw_gt_box_prompt,2,0.7492724491107616,0.7226247987117552,0.775920099509768,0.7492724491107616,0.7492724491107616,peach;coin
peach003S(4),raw_gt_box_prompt,2,0.7506645030697262,0.7460847776153685,0.7552442285240839,0.7531430525186134,0.7564605003816666,peach;coin
peach003S(5),raw_gt_box_prompt,2,0.7998927428275255,0.7748316498316499,0.8249538358234011,0.8004127154108245,0.8010430204784773,peach;coin
peach003S(6),raw_gt_box_prompt,2,0.7914387922933173,0.7768192877681929,0.8060582968184417,0.7979791790046281,0.8062592020629071,peach;coin
peach003S(7),raw_gt_box_prompt,2,0.7761777631945272,0.7737889273356401,0.7785665990534145,0.7769322702742696,0.777907351531041,peach;coin
peach003S(8),raw_gt_box_prompt,2,0.7787211499183007,0.7712009803921569,0.7862413194444444,0.7842580606186136,0.7913003141397404,peach;coin
peach003S(9),raw_gt_box_prompt,2,0.7911863526806802,0.7735651445328865,0.8088075608284737,0.794465813737155,0.7985845785714625,peach;coin
peach003T(1),raw_gt_box_prompt,2,0.71296347119805,0.6893300248138958,0.7365969175822042,0.7133785763400999,0.7139421208406829,peach;coin
peach003T(2),raw_gt_box_prompt,2,0.7397759854869915,0.7162048698572628,0.7633471011167202,0.7432579559601619,0.7480742783224401,peach;coin
peach003T(3),raw_gt_box_prompt,2,0.688506762134778,0.6539235412474849,0.7230899830220713,0.688506762134778,0.688506762134778,peach;coin
peach003T(4),raw_gt_box_prompt,2,0.717555689249131,0.6790744466800804,0.7560369318181818,0.717555689249131,0.717555689249131,peach;coin
peach003T(5),raw_gt_box_prompt,2,0.7143814721289281,0.6866431649040344,0.7421197793538219,0.7143814721289281,0.7143814721289281,peach;coin
peach003T(6),raw_gt_box_prompt,2,0.6984052389162132,0.6956623134328358,0.7011481643995905,0.6984052389162132,0.6984052389162132,peach;coin
peach003T(7),raw_gt_box_prompt,2,0.7249890006167617,0.681872178664766,0.7681058225687575,0.7253021115390761,0.7257097518838234,peach;coin
peach003T(8),raw_gt_box_prompt,2,0.7467509656330569,0.7298756798756799,0.7636262513904338,0.7467509656330569,0.7467509656330569,peach;coin
peach003T(9),raw_gt_box_prompt,2,0.7389464867313176,0.7193664906918589,0.7585264827707764,0.7397168023929093,0.7407323446041421,peach;coin
peach004S(1),raw_gt_box_prompt,2,0.739640743842228,0.737312030075188,0.741969457609268,0.7418022014782719,0.7447153370714923,peach;coin
peach004S(10),raw_gt_box_prompt,2,0.7696090632581853,0.7645079899074853,0.7747101366088853,0.7726802581059578,0.77669479359796,peach;coin
peach004S(11),raw_gt_box_prompt,2,0.7311344217987545,0.6905422446406053,0.7717265989569037,0.7314524410016213,0.7318645289137092,peach;coin
peach004S(12),raw_gt_box_prompt,2,0.7835089684859737,0.7772126677852349,0.7898052691867125,0.7848707017087094,0.786594839639744,peach;coin
peach004S(13),raw_gt_box_prompt,2,0.7470673527631143,0.7108820709491851,0.7832526345770435,0.7508968882212133,0.7557861605824441,peach;coin
peach004S(14),raw_gt_box_prompt,2,0.7520789686857514,0.7132056451612904,0.7909522922102125,0.7524847365812048,0.7529977484271148,peach;coin
peach004S(15),raw_gt_box_prompt,2,0.7622704914531269,0.7516760525610083,0.7728649303452453,0.7647050697610167,0.7679439361577778,peach;coin
peach004S(16),raw_gt_box_prompt,2,0.7848767444722602,0.7536997885835095,0.8160537003610109,0.7870090579205178,0.7896624432737275,peach;coin
peach004S(17),raw_gt_box_prompt,2,0.7413829338278732,0.7360709972168251,0.7466948704389212,0.7413829338278732,0.7413829338278732,peach;coin
peach004S(18),raw_gt_box_prompt,2,0.7237948574794868,0.7055811571940604,0.7420085577649131,0.7237948574794868,0.7237948574794868,peach;coin
peach004S(19),raw_gt_box_prompt,2,0.7540182240054141,0.7348576400638082,0.7731788079470199,0.7567036185870584,0.7601768055834461,peach;coin
peach004S(2),raw_gt_box_prompt,2,0.7398199088342388,0.7085610200364298,0.7710787976320478,0.7398199088342388,0.7398199088342388,peach;coin
peach004S(20),raw_gt_box_prompt,2,0.7518431991830632,0.7511898466419884,0.752496551724138,0.7526128357491233,0.7536356132811888,peach;coin
peach004S(3),raw_gt_box_prompt,2,0.7363985802537049,0.6934487021013597,0.77934845840605,0.7387118845462761,0.7418852626879043,peach;coin
peach004S(4),raw_gt_box_prompt,2,0.7464834770114943,0.7133333333333334,0.7796336206896551,0.7464834770114943,0.7464834770114943,peach;coin
peach004S(5),raw_gt_box_prompt,2,0.7710614503608699,0.7436507936507937,0.7984721070709463,0.7711087420042644,0.7711679696754323,peach;coin
peach004S(6),raw_gt_box_prompt,2,0.7771206521001818,0.7583873696081196,0.795853934592244,0.7805662915572733,0.7850225456036073,peach;coin
peach004S(7),raw_gt_box_prompt,2,0.7356290156893885,0.7248411016949152,0.746416929683862,0.7360543244812312,0.7366241250510318,peach;coin
peach004S(8),raw_gt_box_prompt,2,0.7634591528846757,0.7629273504273504,0.7639909553420011,0.7634591528846757,0.7634591528846757,peach;coin
peach004S(9),raw_gt_box_prompt,2,0.7472212053469741,0.7445967316816026,0.7498456790123457,0.7484024799080766,0.7499889420973944,peach;coin
peach004T(1),raw_gt_box_prompt,2,0.7202022136940921,0.6877294685990338,0.7526749587891504,0.7213448930296756,0.7228630507978334,peach;coin
peach004T(10),raw_gt_box_prompt,2,0.7383052601377429,0.720473372781065,0.7561371474944207,0.7383052601377429,0.7383052601377429,peach;coin
peach004T(11),raw_gt_box_prompt,2,0.7619858846750405,0.745482967971789,0.7784888013782919,0.7655631432009964,0.7701582748453084,peach;coin
peach004T(12),raw_gt_box_prompt,2,0.7867920601653857,0.7529658060013956,0.8206183143293758,0.7927976492656106,0.8003183644670837,peach;coin
peach004T(13),raw_gt_box_prompt,2,0.725754309195439,0.6925505050505051,0.7589581133403731,0.7260216420990462,0.7263738788021106,peach;coin
peach004T(14),raw_gt_box_prompt,2,0.7505055460486003,0.7401159725882973,0.7608951195089033,0.7522574740695547,0.7546105025970797,peach;coin
peach004T(15),raw_gt_box_prompt,2,0.7458470601167002,0.7428601650095198,0.7488339552238806,0.7458470601167002,0.7458470601167002,peach;coin
peach004T(16),raw_gt_box_prompt,2,0.7754057639782657,0.7553763440860215,0.7954351838705097,0.777135587372779,0.77931027542982,peach;coin
peach004T(17),raw_gt_box_prompt,2,0.7466350253683183,0.7251117910096493,0.7681582597269874,0.7507827623603947,0.7564486284900479,peach;coin
peach004T(18),raw_gt_box_prompt,2,0.7415751095506091,0.7343885785226567,0.7487616405785615,0.7423183710560475,0.7433110254138,peach;coin
peach004T(19),raw_gt_box_prompt,2,0.7302611883314671,0.7284175944515423,0.732104782211392,0.7305272769504448,0.7308925737540979,peach;coin
peach004T(2),raw_gt_box_prompt,2,0.718912521124339,0.7025974025974026,0.7352276396512755,0.718912521124339,0.718912521124339,peach;coin
peach004T(20),raw_gt_box_prompt,2,0.7219910525537837,0.7120192307692308,0.7319628743383366,0.7225491941790961,0.7233117214122116,peach;coin
peach004T(3),raw_gt_box_prompt,2,0.7599334895103804,0.7510050251256282,0.7688619538951326,0.7614868095606335,0.7635510258155376,peach;coin
peach004T(4),raw_gt_box_prompt,2,0.7398259422916195,0.6893390191897655,0.7903128653934735,0.7398259422916195,0.7398259422916195,peach;coin
peach004T(5),raw_gt_box_prompt,2,0.7513288755774671,0.7432432432432432,0.759414507911691,0.7517489964057321,0.7523022131587546,peach;coin
peach004T(6),raw_gt_box_prompt,2,0.7369680304372918,0.7340873807939676,0.7398486800806159,0.7386854808602723,0.7410250530527857,peach;coin
peach004T(7),raw_gt_box_prompt,2,0.7425969329380538,0.7294217836901301,0.7557720821859776,0.7455801074629327,0.749534977816087,peach;coin
peach004T(8),raw_gt_box_prompt,2,0.7385142857142857,0.73,0.7470285714285714,0.7390165364918605,0.739688867908334,peach;coin
peach004T(9),raw_gt_box_prompt,2,0.7490277736781754,0.7366006760019315,0.7614548713544195,0.7562917688940468,0.7661160269733194,peach;coin
peach005S(1),raw_gt_box_prompt,2,0.7462590187590188,0.7228571428571429,0.7696608946608947,0.7477563523603084,0.7497809790462427,peach;coin
peach005S(10),raw_gt_box_prompt,2,0.7708973095433136,0.7237354085603113,0.8180592105263158,0.7720272633427832,0.773588543592588,peach;coin
peach005S(2),raw_gt_box_prompt,2,0.7753624939196773,0.7599153886832364,0.7908095991561181,0.7753624939196773,0.7753624939196773,peach;coin
peach005S(3),raw_gt_box_prompt,2,0.7208218411608243,0.6708624708624709,0.7707812114591776,0.7209169255482522,0.7210402866084524,peach;coin
peach005S(4),raw_gt_box_prompt,2,0.7518469913863619,0.6753246753246753,0.8283693074480486,0.7528315560346182,0.7540201136494449,peach;coin
peach005S(5),raw_gt_box_prompt,2,0.7372866678345418,0.6901442307692308,0.7844291048998528,0.7376272346839208,0.7380613935483122,peach;coin
peach005S(6),raw_gt_box_prompt,2,0.7500065767378226,0.7251282051282051,0.7748849483474399,0.7500065767378226,0.7500065767378226,peach;coin
peach005S(7),raw_gt_box_prompt,2,0.7238731803914026,0.701904296875,0.7458420639078052,0.7238731803914026,0.7238731803914026,peach;coin
peach005S(8),raw_gt_box_prompt,2,0.7326146587196312,0.6871091871091871,0.7781201303300751,0.7326146587196312,0.7326146587196312,peach;coin
peach005S(9),raw_gt_box_prompt,2,0.7683607008735057,0.757762312633833,0.7789590891131785,0.7701119963838954,0.7724150948225426,peach;coin
peach005T(1),raw_gt_box_prompt,2,0.7551882411635071,0.7252446183953033,0.7851318639317111,0.7554217822780069,0.7557192369161746,peach;coin
peach005T(10),raw_gt_box_prompt,2,0.6940061920293026,0.6428267347807578,0.7451856492778474,0.6940061920293026,0.6940061920293026,peach;coin
peach005T(2),raw_gt_box_prompt,2,0.7362833224576559,0.6824408468244084,0.7901257980909033,0.7367333656310511,0.7373029498345826,peach;coin
peach005T(3),raw_gt_box_prompt,2,0.7682936358987368,0.764443931702815,0.7721433400946586,0.7696032412923844,0.7712993064212854,peach;coin
peach005T(4),raw_gt_box_prompt,2,0.7461663501522051,0.7047101449275363,0.787622555376874,0.7464934868763116,0.7469088339507106,peach;coin
peach005T(5),raw_gt_box_prompt,2,0.7584795029601492,0.714751046998604,0.8022079589216945,0.7600971066875839,0.7622406685702526,peach;coin
peach005T(6),raw_gt_box_prompt,2,0.7532204037208297,0.7470238095238095,0.7594169979178497,0.7551709610784954,0.7577394542291802,peach;coin
peach005T(7),raw_gt_box_prompt,2,0.7453688987322874,0.7126909518213866,0.7780468456431882,0.7458730678839375,0.7465210611949742,peach;coin
peach005T(8),raw_gt_box_prompt,2,0.7399538532446777,0.6869095816464238,0.7929981248429314,0.7405910646875964,0.7413946119129381,peach;coin
peach005T(9),raw_gt_box_prompt,2,0.7319310829172649,0.6867045232034462,0.7771576426310838,0.734469550851189,0.7380221788412608,peach;coin
pear001S(1),raw_gt_box_prompt,2,0.7769768595031435,0.776576101292535,0.7773776177137521,0.7783680400186217,0.7801588481990716,pear;coin
pear001S(10),raw_gt_box_prompt,2,0.7300166645584419,0.7043650793650794,0.7556682497518045,0.7302601339905005,0.7305823248886076,pear;coin
pear001S(11),raw_gt_box_prompt,2,0.7457674114334227,0.7306245297215952,0.7609102931452502,0.7475795409848087,0.7500563616121032,pear;coin
pear001S(12),raw_gt_box_prompt,2,0.757005986970178,0.7358256994305521,0.7781862745098039,0.7588099116651408,0.7612566658600696,pear;coin
pear001S(13),raw_gt_box_prompt,2,0.7278449681531985,0.7229839342718091,0.732706002034588,0.7304724999227898,0.7340585654965603,pear;coin
pear001S(14),raw_gt_box_prompt,2,0.7381344934833836,0.7238805970149254,0.7523883899518418,0.7381344934833836,0.7381344934833836,pear;coin
pear001S(15),raw_gt_box_prompt,2,0.7611207294552169,0.7291666666666666,0.7930747922437673,0.7611207294552169,0.7611207294552169,pear;coin
pear001S(16),raw_gt_box_prompt,2,0.7885817386952038,0.7807065217391305,0.796456955651277,0.7913647618413531,0.7949184835802439,pear;coin
pear001S(2),raw_gt_box_prompt,2,0.7949329706513072,0.7886864973262032,0.8011794439764112,0.7973093503580169,0.800275452052932,pear;coin
pear001S(3),raw_gt_box_prompt,2,0.788105934621143,0.7550649350649351,0.821146934177351,0.7899904662439049,0.7924428486590169,pear;coin
pear001S(4),raw_gt_box_prompt,2,0.7303735000020127,0.7105769230769231,0.7501700769271024,0.7303735000020127,0.7303735000020127,pear;coin
pear001S(5),raw_gt_box_prompt,2,0.6768039699142828,0.6383126344272532,0.7152953054013125,0.6776182448635127,0.6787566207805378,pear;coin
pear001S(6),raw_gt_box_prompt,2,0.6890491302558326,0.6817451205510907,0.6963531399605745,0.6890491302558326,0.6890491302558326,pear;coin
pear001S(7),raw_gt_box_prompt,2,0.7259112555018145,0.6828474417515513,0.7689750692520776,0.7269792764313312,0.7283681653202201,pear;coin
pear001S(8),raw_gt_box_prompt,2,0.7075772051210647,0.689594356261023,0.7255600539811066,0.7075772051210647,0.7075772051210647,pear;coin
pear001S(9),raw_gt_box_prompt,2,0.6808031800391277,0.6609274563820018,0.7006789036962534,0.6808031800391277,0.6808031800391277,pear;coin
pear001T(1),raw_gt_box_prompt,2,0.6955177595976827,0.6757516764006056,0.7152838427947599,0.6955177595976827,0.6955177595976827,pear;coin
pear001T(10),raw_gt_box_prompt,2,0.7177413543305895,0.69453125,0.7409514586611791,0.7181813705885205,0.7187752236038394,pear;coin
pear001T(11),raw_gt_box_prompt,2,0.6802228307560138,0.6432291666666666,0.7172164948453609,0.6802228307560138,0.6802228307560138,pear;coin
pear001T(12),raw_gt_box_prompt,2,0.6811495140386017,0.6809467455621302,0.6813522825150732,0.6811495140386017,0.6811495140386017,pear;coin
pear001T(13),raw_gt_box_prompt,2,0.7293109704596428,0.7264185510887772,0.7322033898305085,0.7293109704596428,0.7293109704596428,pear;coin
pear001T(14),raw_gt_box_prompt,2,0.7514384801115046,0.7288119694198208,0.7740649908031882,0.7529870865874112,0.754987702161434,pear;coin
pear001T(15),raw_gt_box_prompt,2,0.7347240951119036,0.7049114331723028,0.7645367570515045,0.7348441463382175,0.7350011711316059,pear;coin
pear001T(16),raw_gt_box_prompt,2,0.6869809975626652,0.6332318233726685,0.7407301717526619,0.6869809975626652,0.6869809975626652,pear;coin
pear001T(2),raw_gt_box_prompt,2,0.7067740263269886,0.6927582733276125,0.7207897793263647,0.708124633986703,0.7100035022448816,pear;coin
pear001T(3),raw_gt_box_prompt,2,0.7241625342329984,0.7070900537634408,0.7412350147025559,0.7245821645628798,0.7251482877512856,pear;coin
pear001T(4),raw_gt_box_prompt,2,0.7163547845365441,0.7140756302521009,0.7186339388209873,0.7163547845365441,0.7163547845365441,pear;coin
pear001T(5),raw_gt_box_prompt,2,0.7444968260166094,0.735732538330494,0.7532611137027246,0.7452213959839216,0.7461981917619962,pear;coin
pear001T(6),raw_gt_box_prompt,2,0.6988427734375,0.67625,0.721435546875,0.6988427734375,0.6988427734375,pear;coin
pear001T(7),raw_gt_box_prompt,2,0.7511541804784965,0.7409844695972624,0.7613238913597306,0.75359363911399,0.7568579150313768,pear;coin
pear001T(8),raw_gt_box_prompt,2,0.6750003532803255,0.6701680672268907,0.6798326393337604,0.6750003532803255,0.6750003532803255,pear;coin
pear001T(9),raw_gt_box_prompt,2,0.6933420313877214,0.6577482876712328,0.7289357751042099,0.6934140478052662,0.6935128444619872,pear;coin
pear002S(1),raw_gt_box_prompt,2,0.7636423364106633,0.7543847791558244,0.772899893665502,0.7670774470491766,0.771521891493621,pear;coin
pear002S(10),raw_gt_box_prompt,2,0.7681594608762268,0.726027397260274,0.8102915244921794,0.769995525177181,0.7722614557039811,pear;coin
pear002S(11),raw_gt_box_prompt,2,0.7355080787267096,0.669452347083926,0.8015638103694933,0.7369167676013689,0.7386741933439431,pear;coin
pear002S(12),raw_gt_box_prompt,2,0.7878444151163232,0.7595848252001448,0.8161040050325016,0.7900037526972512,0.7927761956336044,pear;coin
pear002S(13),raw_gt_box_prompt,2,0.7875570020105647,0.7711839673119953,0.8039300367091341,0.7896050047513462,0.7922101150881639,pear;coin
pear002S(14),raw_gt_box_prompt,2,0.779689974375676,0.7588052972668358,0.8005746514845163,0.7813102328132226,0.783415209543142,pear;coin
pear002S(15),raw_gt_box_prompt,2,0.7635070725741915,0.7336370175017981,0.7933771276465847,0.764622389324654,0.7661277264809017,pear;coin
pear002S(16),raw_gt_box_prompt,2,0.8173676997680792,0.8058823529411765,0.828853046594982,0.8301271370617213,0.845521225731672,pear;coin
pear002S(17),raw_gt_box_prompt,2,0.7522088916172885,0.7188811188811188,0.7855366643534583,0.7523565873252026,0.7525446061849406,pear;coin
pear002S(18),raw_gt_box_prompt,2,0.7628018513383306,0.7464705882352941,0.7791331144413669,0.7630664248078085,0.7634059989634621,pear;coin
pear002S(19),raw_gt_box_prompt,2,0.7525067350989372,0.7373529411764705,0.7676605290214039,0.7526000336561833,0.7527215698739762,pear;coin
pear002S(2),raw_gt_box_prompt,2,0.7656936194174876,0.750493485984998,0.7808937528499772,0.7675545931478611,0.7700342598806522,pear;coin
pear002S(20),raw_gt_box_prompt,2,0.7797000845141011,0.7532428355957768,0.8061573334324253,0.7802925935789203,0.7810275730181031,pear;coin
pear002S(3),raw_gt_box_prompt,2,0.7581784083496412,0.7441579371474617,0.7721988795518208,0.7581784083496412,0.7581784083496412,pear;coin
pear002S(4),raw_gt_box_prompt,2,0.7306139771557126,0.7101862409730141,0.7510417133384112,0.7325118851677237,0.7351739802354376,pear;coin
pear002S(5),raw_gt_box_prompt,2,0.751956485989924,0.7193683409436834,0.7845446310361647,0.7522026476716743,0.7525164114424177,pear;coin
pear002S(6),raw_gt_box_prompt,2,0.7481888943604265,0.7003521126760563,0.7960256760447965,0.74907873462429,0.7501965883451459,pear;coin
pear002S(7),raw_gt_box_prompt,2,0.7884875808521227,0.7797274979355904,0.797247663768655,0.7898166591798459,0.7915201564978613,pear;coin
pear002S(8),raw_gt_box_prompt,2,0.7470106441179459,0.7252252252252253,0.7687960630106666,0.7477542834079036,0.748721561110973,pear;coin
pear002S(9),raw_gt_box_prompt,2,0.7880336213244943,0.7763371150729336,0.799730127576055,0.7915682414540193,0.7961074975054645,pear;coin
pear002T(1),raw_gt_box_prompt,2,0.7253422209980755,0.6826979472140763,0.7679864947820749,0.7253422209980755,0.7253422209980755,pear;coin
pear002T(10),raw_gt_box_prompt,2,0.7386056900456732,0.7232616261415925,0.7539497539497539,0.7418554734678704,0.7461658182954567,pear;coin
pear002T(11),raw_gt_box_prompt,2,0.7518531607279745,0.7356470969834576,0.7680592244724913,0.7535196088165126,0.7557510720237792,pear;coin
pear002T(12),raw_gt_box_prompt,2,0.7252206442770937,0.7180256340332697,0.7324156545209177,0.7261039453577798,0.7273341257842423,pear;coin
pear002T(13),raw_gt_box_prompt,2,0.7593847124245091,0.7299228350957416,0.7888465897532766,0.7661155055456526,0.7751126435319119,pear;coin
pear002T(14),raw_gt_box_prompt,2,0.7138310595359403,0.6481994459833795,0.7794626730885009,0.713948413145258,0.7140989702063841,pear;coin
pear002T(15),raw_gt_box_prompt,2,0.710501087903979,0.6669191919191919,0.7540829838887663,0.710501087903979,0.710501087903979,pear;coin
pear002T(16),raw_gt_box_prompt,2,0.7117864572669743,0.6811497326203209,0.7424231819136278,0.7120291188724372,0.7123559696650503,pear;coin
pear002T(17),raw_gt_box_prompt,2,0.7359965275042957,0.6956780923994039,0.7763149626091874,0.7377853845835404,0.7400896775128333,pear;coin
pear002T(18),raw_gt_box_prompt,2,0.7694849450552603,0.7363636363636363,0.8026062537468842,0.7719437229437229,0.7750072150072149,pear;coin
pear002T(19),raw_gt_box_prompt,2,0.7155689465825678,0.6757749712973593,0.7553629218677762,0.7155689465825678,0.7155689465825678,pear;coin
pear002T(2),raw_gt_box_prompt,2,0.7078714835375242,0.6835007932310947,0.7322421738439536,0.7078714835375242,0.7078714835375242,pear;coin
pear002T(20),raw_gt_box_prompt,2,0.732394511322852,0.685814455231931,0.7789745674137731,0.7342328955221625,0.736787045851182,pear;coin
pear002T(3),raw_gt_box_prompt,2,0.7072833492051864,0.6880804953560371,0.7264862030543358,0.7072833492051864,0.7072833492051864,pear;coin
pear002T(4),raw_gt_box_prompt,2,0.7382790002199471,0.6883223684210527,0.7882356320188414,0.7386755882125964,0.739178722017438,pear;coin
pear002T(5),raw_gt_box_prompt,2,0.7272994533109174,0.6890290037831022,0.7655699028387326,0.7281656587692527,0.7292971105872033,pear;coin
pear002T(6),raw_gt_box_prompt,2,0.718194013327007,0.6867572156196944,0.7496308110343198,0.7183933832235587,0.7186593406703673,pear;coin
pear002T(7),raw_gt_box_prompt,2,0.7336511357467099,0.703763440860215,0.7635388306332048,0.7341354316311872,0.7347697096338862,pear;coin
pear002T(8),raw_gt_box_prompt,2,0.7102119838837107,0.7048131080389145,0.7156108597285068,0.7102119838837107,0.7102119838837107,pear;coin
pear002T(9),raw_gt_box_prompt,2,0.7444538009829266,0.7302221559564634,0.7586854460093897,0.74744471571104,0.751448681220982,pear;coin
pear003S(1),raw_gt_box_prompt,2,0.7256286869190095,0.7027027027027027,0.7485546711353163,0.7256286869190095,0.7256286869190095,pear;coin
pear003S(10),raw_gt_box_prompt,2,0.6913751532659484,0.6398245614035087,0.7429257451283883,0.6913751532659484,0.6913751532659484,pear;coin
pear003S(11),raw_gt_box_prompt,2,0.7757348483055801,0.7546699875466999,0.7967997090644604,0.7786078584055699,0.7822135450885671,pear;coin
pear003S(12),raw_gt_box_prompt,2,0.7306830593896652,0.704042715484363,0.7573234032949673,0.7306830593896652,0.7306830593896652,pear;coin
pear003S(13),raw_gt_box_prompt,2,0.7192178719698887,0.6723003024372888,0.7661354415024888,0.7198116510091764,0.7205866824293692,pear;coin
pear003S(14),raw_gt_box_prompt,2,0.7712088618773864,0.7527830287754673,0.7896346949793054,0.7725634176018904,0.7742788383313957,pear;coin
pear003S(15),raw_gt_box_prompt,2,0.6878027065527066,0.6422720797720798,0.7333333333333333,0.6878027065527066,0.6878027065527066,pear;coin
pear003S(16),raw_gt_box_prompt,2,0.7278904594107674,0.6541071428571429,0.8016737759643917,0.7286352325211021,0.7295642551892552,pear;coin
pear003S(2),raw_gt_box_prompt,2,0.7703895043056714,0.7680851063829788,0.7726939022283641,0.7721449570330168,0.7744231763261614,pear;coin
pear003S(3),raw_gt_box_prompt,2,0.7595992215166539,0.7561079243679626,0.7630905186653453,0.7612574066363991,0.7634450193963667,pear;coin
pear003S(4),raw_gt_box_prompt,2,0.7510621727322111,0.7350235125741157,0.7671008328903066,0.7510621727322111,0.7510621727322111,pear;coin
pear003S(5),raw_gt_box_prompt,2,0.7451898109931308,0.7390076643807987,0.7513719576054627,0.7451898109931308,0.7451898109931308,pear;coin
pear003S(6),raw_gt_box_prompt,2,0.7400297794805168,0.704225352112676,0.7758342068483578,0.7400297794805168,0.7400297794805168,pear;coin
pear003S(7),raw_gt_box_prompt,2,0.7637894332290677,0.7634042553191489,0.7641746111389864,0.7648324135733957,0.7661981185692762,pear;coin
pear003S(8),raw_gt_box_prompt,2,0.7375977597109642,0.721244131455399,0.7539513879665294,0.7378482751907511,0.7381805452598633,pear;coin
pear003S(9),raw_gt_box_prompt,2,0.728914538388784,0.6971830985915493,0.7606459781860186,0.729540751618717,0.7303640166433036,pear;coin
pear003T(1),raw_gt_box_prompt,2,0.7404843279806003,0.6953405017921147,0.7856281541690858,0.7409761579747141,0.7416021920488544,pear;coin
pear003T(10),raw_gt_box_prompt,2,0.70549628164762,0.6650524616626311,0.7459401016326089,0.7056899442948927,0.7059495665445195,pear;coin
pear003T(11),raw_gt_box_prompt,2,0.7450861916413534,0.7374401428455483,0.7527322404371585,0.7450861916413534,0.7450861916413534,pear;coin
pear003T(12),raw_gt_box_prompt,2,0.7460762555207492,0.7183060109289617,0.7738465001125365,0.7472292165801069,0.7487191258310888,pear;coin
pear003T(13),raw_gt_box_prompt,2,0.7240831930355045,0.6946179006839132,0.753548485387096,0.7241884586219525,0.7243281518049252,pear;coin
pear003T(14),raw_gt_box_prompt,2,0.7188409003011884,0.6948518838078803,0.7428299167944964,0.7188409003011884,0.7188409003011884,pear;coin
pear003T(15),raw_gt_box_prompt,2,0.7443677580758428,0.7303370786516854,0.7583984375,0.7472153668267608,0.7510851722086125,pear;coin
pear003T(16),raw_gt_box_prompt,2,0.6979784351797917,0.6332950631458094,0.7626618072137741,0.6979784351797917,0.6979784351797917,pear;coin
pear003T(2),raw_gt_box_prompt,2,0.7333044267236168,0.731638418079096,0.7349704353681376,0.7333044267236168,0.7333044267236168,pear;coin
pear003T(3),raw_gt_box_prompt,2,0.6595082195403739,0.5735930735930735,0.7454233654876742,0.6596600825064722,0.6598638096407821,pear;coin
pear003T(4),raw_gt_box_prompt,2,0.713755695994502,0.6849087893864013,0.7426026026026026,0.7137854322137228,0.7138254754604293,pear;coin
pear003T(5),raw_gt_box_prompt,2,0.7339597562502378,0.7333290255880073,0.7345904869124683,0.7355169718103971,0.7376368135288821,pear;coin
pear003T(6),raw_gt_box_prompt,2,0.7338961217505907,0.6687422166874222,0.7990500268137593,0.7375096364822392,0.7420318999330742,pear;coin
pear003T(7),patched_gt_box_prompt,2,0.7533623658501984,0.7409888357256779,0.7657358959747189,0.753717245560795,0.7541961727638601,pear;coin
pear003T(8),raw_gt_box_prompt,2,0.7486161669967529,0.7427130780333278,0.7545192559601781,0.7523994335997486,0.7574154824004831,pear;coin
pear003T(9),raw_gt_box_prompt,2,0.7384859504121926,0.7208895552223888,0.7560823456019963,0.7418494956257145,0.7465153216030158,pear;coin
pear004S(1),raw_gt_box_prompt,2,0.753688700903898,0.7043087121212122,0.8030686896865837,0.7538602283622522,0.7540738183833264,pear;coin
pear004S(10),raw_gt_box_prompt,2,0.7986002179806542,0.7732198142414861,0.8239806217198223,0.8071052900326798,0.8177159926470587,pear;coin
pear004S(11),raw_gt_box_prompt,2,0.7226524831243972,0.6819852941176471,0.7633196721311475,0.7226524831243972,0.7226524831243972,pear;coin
pear004S(12),raw_gt_box_prompt,2,0.7793914955504881,0.7738082101081439,0.7849747809928325,0.7846711214651562,0.7913969756486374,pear;coin
pear004S(13),raw_gt_box_prompt,2,0.7540912910429292,0.7493441982474744,0.7588383838383839,0.7552870530614092,0.7568827977422603,pear;coin
pear004S(14),raw_gt_box_prompt,2,0.7674593133730656,0.7278672032193159,0.8070514235268152,0.7714382467239975,0.77690481168713,pear;coin
pear004S(15),raw_gt_box_prompt,2,0.7315764598612653,0.6974650556740108,0.7656878640485197,0.7315764598612653,0.7315764598612653,pear;coin
pear004S(2),raw_gt_box_prompt,2,0.7576135918527223,0.7485605170387779,0.7666666666666667,0.7606559198950503,0.7646241738633043,pear;coin
pear004S(3),raw_gt_box_prompt,2,0.7348774157284796,0.7096926713947991,0.7600621600621601,0.7352973522204291,0.7358890681967605,pear;coin
pear004S(4),raw_gt_box_prompt,2,0.7365385176963111,0.7057673509286413,0.7673096844639807,0.7365385176963111,0.7365385176963111,pear;coin
pear004S(5),raw_gt_box_prompt,2,0.7582662300307854,0.736083984375,0.7804484756865709,0.7582662300307854,0.7582662300307854,pear;coin
pear004S(6),raw_gt_box_prompt,2,0.7552379289061155,0.7190659605199807,0.7914098972922502,0.7558193815423841,0.7565540863246444,pear;coin
pear004S(7),raw_gt_box_prompt,2,0.7302443063828263,0.6986461251167133,0.7618424876489392,0.7302443063828263,0.7302443063828263,pear;coin
pear004S(8),raw_gt_box_prompt,2,0.7598097959685349,0.7249503968253969,0.794669195111673,0.7600611144995633,0.7603773700340352,pear;coin
pear004S(9),raw_gt_box_prompt,2,0.7466250648053311,0.7445911257792446,0.7486590038314176,0.7486437909327656,0.7513402470190522,pear;coin
pear004T(1),raw_gt_box_prompt,2,0.7191658820250622,0.7014667817083693,0.7368649823417549,0.7192659995498368,0.7194018691150542,pear;coin
pear004T(10),raw_gt_box_prompt,2,0.7349754250493089,0.7139219015280136,0.7560289485706042,0.7349754250493089,0.7349754250493089,pear;coin
pear004T(11),raw_gt_box_prompt,2,0.7256853616140753,0.7191700759789597,0.732200647249191,0.7256853616140753,0.7256853616140753,pear;coin
pear004T(12),raw_gt_box_prompt,2,0.7328645359215378,0.7032467532467532,0.7624823185963223,0.7342348300485306,0.7360319787739142,pear;coin
pear004T(13),raw_gt_box_prompt,2,0.7212669724734798,0.7111569697776594,0.7313769751693002,0.7218871338430412,0.7227350705304352,pear;coin
pear004T(14),raw_gt_box_prompt,2,0.7280675567211821,0.7045197740112994,0.7516153394310648,0.730980712352363,0.7348565720885226,pear;coin
pear004T(15),raw_gt_box_prompt,2,0.7195799842758248,0.6908188585607941,0.7483411099908556,0.7214669289858289,0.7239884324617332,pear;coin
pear004T(2),raw_gt_box_prompt,2,0.7126870314621181,0.6629161882893226,0.7624578746349135,0.7132875270879557,0.7140751058458314,pear;coin
pear004T(3),raw_gt_box_prompt,2,0.7414300306751569,0.7353825593050451,0.7474775020452686,0.7421448315650909,0.7431011157180963,pear;coin
pear004T(4),raw_gt_box_prompt,2,0.7474089613479805,0.7330601092896175,0.7617578134063435,0.7481616164618916,0.7491496668640862,pear;coin
pear004T(5),raw_gt_box_prompt,2,0.7281850596675343,0.7197922361946418,0.7365778831404267,0.7281850596675343,0.7281850596675343,pear;coin
pear004T(6),raw_gt_box_prompt,2,0.7063674747760531,0.6752049180327869,0.7375300315193194,0.7063674747760531,0.7063674747760531,pear;coin
pear004T(7),raw_gt_box_prompt,2,0.7621711288181794,0.7583128078817734,0.7660294497545854,0.7635613819030334,0.7653762639357014,pear;coin
pear004T(8),raw_gt_box_prompt,2,0.6699703396401986,0.64453125,0.6954094292803971,0.6699703396401986,0.6699703396401986,pear;coin
pear004T(9),raw_gt_box_prompt,2,0.7297082967287396,0.7176862042487843,0.7417303892086949,0.730352374091527,0.7312498099889628,pear;coin
pear005S(1),raw_gt_box_prompt,2,0.7288789757971343,0.727169716300151,0.7305882352941176,0.7288789757971343,0.7288789757971343,pear;coin
pear005S(2),raw_gt_box_prompt,2,0.7524781304199213,0.7341317365269461,0.7708245243128964,0.7546083852702757,0.7573719907124526,pear;coin
pear005S(3),raw_gt_box_prompt,2,0.7237702262306154,0.709386857689989,0.7381535947712419,0.7237702262306154,0.7237702262306154,pear;coin
pear005S(4),raw_gt_box_prompt,2,0.7267329827247346,0.7220911949685535,0.7313747704809157,0.7268187208479593,0.7269359495611787,pear;coin
pear005S(5),raw_gt_box_prompt,2,0.7414048545127914,0.7204342768514929,0.7623754321740899,0.7457874021153024,0.7518706046270763,pear;coin
pear005S(6),raw_gt_box_prompt,2,0.7407980736154112,0.7348856209150327,0.7467105263157895,0.7407980736154112,0.7407980736154112,pear;coin
pear005S(7),raw_gt_box_prompt,2,0.7290191697573618,0.7254244306418219,0.7326139088729017,0.7300305407498102,0.7314187702287285,pear;coin
pear005T(1),raw_gt_box_prompt,2,0.7405980279689719,0.7183641975308642,0.7628318584070797,0.7405980279689719,0.7405980279689719,pear;coin
pear005T(2),raw_gt_box_prompt,2,0.7391748994821716,0.7013527575442248,0.7769970414201184,0.7397984926133274,0.7406010608316259,pear;coin
pear005T(3),raw_gt_box_prompt,2,0.736050686575549,0.6998368678629691,0.7722645052881288,0.7382101352689588,0.7411984176690058,pear;coin
pear005T(4),raw_gt_box_prompt,2,0.6806768527976393,0.6382575757575758,0.7230961298377029,0.6806768527976393,0.6806768527976393,pear;coin
pear005T(5),raw_gt_box_prompt,2,0.7214200191570881,0.7122844827586207,0.7305555555555555,0.7214200191570881,0.7214200191570881,pear;coin
pear005T(6),raw_gt_box_prompt,2,0.768730161395966,0.7647330500646592,0.7727272727272727,0.7692961062988815,0.7700361618030442,pear;coin
pear005T(7),raw_gt_box_prompt,2,0.7344210522023503,0.669047619047619,0.7997944853570816,0.7371100164203612,0.7404720853858784,pear;coin
pear006S(1),raw_gt_box_prompt,2,0.7431025333553865,0.7020833333333333,0.7841217333774396,0.746266423235961,0.7503013705482193,pear;coin
pear006S(2),raw_gt_box_prompt,2,0.7297967357414579,0.6734775641025641,0.7861159073803515,0.7306163330716902,0.7316589240211134,pear;coin
pear006S(3),raw_gt_box_prompt,2,0.7661900574344218,0.7620912565469731,0.7702888583218707,0.771484887175056,0.7783702855521553,pear;coin
pear006S(4),raw_gt_box_prompt,2,0.7333775176737362,0.7019557823129252,0.7647992530345471,0.7333775176737362,0.7333775176737362,pear;coin
pear006S(5),raw_gt_box_prompt,2,0.7445277187703545,0.7172444844664565,0.7718109530742524,0.7471368355456418,0.7507254756767957,pear;coin
pear006S(6),raw_gt_box_prompt,2,0.7258850627025614,0.7175506683915481,0.7342194570135746,0.7282208396178984,0.7314760479512317,pear;coin
pear006S(7),raw_gt_box_prompt,2,0.7370773680678759,0.7125488493269648,0.7616058868087869,0.738317633869866,0.7399461215476426,pear;coin
pear006S(8),raw_gt_box_prompt,2,0.7414252210869021,0.724706904038211,0.7581435381355932,0.7414252210869021,0.7414252210869021,pear;coin
pear006S(9),raw_gt_box_prompt,2,0.7332243238863481,0.7053571428571429,0.7610915049155533,0.7337526595265141,0.734446841023422,pear;coin
pear006T(1),raw_gt_box_prompt,2,0.7303809943953823,0.7019519519519519,0.7588100368388128,0.7326892626892627,0.7357312207312208,pear;coin
pear006T(2),raw_gt_box_prompt,2,0.7465934037164571,0.7284576393917451,0.7647291680411691,0.7513963614456338,0.7579023255525821,pear;coin
pear006T(3),raw_gt_box_prompt,2,0.7448157669237361,0.7119047619047619,0.7777267719427102,0.7475843735552474,0.7511442441054091,pear;coin
pear006T(4),raw_gt_box_prompt,2,0.7330512671604503,0.7083060824068018,0.757796451914099,0.7378204897120995,0.7443723356541435,pear;coin
pear006T(5),raw_gt_box_prompt,2,0.7411715119029977,0.7128378378378378,0.7695051859681575,0.7422931652582816,0.7437507946228876,pear;coin
pear006T(6),raw_gt_box_prompt,2,0.7194391258571855,0.7075581395348837,0.7313201121794872,0.7194391258571855,0.7194391258571855,pear;coin
pear006T(7),raw_gt_box_prompt,2,0.704816320882971,0.6835365853658537,0.7260960564000881,0.7054372582001682,0.7062924306139613,pear;coin
pear006T(8),raw_gt_box_prompt,2,0.7417638431244248,0.7337164750957854,0.7498112111530641,0.7434581622888216,0.7457591022510799,pear;coin
pear006T(9),raw_gt_box_prompt,2,0.718847504064247,0.6994459833795014,0.7382490247489928,0.7192965606486443,0.719904833154727,pear;coin
plum001S(1),raw_gt_box_prompt,2,0.7257760044602151,0.7025294525294525,0.7490225563909775,0.7257760044602151,0.7257760044602151,plum;coin
plum001S(10),raw_gt_box_prompt,2,0.7694077229358962,0.7584143605086013,0.7804010853631912,0.7736538728243534,0.7791876554033305,plum;coin
plum001S(11),raw_gt_box_prompt,2,0.7433655716856784,0.7313777777777778,0.7553533655935789,0.7433765156637367,0.7433910042177791,plum;coin
plum001S(12),raw_gt_box_prompt,2,0.7356900650134908,0.7100745621640367,0.7613055678629449,0.7363094704311308,0.7371230798985864,plum;coin
plum001S(13),raw_gt_box_prompt,2,0.7209931618921339,0.6887517466231952,0.7532345771610726,0.7279702201412386,0.7372330161687404,plum;coin
plum001S(14),raw_gt_box_prompt,2,0.7658402012982796,0.7572178477690289,0.7744625548275302,0.7669414130874799,0.7683926158424987,plum;coin
plum001S(15),raw_gt_box_prompt,2,0.7448339940595055,0.7400221729490022,0.7496458151700087,0.7479570972346419,0.7521709966655785,plum;coin
plum001S(16),raw_gt_box_prompt,2,0.7286568957741193,0.7178890876565295,0.739424703891709,0.7320272670776711,0.7367221027584222,plum;coin
plum001S(17),raw_gt_box_prompt,2,0.7105332039908666,0.7011216566005177,0.7199447513812155,0.7139718058084332,0.7188732682372296,plum;coin
plum001S(18),raw_gt_box_prompt,2,0.7680541411529285,0.7433418460415907,0.7927664362642662,0.7723636017610301,0.7778394342861945,plum;coin
plum001S(19),raw_gt_box_prompt,2,0.7354588841951606,0.7159657875980042,0.754951980792317,0.7356503530276436,0.7359177803765471,plum;coin
plum001S(2),raw_gt_box_prompt,2,0.8040513014516872,0.7998968706693738,0.8082057322340008,0.8183417352269151,0.8360710647759366,plum;coin
plum001S(20),raw_gt_box_prompt,2,0.7192711784945212,0.6921518987341773,0.746390458254865,0.7192711784945212,0.7192711784945212,plum;coin
plum001S(21),raw_gt_box_prompt,2,0.7274555936494319,0.7019298245614035,0.7529813627374603,0.7280657526168361,0.7288760767464881,plum;coin
plum001S(22),raw_gt_box_prompt,2,0.7557409187077376,0.7127849002849003,0.798696937130575,0.7577899656704005,0.7603554531130146,plum;coin
plum001S(3),raw_gt_box_prompt,2,0.7444376096639707,0.6902322404371585,0.7986429788907827,0.750365384285641,0.7581840588047829,plum;coin
plum001S(4),raw_gt_box_prompt,2,0.7380745491895269,0.7034246575342465,0.7727244408448072,0.7402774916743915,0.7431283688673739,plum;coin
plum001S(5),raw_gt_box_prompt,2,0.7582294893010776,0.7183398368215679,0.7981191417805873,0.7599255933516351,0.7622018766017156,plum;coin
plum001S(6),raw_gt_box_prompt,2,0.7713230189051159,0.7617197137922527,0.7809263240179792,0.7726245627784794,0.774291229445146,plum;coin
plum001S(7),raw_gt_box_prompt,2,0.751638890767969,0.7513114380202988,0.7519663435156393,0.7522280486676198,0.7530116625707797,plum;coin
plum001S(8),raw_gt_box_prompt,2,0.7816530129648396,0.7593132854578097,0.8039927404718693,0.7873340921645486,0.7944556265589273,plum;coin
plum001S(9),raw_gt_box_prompt,2,0.781483574216832,0.7698809066461775,0.7930862417874864,0.784770276322488,0.7890021061427193,plum;coin
plum001T(1),raw_gt_box_prompt,2,0.7484476505349108,0.7299585660241398,0.7669367350456818,0.7490333864395023,0.7498275597792765,plum;coin
plum001T(10),raw_gt_box_prompt,2,0.706686651598156,0.6955266955266955,0.7178466076696165,0.706686651598156,0.706686651598156,plum;coin
plum001T(11),raw_gt_box_prompt,2,0.7785180977418182,0.7577873691925567,0.7992488262910799,0.7915243271532177,0.8078566728544897,plum;coin
plum001T(12),raw_gt_box_prompt,2,0.780182623580021,0.7687074829931972,0.7916577641668447,0.7831993368196075,0.7870532337037023,plum;coin
plum001T(13),raw_gt_box_prompt,2,0.7112340778722936,0.7047619047619048,0.7177062509826824,0.7112340778722936,0.7112340778722936,plum;coin
plum001T(14),raw_gt_box_prompt,2,0.7405011388084737,0.7172649239172845,0.7637373536996628,0.7405011388084737,0.7405011388084737,plum;coin
plum001T(15),raw_gt_box_prompt,2,0.7361026780258466,0.7191977077363897,0.7530076483153035,0.7376409166469915,0.739710544197925,plum;coin
plum001T(16),raw_gt_box_prompt,2,0.7455063629733054,0.70026319863756,0.7907495273090507,0.7543628015323087,0.7664169545191559,plum;coin
plum001T(17),raw_gt_box_prompt,2,0.7572060399414695,0.7309660908509277,0.7834459890320112,0.7620560550437925,0.7683110829735884,plum;coin
plum001T(18),raw_gt_box_prompt,2,0.781829519383213,0.7582131410256411,0.8054458977407848,0.7890474139929942,0.798150425647387,plum;coin
plum001T(19),raw_gt_box_prompt,2,0.7550319104417913,0.719843696907917,0.7902201239756654,0.7588322629356918,0.763992242801499,plum;coin
plum001T(2),raw_gt_box_prompt,2,0.67989628909415,0.6274509803921569,0.7323415977961433,0.67989628909415,0.67989628909415,plum;coin
plum001T(20),raw_gt_box_prompt,2,0.680548081938927,0.6066595441595442,0.7544366197183099,0.680548081938927,0.680548081938927,plum;coin
plum001T(21),raw_gt_box_prompt,2,0.736350471128697,0.7238175675675675,0.7488833746898264,0.737193010096236,0.7383570312602571,plum;coin
plum001T(22),raw_gt_box_prompt,2,0.7283288126916028,0.6572681704260651,0.7993894549571405,0.7298211793688767,0.7316880624857598,plum;coin
plum001T(3),raw_gt_box_prompt,2,0.799727870964122,0.7970722781335773,0.8023834637946669,0.8081854084999482,0.8187682478129599,plum;coin
plum001T(4),raw_gt_box_prompt,2,0.7244251712114542,0.6613675213675214,0.7874828210553871,0.7251221348096348,0.7260071872571873,plum;coin
plum001T(5),raw_gt_box_prompt,2,0.7436936633024052,0.6790003245699449,0.8083870020348655,0.7449354252102929,0.7464715235205847,plum;coin
plum001T(6),raw_gt_box_prompt,2,0.713067270193967,0.6936226166995397,0.7325119236883942,0.713067270193967,0.713067270193967,plum;coin
plum001T(7),raw_gt_box_prompt,2,0.7699383406554207,0.756533493541604,0.7833431877692373,0.7735184302788658,0.7782077514382415,plum;coin
plum001T(8),raw_gt_box_prompt,2,0.7429947500324701,0.6653286502759659,0.8206608497889741,0.7455343832869858,0.7488670273728448,plum;coin
plum001T(9),raw_gt_box_prompt,2,0.7760793752090158,0.7653078924544666,0.7868508579635649,0.7814431598806599,0.7884209006084006,plum;coin
plum002S(1),raw_gt_box_prompt,2,0.758096082404593,0.7366176967240797,0.7795744680851063,0.7666563152026573,0.7776369631696067,plum;coin
plum002S(10),raw_gt_box_prompt,2,0.7368225250626567,0.7295974310776943,0.7440476190476191,0.7368225250626567,0.7368225250626567,plum;coin
plum002S(11),raw_gt_box_prompt,2,0.674643261441656,0.659581881533101,0.6897046413502109,0.674643261441656,0.674643261441656,plum;coin
plum002S(12),raw_gt_box_prompt,2,0.6753920731991592,0.5753548776804591,0.7754292687178593,0.6782859741405457,0.682017972735558,plum;coin
plum002S(13),raw_gt_box_prompt,2,0.7129424452096551,0.6904453890223619,0.7354395013969482,0.7156859542510349,0.7196384678820487,plum;coin
plum002S(14),raw_gt_box_prompt,2,0.7967664951777205,0.7834722791672362,0.8100607111882047,0.803195793805924,0.8111933875366169,plum;coin
plum002S(15),raw_gt_box_prompt,2,0.7821507498300226,0.7673469387755102,0.7969545608845352,0.7878942486085343,0.7951010569517063,plum;coin
plum002S(16),raw_gt_box_prompt,2,0.7274694677437177,0.6548611111111111,0.8000778243763241,0.7290147569444445,0.7309461805555555,plum;coin
plum002S(17),raw_gt_box_prompt,2,0.7421719692718143,0.6697607997143877,0.8145831388292409,0.7482329260206498,0.7557052362007606,plum;coin
plum002S(18),raw_gt_box_prompt,2,0.7753230356524361,0.7544293903074518,0.7962166809974205,0.7789083503872236,0.7834386661851451,plum;coin
plum002S(19),raw_gt_box_prompt,2,0.7826332422073368,0.7579462102689487,0.8073202741457249,0.7869852941176471,0.7924509803921569,plum;coin
plum002S(2),raw_gt_box_prompt,2,0.735075123211347,0.7335060042382858,0.7366442421844084,0.7363182195104472,0.7380057319186267,plum;coin
plum002S(3),raw_gt_box_prompt,2,0.7381607795741373,0.6870300751879699,0.7892914839603047,0.7385071839489696,0.7389460641115864,plum;coin
plum002S(4),raw_gt_box_prompt,2,0.732090537148796,0.7150742291587362,0.7491068451388558,0.7336852202050856,0.7358139993861037,plum;coin
plum002S(5),raw_gt_box_prompt,2,0.6824608408570165,0.6543600562587905,0.7105616254552425,0.6824608408570165,0.6824608408570165,plum;coin
plum002S(6),raw_gt_box_prompt,2,0.7342198220969702,0.7325789160214413,0.7358607281724991,0.7342198220969702,0.7342198220969702,plum;coin
plum002S(7),raw_gt_box_prompt,2,0.7200663836272957,0.6659634317862166,0.7741693354683747,0.7220913738407944,0.7247070680057843,plum;coin
plum002S(8),raw_gt_box_prompt,2,0.7164923776862757,0.7116983847753079,0.7212863705972435,0.7193452371493749,0.723300475428364,plum;coin
plum002S(9),raw_gt_box_prompt,2,0.7100764794254217,0.7026473239898369,0.7175056348610067,0.710346218385896,0.7107221582355199,plum;coin
plum002T(1),raw_gt_box_prompt,2,0.6575188817351918,0.6317579663444325,0.683279797125951,0.6599119043349813,0.66369978312286,plum;coin
plum002T(10),raw_gt_box_prompt,2,0.7431930367786678,0.6977142857142857,0.7886717878430498,0.7437594666569386,0.7444776740113819,plum;coin
plum002T(11),raw_gt_box_prompt,2,0.7366884116321426,0.6984398782343988,0.7749369450298863,0.7370770325667394,0.737578519735585,plum;coin
plum002T(12),raw_gt_box_prompt,2,0.7007484548373425,0.6906175771971497,0.7108793324775353,0.7017303873003642,0.7031456114520553,plum;coin
plum002T(13),raw_gt_box_prompt,2,0.7699137097749776,0.7361828714576484,0.8036445480923069,0.7754045037309949,0.7827221377994138,plum;coin
plum002T(14),raw_gt_box_prompt,2,0.7659353525827435,0.74821881415288,0.7836518910126068,0.7735704352688115,0.7833133871759426,plum;coin
plum002T(15),raw_gt_box_prompt,2,0.7820305835190421,0.780347250622746,0.7837139164153382,0.7958928774081078,0.8135816279528854,plum;coin
plum002T(16),patched_gt_box_prompt,2,0.7693254319644793,0.7666722046851636,0.7719786592437949,0.7773391945375994,0.7877205740732348,plum;coin
plum002T(17),raw_gt_box_prompt,2,0.7048278029988746,0.6641167052125956,0.7455389007851535,0.7064311124629286,0.7085816500973372,plum;coin
plum002T(18),raw_gt_box_prompt,2,0.7253791761418276,0.7230288836846214,0.7277294685990339,0.7253791761418276,0.7253791761418276,plum;coin
plum002T(19),raw_gt_box_prompt,2,0.6781993761424352,0.632398221005816,0.7240005312790543,0.6783918015328083,0.6786575822637053,plum;coin
plum002T(2),raw_gt_box_prompt,2,0.7292760773035729,0.6710526315789473,0.7874995230281986,0.733943304206462,0.739869945133103,plum;coin
plum002T(3),raw_gt_box_prompt,2,0.7634388603789262,0.7472019464720194,0.7796757742858328,0.7666727128181219,0.7709120080779758,plum;coin
plum002T(4),raw_gt_box_prompt,2,0.7389093837419523,0.6674369747899159,0.8103817926939886,0.7466733575521141,0.7562539945804357,plum;coin
plum002T(5),raw_gt_box_prompt,2,0.7635592982057018,0.7176220806794055,0.809496515731998,0.7676499106141865,0.7730669589477879,plum;coin
plum002T(6),raw_gt_box_prompt,2,0.7567567888974822,0.705528188286809,0.8079853895081555,0.7632444744648694,0.77143629680572,plum;coin
plum002T(7),raw_gt_box_prompt,2,0.7735948907161105,0.7354886113152094,0.8117011701170117,0.7789174255073761,0.785945017404918,plum;coin
plum002T(8),raw_gt_box_prompt,2,0.730297425964877,0.7115167482122695,0.7490781037174845,0.7311050821893295,0.7322305519339418,plum;coin
plum002T(9),raw_gt_box_prompt,2,0.7448310971355407,0.7236104028556859,0.7660517914153955,0.7504658385093168,0.758237207926649,plum;coin
plum003S(1),raw_gt_box_prompt,2,0.6396101290362928,0.5449438202247191,0.7342764378478664,0.6396101290362928,0.6396101290362928,plum;coin
plum003S(10),raw_gt_box_prompt,2,0.7626354021529388,0.757668212513221,0.7676025917926566,0.7640505700248863,0.7659084369482461,plum;coin
plum003S(11),patched_gt_box_prompt,2,0.7203488258184413,0.7119820371504388,0.7287156144864437,0.7203488258184413,0.7203488258184413,plum;coin
plum003S(12),raw_gt_box_prompt,2,0.7301151988650718,0.7300093690170679,0.7302210287130758,0.7309467134940413,0.7320854298501489,plum;coin
plum003S(13),raw_gt_box_prompt,2,0.7709801884475633,0.7679666958808063,0.7739936810143203,0.7726095502857704,0.7747215227075226,plum;coin
plum003S(14),raw_gt_box_prompt,2,0.7446828973789548,0.7193635048563752,0.7700022899015342,0.7509500572796106,0.759287452228901,plum;coin
plum003S(15),raw_gt_box_prompt,2,0.7461122216144903,0.7403317328677433,0.7518927103612373,0.7461122216144903,0.7461122216144903,plum;coin
plum003S(16),raw_gt_box_prompt,2,0.7262505348287496,0.6744672754946728,0.7780337941628265,0.7279096813045052,0.7300421676928899,plum;coin
plum003S(17),raw_gt_box_prompt,2,0.7614090092811123,0.7402902262057192,0.7825277923565056,0.7620447546799205,0.7628571800084749,plum;coin
plum003S(18),raw_gt_box_prompt,2,0.7134505380154115,0.7111272665070133,0.7157738095238095,0.7199575726474461,0.7290484817383551,plum;coin
plum003S(19),raw_gt_box_prompt,2,0.7267876421780548,0.6820868147544324,0.7714884696016772,0.7279033024761605,0.7295389598059501,plum;coin
plum003S(2),raw_gt_box_prompt,2,0.7476951449266138,0.7338235294117647,0.7615667604414629,0.7487694035947712,0.750179993872549,plum;coin
plum003S(20),raw_gt_box_prompt,2,0.7722692755391627,0.738566262497341,0.8059722885809842,0.7749145862968486,0.7782947997047382,plum;coin
plum003S(21),raw_gt_box_prompt,2,0.751206582596508,0.7431381118881119,0.7592750533049041,0.751206582596508,0.751206582596508,plum;coin
plum003S(22),raw_gt_box_prompt,2,0.7113872825899723,0.6895457250545527,0.7332288401253918,0.7113872825899723,0.7113872825899723,plum;coin
plum003S(23),raw_gt_box_prompt,2,0.6829972409532028,0.6410256410256411,0.7249688408807644,0.6829972409532028,0.6829972409532028,plum;coin
plum003S(3),raw_gt_box_prompt,2,0.7813842859723026,0.7457174638487208,0.8170511080958842,0.788644451443247,0.7975886138018092,plum;coin
plum003S(4),raw_gt_box_prompt,2,0.7129669597736026,0.6841136781844204,0.7418202413627848,0.7143807080209958,0.716414147004075,plum;coin
plum003S(5),raw_gt_box_prompt,2,0.7940993524132465,0.7819990954319312,0.8061996093945616,0.7944832569891486,0.794959447465339,plum;coin
plum003S(6),raw_gt_box_prompt,2,0.7550103307769792,0.7288415232319629,0.7811791383219955,0.7621008396610292,0.7713758583884271,plum;coin
plum003S(7),raw_gt_box_prompt,2,0.734882932544646,0.6986274509803921,0.7711384141088997,0.734882932544646,0.734882932544646,plum;coin
plum003S(8),raw_gt_box_prompt,2,0.7294551812279692,0.7221014492753624,0.736808913180576,0.7294551812279692,0.7294551812279692,plum;coin
plum003S(9),raw_gt_box_prompt,2,0.73249777889644,0.7129331184528606,0.7520624393400194,0.7326803478653686,0.7329231055931562,plum;coin
plum003T(1),raw_gt_box_prompt,2,0.7097879816008563,0.6825159914712153,0.7370599717304974,0.7105171653524283,0.7115855414208043,plum;coin
plum003T(10),raw_gt_box_prompt,2,0.7097203609128483,0.6851727982162765,0.7342679236094201,0.7106550327134951,0.7119279628941465,plum;coin
plum003T(11),raw_gt_box_prompt,2,0.7360751876974068,0.718772826880935,0.7533775485138786,0.7364224943305038,0.7368834937773044,plum;coin
plum003T(12),raw_gt_box_prompt,2,0.7396806536928118,0.7275987841945288,0.7517625231910946,0.7396806536928118,0.7396806536928118,plum;coin
plum003T(13),raw_gt_box_prompt,2,0.7280422905184356,0.712934362934363,0.7431502181025081,0.729465949940088,0.7313816587523484,plum;coin
plum003T(14),raw_gt_box_prompt,2,0.7192004910181816,0.6644736842105263,0.7739272978258369,0.7198916966140503,0.7207848109903108,plum;coin
plum003T(15),raw_gt_box_prompt,2,0.7134642907536939,0.6364348370927319,0.7904937444146559,0.7144269311579949,0.7156447022170358,plum;coin
plum003T(16),raw_gt_box_prompt,2,0.7187789355288414,0.7060321190755974,0.7315257519820856,0.7189118033169353,0.7190934343637356,plum;coin
plum003T(17),raw_gt_box_prompt,2,0.7188264906859383,0.6687037037037037,0.7689492776681729,0.7203248904411694,0.7222735232037558,plum;coin
plum003T(18),raw_gt_box_prompt,2,0.7277162575174998,0.6878095238095238,0.7676229912254757,0.7281582329845803,0.7287340045184356,plum;coin
plum003T(19),raw_gt_box_prompt,2,0.7475973870432009,0.7208816264487935,0.7743131476376082,0.7509074458219256,0.7552282288795296,plum;coin
plum003T(2),raw_gt_box_prompt,2,0.7751510977108649,0.7590687601515972,0.7912334352701326,0.7787185956946776,0.7833924822937497,plum;coin
plum003T(20),raw_gt_box_prompt,2,0.7533616350720476,0.731651376146789,0.7750718939973062,0.7539933636015725,0.7548405807500956,plum;coin
plum003T(21),raw_gt_box_prompt,2,0.7433378563476809,0.7310420076377523,0.7556337050576095,0.7446431785705102,0.7464240714414285,plum;coin
plum003T(22),raw_gt_box_prompt,2,0.772036783745319,0.7421041623091403,0.8019694051814977,0.7760333738758661,0.7811815076907956,plum;coin
plum003T(23),raw_gt_box_prompt,2,0.7387087961583407,0.6931765434008974,0.7842410489157842,0.7398112757976743,0.7412440299871004,plum;coin
plum003T(3),raw_gt_box_prompt,2,0.761939311484936,0.7510217516526319,0.7728568713172401,0.7708292787751991,0.782404844855534,plum;coin
plum003T(4),raw_gt_box_prompt,2,0.754966666984553,0.7360936715218483,0.7738396624472574,0.7589249261275055,0.7640400156415721,plum;coin
plum003T(5),raw_gt_box_prompt,2,0.7666322132038335,0.745171202809482,0.7880932235981848,0.7706430994622391,0.7757324545515942,plum;coin
plum003T(6),raw_gt_box_prompt,2,0.7132906250698056,0.6964037353467117,0.7301775147928994,0.714470735067901,0.7161653124203731,plum;coin
plum003T(7),raw_gt_box_prompt,2,0.7103369335810226,0.6982962447844228,0.7223776223776224,0.7107258482258483,0.7112827961512171,plum;coin
plum003T(8),raw_gt_box_prompt,2,0.7680695656295122,0.750060120240481,0.7860790110185434,0.7702466328171811,0.7731491564001851,plum;coin
plum003T(9),raw_gt_box_prompt,2,0.7341191782647777,0.7136767976278725,0.7545615589016829,0.7343197883921,0.734585651561189,plum;coin
plum004S(1),raw_gt_box_prompt,2,0.7699352835244684,0.7330754352030948,0.8067951318458418,0.7745716908903475,0.7808661372968102,plum;coin
plum004S(10),raw_gt_box_prompt,2,0.7548226508335378,0.7415601952840968,0.7680851063829788,0.7606959737171293,0.7684093011199284,plum;coin
plum004S(11),raw_gt_box_prompt,2,0.7132408496845117,0.6416986769099445,0.7847830224590788,0.7137643375020468,0.7144313853389059,plum;coin
plum004S(12),raw_gt_box_prompt,2,0.7332809695228568,0.6677958446251129,0.7987660944206009,0.7345498757544004,0.7362496973548265,plum;coin
plum004S(13),raw_gt_box_prompt,2,0.7312761785855821,0.6525367889303756,0.8100155682407888,0.7372554301063201,0.74611090259939,plum;coin
plum004S(14),raw_gt_box_prompt,2,0.7242797351140102,0.6828358208955224,0.7657236493324979,0.7249821999557522,0.7258995868516045,plum;coin
plum004S(15),raw_gt_box_prompt,2,0.7903141939861589,0.7736895161290323,0.8069388718432854,0.7910392064496299,0.7919376790462156,plum;coin
plum004S(16),raw_gt_box_prompt,2,0.764818434803133,0.7176011029411765,0.8120357666650897,0.7709211815128472,0.7784365483972113,plum;coin
plum004S(17),raw_gt_box_prompt,2,0.7684496680524794,0.7509435493689379,0.7859557867360208,0.7768447674170345,0.787623298279938,plum;coin
plum004S(18),raw_gt_box_prompt,2,0.7566906441304713,0.7553206822003363,0.7580606060606061,0.7606869738448685,0.7659645909645909,plum;coin
plum004S(19),raw_gt_box_prompt,2,0.7634262764882641,0.7464720194647202,0.780380533511808,0.7687206978351421,0.7756006749226392,plum;coin
plum004S(2),raw_gt_box_prompt,2,0.7956542514255008,0.7925831202046035,0.7987253826463981,0.7985925021017235,0.8022770859604875,plum;coin
plum004S(20),raw_gt_box_prompt,2,0.8041871473221502,0.7866419294990723,0.8217323651452282,0.8245027796470634,0.8498849233053287,plum;coin
plum004S(21),raw_gt_box_prompt,2,0.7904278562376051,0.7730532786885246,0.8078024337866857,0.7986776922562014,0.8092261022897969,plum;coin
plum004S(22),raw_gt_box_prompt,2,0.7397539796245343,0.7027337657006814,0.7767741935483871,0.7440455530988619,0.7496723634821061,plum;coin
plum004S(23),raw_gt_box_prompt,2,0.7422570996186414,0.6755816481843879,0.8089325510528949,0.7455021756417997,0.7495137289152272,plum;coin
plum004S(24),raw_gt_box_prompt,2,0.7517314789017878,0.7135747464214618,0.7898882113821138,0.7553771168004745,0.7599925014158591,plum;coin
plum004S(3),raw_gt_box_prompt,2,0.8098651264746576,0.8035941387890517,0.8161361141602634,0.820827721661055,0.8343742985409652,plum;coin
plum004S(4),raw_gt_box_prompt,2,0.7996638507077973,0.7993808363784003,0.7999468650371945,0.8059014482989062,0.8137002968903204,plum;coin
plum004S(5),raw_gt_box_prompt,2,0.7431495541242251,0.7260932244113407,0.7602058838371095,0.7450787873291828,0.7477357921601007,plum;coin
plum004S(6),raw_gt_box_prompt,2,0.7219800584462357,0.6834011759384894,0.7605589409539819,0.7223199685886252,0.7227668900881784,plum;coin
plum004S(7),raw_gt_box_prompt,2,0.7186583455638498,0.7058263065123148,0.7314903846153846,0.7189107148095992,0.7192682662970135,plum;coin
plum004S(8),raw_gt_box_prompt,2,0.7261768658641223,0.7222630059217932,0.7300907258064516,0.7261768658641223,0.7261768658641223,plum;coin
plum004S(9),raw_gt_box_prompt,2,0.7027743526601654,0.6549657534246576,0.7505829518956733,0.7028553986317345,0.7029633759996782,plum;coin
plum004T(1),raw_gt_box_prompt,2,0.7487192266045093,0.7264660493827161,0.7709724038263024,0.7512157086740421,0.7544538039121373,plum;coin
plum004T(10),raw_gt_box_prompt,2,0.7450778054463616,0.697941598851125,0.7922140120415982,0.7492097432840545,0.7549135973623482,plum;coin
plum004T(11),raw_gt_box_prompt,2,0.7767266347309023,0.7494830461367427,0.8039702233250621,0.7837821956571956,0.792593543062293,plum;coin
plum004T(12),raw_gt_box_prompt,2,0.7809508691188853,0.7775925925925926,0.7843091456451781,0.7817258781560841,0.7827140204485743,plum;coin
plum004T(13),raw_gt_box_prompt,2,0.760389914237775,0.7560107629546047,0.7647690655209453,0.7634791703321409,0.7675265963046005,plum;coin
plum004T(14),raw_gt_box_prompt,2,0.715180970688662,0.7052923602219376,0.7250695811553866,0.7153902792789091,0.7156789530775166,plum;coin
plum004T(15),raw_gt_box_prompt,2,0.7223610063683593,0.698539886039886,0.7461821266968326,0.7226249734430363,0.7229787303412958,plum;coin
plum004T(16),raw_gt_box_prompt,2,0.748953383545063,0.717709691438505,0.7801970756516211,0.7544229359690511,0.7614334113920971,plum;coin
plum004T(17),raw_gt_box_prompt,2,0.7863106486030065,0.7635669712502786,0.8090543259557345,0.7924886510980356,0.8001294293839019,plum;coin
plum004T(18),raw_gt_box_prompt,2,0.7102295203022608,0.7040088733956583,0.7164501672088632,0.7113419380874274,0.7129097780902045,plum;coin
plum004T(19),raw_gt_box_prompt,2,0.7382997878525186,0.7314146758591203,0.7451848998459168,0.7395237630503331,0.7411662751276278,plum;coin
plum004T(2),raw_gt_box_prompt,2,0.6986330714312199,0.6968557461456134,0.7004103967168263,0.6989756039022277,0.6994646492856392,plum;coin
plum004T(20),raw_gt_box_prompt,2,0.7273396349541733,0.7111073078897826,0.743571962018564,0.728010260844673,0.7289533335470049,plum;coin
plum004T(21),raw_gt_box_prompt,2,0.7252511620932673,0.7120743034055728,0.7384280207809619,0.7262562819037678,0.7276174434282687,plum;coin
plum004T(22),raw_gt_box_prompt,2,0.6728417535956455,0.6564670138888888,0.6892164933024022,0.6728417535956455,0.6728417535956455,plum;coin
plum004T(23),raw_gt_box_prompt,2,0.7480063986078564,0.7313888417839579,0.7646239554317549,0.7516698560435378,0.7565194306835893,plum;coin
plum004T(24),raw_gt_box_prompt,2,0.7009890092163782,0.6601031411157994,0.7418748773169569,0.702923371211863,0.7055307677616431,plum;coin
plum004T(3),raw_gt_box_prompt,2,0.6931341453114528,0.639366515837104,0.7469017747858017,0.6931341453114528,0.6931341453114528,plum;coin
plum004T(4),raw_gt_box_prompt,2,0.744919285423866,0.6778764083304882,0.8119621625172436,0.7498456727677272,0.7560824231063785,plum;coin
plum004T(5),raw_gt_box_prompt,2,0.7231073593828281,0.7217176773455377,0.7244970414201184,0.7231073593828281,0.7231073593828281,plum;coin
plum004T(6),raw_gt_box_prompt,2,0.7461452453576785,0.7182773109243697,0.7740131797909872,0.7500746425520182,0.7551512966671338,plum;coin
plum004T(7),raw_gt_box_prompt,2,0.7069672778665144,0.699753269183321,0.7141812865497076,0.7069672778665144,0.7069672778665144,plum;coin
plum004T(8),raw_gt_box_prompt,2,0.7085943853858911,0.6725058391725058,0.7446829315992763,0.7086854313233422,0.7088076926691951,plum;coin
plum004T(9),raw_gt_box_prompt,2,0.7209196710309971,0.714206391071379,0.7276329509906152,0.725452013103257,0.7316808982383922,plum;coin
qiwi001S(1),raw_gt_box_prompt,2,0.7713576414634146,0.7175485344499429,0.8251667484768862,0.772001948765791,0.7727827694951355,qiwi;coin
qiwi001S(2),raw_gt_box_prompt,2,0.7784139510257437,0.7382648401826484,0.818563061868839,0.780815127550899,0.7837485319970674,qiwi;coin
qiwi001S(3),raw_gt_box_prompt,2,0.813209726251497,0.7911925832279815,0.8352268692750124,0.8226527820648499,0.834262142825646,qiwi;coin
qiwi001S(4),raw_gt_box_prompt,2,0.7526410894260028,0.7376370784192013,0.7676451004328043,0.7534921637669152,0.7546210876369327,qiwi;coin
qiwi001T(1),raw_gt_box_prompt,2,0.7296723425764529,0.7123795404002965,0.7469651447526093,0.7301334321719792,0.7307507161225966,qiwi;coin
qiwi001T(2),raw_gt_box_prompt,2,0.7292611829217575,0.7028855975485189,0.7556367682949962,0.7299456365162276,0.7308514336176769,qiwi;coin
qiwi001T(3),raw_gt_box_prompt,2,0.7214434820113576,0.6693121693121693,0.7735747947105458,0.7273292157364738,0.7349377026796382,qiwi;coin
qiwi001T(4),raw_gt_box_prompt,2,0.7476524331550642,0.704225352112676,0.7910795141974525,0.7479036652162296,0.7482212465170426,qiwi;coin
qiwi002S(1),raw_gt_box_prompt,2,0.7618830565148127,0.7519430051813472,0.7718231078482782,0.7640385256755611,0.7668786644485097,qiwi;coin
qiwi002S(2),raw_gt_box_prompt,2,0.7649946155512759,0.7336579883873384,0.7963312427152134,0.7692119264746331,0.7746113106370303,qiwi;coin
qiwi002S(3),raw_gt_box_prompt,2,0.7397150931634862,0.7261294829995343,0.753300703327438,0.7406090641384759,0.7418379006614301,qiwi;coin
qiwi002T(1),raw_gt_box_prompt,2,0.75962005504494,0.7348564242297212,0.7843836858601588,0.7609721837021544,0.7627889078692229,qiwi;coin
qiwi002T(2),raw_gt_box_prompt,2,0.7337390525174764,0.6626684193230364,0.8048096857119164,0.7343567990663062,0.7351679187787431,qiwi;coin
qiwi002T(3),raw_gt_box_prompt,2,0.7299331419873651,0.7096479195244627,0.7502183644502675,0.7299331419873651,0.7299331419873651,qiwi;coin
qiwi003S(1),raw_gt_box_prompt,2,0.7386049662928809,0.7115677321156774,0.7656422004700842,0.7400966702470462,0.7420853323785654,qiwi;coin
qiwi003S(2),raw_gt_box_prompt,2,0.7208494252826116,0.6908997605200137,0.7507990900452097,0.7216185090688712,0.7226428627161472,qiwi;coin
qiwi003S(3),raw_gt_box_prompt,2,0.7954798273999151,0.7835138954309939,0.8074457593688363,0.7981414520936579,0.8014475822380234,qiwi;coin
qiwi003S(4),raw_gt_box_prompt,2,0.7602216610790877,0.7320675105485233,0.7883758116096521,0.7637871410856341,0.7683097050126864,qiwi;coin
qiwi003T(1),raw_gt_box_prompt,2,0.73784837704757,0.7320382362010485,0.7436585178940915,0.7451875876049603,0.755186454691287,qiwi;coin
qiwi003T(2),raw_gt_box_prompt,2,0.688762307633085,0.6634958382877527,0.7140287769784173,0.688762307633085,0.688762307633085,qiwi;coin
qiwi003T(3),raw_gt_box_prompt,2,0.7503353407309219,0.7382308740782162,0.7624398073836276,0.7557583329441253,0.7629071628208814,qiwi;coin
qiwi003T(4),raw_gt_box_prompt,2,0.7586901732145096,0.7493649449618967,0.7680154014671225,0.7635377091987013,0.7698666378202228,qiwi;coin
qiwi004S(1),raw_gt_box_prompt,2,0.7584738975236112,0.7329831932773109,0.7839646017699115,0.7602860489857394,0.7625975710341035,qiwi;coin
qiwi004S(2),raw_gt_box_prompt,2,0.7161684640809131,0.6608142002701138,0.7715227278917123,0.7184831590971918,0.7214833234897613,qiwi;coin
qiwi004S(3),raw_gt_box_prompt,2,0.7186635146421695,0.6852660841938046,0.7520609450905343,0.7203343775057935,0.7227331544582198,qiwi;coin
qiwi004S(4),raw_gt_box_prompt,2,0.763074298298006,0.7093942054433714,0.8167543911526406,0.7631709270340193,0.7632892352268617,qiwi;coin
qiwi004S(5),raw_gt_box_prompt,2,0.7084826932364523,0.6862054681027341,0.7307599183701705,0.7088748947161869,0.7094115983172951,qiwi;coin
qiwi004S(6),raw_gt_box_prompt,2,0.7568879465596783,0.6817817014446228,0.8319941916747338,0.7625515891008223,0.7693588992933895,qiwi;coin
qiwi004S(7),raw_gt_box_prompt,2,0.7844686412775195,0.7530780907404284,0.8158591918146106,0.7872099156118143,0.7905958752171754,qiwi;coin
qiwi004S(8),raw_gt_box_prompt,2,0.809745332034921,0.7591312931885489,0.8603593708812933,0.8191256297494571,0.8301253461900742,qiwi;coin
qiwi004T(1),raw_gt_box_prompt,2,0.7620202091718269,0.7290322580645161,0.7950081602791378,0.765221328644452,0.769281342480495,qiwi;coin
qiwi004T(2),raw_gt_box_prompt,2,0.7708852536697834,0.7503775620280475,0.7913929453115193,0.7723913475668485,0.7743560851916977,qiwi;coin
qiwi004T(3),raw_gt_box_prompt,2,0.7288944363450299,0.6700070323488045,0.7877818403412553,0.731188008972441,0.7340994401707246,qiwi;coin
qiwi004T(4),raw_gt_box_prompt,2,0.7498302401056125,0.6991807475678443,0.8004797326433808,0.75103118691073,0.7525314707482127,qiwi;coin
qiwi004T(5),raw_gt_box_prompt,2,0.7471838868510491,0.7253320683111955,0.7690357053909027,0.7640415304687004,0.7859620258364448,qiwi;coin
qiwi004T(6),raw_gt_box_prompt,2,0.7672961927466134,0.7421146157263439,0.792477769766883,0.7698806088679908,0.7732622364512128,qiwi;coin
qiwi004T(7),raw_gt_box_prompt,2,0.7743734485732066,0.7531468531468531,0.79560004399956,0.7748904589110774,0.7755402959011206,qiwi;coin
qiwi004T(8),raw_gt_box_prompt,2,0.7421400664325193,0.6984126984126984,0.7858674344523401,0.7477926471712397,0.7549854388443793,qiwi;coin
qiwi005S(1),raw_gt_box_prompt,2,0.7612501960713324,0.7322863403944485,0.7902140517482162,0.7616619541939708,0.762183025822256,qiwi;coin
qiwi005S(2),raw_gt_box_prompt,2,0.761113227807128,0.7124951037994516,0.8097313518148043,0.7612289698528418,0.7613719086750259,qiwi;coin
qiwi005S(3),raw_gt_box_prompt,2,0.7962245851923355,0.7806711409395973,0.8117780294450736,0.7981329423264907,0.8005095307917889,qiwi;coin
qiwi005S(4),raw_gt_box_prompt,2,0.7255516951172283,0.6856343283582089,0.7654690618762475,0.7260384577837556,0.7266743589465463,qiwi;coin
qiwi005S(5),raw_gt_box_prompt,2,0.7362524420890035,0.7093658126837463,0.7631390714942607,0.7388141958978296,0.7422972845467438,qiwi;coin
qiwi005S(6),raw_gt_box_prompt,2,0.7727027469651198,0.7627967982780656,0.782608695652174,0.7759188349684187,0.7800304095810318,qiwi;coin
qiwi005S(7),raw_gt_box_prompt,2,0.7565850371303793,0.7374217231699417,0.7757483510908169,0.7578633413092221,0.7595968190990379,qiwi;coin
qiwi005S(8),raw_gt_box_prompt,2,0.7170904954597167,0.648504861493304,0.7856761294261294,0.7170904954597167,0.7170904954597167,qiwi;coin
qiwi005T(1),raw_gt_box_prompt,2,0.7352111709645308,0.7089475488515599,0.7614747930775019,0.7396619260770204,0.7455305047757879,qiwi;coin
qiwi005T(2),raw_gt_box_prompt,2,0.7207828202302673,0.6616688396349413,0.7798968008255934,0.7219938401073257,0.7235466351383817,qiwi;coin
qiwi005T(3),raw_gt_box_prompt,2,0.7567474124130252,0.7018649193548387,0.8116299054712117,0.7578664517495742,0.7592452074225794,qiwi;coin
qiwi005T(4),raw_gt_box_prompt,2,0.7726841437992162,0.7485061054819434,0.796862182116489,0.7735612993915778,0.7747331743915777,qiwi;coin
qiwi005T(5),raw_gt_box_prompt,2,0.8123386480773331,0.7672641012124407,0.8574131949422256,0.8217989302077224,0.8330271512723681,qiwi;coin
qiwi005T(6),raw_gt_box_prompt,2,0.732900292213499,0.6426930147058824,0.8231075697211155,0.7361442467937502,0.7400853532779859,qiwi;coin
qiwi005T(7),raw_gt_box_prompt,2,0.7907542803673436,0.7421784472769409,0.8393301134577463,0.7945719998453232,0.799627905943657,qiwi;coin
qiwi005T(8),raw_gt_box_prompt,2,0.7494287007996339,0.7108134920634921,0.7880439095357757,0.7503794352187854,0.7515858837524864,qiwi;coin
qiwi006S(1),raw_gt_box_prompt,2,0.7447816407656072,0.6800554016620498,0.8095078798691644,0.7494074000791452,0.7551216857934309,qiwi;coin
qiwi006S(10),raw_gt_box_prompt,2,0.7837343331143025,0.783290758827949,0.7841779074006562,0.787450960709329,0.792194815427075,qiwi;coin
qiwi006S(11),raw_gt_box_prompt,2,0.756165126583822,0.7517716912468876,0.7605585619207563,0.7631542919098115,0.7723861602456992,qiwi;coin
qiwi006S(12),raw_gt_box_prompt,2,0.7586584131980552,0.7393665158371041,0.7779503105590062,0.7586584131980552,0.7586584131980552,qiwi;coin
qiwi006S(2),raw_gt_box_prompt,2,0.7575883909482737,0.745619727449708,0.7695570544468395,0.7575883909482737,0.7575883909482737,qiwi;coin
qiwi006S(3),raw_gt_box_prompt,2,0.7674170104228768,0.7600950118764845,0.7747390089692692,0.7740015551976759,0.7825482348111659,qiwi;coin
qiwi006S(4),raw_gt_box_prompt,2,0.7380313506658351,0.7028347996089932,0.7732279017226772,0.739053077010726,0.7403744550192205,qiwi;coin
qiwi006S(5),raw_gt_box_prompt,2,0.6789087997064561,0.6242788461538461,0.7335387532590661,0.6791697836082323,0.6795255710845132,qiwi;coin
qiwi006S(6),raw_gt_box_prompt,2,0.7856035879666676,0.7807637906647807,0.7904433852685545,0.790249651478465,0.7961535374935799,qiwi;coin
qiwi006S(7),patched_gt_box_prompt,2,0.738879304029304,0.7347252747252747,0.7430333333333333,0.7507135813672111,0.7668206594071385,coin;kiwi
qiwi006S(8),patched_gt_box_prompt,2,0.7719084914075055,0.7563078888534015,0.7875090939616095,0.7741140619011563,0.776984597156398,coin;kiwi
qiwi006S(9),raw_gt_box_prompt,2,0.7865484444048092,0.7856610926816059,0.7874357961280126,0.7913448065793481,0.7974413646055437,qiwi;coin
qiwi006T(1),raw_gt_box_prompt,2,0.7365486517030504,0.6705078958600086,0.8025894075460921,0.7373525170873969,0.7383541069125162,qiwi;coin
qiwi006T(10),raw_gt_box_prompt,2,0.75750183698767,0.7503197748784856,0.7646838990968545,0.7579823184008863,0.7586226872533453,qiwi;coin
qiwi006T(11),raw_gt_box_prompt,2,0.7638110437455711,0.7129735935706085,0.8146484939205336,0.7682509054413079,0.7744012952991282,qiwi;coin
qiwi006T(12),raw_gt_box_prompt,2,0.7755761875705447,0.7403806371534961,0.8107717379875933,0.7764075247873363,0.7775228775326969,qiwi;coin
qiwi006T(2),raw_gt_box_prompt,2,0.7531164625896244,0.7054164537557486,0.8008164714235002,0.7545247851107226,0.7564972137237762,qiwi;coin
qiwi006T(3),raw_gt_box_prompt,2,0.7826146125156127,0.7749464158132888,0.7902828092179366,0.7867168634093733,0.7919986944060207,qiwi;coin
qiwi006T(4),raw_gt_box_prompt,2,0.7945186702394635,0.746945575712699,0.8420917647662282,0.8030122959672862,0.8130986381964855,qiwi;coin
qiwi006T(5),raw_gt_box_prompt,2,0.7440141378848302,0.6849798387096774,0.8030484370599831,0.7458029806659199,0.748030545901759,qiwi;coin
qiwi006T(6),raw_gt_box_prompt,2,0.7556611348379739,0.7248339294839039,0.7864883401920439,0.7569621188139707,0.7587569906088425,qiwi;coin
qiwi006T(7),raw_gt_box_prompt,2,0.7547383781271749,0.7019969278033794,0.8074798284509704,0.7562406935821216,0.7581011926336318,qiwi;coin
qiwi006T(8),raw_gt_box_prompt,2,0.758514212026526,0.7449982111896964,0.7720302128633555,0.7597551331493833,0.7613624810253878,qiwi;coin
qiwi006T(9),raw_gt_box_prompt,2,0.7701267236670275,0.7588118811881188,0.7814415661459363,0.7711520946349779,0.7724900987557644,qiwi;coin
qiwi007S(1),patched_gt_box_prompt,2,0.7791383542513157,0.7689552402045224,0.789321468298109,0.7861986345950148,0.7951433809718265,coin;kiwi
qiwi007S(10),raw_gt_box_prompt,2,0.786909022627422,0.7799107142857142,0.7939073309691297,0.7934642480101937,0.8018408239455752,qiwi;coin
qiwi007S(11),raw_gt_box_prompt,2,0.7329934958078436,0.7188483735571878,0.7471386180584993,0.7366406668485896,0.7415545229745072,qiwi;coin
qiwi007S(12),raw_gt_box_prompt,2,0.7517513077929387,0.7199129057798892,0.7835897098059883,0.7552271874753218,0.7598813472320936,qiwi;coin
qiwi007S(2),raw_gt_box_prompt,2,0.7337247033053258,0.684931506849315,0.7825178997613366,0.7373769247585931,0.7420441936535043,qiwi;coin
qiwi007S(3),raw_gt_box_prompt,2,0.7165763767489675,0.6390603566529492,0.7940923968449858,0.7170456228604526,0.7176365441604795,qiwi;coin
qiwi007S(4),raw_gt_box_prompt,2,0.7075043039526322,0.6959289986494308,0.7190796092558336,0.7083112336468596,0.7094334038264067,qiwi;coin
qiwi007S(5),raw_gt_box_prompt,2,0.7593551259148831,0.7462808233136335,0.7724294285161326,0.7609391812213322,0.7630452965558261,qiwi;coin
qiwi007S(6),raw_gt_box_prompt,2,0.743219573416864,0.7082066869300911,0.7782324599036368,0.7590550776603852,0.7809938496625303,qiwi;coin
qiwi007S(7),raw_gt_box_prompt,2,0.7728949891284969,0.7111872146118722,0.8346027636451214,0.7750289740452244,0.7775858609975361,qiwi;coin
qiwi007S(8),raw_gt_box_prompt,2,0.7465279941196548,0.6859567901234568,0.8070991981158526,0.7470945226448371,0.7477964543609198,qiwi;coin
qiwi007S(9),raw_gt_box_prompt,2,0.7496684423421234,0.7484472049689441,0.7508896797153025,0.7498278616953422,0.750040168985648,qiwi;coin
qiwi007T(1),raw_gt_box_prompt,2,0.7989728398041334,0.7936180134567984,0.8043276661514683,0.8050958941570359,0.8127160791171223,qiwi;coin
qiwi007T(10),raw_gt_box_prompt,2,0.7812105538800993,0.7313677313677314,0.8310533763924671,0.7862680796509485,0.7924357391933258,qiwi;coin
qiwi007T(11),raw_gt_box_prompt,2,0.7969808959657566,0.7804878048780488,0.8134739870534644,0.8002684192610069,0.804360458505857,qiwi;coin
qiwi007T(12),raw_gt_box_prompt,2,0.758876239496987,0.7079326923076923,0.8098197866862817,0.7712457579185521,0.7865201666511172,qiwi;coin
qiwi007T(2),raw_gt_box_prompt,2,0.7681415837427379,0.7009345794392523,0.8353485880462234,0.7739235896146107,0.7810966762111129,qiwi;coin
qiwi007T(3),patched_gt_box_prompt,2,0.7412042944268009,0.7052036199095023,0.7772049689440994,0.7412042944268009,0.7412042944268009,coin;kiwi
qiwi007T(4),raw_gt_box_prompt,2,0.7718843010162967,0.759976057462091,0.7837925445705024,0.7808500976965627,0.792289089739003,qiwi;coin
qiwi007T(5),raw_gt_box_prompt,2,0.7892679490637631,0.7776354479024135,0.8009004502251126,0.7926240929769156,0.7968268290848937,qiwi;coin
qiwi007T(6),raw_gt_box_prompt,2,0.7041446263896393,0.6227199261140615,0.7855693266652171,0.7041446263896393,0.7041446263896393,qiwi;coin
qiwi007T(7),raw_gt_box_prompt,2,0.7425687548947311,0.6881091617933723,0.7970283479960899,0.7432711888089463,0.7441525049076536,qiwi;coin
qiwi007T(8),raw_gt_box_prompt,2,0.7301784634588754,0.6573189522342064,0.8030379746835443,0.73253011528186,0.7354585593867747,qiwi;coin
qiwi007T(9),raw_gt_box_prompt,2,0.7263006468592121,0.6703296703296703,0.782271623388754,0.7273997546103204,0.7288047752172893,qiwi;coin
qiwi008S(1),raw_gt_box_prompt,2,0.758958728404832,0.7363112391930836,0.7816062176165803,0.7612187448253022,0.7641520592340265,qiwi;coin
qiwi008S(2),raw_gt_box_prompt,2,0.7683267685148258,0.73193359375,0.8047199432796516,0.7689390021904798,0.7696998055988791,qiwi;coin
qiwi008S(3),raw_gt_box_prompt,2,0.7834106442100832,0.7636968766001024,0.803124411820064,0.7835618632671008,0.7837501517250183,qiwi;coin
qiwi008S(4),raw_gt_box_prompt,2,0.7797122915103971,0.7724095394736842,0.78701504354711,0.7817640320733104,0.7843978072328588,qiwi;coin
qiwi008S(5),raw_gt_box_prompt,2,0.7598230379922352,0.7540210759844703,0.765625,0.7621372767857143,0.7652064732142857,qiwi;coin
qiwi008S(6),raw_gt_box_prompt,2,0.7812375825949995,0.7697897742019206,0.7926853909880784,0.7837512639370905,0.7870166766852618,qiwi;coin
qiwi008S(7),raw_gt_box_prompt,2,0.7671852729657986,0.7552923387096774,0.7790782072219198,0.7679643511730205,0.7689643511730205,qiwi;coin
qiwi008S(8),raw_gt_box_prompt,2,0.7631008482450867,0.7487797589401335,0.7774219375500401,0.7675326582245802,0.7733125508267823,qiwi;coin
qiwi008S(9),raw_gt_box_prompt,2,0.769059165169728,0.7674540682414698,0.7706642620979862,0.7725575158885047,0.7771123320527139,qiwi;coin
qiwi008T(1),raw_gt_box_prompt,2,0.7838786560180457,0.758495145631068,0.8092621664050236,0.7875967694770216,0.7924987302613353,qiwi;coin
qiwi008T(2),raw_gt_box_prompt,2,0.77819174881461,0.7601262493424513,0.7962572482867686,0.7812100974080869,0.7851086915513052,qiwi;coin
qiwi008T(3),raw_gt_box_prompt,2,0.7317937522940374,0.7221549636803875,0.7414325409076875,0.7348798846174579,0.7391533888909623,qiwi;coin
qiwi008T(4),raw_gt_box_prompt,2,0.7526318994064478,0.7125435540069687,0.7927202448059268,0.7528874095578759,0.7532097302669816,qiwi;coin
qiwi008T(5),raw_gt_box_prompt,2,0.7400177047498584,0.6885702907208283,0.7914651187788885,0.743079691423495,0.7472605870827296,qiwi;coin
qiwi008T(6),raw_gt_box_prompt,2,0.7511621772564336,0.708786231884058,0.7935381226288092,0.7512107414010254,0.7512719409114292,qiwi;coin
qiwi008T(7),raw_gt_box_prompt,2,0.7244933056919167,0.6768013327780091,0.7721852786058243,0.7244933056919167,0.7244933056919167,qiwi;coin
qiwi008T(8),raw_gt_box_prompt,2,0.7429396804396804,0.7123015873015873,0.7735777735777736,0.7458118751435583,0.7495247464306871,qiwi;coin
qiwi008T(9),raw_gt_box_prompt,2,0.7844156076649522,0.728874830546769,0.8399563847831355,0.7851903554656996,0.7862024824477891,qiwi;coin
sachima001S(1),raw_gt_box_prompt,2,0.7088753085485111,0.6414944356120826,0.7762561814849397,0.7088753085485111,0.7088753085485111,sachima;coin
sachima001S(10),raw_gt_box_prompt,2,0.7968511749728235,0.7712724434035909,0.822429906542056,0.797907712566527,0.7992775755802257,sachima;coin
sachima001S(11),raw_gt_box_prompt,2,0.7600706064882894,0.670777027027027,0.8493641859495518,0.7601591557153484,0.7602634092599689,sachima;coin
sachima001S(12),raw_gt_box_prompt,2,0.720896369984779,0.6506995884773663,0.7910931514921917,0.7213464229786748,0.721915323105097,sachima;coin
sachima001S(2),raw_gt_box_prompt,2,0.7497845440532482,0.6658587257617729,0.8337103623447236,0.7497845440532482,0.7497845440532482,sachima;coin
sachima001S(3),raw_gt_box_prompt,2,0.7113204367296249,0.6475562320311179,0.7750846414281317,0.7113204367296249,0.7113204367296249,sachima;coin
sachima001S(4),raw_gt_box_prompt,2,0.7959215688915225,0.7247807017543859,0.8670624360286592,0.7960813731576648,0.7962656785311903,sachima;coin
sachima001S(5),raw_gt_box_prompt,2,0.7491747374986879,0.720533728687917,0.7778157463094587,0.7491747374986879,0.7491747374986879,sachima;coin
sachima001S(6),raw_gt_box_prompt,2,0.7700423637923638,0.7456831831831832,0.7944015444015444,0.7700423637923638,0.7700423637923638,sachima;coin
sachima001S(7),raw_gt_box_prompt,2,0.7089522962652997,0.666055962691539,0.7518486298390604,0.7089522962652997,0.7089522962652997,sachima;coin
sachima001S(8),raw_gt_box_prompt,2,0.8093515004152899,0.7460892789011827,0.8726137219293971,0.8135980050897227,0.8192896894424142,sachima;coin
sachima001S(9),raw_gt_box_prompt,2,0.7589145489926741,0.6851282051282052,0.8327008928571429,0.7589145489926741,0.7589145489926741,sachima;coin
sachima001T(1),raw_gt_box_prompt,2,0.7944841462415295,0.7563000296471983,0.8326682628358606,0.7956085887476954,0.7970953565145702,sachima;coin
sachima001T(10),raw_gt_box_prompt,2,0.7748134248426247,0.6787816739186077,0.8708451757666418,0.7775278510412156,0.7815268190494715,sachima;coin
sachima001T(11),raw_gt_box_prompt,2,0.7420756585603359,0.6370018115942029,0.8471495055264688,0.7420756585603359,0.7420756585603359,sachima;coin
sachima001T(12),raw_gt_box_prompt,2,0.765860362881507,0.7080129000248078,0.8237078257382062,0.7668290372472126,0.7681971964511927,sachima;coin
sachima001T(2),raw_gt_box_prompt,2,0.8024634634664465,0.7532647957766047,0.8516621311562883,0.8033971037706553,0.8044933604551472,sachima;coin
sachima001T(3),raw_gt_box_prompt,2,0.8263744454130973,0.7918317586101798,0.8609171322160148,0.8302738939011746,0.8351984860833845,sachima;coin
sachima001T(4),raw_gt_box_prompt,2,0.8253435305766363,0.7737226277372263,0.8769644334160464,0.8258310070306039,0.8264610473531845,sachima;coin
sachima001T(5),raw_gt_box_prompt,2,0.781105421686747,0.727710843373494,0.8345,0.7828674334140435,0.7852887409200968,sachima;coin
sachima001T(6),raw_gt_box_prompt,2,0.8310407613552371,0.7857845548450566,0.8762969678654176,0.8351430178518391,0.8403374851071963,sachima;coin
sachima001T(7),raw_gt_box_prompt,2,0.7897243157474988,0.7490551776266062,0.8303934538683914,0.7902539293912357,0.7908917157818554,sachima;coin
sachima001T(8),raw_gt_box_prompt,2,0.8034225924910299,0.7864197530864198,0.8204254318956399,0.8097698658410732,0.8178180745982604,sachima;coin
sachima001T(9),raw_gt_box_prompt,2,0.7640609373974478,0.7153116920425165,0.8128101827523793,0.7640609373974478,0.7640609373974478,sachima;coin
sachima002S(1),raw_gt_box_prompt,2,0.7866614440107885,0.7813903359080294,0.7919325521135476,0.7878581679486657,0.7893896994801972,sachima;coin
sachima002S(10),raw_gt_box_prompt,2,0.8001911546289675,0.7610634648370498,0.8393188444208852,0.804581347823407,0.810255994461909,sachima;coin
sachima002S(11),raw_gt_box_prompt,2,0.762516260366426,0.7443645083932854,0.7806680123395666,0.7634109292467064,0.7646128523236295,sachima;coin
sachima002S(12),raw_gt_box_prompt,2,0.7912778445133833,0.7373924776522179,0.8451632113745488,0.7913565023954634,0.7914495706703499,sachima;coin
sachima002S(13),raw_gt_box_prompt,2,0.7442175557001138,0.6425872093023256,0.8458479020979021,0.7442175557001138,0.7442175557001138,sachima;coin
sachima002S(14),raw_gt_box_prompt,2,0.8057179626767064,0.7941914664754393,0.8172444588779735,0.8085861153183656,0.8121975273804818,sachima;coin
sachima002S(15),raw_gt_box_prompt,2,0.8210256677201158,0.7916520519116099,0.8503992835286215,0.821851705963474,0.8228715890104843,sachima;coin
sachima002S(2),raw_gt_box_prompt,2,0.7589861010506387,0.7473027646662171,0.7706694374350601,0.759900857882607,0.7611185515201135,sachima;coin
sachima002S(3),raw_gt_box_prompt,2,0.8305807857532916,0.7907148120854827,0.8704467594211005,0.8398121051919947,0.8513471342674701,sachima;coin
sachima002S(4),raw_gt_box_prompt,2,0.7903353349642919,0.7711468604047743,0.8095238095238095,0.7917410714285714,0.7935639880952381,sachima;coin
sachima002S(5),raw_gt_box_prompt,2,0.7920380031491143,0.742923742923743,0.8411522633744856,0.7920380031491143,0.7920380031491143,sachima;coin
sachima002S(6),raw_gt_box_prompt,2,0.8142046801321972,0.8101649914659587,0.8182443687984355,0.8157584906952818,0.8176753010249425,sachima;coin
sachima002S(7),raw_gt_box_prompt,2,0.815192141935553,0.7938294010889292,0.8365548827821767,0.8188268919405389,0.8234056465192935,sachima;coin
sachima002S(8),raw_gt_box_prompt,2,0.8152298378988978,0.7367430721861101,0.8937166036116854,0.8159805374995248,0.816820512495618,sachima;coin
sachima002S(9),raw_gt_box_prompt,2,0.7544601399253867,0.7262450851900393,0.7826751946607341,0.7566144595584487,0.7595808405736103,sachima;coin
sachima002T(1),raw_gt_box_prompt,2,0.7984999768769516,0.736411332633788,0.8605886211201151,0.7991327028736805,0.7999437119246039,sachima;coin
sachima002T(10),raw_gt_box_prompt,2,0.7611848320544758,0.6761194029850747,0.8462502611238771,0.7617538205458483,0.7624261848776677,sachima;coin
sachima002T(11),raw_gt_box_prompt,2,0.72402533326913,0.7096681096681097,0.7383825568701502,0.7253965279418908,0.7273041884937046,sachima;coin
sachima002T(12),raw_gt_box_prompt,2,0.7958448178597122,0.7392290249433107,0.8524606107761136,0.7958448178597122,0.7958448178597122,sachima;coin
sachima002T(13),raw_gt_box_prompt,2,0.8152914192670631,0.724159402241594,0.9064234362925322,0.8184655899101193,0.8219674528540424,sachima;coin
sachima002T(14),raw_gt_box_prompt,2,0.7795423407080347,0.7139870771569745,0.845097604259095,0.7800859167089156,0.7808472414139023,sachima;coin
sachima002T(15),raw_gt_box_prompt,2,0.7501496198913689,0.7056776556776557,0.7946215841050821,0.7506688834358737,0.7513223561767252,sachima;coin
sachima002T(2),raw_gt_box_prompt,2,0.796764553139381,0.7139079851930196,0.8796211210857425,0.8043224136491414,0.8129145908133634,sachima;coin
sachima002T(3),raw_gt_box_prompt,2,0.7966250078871284,0.7108513453903837,0.8823986703838731,0.8020837210360614,0.8084417583680918,sachima;coin
sachima002T(4),raw_gt_box_prompt,2,0.7826819709645245,0.7497628083491461,0.8156011335799029,0.7832508125439814,0.7839482632414321,sachima;coin
sachima002T(5),raw_gt_box_prompt,2,0.7590983124680757,0.7542621987066431,0.7639344262295082,0.7590983124680757,0.7590983124680757,sachima;coin
sachima002T(6),raw_gt_box_prompt,2,0.7929625833516235,0.7371222201102452,0.8488029465930018,0.793469568133664,0.7941294449323593,sachima;coin
sachima002T(7),raw_gt_box_prompt,2,0.8050363756953809,0.7771509167842031,0.8329218346065588,0.8055852110885902,0.8062914257778557,sachima;coin
sachima002T(8),raw_gt_box_prompt,2,0.7672167845862814,0.6585820895522388,0.8758514796203238,0.7672167845862814,0.7672167845862814,sachima;coin
sachima002T(9),raw_gt_box_prompt,2,0.7801956359622849,0.7291474299784549,0.8312438419461149,0.7808320517253102,0.781597670345155,sachima;coin
sachima003S(1),raw_gt_box_prompt,2,0.8123449356743799,0.7622452627815517,0.8624446085672083,0.8134835669954995,0.814855772467283,sachima;coin
sachima003S(10),raw_gt_box_prompt,2,0.7798237243248846,0.7326782145236509,0.8269692341261182,0.7803657622760269,0.7810212134449148,sachima;coin
sachima003S(11),raw_gt_box_prompt,2,0.8123354495634871,0.7754956242186105,0.8491752749083639,0.8173150076471289,0.8236568569697601,sachima;coin
sachima003S(12),raw_gt_box_prompt,2,0.8078846162055551,0.7526108543057696,0.8631583781053405,0.8108237983794782,0.8144379290582742,sachima;coin
sachima003S(13),raw_gt_box_prompt,2,0.7890100456214433,0.7830222541277818,0.7949978371151049,0.7906245183236333,0.7926851630391454,sachima;coin
sachima003S(2),raw_gt_box_prompt,2,0.8249375632864477,0.7926585498818826,0.857216576691013,0.8276665061932953,0.8310979599691022,sachima;coin
sachima003S(3),raw_gt_box_prompt,2,0.8378156639163472,0.7840101985066472,0.8916211293260473,0.8447008263412341,0.853417115839636,sachima;coin
sachima003S(4),raw_gt_box_prompt,2,0.7699485595747924,0.7697216805530934,0.7701754385964912,0.7710432748538012,0.7724654970760234,sachima;coin
sachima003S(5),raw_gt_box_prompt,2,0.7875583723286352,0.7379322149948647,0.8371845296624058,0.7888258615333671,0.790543484343398,sachima;coin
sachima003S(6),raw_gt_box_prompt,2,0.8258524542723774,0.7715539947322212,0.8801509138125336,0.8262438858595262,0.8266994528132978,sachima;coin
sachima003S(7),raw_gt_box_prompt,2,0.8221019506311995,0.8023620594205573,0.8418418418418419,0.8238119513138045,0.8259431596162508,sachima;coin
sachima003S(8),raw_gt_box_prompt,2,0.7798680253925827,0.7146675576344804,0.8450684931506849,0.7798680253925827,0.7798680253925827,sachima;coin
sachima003S(9),raw_gt_box_prompt,2,0.7436943843193844,0.705191798941799,0.7821969696969697,0.7436943843193844,0.7436943843193844,sachima;coin
sachima003T(1),raw_gt_box_prompt,2,0.7959109969703657,0.6956521739130435,0.8961698200276881,0.7959109969703657,0.7959109969703657,sachima;coin
sachima003T(10),raw_gt_box_prompt,2,0.8082715162441818,0.73315649867374,0.8833865338146236,0.8095401042358976,0.8109761550960324,sachima;coin
sachima003T(11),raw_gt_box_prompt,2,0.7658392735320806,0.657979407979408,0.8736991390847532,0.7659090926621643,0.765989004758858,sachima;coin
sachima003T(12),raw_gt_box_prompt,2,0.7848928918322614,0.7505018640665329,0.81928391959799,0.7859721294855063,0.7874101507682214,sachima;coin
sachima003T(13),raw_gt_box_prompt,2,0.7951569044234847,0.7235252309879175,0.866788577859052,0.796416416069547,0.7978694943382678,sachima;coin
sachima003T(2),raw_gt_box_prompt,2,0.8172486490906035,0.7620305718060011,0.8724667263752057,0.8228223869212291,0.8298746613642554,sachima;coin
sachima003T(3),raw_gt_box_prompt,2,0.8060314120527753,0.762460491125699,0.8496023329798515,0.8077071493959087,0.8099049515937109,sachima;coin
sachima003T(4),raw_gt_box_prompt,2,0.809134038377662,0.7522427440633246,0.8660253326919993,0.8099296414914254,0.8109872829509706,sachima;coin
sachima003T(5),raw_gt_box_prompt,2,0.8414119382700954,0.7939216209010931,0.8889022556390977,0.844612374796168,0.8486435492116478,sachima;coin
sachima003T(6),raw_gt_box_prompt,2,0.8306469384860776,0.7785695434151492,0.8827243335570061,0.8313674549858008,0.8322928912629028,sachima;coin
sachima003T(7),raw_gt_box_prompt,2,0.8238389481485784,0.7811671087533156,0.866510787543841,0.8271562372955562,0.8313795853269537,sachima;coin
sachima003T(8),raw_gt_box_prompt,2,0.8030118163384996,0.728713768115942,0.8773098645610572,0.8035175120772946,0.8040939284145806,sachima;coin
sachima003T(9),raw_gt_box_prompt,2,0.8069994033991055,0.7482566248256625,0.8657421819725485,0.8085713710983191,0.8106722114344536,sachima;coin
sachima004S(1),raw_gt_box_prompt,2,0.8411343221025906,0.8002965892239249,0.8819720549812564,0.8521572727640068,0.8657446839377623,sachima;coin
sachima004S(10),raw_gt_box_prompt,2,0.784876236960752,0.7272200772200772,0.8425323967014268,0.787632875676354,0.7909047246003768,sachima;coin
sachima004S(11),raw_gt_box_prompt,2,0.7813301463288889,0.6765480895915679,0.88611220306621,0.782878158630667,0.7846251296084072,sachima;coin
sachima004S(12),raw_gt_box_prompt,2,0.8271873829159008,0.7955842222773505,0.8587905435544511,0.8367285614137548,0.8484228475984559,sachima;coin
sachima004S(13),raw_gt_box_prompt,2,0.8121599478866535,0.7623952095808383,0.8619246861924686,0.8137599751439037,0.8158245028780744,sachima;coin
sachima004S(2),raw_gt_box_prompt,2,0.8047848166281519,0.7468780971258672,0.8626915361304366,0.8053026282884103,0.8059694469350868,sachima;coin
sachima004S(3),raw_gt_box_prompt,2,0.8371908760168458,0.7995740149094782,0.8748077371242134,0.8390693737501367,0.8412625425063236,sachima;coin
sachima004S(4),raw_gt_box_prompt,2,0.7838617134991356,0.7093642938713361,0.858359133126935,0.7838617134991356,0.7838617134991356,sachima;coin
sachima004S(5),raw_gt_box_prompt,2,0.8137498951847194,0.7877328867490057,0.8397669036204332,0.8169210948336721,0.8208014971163325,sachima;coin
sachima004S(6),raw_gt_box_prompt,2,0.8167849552487983,0.813307746534033,0.8202621639635637,0.8249023215664895,0.8348007104402344,sachima;coin
sachima004S(7),raw_gt_box_prompt,2,0.7686017437170072,0.7643548055155381,0.7728486819184763,0.7708963906486792,0.7738984610420538,sachima;coin
sachima004S(8),raw_gt_box_prompt,2,0.7709072991895916,0.7440873256519103,0.7977272727272727,0.7751670507983123,0.7808918514525752,sachima;coin
sachima004S(9),raw_gt_box_prompt,2,0.7322345694492336,0.6836529680365296,0.7808161708619374,0.7322345694492336,0.7322345694492336,sachima;coin
sachima004T(1),raw_gt_box_prompt,2,0.814324369644812,0.7180431351920042,0.9106056040976198,0.8262655546937892,0.8417096868976963,sachima;coin
sachima004T(10),raw_gt_box_prompt,2,0.7901530116829235,0.6938244853737812,0.8864815379920659,0.7951199265102481,0.8008879510036215,sachima;coin
sachima004T(11),raw_gt_box_prompt,2,0.8173196022687426,0.7542887305357614,0.8803504740017236,0.8181441355604588,0.8192132499984804,sachima;coin
sachima004T(12),raw_gt_box_prompt,2,0.7558595326517993,0.6557471264367816,0.855971938866817,0.7588521179129304,0.7623482433409354,sachima;coin
sachima004T(13),raw_gt_box_prompt,2,0.7848078537412492,0.7322151532677849,0.8374005542147135,0.7896096780688195,0.7960045963862672,sachima;coin
sachima004T(2),raw_gt_box_prompt,2,0.7629213689114289,0.7027379400260756,0.8231047977967821,0.7640339313524949,0.765385596953332,sachima;coin
sachima004T(3),raw_gt_box_prompt,2,0.7536778607790675,0.6836310252018596,0.8237246963562753,0.7536778607790675,0.7536778607790675,sachima;coin
sachima004T(4),raw_gt_box_prompt,2,0.786912657457787,0.7609895726845226,0.8128357422310515,0.7869703357705315,0.7870412951412233,sachima;coin
sachima004T(5),raw_gt_box_prompt,2,0.7839915294305729,0.6734491315136476,0.8945339273474983,0.7847976925270581,0.7856989027236078,sachima;coin
sachima004T(6),raw_gt_box_prompt,2,0.8466905809244518,0.7548963133640553,0.9384848484848485,0.8574779904589005,0.870401637186289,sachima;coin
sachima004T(7),raw_gt_box_prompt,2,0.8175763088740651,0.7371134020618557,0.8980392156862745,0.8235958790295779,0.8317622888909031,sachima;coin
sachima004T(8),raw_gt_box_prompt,2,0.8083299122170472,0.7505668934240363,0.8660929310100581,0.809427232236673,0.8108892205407665,sachima;coin
sachima004T(9),raw_gt_box_prompt,2,0.7906351839121553,0.7619742990654206,0.8192960687588899,0.7908578531988488,0.7911500799668207,sachima;coin
sachima005S(1),raw_gt_box_prompt,2,0.7396700077578408,0.6912092815707274,0.7881307339449541,0.7396700077578408,0.7396700077578408,sachima;coin
sachima005S(10),raw_gt_box_prompt,2,0.8253663929523861,0.7561288255087326,0.8946039603960396,0.8263381247763331,0.827623265338582,sachima;coin
sachima005S(11),raw_gt_box_prompt,2,0.8198365963428329,0.7922894021739131,0.8473837905117526,0.8226826581706899,0.8262748579654213,sachima;coin
sachima005S(12),raw_gt_box_prompt,2,0.7715198397476879,0.7266760431317393,0.8163636363636364,0.7715198397476879,0.7715198397476879,sachima;coin
sachima005S(13),raw_gt_box_prompt,2,0.7988627731893623,0.7545811518324608,0.8431443945462637,0.8011606746393869,0.8042059421290989,sachima;coin
sachima005S(14),raw_gt_box_prompt,2,0.7855967355328923,0.6962887793563352,0.8749046917094495,0.7861021716386969,0.7868280717548408,sachima;coin
sachima005S(15),raw_gt_box_prompt,2,0.8029482751828556,0.7419762845849802,0.8639202657807309,0.8035945959882431,0.804465676127616,sachima;coin
sachima005S(16),raw_gt_box_prompt,2,0.8136437640583764,0.7697628458498024,0.8575246822669503,0.8182623411334752,0.8242623411334752,sachima;coin
sachima005S(17),raw_gt_box_prompt,2,0.7833055964784841,0.752836304700162,0.8137748882568062,0.7841616481569931,0.785298750171288,sachima;coin
sachima005S(18),raw_gt_box_prompt,2,0.8048489781617594,0.7009049773755656,0.9087929789479531,0.8054808566931226,0.8061761509416486,sachima;coin
sachima005S(19),raw_gt_box_prompt,2,0.7986561336185471,0.7609732040111787,0.8363390632259154,0.7995765490955364,0.8006770781960655,sachima;coin
sachima005S(2),raw_gt_box_prompt,2,0.7754173492791612,0.7013392857142857,0.8494954128440367,0.7754173492791612,0.7754173492791612,sachima;coin
sachima005S(20),raw_gt_box_prompt,2,0.7873251014450504,0.7735414954806902,0.8011087074094105,0.7931177924066994,0.8005749499044907,sachima;coin
sachima005S(21),raw_gt_box_prompt,2,0.8308265339758316,0.7533653846153846,0.9082876833362785,0.8341205065737004,0.8377470806848559,sachima;coin
sachima005S(22),raw_gt_box_prompt,2,0.8140628465378209,0.7941126425046793,0.8340130505709625,0.8172598263049512,0.8212446279881815,sachima;coin
sachima005S(3),raw_gt_box_prompt,2,0.7859335807943479,0.7146943691659139,0.857172792422782,0.7859335807943479,0.7859335807943479,sachima;coin
sachima005S(4),raw_gt_box_prompt,2,0.8178702164541441,0.7629789351467905,0.8727614977614978,0.8197140822140823,0.8221307488807489,sachima;coin
sachima005S(5),raw_gt_box_prompt,2,0.8173248872156695,0.7293382128697774,0.9053115615615616,0.8179138506251182,0.8186534162238388,sachima;coin
sachima005S(6),raw_gt_box_prompt,2,0.8152996149378267,0.7311402815119405,0.8994589483637128,0.8167602919679204,0.8186067378464437,sachima;coin
sachima005S(7),raw_gt_box_prompt,2,0.8185382515777537,0.7680053103219383,0.869071192833569,0.8211042566239346,0.8244453859256384,sachima;coin
sachima005S(8),raw_gt_box_prompt,2,0.8368254482510724,0.7751595483554247,0.89849134814672,0.8425037770871104,0.849230337563671,sachima;coin
sachima005S(9),raw_gt_box_prompt,2,0.8330813159531694,0.7742353131574689,0.89192731874887,0.8356865611201949,0.8387894957224131,sachima;coin
sachima005T(1),raw_gt_box_prompt,2,0.7998775935575604,0.7344292660338041,0.8653259210813168,0.8023717210254886,0.8057653002400244,sachima;coin
sachima005T(10),raw_gt_box_prompt,2,0.8503978113014714,0.7597014925373134,0.9410941300656295,0.8504734081309046,0.850553736789875,sachima;coin
sachima005T(11),raw_gt_box_prompt,2,0.7531418851261349,0.6891233766233766,0.8171603936288931,0.7562534848872058,0.7600613049740956,sachima;coin
sachima005T(12),raw_gt_box_prompt,2,0.8108942601325746,0.7308137292711145,0.8909747909940345,0.8120618491473318,0.8135633602048489,sachima;coin
sachima005T(13),raw_gt_box_prompt,2,0.8285063105543922,0.7421587713605884,0.9148538497481958,0.8285063105543922,0.8285063105543922,sachima;coin
sachima005T(14),raw_gt_box_prompt,2,0.8286604105890196,0.7078403850010027,0.9494804361770366,0.8329209300801232,0.8381524352972017,sachima;coin
sachima005T(15),raw_gt_box_prompt,2,0.8385407858146661,0.8028723650683345,0.8742092065609975,0.8411980684693313,0.8444944981993951,sachima;coin
sachima005T(16),raw_gt_box_prompt,2,0.7568248758249982,0.7076328502415459,0.8060169014084507,0.7570338674007152,0.7572931567225045,sachima;coin
sachima005T(17),raw_gt_box_prompt,2,0.795964427322443,0.7391402205716858,0.8527886340732002,0.7987299179436296,0.802471414542269,sachima;coin
sachima005T(18),raw_gt_box_prompt,2,0.7766428702433488,0.7157557354925776,0.8375300049941198,0.7770277645471144,0.7774873233706439,sachima;coin
sachima005T(19),raw_gt_box_prompt,2,0.7919326351587357,0.7248112897932393,0.8590539805242321,0.7937757853988945,0.7962561300436426,sachima;coin
sachima005T(2),raw_gt_box_prompt,2,0.777585107662697,0.6922290388548057,0.8629411764705882,0.7786500754147813,0.7801885369532429,sachima;coin
sachima005T(20),raw_gt_box_prompt,2,0.8091594202074481,0.7755816862646985,0.8427371541501977,0.8122891319300799,0.8163244408834216,sachima;coin
sachima005T(21),raw_gt_box_prompt,2,0.7841158512577645,0.7290773742386646,0.8391543282768644,0.7860170734354843,0.7886247831860513,sachima;coin
sachima005T(22),raw_gt_box_prompt,2,0.7110798857443366,0.6678743961352657,0.7542853753534076,0.7111022565934157,0.7111319149293854,sachima;coin
sachima005T(3),raw_gt_box_prompt,2,0.7692566211878009,0.70625,0.8322632423756019,0.7705223021913852,0.7723144168867258,sachima;coin
sachima005T(4),raw_gt_box_prompt,2,0.8216717810622773,0.7445040214477212,0.8988395406768334,0.8229183416674837,0.8245359839199922,sachima;coin
sachima005T(5),raw_gt_box_prompt,2,0.7343485871768373,0.6582125603864735,0.8104846139672011,0.7343485871768373,0.7343485871768373,sachima;coin
sachima005T(6),raw_gt_box_prompt,2,0.8303233499922098,0.800524934383202,0.8601217656012177,0.8398969483743793,0.8518560991403025,sachima;coin
sachima005T(7),raw_gt_box_prompt,2,0.794759570272555,0.6951243781094527,0.8943947624356572,0.7949399773793585,0.7951416859697714,sachima;coin
sachima005T(8),raw_gt_box_prompt,2,0.7909785109710921,0.7446471054718478,0.8373099164703363,0.7918664049760267,0.7930587738154543,sachima;coin
sachima005T(9),raw_gt_box_prompt,2,0.7768888931016575,0.672045179507866,0.8817326066954491,0.7768888931016575,0.7768888931016575,sachima;coin
tomato001S(1),raw_gt_box_prompt,2,0.720329217004781,0.6532964499769479,0.7873619840326143,0.7208571638011143,0.7216652912543584,tomato;coin
tomato001S(10),raw_gt_box_prompt,2,0.6943305230230716,0.6608597285067873,0.7278013175393561,0.6943305230230716,0.6943305230230716,tomato;coin
tomato001S(2),raw_gt_box_prompt,2,0.6978867921855298,0.6385595081247255,0.7572140762463343,0.6978867921855298,0.6978867921855298,tomato;coin
tomato001S(3),raw_gt_box_prompt,2,0.7938055845156802,0.7558357928628924,0.8317753761684679,0.7965936896583579,0.8000315813744244,tomato;coin
tomato001S(4),patched_gt_box_prompt,2,0.726106388586867,0.6965174129353234,0.7556953642384105,0.726106388586867,0.726106388586867,tomato;coin
tomato001S(5),raw_gt_box_prompt,2,0.7992889998597594,0.7797414930097599,0.818836506709759,0.8007640462472219,0.8026222480320271,tomato;coin
tomato001S(6),raw_gt_box_prompt,2,0.7520585070666508,0.7248435243139143,0.7792734898193872,0.7524542648655161,0.7529621196867513,tomato;coin
tomato001S(7),raw_gt_box_prompt,2,0.7211438411685338,0.6661462979482605,0.7761413843888071,0.7214412279086893,0.7218876564801178,tomato;coin
tomato001S(8),raw_gt_box_prompt,2,0.733570261375764,0.7105456324932713,0.7565948902582565,0.733570261375764,0.733570261375764,tomato;coin
tomato001S(9),raw_gt_box_prompt,2,0.7825037065618539,0.741179435483871,0.8238279776398367,0.785563460141051,0.7892775286872091,tomato;coin
tomato001T(1),raw_gt_box_prompt,2,0.7534227059935225,0.7424242424242424,0.7644211695628025,0.7535137085137085,0.7536327561327562,tomato;coin
tomato001T(10),raw_gt_box_prompt,2,0.7109334031800507,0.6915068493150685,0.730359957045033,0.7109334031800507,0.7109334031800507,tomato;coin
tomato001T(2),raw_gt_box_prompt,2,0.7047421680573854,0.6928341384863124,0.7166501976284585,0.7047421680573854,0.7047421680573854,tomato;coin
tomato001T(3),raw_gt_box_prompt,2,0.6974444764848717,0.6394099051633299,0.7554790478064135,0.6974444764848717,0.6974444764848717,tomato;coin
tomato001T(4),raw_gt_box_prompt,2,0.6985085524046564,0.6802158880080958,0.7168012168012168,0.6985085524046564,0.6985085524046564,tomato;coin
tomato001T(5),raw_gt_box_prompt,2,0.6919531593731387,0.6666158536585366,0.7172904650877409,0.6919531593731387,0.6919531593731387,tomato;coin
tomato001T(6),raw_gt_box_prompt,2,0.6736895934078413,0.6364046973803071,0.7109744894353756,0.6736895934078413,0.6736895934078413,tomato;coin
tomato001T(7),raw_gt_box_prompt,2,0.6708709815596661,0.6170343137254902,0.7247076493938419,0.6708709815596661,0.6708709815596661,tomato;coin
tomato001T(8),raw_gt_box_prompt,2,0.7065195069508092,0.667004048582996,0.7460349653186225,0.7065195069508092,0.7065195069508092,tomato;coin
tomato001T(9),raw_gt_box_prompt,2,0.7216920618735849,0.6942010068991237,0.7491831168480463,0.7240531315084633,0.7274457069905169,tomato;coin
tomato002S(1),raw_gt_box_prompt,2,0.7048322502409305,0.6687958362905133,0.7408686641913479,0.7056897539993967,0.7069509695917096,tomato;coin
tomato002S(10),raw_gt_box_prompt,2,0.7429382178332615,0.7037597779460005,0.7821166577205224,0.7438283769250221,0.74509323905505,tomato;coin
tomato002S(11),raw_gt_box_prompt,2,0.716349873910417,0.6509259259259259,0.7817738218949081,0.7172881441223833,0.7184883252818035,tomato;coin
tomato002S(12),raw_gt_box_prompt,2,0.7262424310283622,0.7221304706853839,0.7303543913713405,0.7262424310283622,0.7262424310283622,tomato;coin
tomato002S(13),raw_gt_box_prompt,2,0.7192554548978956,0.69716524544826,0.741345664347531,0.7198993387542318,0.7208229129865109,tomato;coin
tomato002S(14),raw_gt_box_prompt,2,0.7529606950094362,0.7302307822840658,0.7756906077348066,0.7568564625706043,0.7618787839991757,tomato;coin
tomato002S(15),raw_gt_box_prompt,2,0.763584439742239,0.7574889294087002,0.7696799500757778,0.7642369665374517,0.7650930165923124,tomato;coin
tomato002S(2),raw_gt_box_prompt,2,0.7255055480267045,0.7212881741390513,0.7297229219143577,0.7259656507517451,0.7265961677757047,tomato;coin
tomato002S(3),raw_gt_box_prompt,2,0.7745103678670655,0.7566165023352361,0.7924042333988949,0.7777912078863166,0.7820138986918879,tomato;coin
tomato002S(4),raw_gt_box_prompt,2,0.7105349949647533,0.6885699899295066,0.7325,0.7129792089249494,0.7165289046653145,tomato;coin
tomato002S(5),raw_gt_box_prompt,2,0.7645490686153306,0.7213114754098361,0.807786661820825,0.7657821901997917,0.7673087338315984,tomato;coin
tomato002S(6),raw_gt_box_prompt,2,0.7234912585355048,0.7149242612366526,0.7320582558343569,0.7268060702730682,0.7314426617517649,tomato;coin
tomato002S(7),raw_gt_box_prompt,2,0.7104423109648874,0.6524590163934426,0.7684256055363322,0.7104423109648874,0.7104423109648874,tomato;coin
tomato002S(8),raw_gt_box_prompt,2,0.7335564281785345,0.6822014051522248,0.7849114512048443,0.7335564281785345,0.7335564281785345,tomato;coin
tomato002S(9),raw_gt_box_prompt,2,0.7875368224404975,0.7478214945867441,0.8272521502942508,0.7902238127698251,0.793611759798428,tomato;coin
tomato002T(1),raw_gt_box_prompt,2,0.7071177669188934,0.6832710668327107,0.7309644670050761,0.7071177669188934,0.7071177669188934,tomato;coin
tomato002T(10),raw_gt_box_prompt,2,0.7274403673860195,0.7232142857142857,0.7316664490577534,0.7274403673860195,0.7274403673860195,tomato;coin
tomato002T(11),raw_gt_box_prompt,2,0.6641887980655921,0.6080808080808081,0.7202967880503759,0.6658371283530655,0.6681255326814188,tomato;coin
tomato002T(12),raw_gt_box_prompt,2,0.6610087773483231,0.6341414141414141,0.6878761405552319,0.6610087773483231,0.6610087773483231,tomato;coin
tomato002T(13),raw_gt_box_prompt,2,0.7108839408676917,0.6852878464818764,0.736480035253507,0.7114979902852502,0.7123317527610342,tomato;coin
tomato002T(14),raw_gt_box_prompt,2,0.7230804912346678,0.7025923657889365,0.7435686166803992,0.7233870753262073,0.723799389784701,tomato;coin
tomato002T(15),raw_gt_box_prompt,2,0.7170427145467203,0.6972199838839646,0.736865445209476,0.7170427145467203,0.7170427145467203,tomato;coin
tomato002T(2),raw_gt_box_prompt,2,0.7155102497224708,0.6931172736384899,0.7379032258064516,0.7155102497224708,0.7155102497224708,tomato;coin
tomato002T(3),raw_gt_box_prompt,2,0.7090144449399054,0.6642842962080604,0.7537445936717505,0.7094610778638186,0.71005362994003,tomato;coin
tomato002T(4),raw_gt_box_prompt,2,0.6942911181426358,0.6873015873015873,0.7012806489836843,0.6942911181426358,0.6942911181426358,tomato;coin
tomato002T(5),raw_gt_box_prompt,2,0.7275010711555258,0.7197982345523329,0.7352039077587186,0.7282962028863669,0.7293777147260754,tomato;coin
tomato002T(6),raw_gt_box_prompt,2,0.7225763872560047,0.7012288786482335,0.7439238958637759,0.7230762166771985,0.7237480991425591,tomato;coin
tomato002T(7),raw_gt_box_prompt,2,0.7073780323930564,0.6743332517739173,0.7404228130121955,0.7082956222108976,0.7095349003661833,tomato;coin
tomato002T(8),raw_gt_box_prompt,2,0.6894816856959595,0.6708180708180708,0.7081453005738482,0.6894816856959595,0.6894816856959595,tomato;coin
tomato002T(9),raw_gt_box_prompt,2,0.6971155166816502,0.6915492957746479,0.7026817375886525,0.6971155166816502,0.6971155166816502,tomato;coin
tomato003S(1),raw_gt_box_prompt,2,0.7552929561137046,0.6897435897435897,0.8208423224838195,0.7557940337899016,0.7564044770656341,tomato;coin
tomato003S(10),raw_gt_box_prompt,2,0.7697607425868296,0.7385730211817169,0.8009484639919423,0.777373285272114,0.7875399145580446,tomato;coin
tomato003S(11),raw_gt_box_prompt,2,0.7618681941423389,0.7475409836065574,0.7761954046781204,0.7622702845923379,0.7627883119441821,tomato;coin
tomato003S(12),raw_gt_box_prompt,2,0.7935339249399149,0.7592900721020521,0.8277777777777777,0.7954211871478756,0.7978161413047629,tomato;coin
tomato003S(13),raw_gt_box_prompt,2,0.7148576512541441,0.662165363657901,0.7675499388503872,0.7151708091239322,0.7155788058599583,tomato;coin
tomato003S(14),raw_gt_box_prompt,2,0.6801910570040025,0.6348805147058824,0.7255015993021227,0.6801910570040025,0.6801910570040025,tomato;coin
tomato003S(15),raw_gt_box_prompt,2,0.6636699930709853,0.5720711510938459,0.7552688350481248,0.6636699930709853,0.6636699930709853,tomato;coin
tomato003S(16),raw_gt_box_prompt,2,0.7089335686123448,0.6612662013958126,0.756600935828877,0.7089335686123448,0.7089335686123448,tomato;coin
tomato003S(17),raw_gt_box_prompt,2,0.7275044145603854,0.6875930521091811,0.7674157770115897,0.7275044145603854,0.7275044145603854,tomato;coin
tomato003S(18),raw_gt_box_prompt,2,0.7970053378894393,0.7963245292348263,0.7976861465440522,0.8050440519960422,0.8151220142863695,tomato;coin
tomato003S(19),raw_gt_box_prompt,2,0.7433785995992586,0.6938283510125361,0.792928848185981,0.7469541595126655,0.7514634669008213,tomato;coin
tomato003S(2),raw_gt_box_prompt,2,0.8235229250292102,0.8127767235926628,0.8342691264657576,0.8324907692918492,0.8434302670441449,tomato;coin
tomato003S(20),raw_gt_box_prompt,2,0.7820352899669847,0.7087827426810478,0.8552878372529217,0.7862482197164646,0.7913502830674215,tomato;coin
tomato003S(21),raw_gt_box_prompt,2,0.7898280982441792,0.7483834692156311,0.8312727272727273,0.7922634151360807,0.7955175181355147,tomato;coin
tomato003S(22),raw_gt_box_prompt,2,0.7016076485273358,0.6488477072938941,0.7543675897607776,0.7020347923265879,0.7026010199920523,tomato;coin
tomato003S(23),raw_gt_box_prompt,2,0.7345241958734778,0.6695992179863147,0.799449173760641,0.7349917881375424,0.7355766811856708,tomato;coin
tomato003S(24),raw_gt_box_prompt,2,0.7145145556150103,0.6344468135512912,0.7945822976787295,0.7149502002470302,0.7154984689830599,tomato;coin
tomato003S(25),raw_gt_box_prompt,2,0.7663351144826706,0.752897936104043,0.7797722928612981,0.7746830692519946,0.7857113077866851,tomato;coin
tomato003S(26),raw_gt_box_prompt,2,0.7561354477484663,0.699746835443038,0.8125240600538945,0.7614278376990241,0.7689393939393939,tomato;coin
tomato003S(27),raw_gt_box_prompt,2,0.7820176916636002,0.7176906779661016,0.8463447053610988,0.7837307876240046,0.7857548990168601,tomato;coin
tomato003S(28),raw_gt_box_prompt,2,0.6979717167192847,0.6089872568745808,0.7869561765639885,0.6979717167192847,0.6979717167192847,tomato;coin
tomato003S(29),raw_gt_box_prompt,2,0.7472207209912127,0.7056746532156368,0.7887667887667887,0.7482034468263976,0.7494493484657418,tomato;coin
tomato003S(3),raw_gt_box_prompt,2,0.735315745574433,0.6773679696115672,0.793263521537299,0.7360560327019448,0.7371057996815882,tomato;coin
tomato003S(30),raw_gt_box_prompt,2,0.799765044403636,0.7721264367816092,0.8274036520256629,0.8000808189655173,0.8004624640804598,tomato;coin
tomato003S(31),raw_gt_box_prompt,2,0.7722568449089892,0.7605866954111488,0.7839269944068296,0.7771636904775565,0.7834230049335922,tomato;coin
tomato003S(32),raw_gt_box_prompt,2,0.7952736644287546,0.7752027809965237,0.8153445478609854,0.7997200487850642,0.8054037589517465,tomato;coin
tomato003S(33),raw_gt_box_prompt,2,0.7489140284720395,0.7153439153439154,0.7824841416001637,0.7489140284720395,0.7489140284720395,tomato;coin
tomato003S(34),raw_gt_box_prompt,2,0.7892968308397585,0.735101148168398,0.843492513511119,0.789670818830142,0.7901141991617906,tomato;coin
tomato003S(4),raw_gt_box_prompt,2,0.8079692129153626,0.7830398105668196,0.8328986152639056,0.8117052731562338,0.8164095219609098,tomato;coin
tomato003S(5),raw_gt_box_prompt,2,0.7904779577544818,0.7722551928783383,0.8087007226306254,0.7916579705108708,0.7931707359221325,tomato;coin
tomato003S(6),raw_gt_box_prompt,2,0.7998168928190428,0.795905896730828,0.8037278889072574,0.8051332243687873,0.8118019332809528,tomato;coin
tomato003S(7),raw_gt_box_prompt,2,0.7510093432106111,0.7135492399206874,0.7884694465005346,0.7510093432106111,0.7510093432106111,tomato;coin
tomato003S(8),raw_gt_box_prompt,2,0.7522770355969572,0.7079871348164031,0.7965669363775115,0.7525019980177995,0.7527844129795165,tomato;coin
tomato003S(9),raw_gt_box_prompt,2,0.7906175825566377,0.7842251057005394,0.7970100594127362,0.7959413832696703,0.8027073799431523,tomato;coin
tomato003T(1),raw_gt_box_prompt,2,0.7438078212925057,0.7403492647058824,0.7472663778791291,0.743886267717119,0.743991245576334,tomato;coin
tomato003T(10),raw_gt_box_prompt,2,0.7287761459445631,0.693359375,0.7641929168891262,0.729696367546383,0.7309005420178842,tomato;coin
tomato003T(11),raw_gt_box_prompt,2,0.7394701371647547,0.7233141160027953,0.7556261583267143,0.7401716468608142,0.7411000288236789,tomato;coin
tomato003T(12),raw_gt_box_prompt,2,0.7376306571009685,0.7327613142019371,0.7425,0.7376306571009685,0.7376306571009685,tomato;coin
tomato003T(13),raw_gt_box_prompt,2,0.7031054855116696,0.6860945387792565,0.7201164322440827,0.7041725718065004,0.7057141727463933,tomato;coin
tomato003T(14),raw_gt_box_prompt,2,0.7188513500929463,0.7041009952368044,0.7336017049490883,0.7208600214279259,0.7235981166660213,tomato;coin
tomato003T(15),raw_gt_box_prompt,2,0.7120424802583722,0.7036789297658863,0.7204060307508583,0.7120424802583722,0.7120424802583722,tomato;coin
tomato003T(16),raw_gt_box_prompt,2,0.6772770525714368,0.677270732777534,0.6772833723653395,0.6780719861070769,0.6792456950272647,tomato;coin
tomato003T(17),raw_gt_box_prompt,2,0.7126371633709858,0.6933708414872799,0.7319034852546917,0.7147001266259929,0.7175187540769733,tomato;coin
tomato003T(18),raw_gt_box_prompt,2,0.713476921534244,0.7082111436950147,0.7187426993734735,0.713476921534244,0.713476921534244,tomato;coin
tomato003T(19),patched_gt_box_prompt,2,0.7294345448766243,0.7134711332858161,0.7453979564674325,0.7294345448766243,0.7294345448766243,coin;tomato
tomato003T(2),raw_gt_box_prompt,2,0.705191308684774,0.6796452520008652,0.7307373653686827,0.705191308684774,0.705191308684774,tomato;coin
tomato003T(20),raw_gt_box_prompt,2,0.7329293877961345,0.7258007805632714,0.7400579950289975,0.7329293877961345,0.7329293877961345,tomato;coin
tomato003T(21),raw_gt_box_prompt,2,0.7123225425683222,0.690989010989011,0.7336560741476332,0.7123225425683222,0.7123225425683222,tomato;coin
tomato003T(22),raw_gt_box_prompt,2,0.7135497276888279,0.688600352112676,0.7384991032649798,0.7140130771186257,0.7146404975552239,tomato;coin
tomato003T(23),raw_gt_box_prompt,2,0.6653456362087677,0.6329493087557604,0.697741963661775,0.6653456362087677,0.6653456362087677,tomato;coin
tomato003T(24),raw_gt_box_prompt,2,0.6889289486575815,0.6124121779859485,0.7654457193292145,0.6889289486575815,0.6889289486575815,tomato;coin
tomato003T(25),raw_gt_box_prompt,2,0.7351969118820871,0.7325995238880901,0.7377942998760842,0.7360215701904435,0.7371393049147356,tomato;coin
tomato003T(26),raw_gt_box_prompt,2,0.7176277895727536,0.7169492279624439,0.7183063511830635,0.717944209205938,0.7183848432450757,tomato;coin
tomato003T(27),patched_gt_box_prompt,2,0.6710563644607905,0.6062857142857143,0.7358270146358666,0.6710563644607905,0.6710563644607905,coin;tomato
tomato003T(28),raw_gt_box_prompt,2,0.7773100134456757,0.7573086844368013,0.7973113424545502,0.781960769698762,0.78803335503361,tomato;coin
tomato003T(29),raw_gt_box_prompt,2,0.7579753110566714,0.7535196828868234,0.7624309392265194,0.7618044843005545,0.766826805729126,tomato;coin
tomato003T(3),raw_gt_box_prompt,2,0.7335266851219433,0.7040566959921799,0.7629966742517066,0.7335266851219433,0.7335266851219433,tomato;coin
tomato003T(30),raw_gt_box_prompt,2,0.7293369581693904,0.717356868069699,0.7413170482690817,0.7295806255838162,0.7299202994968597,tomato;coin
tomato003T(31),raw_gt_box_prompt,2,0.6937134066954271,0.6784175479827653,0.7090092654080891,0.6937134066954271,0.6937134066954271,tomato;coin
tomato003T(32),raw_gt_box_prompt,2,0.7312406978462102,0.7209911361804996,0.7414902595119207,0.7312406978462102,0.7312406978462102,tomato;coin
tomato003T(33),raw_gt_box_prompt,2,0.7073347447659374,0.683076923076923,0.7315925664549517,0.7075930754744314,0.7079461828190641,tomato;coin
tomato003T(34),raw_gt_box_prompt,2,0.7023465454891511,0.6684430909783022,0.73625,0.7034955118411,0.7052143812070282,tomato;coin
tomato003T(4),raw_gt_box_prompt,2,0.7369205793605534,0.7135265700483092,0.7603145886727977,0.7369205793605534,0.7369205793605534,tomato;coin
tomato003T(5),raw_gt_box_prompt,2,0.7905034823152466,0.7878573794017,0.7931495852287932,0.7954010922796115,0.801602109984475,tomato;coin
tomato003T(6),raw_gt_box_prompt,2,0.7054645334053888,0.6984126984126984,0.7125163683980794,0.7058926815563984,0.7064935774375303,tomato;coin
tomato003T(7),raw_gt_box_prompt,2,0.6701784571687188,0.6263027295285359,0.7140541848089018,0.6701784571687188,0.6701784571687188,tomato;coin
tomato003T(8),raw_gt_box_prompt,2,0.6727689876769548,0.6543478260869565,0.6911901492669531,0.6727689876769548,0.6727689876769548,tomato;coin
tomato003T(9),raw_gt_box_prompt,2,0.7048700197950502,0.7028735632183908,0.7068664763717095,0.7051130577266247,0.705456882111708,tomato;coin
tomato004S(1),raw_gt_box_prompt,2,0.7732710777788401,0.7118341876532204,0.8347079679044598,0.7844265869149192,0.7983531322406925,tomato;coin
tomato004S(10),raw_gt_box_prompt,2,0.7667572314780883,0.719899474525931,0.8136149884302456,0.7689098725933825,0.77184658200567,tomato;coin
tomato004S(11),raw_gt_box_prompt,2,0.7670762596554395,0.7534906114588349,0.7806619078520441,0.7670762596554395,0.7670762596554395,tomato;coin
tomato004S(12),raw_gt_box_prompt,2,0.7555392758601149,0.7057895922505069,0.8052889594697231,0.7601654255555461,0.7665712438428884,tomato;coin
tomato004S(13),raw_gt_box_prompt,2,0.7142132122473104,0.634032634032634,0.7943937904619869,0.7146714800690164,0.7152483574656027,tomato;coin
tomato004S(14),raw_gt_box_prompt,2,0.6961960217613057,0.5838235294117647,0.8085685141108466,0.699289562787198,0.7031155107086233,tomato;coin
tomato004S(15),raw_gt_box_prompt,2,0.7269731992602897,0.6928356928356928,0.7611107056848865,0.7269731992602897,0.7269731992602897,tomato;coin
tomato004S(16),raw_gt_box_prompt,2,0.7381158573845589,0.7013614404918753,0.7748702742772424,0.7381158573845589,0.7381158573845589,tomato;coin
tomato004S(17),raw_gt_box_prompt,2,0.7197158424943155,0.6751082251082251,0.7643234598804061,0.7197158424943155,0.7197158424943155,tomato;coin
tomato004S(18),patched_gt_box_prompt,2,0.7358415827311544,0.681808349556565,0.7898748159057437,0.7358415827311544,0.7358415827311544,coin;tomato
tomato004S(19),raw_gt_box_prompt,2,0.7635288183340947,0.7386363636363636,0.7884212730318257,0.7635288183340947,0.7635288183340947,tomato;coin
tomato004S(2),raw_gt_box_prompt,2,0.7070802313292928,0.6334971334971335,0.7806633291614519,0.7070802313292928,0.7070802313292928,tomato;coin
tomato004S(20),raw_gt_box_prompt,2,0.7027540717234939,0.6241676459067763,0.7813404975402114,0.7031224483637395,0.7035939158499447,tomato;coin
tomato004S(21),raw_gt_box_prompt,2,0.7551461539674094,0.7358311595921271,0.7744611483426915,0.7566466719330959,0.7586315742956168,tomato;coin
tomato004S(22),raw_gt_box_prompt,2,0.7427563544046304,0.7063074901445466,0.7792052186647141,0.7479501667209266,0.7550290990747724,tomato;coin
tomato004S(23),raw_gt_box_prompt,2,0.7451579312440737,0.6959635416666666,0.7943523208214807,0.7451579312440737,0.7451579312440737,tomato;coin
tomato004S(24),raw_gt_box_prompt,2,0.7651662033902082,0.7532250358337315,0.777107370946685,0.7677023146219717,0.771069317988975,tomato;coin
tomato004S(25),raw_gt_box_prompt,2,0.7832159624413146,0.7330985915492958,0.8333333333333334,0.7884944543792214,0.7955573648516783,tomato;coin
tomato004S(26),patched_gt_box_prompt,2,0.7782983936537236,0.7575757575757576,0.7990210297316896,0.7782983936537236,0.7782983936537236,coin;tomato
tomato004S(27),raw_gt_box_prompt,2,0.7524770532663969,0.7052238805970149,0.7997302259357788,0.7545099594293352,0.7570519493366938,tomato;coin
tomato004S(3),raw_gt_box_prompt,2,0.6918918421971669,0.5878995433789954,0.7958841410153384,0.6947062811898496,0.6982425232728897,tomato;coin
tomato004S(4),raw_gt_box_prompt,2,0.6914156417026327,0.6310255901606824,0.7518056932445829,0.6936380176745431,0.6965940686753266,tomato;coin
tomato004S(5),raw_gt_box_prompt,2,0.7630420917642055,0.7256433823529411,0.8004408011754698,0.7639572180531904,0.7651004959666112,tomato;coin
tomato004S(6),raw_gt_box_prompt,2,0.7392015355570634,0.6819982394366197,0.796404831677507,0.7416499413356555,0.7447242644452166,tomato;coin
tomato004S(7),raw_gt_box_prompt,2,0.7266863822219969,0.7003119429590018,0.7530608214849921,0.7266863822219969,0.7266863822219969,tomato;coin
tomato004S(8),raw_gt_box_prompt,2,0.7209647312286952,0.6787243150684932,0.7632051473888972,0.7220527337647388,0.7234783039928301,tomato;coin
tomato004S(9),raw_gt_box_prompt,2,0.7459007579507562,0.6871828810941981,0.8046186348073141,0.7520603776063881,0.7604474172907487,tomato;coin
tomato004T(1),raw_gt_box_prompt,2,0.6835338383596963,0.6796522504677011,0.6874154262516915,0.6860773423711436,0.689777439742127,tomato;coin
tomato004T(10),raw_gt_box_prompt,2,0.705167122381349,0.6874021909233177,0.7229320538393804,0.705167122381349,0.705167122381349,tomato;coin
tomato004T(11),raw_gt_box_prompt,2,0.6706537849583871,0.6402616279069767,0.7010459420097974,0.6706537849583871,0.6706537849583871,tomato;coin
tomato004T(12),raw_gt_box_prompt,2,0.7480271619303731,0.7219261515036163,0.7741281723571298,0.7499304530957589,0.7523890784673049,tomato;coin
tomato004T(13),raw_gt_box_prompt,2,0.7496680186261229,0.7298823948681397,0.769453642384106,0.7499867649568536,0.7504010151639786,tomato;coin
tomato004T(14),raw_gt_box_prompt,2,0.6959502363860348,0.6491545893719807,0.742745883400089,0.6959502363860348,0.6959502363860348,tomato;coin
tomato004T(15),raw_gt_box_prompt,2,0.7486731990486684,0.737391646966115,0.7599547511312217,0.7486731990486684,0.7486731990486684,tomato;coin
tomato004T(16),raw_gt_box_prompt,2,0.6797020491337569,0.6193441261934413,0.7400599720740724,0.6798291431480121,0.6800008778979663,tomato;coin
tomato004T(17),raw_gt_box_prompt,2,0.7448400201794642,0.6988055156440994,0.7908745247148289,0.7472169654723229,0.7502224299531972,tomato;coin
tomato004T(18),raw_gt_box_prompt,2,0.6970917349888786,0.6890269151138716,0.7051565548638855,0.6970917349888786,0.6970917349888786,tomato;coin
tomato004T(19),raw_gt_box_prompt,2,0.7300493338867602,0.7151741293532339,0.7449245384202865,0.7300493338867602,0.7300493338867602,tomato;coin
tomato004T(2),raw_gt_box_prompt,2,0.7187371797523048,0.6708239623798814,0.7666503971247283,0.7198544972658592,0.7213118988634382,tomato;coin
tomato004T(20),raw_gt_box_prompt,2,0.7252011607896286,0.7048130551538938,0.7455892664253634,0.7298027836504748,0.7362772675946558,tomato;coin
tomato004T(21),raw_gt_box_prompt,2,0.7333215028139735,0.7318141980718668,0.7348288075560803,0.7369944193389948,0.7419972531080821,tomato;coin
tomato004T(22),raw_gt_box_prompt,2,0.7353826241796716,0.7312851579402856,0.7394800904190576,0.7366382297782126,0.7383530217166775,tomato;coin
tomato004T(23),raw_gt_box_prompt,2,0.6949794628191905,0.6141282959464778,0.7758306296919033,0.696927533350238,0.6994384815604437,tomato;coin
tomato004T(24),raw_gt_box_prompt,2,0.6798743438570892,0.645940170940171,0.7138085167740075,0.6798743438570892,0.6798743438570892,tomato;coin
tomato004T(25),patched_gt_box_prompt,2,0.702505399960146,0.6726640768758945,0.7323467230443975,0.702505399960146,0.702505399960146,tomato;coin
tomato004T(26),raw_gt_box_prompt,2,0.7253200080781337,0.7094245501514341,0.7412154660048331,0.7261434472881308,0.7273041615738451,tomato;coin
tomato004T(27),raw_gt_box_prompt,2,0.6904140353980639,0.6243912337662337,0.756436837029894,0.6912181333114122,0.6922811406558266,tomato;coin
tomato004T(3),raw_gt_box_prompt,2,0.7455231001913281,0.7153342590755802,0.775711941307076,0.7458303632974995,0.7462264679464156,tomato;coin
tomato004T(4),patched_gt_box_prompt,2,0.754057283770593,0.7478024159246867,0.7603121516164995,0.754057283770593,0.754057283770593,coin;tomato
tomato004T(5),raw_gt_box_prompt,2,0.7591313231046007,0.749885478699038,0.7683771675101635,0.7623561531055292,0.7665917983123192,tomato;coin
tomato004T(6),raw_gt_box_prompt,2,0.7512868215017241,0.7252500510308226,0.7773235919726256,0.7548635083049282,0.7594647925578961,tomato;coin
tomato004T(7),raw_gt_box_prompt,2,0.7104599061913239,0.6820702402957486,0.7388495720868993,0.7133560205090669,0.7176020851320992,tomato;coin
tomato004T(8),raw_gt_box_prompt,2,0.7650204374996832,0.7514204545454546,0.7786204204539118,0.7681450771917078,0.7722902579811315,tomato;coin
tomato004T(9),raw_gt_box_prompt,2,0.7842595103944376,0.7736973658911748,0.7948216548977005,0.78855130568974,0.7940358559691819,tomato;coin
