2026-09-03 09:07:34 [INFO] ======================================================================
2026-09-03 09:07:34 [INFO] === 07_E2E_YOLOV8_PAPER_FAITHFUL -- EVALUATION SESSION STARTED ===
2026-09-03 09:07:34 [INFO] ======================================================================
2026-09-03 09:07:34 [INFO] PROJECT_ROOT : E:\AI_Research\dlt8
2026-09-03 09:07:34 [INFO] LOG_PATH     : E:\AI_Research\dlt8\outputs\logs\07_e2e_yolov8_paper_faithful_20260903-090734.log
2026-09-03 09:07:34 [INFO] RUN_DIR      : E:\AI_Research\dlt8\outputs\predictions\07_e2e_yolov8_paper_faithful_20260903-090734
2026-09-03 09:07:34 [INFO] TIMESTAMP    : 20260903-090734
2026-09-03 09:07:34 [INFO] Logger initialized for YOLOv8-seg evaluation.
2026-09-03 09:07:34 [INFO] Imports OK.
2026-09-03 09:07:34 [INFO]   FOOD_CLASSES (19): apple, banana, bread, bun, doughnut, egg, fried_dough_twist, grape, lemon, litchi, mango, mooncake, orange, peach, pear, plum, qiwi, sachima, tomato
2026-09-03 09:07:34 [INFO] Configuration:
2026-09-03 09:07:34 [INFO]   Model Weights : E:\AI_Research\dlt8\models\ecustfd_yolov8seg_best.pt (exists=True)
2026-09-03 09:07:34 [INFO]   Model Variant : yolov8_seg (Instance Segmentation)
2026-09-03 09:07:34 [INFO]   Confidence    : 0.30 | IoU: 0.50 | ImgSz: 480
2026-09-03 09:07:34 [INFO]   Max Pairs     : All
2026-09-03 09:07:34 [INFO] [Sanity Check] Verifying YOLO-seg class mapping contract...
2026-09-03 09:07:34 [INFO]   [PASS] 20 YOLO-seg classes validated: idx 0='apple', idx 4='coin', idx 19='tomato'.
2026-09-03 09:07:34 [INFO]   [PASS] No off-by-one label shift detected.
2026-09-03 09:07:36 [INFO] Loaded food_info: 21 classes | GT density: 20 classes
2026-09-03 09:07:36 [INFO] Loaded test_final.txt: 928 stems
2026-09-03 09:07:36 [INFO] Resolved image files: 928 / 928 stems
2026-09-03 09:07:36 [INFO] Paired views: 6398 (top, side) pairs resolved.
2026-09-03 09:07:36 [INFO] Loading model weights from: E:\AI_Research\dlt8\models\ecustfd_yolov8seg_best.pt
2026-09-03 09:07:36 [INFO] Loaded YOLO-seg model from E:\AI_Research\dlt8\models\ecustfd_yolov8seg_best.pt
2026-09-03 09:07:36 [INFO] Model loaded successfully on device=0.
2026-09-03 09:07:36 [INFO] [Smoke Test] Testing YOLO-seg predictor on 3 sample images...
2026-09-03 09:07:37 [INFO] [RESULT] predict_one(apple015T(1).JPG, conf=0.25): 2 dets, classes={'apple': 1, 'coin': 1}
2026-09-03 09:07:37 [INFO]   Sample [1/3] apple015T(1).JPG: 2 detections, classes={'apple': 1, 'coin': 1}
2026-09-03 09:07:37 [INFO] [RESULT] predict_one(bread001T(1).JPG, conf=0.25): 2 dets, classes={'bread': 1, 'coin': 1}
2026-09-03 09:07:37 [INFO]   Sample [2/3] bread001T(1).JPG: 2 detections, classes={'bread': 1, 'coin': 1}
2026-09-03 09:07:37 [INFO] [RESULT] predict_one(lemon001T(1).JPG, conf=0.25): 2 dets, classes={'lemon': 1, 'coin': 1}
2026-09-03 09:07:37 [INFO]   Sample [3/3] lemon001T(1).JPG: 2 detections, classes={'lemon': 1, 'coin': 1}
2026-09-03 09:07:37 [INFO] [Smoke Test] PASS -- All smoke test samples processed without crash.
2026-09-03 09:07:37 [INFO] [Timer] Installed per-image timer wrapper for YOLOv8-seg (memory auto-managed by refcount cache).
2026-09-03 09:07:37 [INFO] [Patch] Relaxed coin-gate active.
2026-09-03 09:07:37 [INFO] ======================================================================
2026-09-03 09:07:37 [INFO] Running E2E YOLOv8-seg pipeline...
2026-09-03 09:07:37 [INFO]   variant=yolov8_seg, split=test_final, conf=0.30, apply_beta=True
2026-09-03 09:07:37 [INFO] ======================================================================
2026-09-03 09:07:37 [INFO] === config: variant=yolov8_seg, split=test_final, conf=0.30, apply_beta=True, max_pairs=None ===
2026-09-03 09:07:37 [INFO] Loading YOLO-seg model: E:\AI_Research\dlt8\models\ecustfd_yolov8seg_best.pt
2026-09-03 09:07:37 [INFO] Loaded YOLO-seg model from E:\AI_Research\dlt8\models\ecustfd_yolov8seg_best.pt
2026-09-03 09:07:37 [INFO] Beta calibration requested: fitting on train split (paper 50/50)
2026-09-03 09:07:37 [INFO]   Train split: 1169 stems, 6772 pairs
2026-09-03 09:07:37 [INFO] [RESULT] predict_one(apple001T(1).JPG, conf=0.01): 2 dets, classes={'apple': 1, 'coin': 1}
2026-09-03 09:07:37 [INFO] [RESULT] predict_one(apple001S(1).JPG, conf=0.01): 2 dets, classes={'apple': 1, 'coin': 1}
2026-09-03 09:07:37 [INFO] [RESULT] predict_one(apple001S(2).JPG, conf=0.01): 2 dets, classes={'apple': 1, 'coin': 1}
2026-09-03 09:07:37 [INFO] [RESULT] predict_one(apple001T(2).JPG, conf=0.01): 3 dets, classes={'apple': 1, 'coin': 2}
2026-09-03 09:07:37 [INFO] [RESULT] predict_one(apple002T(1).JPG, conf=0.01): 2 dets, classes={'coin': 1, 'apple': 1}
2026-09-03 09:07:37 [INFO] [RESULT] predict_one(apple002S(1).JPG, conf=0.01): 2 dets, classes={'apple': 1, 'coin': 1}
2026-09-03 09:07:37 [INFO] [RESULT] predict_one(apple002S(2).JPG, conf=0.01): 2 dets, classes={'apple': 1, 'coin': 1}
2026-09-03 09:07:37 [INFO] [RESULT] predict_one(apple002S(3).JPG, conf=0.01): 2 dets, classes={'apple': 1, 'coin': 1}
2026-09-03 09:07:38 [INFO] [RESULT] predict_one(apple002S(4).JPG, conf=0.01): 2 dets, classes={'apple': 1, 'coin': 1}
2026-09-03 09:07:38 [INFO] [RESULT] predict_one(apple002S(5).JPG, conf=0.01): 2 dets, classes={'apple': 1, 'coin': 1}
2026-09-03 09:07:38 [INFO] [RESULT] predict_one(apple002S(6).JPG, conf=0.01): 2 dets, classes={'apple': 1, 'coin': 1}
2026-09-03 09:07:38 [INFO] [RESULT] predict_one(apple002S(7).JPG, conf=0.01): 2 dets, classes={'apple': 1, 'coin': 1}
2026-09-03 09:07:38 [INFO] [RESULT] predict_one(apple002S(8).JPG, conf=0.01): 2 dets, classes={'apple': 1, 'coin': 1}
2026-09-03 09:07:38 [INFO] [RESULT] predict_one(apple002T(2).JPG, conf=0.01): 3 dets, classes={'apple': 1, 'coin': 2}
2026-09-03 09:07:38 [INFO] [RESULT] predict_one(apple002T(3).JPG, conf=0.01): 3 dets, classes={'apple': 1, 'coin': 2}
2026-09-03 09:07:38 [INFO] [RESULT] predict_one(apple002T(4).JPG, conf=0.01): 3 dets, classes={'apple': 1, 'coin': 2}
2026-09-03 09:07:38 [INFO] [RESULT] predict_one(apple002T(5).JPG, conf=0.01): 2 dets, classes={'apple': 1, 'coin': 1}
2026-09-03 09:07:38 [INFO] [RESULT] predict_one(apple002T(6).JPG, conf=0.01): 2 dets, classes={'apple': 1, 'coin': 1}
2026-09-03 09:07:38 [INFO] [RESULT] predict_one(apple003T(1).JPG, conf=0.01): 2 dets, classes={'apple': 1, 'coin': 1}
2026-09-03 09:07:38 [INFO] [RESULT] predict_one(apple003S(1).JPG, conf=0.01): 2 dets, classes={'apple': 1, 'coin': 1}
2026-09-03 09:07:38 [INFO] [RESULT] predict_one(apple003S(2).JPG, conf=0.01): 3 dets, classes={'apple': 1, 'coin': 2}
2026-09-03 09:07:38 [INFO] [RESULT] predict_one(apple003S(3).JPG, conf=0.01): 2 dets, classes={'apple': 1, 'coin': 1}
2026-09-03 09:07:38 [INFO] [RESULT] predict_one(apple003S(4).JPG, conf=0.01): 2 dets, classes={'apple': 1, 'coin': 1}
2026-09-03 09:07:38 [INFO] [RESULT] predict_one(apple003S(5).JPG, conf=0.01): 2 dets, classes={'apple': 1, 'coin': 1}
2026-09-03 09:07:38 [INFO] [RESULT] predict_one(apple003S(6).JPG, conf=0.01): 2 dets, classes={'apple': 1, 'coin': 1}
2026-09-03 09:07:38 [INFO] [RESULT] predict_one(apple003T(2).JPG, conf=0.01): 2 dets, classes={'apple': 1, 'coin': 1}
2026-09-03 09:07:38 [INFO] [RESULT] predict_one(apple004T(1).JPG, conf=0.01): 2 dets, classes={'apple': 1, 'coin': 1}
2026-09-03 09:07:38 [INFO] [RESULT] predict_one(apple004S(1).JPG, conf=0.01): 3 dets, classes={'apple': 1, 'coin': 2}
2026-09-03 09:07:38 [INFO] [RESULT] predict_one(apple004S(2).JPG, conf=0.01): 3 dets, classes={'coin': 2, 'apple': 1}
2026-09-03 09:07:38 [INFO] [RESULT] predict_one(apple004S(3).JPG, conf=0.01): 2 dets, classes={'apple': 1, 'coin': 1}
2026-09-03 09:07:38 [INFO] [RESULT] predict_one(apple004S(4).JPG, conf=0.01): 2 dets, classes={'apple': 1, 'coin': 1}
2026-09-03 09:07:38 [INFO] [RESULT] predict_one(apple004T(2).JPG, conf=0.01): 2 dets, classes={'apple': 1, 'coin': 1}
2026-09-03 09:07:38 [INFO] [RESULT] predict_one(apple004T(3).JPG, conf=0.01): 2 dets, classes={'apple': 1, 'coin': 1}
2026-09-03 09:07:38 [INFO] [RESULT] predict_one(apple005T(1).JPG, conf=0.01): 2 dets, classes={'apple': 1, 'coin': 1}
2026-09-03 09:07:38 [INFO] [RESULT] predict_one(apple005S(1).JPG, conf=0.01): 3 dets, classes={'apple': 1, 'coin': 2}
2026-09-03 09:07:38 [INFO] [RESULT] predict_one(apple005S(5).JPG, conf=0.01): 3 dets, classes={'apple': 1, 'coin': 2}
2026-09-03 09:07:38 [INFO] [RESULT] predict_one(apple005S(6).JPG, conf=0.01): 2 dets, classes={'apple': 1, 'coin': 1}
2026-09-03 09:07:38 [INFO] [RESULT] predict_one(apple005T(5).JPG, conf=0.01): 2 dets, classes={'apple': 1, 'coin': 1}
2026-09-03 09:07:38 [INFO] [RESULT] predict_one(apple005T(6).JPG, conf=0.01): 2 dets, classes={'apple': 1, 'coin': 1}
2026-09-03 09:07:38 [INFO] [RESULT] predict_one(apple006T(1).JPG, conf=0.01): 2 dets, classes={'apple': 1, 'coin': 1}
2026-09-03 09:07:38 [INFO] [RESULT] predict_one(apple006S(1).JPG, conf=0.01): 2 dets, classes={'apple': 1, 'coin': 1}
2026-09-03 09:07:38 [INFO] [RESULT] predict_one(apple006S(2).JPG, conf=0.01): 2 dets, classes={'apple': 1, 'coin': 1}
2026-09-03 09:07:38 [INFO] [RESULT] predict_one(apple006S(3).JPG, conf=0.01): 2 dets, classes={'apple': 1, 'coin': 1}
2026-09-03 09:07:38 [INFO] [RESULT] predict_one(apple006S(4).JPG, conf=0.01): 2 dets, classes={'apple': 1, 'coin': 1}
2026-09-03 09:07:38 [INFO] [RESULT] predict_one(apple006T(2).JPG, conf=0.01): 2 dets, classes={'apple': 1, 'coin': 1}
2026-09-03 09:07:38 [INFO] [RESULT] predict_one(apple006T(3).JPG, conf=0.01): 2 dets, classes={'apple': 1, 'coin': 1}
2026-09-03 09:07:38 [INFO] [RESULT] predict_one(apple006T(4).JPG, conf=0.01): 2 dets, classes={'apple': 1, 'coin': 1}
2026-09-03 09:07:38 [INFO] [RESULT] predict_one(apple007T(1).JPG, conf=0.01): 2 dets, classes={'apple': 1, 'coin': 1}
2026-09-03 09:07:38 [INFO] [RESULT] predict_one(apple007S(1).JPG, conf=0.01): 2 dets, classes={'apple': 1, 'coin': 1}
2026-09-03 09:07:38 [INFO] [RESULT] predict_one(apple007S(2).JPG, conf=0.01): 2 dets, classes={'apple': 1, 'coin': 1}
2026-09-03 09:07:38 [INFO] [RESULT] predict_one(apple007S(3).JPG, conf=0.01): 2 dets, classes={'apple': 1, 'coin': 1}
2026-09-03 09:07:38 [INFO] [RESULT] predict_one(apple007S(4).JPG, conf=0.01): 2 dets, classes={'apple': 1, 'coin': 1}
2026-09-03 09:07:38 [INFO] [RESULT] predict_one(apple007T(2).JPG, conf=0.01): 2 dets, classes={'apple': 1, 'coin': 1}
2026-09-03 09:07:38 [INFO] [RESULT] predict_one(apple007T(3).JPG, conf=0.01): 2 dets, classes={'apple': 1, 'coin': 1}
2026-09-03 09:07:38 [INFO] [RESULT] predict_one(apple007T(4).JPG, conf=0.01): 2 dets, classes={'apple': 1, 'coin': 1}
2026-09-03 09:07:38 [INFO] [RESULT] predict_one(apple008T(1).JPG, conf=0.01): 2 dets, classes={'apple': 1, 'coin': 1}
2026-09-03 09:07:38 [INFO] [RESULT] predict_one(apple008S(1).JPG, conf=0.01): 2 dets, classes={'apple': 1, 'coin': 1}
2026-09-03 09:07:38 [INFO] [RESULT] predict_one(apple008S(2).JPG, conf=0.01): 2 dets, classes={'apple': 1, 'coin': 1}
2026-09-03 09:07:39 [INFO] [RESULT] predict_one(apple008S(3).JPG, conf=0.01): 2 dets, classes={'apple': 1, 'coin': 1}
2026-09-03 09:07:39 [INFO] [RESULT] predict_one(apple008S(4).JPG, conf=0.01): 2 dets, classes={'apple': 1, 'coin': 1}
2026-09-03 09:07:39 [INFO] [RESULT] predict_one(apple008T(2).JPG, conf=0.01): 2 dets, classes={'apple': 1, 'coin': 1}
2026-09-03 09:07:39 [INFO] [RESULT] predict_one(apple008T(3).JPG, conf=0.01): 3 dets, classes={'apple': 1, 'coin': 1, 'banana': 1}
2026-09-03 09:07:39 [INFO] [RESULT] predict_one(apple008T(4).JPG, conf=0.01): 3 dets, classes={'apple': 1, 'coin': 2}
2026-09-03 09:07:39 [INFO] [RESULT] predict_one(apple009T(1).JPG, conf=0.01): 2 dets, classes={'apple': 1, 'coin': 1}
2026-09-03 09:07:39 [INFO] [RESULT] predict_one(apple009S(1).JPG, conf=0.01): 2 dets, classes={'apple': 1, 'coin': 1}
2026-09-03 09:07:39 [INFO] [RESULT] predict_one(apple009S(2).JPG, conf=0.01): 2 dets, classes={'apple': 1, 'coin': 1}
2026-09-03 09:07:39 [INFO] [RESULT] predict_one(apple009S(3).JPG, conf=0.01): 2 dets, classes={'apple': 1, 'coin': 1}
2026-09-03 09:07:39 [INFO] [RESULT] predict_one(apple009S(4).JPG, conf=0.01): 2 dets, classes={'apple': 1, 'coin': 1}
2026-09-03 09:07:39 [INFO] [RESULT] predict_one(apple009T(2).JPG, conf=0.01): 2 dets, classes={'apple': 1, 'coin': 1}
2026-09-03 09:07:39 [INFO] [RESULT] predict_one(apple009T(3).JPG, conf=0.01): 2 dets, classes={'apple': 1, 'coin': 1}
2026-09-03 09:07:39 [INFO] [RESULT] predict_one(apple009T(4).JPG, conf=0.01): 2 dets, classes={'apple': 1, 'coin': 1}
2026-09-03 09:07:39 [INFO] [RESULT] predict_one(banana001T(1).JPG, conf=0.01): 2 dets, classes={'banana': 1, 'coin': 1}
2026-09-03 09:07:39 [INFO] [RESULT] predict_one(banana001S(1).JPG, conf=0.01): 2 dets, classes={'banana': 1, 'coin': 1}
2026-09-03 09:07:39 [INFO] [RESULT] predict_one(banana001S(2).JPG, conf=0.01): 2 dets, classes={'banana': 1, 'coin': 1}
2026-09-03 09:07:39 [INFO] [RESULT] predict_one(banana001S(3).JPG, conf=0.01): 2 dets, classes={'banana': 1, 'coin': 1}
2026-09-03 09:07:39 [INFO] [RESULT] predict_one(banana001T(2).JPG, conf=0.01): 2 dets, classes={'banana': 1, 'coin': 1}
2026-09-03 09:07:39 [INFO] [RESULT] predict_one(banana001T(3).JPG, conf=0.01): 2 dets, classes={'banana': 1, 'coin': 1}
2026-09-03 09:07:39 [INFO] [RESULT] predict_one(banana001T(4).JPG, conf=0.01): 4 dets, classes={'banana': 1, 'coin': 2, 'fried_dough_twist': 1}
2026-09-03 09:07:39 [INFO] [RESULT] predict_one(banana002T(1).JPG, conf=0.01): 2 dets, classes={'banana': 1, 'coin': 1}
2026-09-03 09:07:39 [INFO] [RESULT] predict_one(banana002S(1).JPG, conf=0.01): 2 dets, classes={'banana': 1, 'coin': 1}
2026-09-03 09:07:39 [INFO] [RESULT] predict_one(banana002S(2).JPG, conf=0.01): 2 dets, classes={'banana': 1, 'coin': 1}
2026-09-03 09:07:39 [INFO] [RESULT] predict_one(banana002S(3).JPG, conf=0.01): 3 dets, classes={'banana': 2, 'coin': 1}
2026-09-03 09:07:39 [INFO] [RESULT] predict_one(banana002T(2).JPG, conf=0.01): 3 dets, classes={'banana': 2, 'coin': 1}
2026-09-03 09:07:39 [INFO] [RESULT] predict_one(banana002T(3).JPG, conf=0.01): 2 dets, classes={'banana': 1, 'coin': 1}
2026-09-03 09:07:39 [INFO] [RESULT] predict_one(banana003T(1).JPG, conf=0.01): 2 dets, classes={'banana': 1, 'coin': 1}
2026-09-03 09:07:39 [INFO] [RESULT] predict_one(banana003S(1).JPG, conf=0.01): 2 dets, classes={'banana': 1, 'coin': 1}
2026-09-03 09:07:39 [INFO] [RESULT] predict_one(banana003S(2).JPG, conf=0.01): 3 dets, classes={'banana': 1, 'coin': 2}
2026-09-03 09:07:39 [INFO] [RESULT] predict_one(banana003S(3).JPG, conf=0.01): 2 dets, classes={'banana': 1, 'coin': 1}
2026-09-03 09:07:39 [INFO] [RESULT] predict_one(banana003T(2).JPG, conf=0.01): 3 dets, classes={'banana': 1, 'coin': 2}
2026-09-03 09:07:39 [INFO] [RESULT] predict_one(banana004T(1).JPG, conf=0.01): 2 dets, classes={'banana': 1, 'coin': 1}
2026-09-03 09:07:39 [INFO] [RESULT] predict_one(banana004S(1).JPG, conf=0.01): 2 dets, classes={'banana': 1, 'coin': 1}
2026-09-03 09:07:39 [INFO] [RESULT] predict_one(banana004S(2).JPG, conf=0.01): 2 dets, classes={'banana': 1, 'coin': 1}
2026-09-03 09:07:39 [INFO] [RESULT] predict_one(banana004S(3).JPG, conf=0.01): 2 dets, classes={'banana': 1, 'coin': 1}
2026-09-03 09:07:39 [INFO] [RESULT] predict_one(banana004T(2).JPG, conf=0.01): 2 dets, classes={'banana': 1, 'coin': 1}
2026-09-03 09:07:39 [INFO] [RESULT] predict_one(banana004T(3).JPG, conf=0.01): 2 dets, classes={'banana': 1, 'coin': 1}
2026-09-03 09:07:39 [INFO] [RESULT] predict_one(banana005T(1).JPG, conf=0.01): 2 dets, classes={'banana': 1, 'coin': 1}
2026-09-03 09:07:39 [INFO] [RESULT] predict_one(banana005S(1).JPG, conf=0.01): 3 dets, classes={'coin': 2, 'banana': 1}
2026-09-03 09:07:39 [INFO] [RESULT] predict_one(banana005S(2).JPG, conf=0.01): 2 dets, classes={'banana': 1, 'coin': 1}
2026-09-03 09:07:39 [INFO] [RESULT] predict_one(banana005S(3).JPG, conf=0.01): 2 dets, classes={'banana': 1, 'coin': 1}
2026-09-03 09:07:39 [INFO] [RESULT] predict_one(banana005T(2).JPG, conf=0.01): 2 dets, classes={'banana': 1, 'coin': 1}
2026-09-03 09:07:39 [INFO] [RESULT] predict_one(banana005T(3).JPG, conf=0.01): 2 dets, classes={'banana': 1, 'coin': 1}
2026-09-03 09:07:39 [INFO] [RESULT] predict_one(banana006T(1).JPG, conf=0.01): 2 dets, classes={'banana': 1, 'coin': 1}
2026-09-03 09:07:40 [INFO] [RESULT] predict_one(banana006S(1).JPG, conf=0.01): 2 dets, classes={'banana': 1, 'coin': 1}
2026-09-03 09:07:40 [INFO] [RESULT] predict_one(banana006S(2).JPG, conf=0.01): 2 dets, classes={'banana': 1, 'coin': 1}
2026-09-03 09:07:40 [INFO] [RESULT] predict_one(banana006S(3).JPG, conf=0.01): 3 dets, classes={'banana': 1, 'coin': 2}
2026-09-03 09:07:40 [INFO] [RESULT] predict_one(banana006T(2).JPG, conf=0.01): 2 dets, classes={'banana': 1, 'coin': 1}
2026-09-03 09:07:40 [INFO] [RESULT] predict_one(banana006T(3).JPG, conf=0.01): 2 dets, classes={'banana': 1, 'coin': 1}
2026-09-03 09:07:40 [INFO] [RESULT] predict_one(banana007T(1).JPG, conf=0.01): 2 dets, classes={'banana': 1, 'coin': 1}
2026-09-03 09:07:40 [INFO] [RESULT] predict_one(banana007S(1).JPG, conf=0.01): 2 dets, classes={'banana': 1, 'coin': 1}
2026-09-03 09:07:40 [INFO] [RESULT] predict_one(banana007S(2).JPG, conf=0.01): 2 dets, classes={'banana': 1, 'coin': 1}
2026-09-03 09:07:40 [INFO] [RESULT] predict_one(banana007S(3).JPG, conf=0.01): 2 dets, classes={'banana': 1, 'coin': 1}
2026-09-03 09:07:40 [INFO] [RESULT] predict_one(banana007T(2).JPG, conf=0.01): 2 dets, classes={'banana': 1, 'coin': 1}
2026-09-03 09:07:40 [INFO] [RESULT] predict_one(banana007T(3).JPG, conf=0.01): 2 dets, classes={'banana': 1, 'coin': 1}
2026-09-03 09:07:40 [INFO] [RESULT] predict_one(bread001T(1).JPG, conf=0.01): 2 dets, classes={'bread': 1, 'coin': 1}
2026-09-03 09:07:40 [INFO] [RESULT] predict_one(bread001S(1).JPG, conf=0.01): 2 dets, classes={'bread': 1, 'coin': 1}
2026-09-03 09:07:40 [INFO] [RESULT] predict_one(bread001S(2).JPG, conf=0.01): 2 dets, classes={'bread': 1, 'coin': 1}
2026-09-03 09:07:40 [INFO] [RESULT] predict_one(bread001S(3).JPG, conf=0.01): 2 dets, classes={'bread': 1, 'coin': 1}
2026-09-03 09:07:40 [INFO] [RESULT] predict_one(bread001S(4).JPG, conf=0.01): 2 dets, classes={'bread': 1, 'coin': 1}
2026-09-03 09:07:40 [INFO] [RESULT] predict_one(bread001S(5).JPG, conf=0.01): 2 dets, classes={'bread': 1, 'coin': 1}
2026-09-03 09:07:40 [INFO] [RESULT] predict_one(bread001S(6).JPG, conf=0.01): 2 dets, classes={'bread': 1, 'coin': 1}
2026-09-03 09:07:40 [INFO] [RESULT] predict_one(bread001S(7).JPG, conf=0.01): 2 dets, classes={'bread': 1, 'coin': 1}
2026-09-03 09:07:40 [INFO] [RESULT] predict_one(bread001S(8).JPG, conf=0.01): 2 dets, classes={'bread': 1, 'coin': 1}
2026-09-03 09:07:40 [INFO] [RESULT] predict_one(bread001T(2).JPG, conf=0.01): 2 dets, classes={'bread': 1, 'coin': 1}
2026-09-03 09:07:40 [INFO] [RESULT] predict_one(bread001T(3).JPG, conf=0.01): 2 dets, classes={'bread': 1, 'coin': 1}
2026-09-03 09:07:40 [INFO] [RESULT] predict_one(bread001T(4).JPG, conf=0.01): 2 dets, classes={'bread': 1, 'coin': 1}
2026-09-03 09:07:40 [INFO] [RESULT] predict_one(bread001T(5).JPG, conf=0.01): 2 dets, classes={'bread': 1, 'coin': 1}
2026-09-03 09:07:40 [INFO] [RESULT] predict_one(bread001T(6).JPG, conf=0.01): 2 dets, classes={'bread': 1, 'coin': 1}
2026-09-03 09:07:40 [INFO] [RESULT] predict_one(bread001T(7).JPG, conf=0.01): 2 dets, classes={'bread': 1, 'coin': 1}
2026-09-03 09:07:40 [INFO] [RESULT] predict_one(bread001T(8).JPG, conf=0.01): 2 dets, classes={'bread': 1, 'coin': 1}
2026-09-03 09:07:40 [INFO] [RESULT] predict_one(bread002T(1).JPG, conf=0.01): 2 dets, classes={'bread': 1, 'coin': 1}
2026-09-03 09:07:40 [INFO] [RESULT] predict_one(bread002S(1).JPG, conf=0.01): 2 dets, classes={'bread': 1, 'coin': 1}
2026-09-03 09:07:40 [INFO] [RESULT] predict_one(bread002S(2).JPG, conf=0.01): 3 dets, classes={'bread': 1, 'coin': 2}
2026-09-03 09:07:40 [INFO] [RESULT] predict_one(bread002S(3).JPG, conf=0.01): 2 dets, classes={'bread': 1, 'coin': 1}
2026-09-03 09:07:40 [INFO] [RESULT] predict_one(bread002S(4).JPG, conf=0.01): 2 dets, classes={'bread': 1, 'coin': 1}
2026-09-03 09:07:40 [INFO] [RESULT] predict_one(bread002S(5).JPG, conf=0.01): 2 dets, classes={'bread': 1, 'coin': 1}
2026-09-03 09:07:40 [INFO] [RESULT] predict_one(bread002S(6).JPG, conf=0.01): 2 dets, classes={'bread': 1, 'coin': 1}
2026-09-03 09:07:40 [INFO] [RESULT] predict_one(bread002T(2).JPG, conf=0.01): 2 dets, classes={'bread': 1, 'coin': 1}
2026-09-03 09:07:40 [INFO] [RESULT] predict_one(bread003T(1).JPG, conf=0.01): 2 dets, classes={'bread': 1, 'coin': 1}
2026-09-03 09:07:40 [INFO] [RESULT] predict_one(bread003S(1).JPG, conf=0.01): 2 dets, classes={'bread': 1, 'coin': 1}
2026-09-03 09:07:40 [INFO] [RESULT] predict_one(bread003S(2).JPG, conf=0.01): 2 dets, classes={'bread': 1, 'coin': 1}
2026-09-03 09:07:40 [INFO] [RESULT] predict_one(bread003S(3).JPG, conf=0.01): 2 dets, classes={'coin': 1, 'bread': 1}
2026-09-03 09:07:40 [INFO] [RESULT] predict_one(bread003T(2).JPG, conf=0.01): 2 dets, classes={'bread': 1, 'coin': 1}
2026-09-03 09:07:40 [INFO] [RESULT] predict_one(bread003T(3).JPG, conf=0.01): 2 dets, classes={'bread': 1, 'coin': 1}
2026-09-03 09:07:40 [INFO] [RESULT] predict_one(bun001T(1).JPG, conf=0.01): 2 dets, classes={'bun': 1, 'coin': 1}
2026-09-03 09:07:40 [INFO] [RESULT] predict_one(bun001S(1).JPG, conf=0.01): 2 dets, classes={'bun': 1, 'coin': 1}
2026-09-03 09:07:40 [INFO] [RESULT] predict_one(bun001S(2).JPG, conf=0.01): 2 dets, classes={'bun': 1, 'coin': 1}
2026-09-03 09:07:40 [INFO] [RESULT] predict_one(bun001S(3).JPG, conf=0.01): 2 dets, classes={'bun': 1, 'coin': 1}
2026-09-03 09:07:40 [INFO] [RESULT] predict_one(bun001S(4).JPG, conf=0.01): 2 dets, classes={'bun': 1, 'coin': 1}
2026-09-03 09:07:41 [INFO] [RESULT] predict_one(bun001S(5).JPG, conf=0.01): 2 dets, classes={'bun': 1, 'coin': 1}
2026-09-03 09:07:41 [INFO] [RESULT] predict_one(bun001S(6).JPG, conf=0.01): 2 dets, classes={'bun': 1, 'coin': 1}
2026-09-03 09:07:41 [INFO] [RESULT] predict_one(bun001S(7).JPG, conf=0.01): 3 dets, classes={'bun': 1, 'coin': 2}
2026-09-03 09:07:41 [INFO] [RESULT] predict_one(bun001T(2).JPG, conf=0.01): 2 dets, classes={'bun': 1, 'coin': 1}
2026-09-03 09:07:41 [INFO] [RESULT] predict_one(bun001T(3).JPG, conf=0.01): 2 dets, classes={'coin': 1, 'bun': 1}
2026-09-03 09:07:41 [INFO] [RESULT] predict_one(bun001T(4).JPG, conf=0.01): 2 dets, classes={'bun': 1, 'coin': 1}
2026-09-03 09:07:41 [INFO] [RESULT] predict_one(bun001T(5).JPG, conf=0.01): 2 dets, classes={'bun': 1, 'coin': 1}
2026-09-03 09:07:41 [INFO] [RESULT] predict_one(bun001T(6).JPG, conf=0.01): 2 dets, classes={'bun': 1, 'coin': 1}
2026-09-03 09:07:41 [INFO] [RESULT] predict_one(bun001T(7).JPG, conf=0.01): 2 dets, classes={'bun': 1, 'coin': 1}
2026-09-03 09:07:41 [INFO] [RESULT] predict_one(bun002T(1).JPG, conf=0.01): 2 dets, classes={'bun': 1, 'coin': 1}
2026-09-03 09:07:41 [INFO] [RESULT] predict_one(bun002S(1).JPG, conf=0.01): 2 dets, classes={'bun': 1, 'coin': 1}
2026-09-03 09:07:41 [INFO] [RESULT] predict_one(bun002S(2).JPG, conf=0.01): 2 dets, classes={'bun': 1, 'coin': 1}
2026-09-03 09:07:41 [INFO] [RESULT] predict_one(bun002S(3).JPG, conf=0.01): 2 dets, classes={'bun': 1, 'coin': 1}
2026-09-03 09:07:41 [INFO] [RESULT] predict_one(bun002S(4).JPG, conf=0.01): 2 dets, classes={'bun': 1, 'coin': 1}
2026-09-03 09:07:41 [INFO] [RESULT] predict_one(bun002S(5).JPG, conf=0.01): 2 dets, classes={'bun': 1, 'coin': 1}
2026-09-03 09:07:41 [INFO] [RESULT] predict_one(bun002T(2).JPG, conf=0.01): 2 dets, classes={'bun': 1, 'coin': 1}
2026-09-03 09:07:41 [INFO] [RESULT] predict_one(bun002T(3).JPG, conf=0.01): 2 dets, classes={'bun': 1, 'coin': 1}
2026-09-03 09:07:41 [INFO] [RESULT] predict_one(bun002T(4).JPG, conf=0.01): 2 dets, classes={'bun': 1, 'coin': 1}
2026-09-03 09:07:41 [INFO] [RESULT] predict_one(bun002T(5).JPG, conf=0.01): 2 dets, classes={'bun': 1, 'coin': 1}
2026-09-03 09:07:41 [INFO] [RESULT] predict_one(bun003T(1).JPG, conf=0.01): 2 dets, classes={'coin': 1, 'bun': 1}
2026-09-03 09:07:41 [INFO] [RESULT] predict_one(bun003S(1).JPG, conf=0.01): 2 dets, classes={'bun': 1, 'coin': 1}
2026-09-03 09:07:41 [INFO] [RESULT] predict_one(bun003S(2).JPG, conf=0.01): 2 dets, classes={'bun': 1, 'coin': 1}
2026-09-03 09:07:41 [INFO] [RESULT] predict_one(bun003S(3).JPG, conf=0.01): 2 dets, classes={'bun': 1, 'coin': 1}
2026-09-03 09:07:41 [INFO] [RESULT] predict_one(bun003S(4).JPG, conf=0.01): 2 dets, classes={'bun': 1, 'coin': 1}
2026-09-03 09:07:41 [INFO] [RESULT] predict_one(bun003T(2).JPG, conf=0.01): 2 dets, classes={'bun': 1, 'coin': 1}
2026-09-03 09:07:41 [INFO] [RESULT] predict_one(bun003T(3).JPG, conf=0.01): 2 dets, classes={'coin': 1, 'bun': 1}
2026-09-03 09:07:41 [INFO] [RESULT] predict_one(bun003T(4).JPG, conf=0.01): 2 dets, classes={'bun': 1, 'coin': 1}
2026-09-03 09:07:41 [INFO] [RESULT] predict_one(bun004T(1).JPG, conf=0.01): 2 dets, classes={'bun': 1, 'coin': 1}
2026-09-03 09:07:41 [INFO] [RESULT] predict_one(bun004S(1).JPG, conf=0.01): 2 dets, classes={'bun': 1, 'coin': 1}
2026-09-03 09:07:41 [INFO] [RESULT] predict_one(bun004S(2).JPG, conf=0.01): 2 dets, classes={'bun': 1, 'coin': 1}
2026-09-03 09:07:41 [INFO] [RESULT] predict_one(bun004S(3).JPG, conf=0.01): 2 dets, classes={'bun': 1, 'coin': 1}
2026-09-03 09:07:41 [INFO] [RESULT] predict_one(bun004S(4).JPG, conf=0.01): 2 dets, classes={'bun': 1, 'coin': 1}
2026-09-03 09:07:41 [INFO] [RESULT] predict_one(bun004S(5).JPG, conf=0.01): 2 dets, classes={'bun': 1, 'coin': 1}
2026-09-03 09:07:41 [INFO] [RESULT] predict_one(bun004S(6).JPG, conf=0.01): 2 dets, classes={'bun': 1, 'coin': 1}
2026-09-03 09:07:41 [INFO] [RESULT] predict_one(bun004S(7).JPG, conf=0.01): 2 dets, classes={'bun': 1, 'coin': 1}
2026-09-03 09:07:41 [INFO] [RESULT] predict_one(bun004S(8).JPG, conf=0.01): 2 dets, classes={'bun': 1, 'coin': 1}
2026-09-03 09:07:41 [INFO] [RESULT] predict_one(bun004T(2).JPG, conf=0.01): 2 dets, classes={'bun': 1, 'coin': 1}
2026-09-03 09:07:41 [INFO] [RESULT] predict_one(bun004T(3).JPG, conf=0.01): 3 dets, classes={'bun': 1, 'coin': 1, 'qiwi': 1}
2026-09-03 09:07:41 [INFO] [RESULT] predict_one(bun004T(4).JPG, conf=0.01): 2 dets, classes={'bun': 1, 'coin': 1}
2026-09-03 09:07:41 [INFO] [RESULT] predict_one(bun004T(5).JPG, conf=0.01): 2 dets, classes={'bun': 1, 'coin': 1}
2026-09-03 09:07:41 [INFO] [RESULT] predict_one(bun004T(6).JPG, conf=0.01): 2 dets, classes={'bun': 1, 'coin': 1}
2026-09-03 09:07:41 [INFO] [RESULT] predict_one(bun004T(7).JPG, conf=0.01): 2 dets, classes={'bun': 1, 'coin': 1}
2026-09-03 09:07:41 [INFO] [RESULT] predict_one(bun004T(8).JPG, conf=0.01): 2 dets, classes={'coin': 1, 'bun': 1}
2026-09-03 09:07:41 [INFO] [RESULT] predict_one(doughnut001T(1).JPG, conf=0.01): 2 dets, classes={'doughnut': 1, 'coin': 1}
2026-09-03 09:07:41 [INFO] [RESULT] predict_one(doughnut001S(1).JPG, conf=0.01): 2 dets, classes={'doughnut': 1, 'coin': 1}
2026-09-03 09:07:41 [INFO] [RESULT] predict_one(doughnut001S(2).JPG, conf=0.01): 2 dets, classes={'doughnut': 1, 'coin': 1}
2026-09-03 09:07:41 [INFO] [RESULT] predict_one(doughnut001S(3).JPG, conf=0.01): 2 dets, classes={'doughnut': 1, 'coin': 1}
2026-09-03 09:07:41 [INFO] [RESULT] predict_one(doughnut001S(4).JPG, conf=0.01): 2 dets, classes={'doughnut': 1, 'coin': 1}
2026-09-03 09:07:41 [INFO] [RESULT] predict_one(doughnut001T(2).JPG, conf=0.01): 2 dets, classes={'doughnut': 1, 'coin': 1}
2026-09-03 09:07:42 [INFO] [RESULT] predict_one(doughnut001T(3).JPG, conf=0.01): 2 dets, classes={'doughnut': 1, 'coin': 1}
2026-09-03 09:07:42 [INFO] [RESULT] predict_one(doughnut001T(4).JPG, conf=0.01): 2 dets, classes={'doughnut': 1, 'coin': 1}
2026-09-03 09:07:42 [INFO] [RESULT] predict_one(doughnut002T(1).JPG, conf=0.01): 2 dets, classes={'doughnut': 1, 'coin': 1}
2026-09-03 09:07:42 [INFO] [RESULT] predict_one(doughnut002S(1).JPG, conf=0.01): 2 dets, classes={'doughnut': 1, 'coin': 1}
2026-09-03 09:07:42 [INFO] [RESULT] predict_one(doughnut002S(2).JPG, conf=0.01): 2 dets, classes={'doughnut': 1, 'coin': 1}
2026-09-03 09:07:42 [INFO] [RESULT] predict_one(doughnut002S(3).JPG, conf=0.01): 3 dets, classes={'doughnut': 1, 'coin': 1, 'egg': 1}
2026-09-03 09:07:42 [INFO] [RESULT] predict_one(doughnut002S(4).JPG, conf=0.01): 2 dets, classes={'doughnut': 1, 'coin': 1}
2026-09-03 09:07:42 [INFO] [RESULT] predict_one(doughnut002S(5).JPG, conf=0.01): 2 dets, classes={'doughnut': 1, 'coin': 1}
2026-09-03 09:07:42 [INFO] [RESULT] predict_one(doughnut002S(6).JPG, conf=0.01): 2 dets, classes={'doughnut': 1, 'coin': 1}
2026-09-03 09:07:42 [INFO] [RESULT] predict_one(doughnut002S(7).JPG, conf=0.01): 2 dets, classes={'doughnut': 1, 'coin': 1}
2026-09-03 09:07:42 [INFO] [RESULT] predict_one(doughnut002T(2).JPG, conf=0.01): 2 dets, classes={'doughnut': 1, 'coin': 1}
2026-09-03 09:07:42 [INFO] [RESULT] predict_one(doughnut002T(3).JPG, conf=0.01): 2 dets, classes={'doughnut': 1, 'coin': 1}
2026-09-03 09:07:42 [INFO] [RESULT] predict_one(doughnut002T(4).JPG, conf=0.01): 2 dets, classes={'doughnut': 1, 'coin': 1}
2026-09-03 09:07:42 [INFO] [RESULT] predict_one(doughnut002T(5).JPG, conf=0.01): 2 dets, classes={'doughnut': 1, 'coin': 1}
2026-09-03 09:07:42 [INFO] [RESULT] predict_one(doughnut002T(6).JPG, conf=0.01): 2 dets, classes={'doughnut': 1, 'coin': 1}
2026-09-03 09:07:42 [INFO] [RESULT] predict_one(doughnut002T(7).JPG, conf=0.01): 2 dets, classes={'doughnut': 1, 'coin': 1}
2026-09-03 09:07:42 [INFO] [RESULT] predict_one(doughnut003T(1).JPG, conf=0.01): 2 dets, classes={'doughnut': 1, 'coin': 1}
2026-09-03 09:07:42 [INFO] [RESULT] predict_one(doughnut003S(1).JPG, conf=0.01): 4 dets, classes={'doughnut': 1, 'coin': 1, 'orange': 1, 'apple': 1}
2026-09-03 09:07:42 [INFO] [RESULT] predict_one(doughnut003S(2).JPG, conf=0.01): 2 dets, classes={'doughnut': 1, 'coin': 1}
2026-09-03 09:07:42 [INFO] [RESULT] predict_one(doughnut003S(3).JPG, conf=0.01): 3 dets, classes={'doughnut': 1, 'coin': 1, 'orange': 1}
2026-09-03 09:07:42 [INFO] [RESULT] predict_one(doughnut003T(2).JPG, conf=0.01): 2 dets, classes={'doughnut': 1, 'coin': 1}
2026-09-03 09:07:42 [INFO] [RESULT] predict_one(doughnut003T(3).JPG, conf=0.01): 2 dets, classes={'doughnut': 1, 'coin': 1}
2026-09-03 09:07:42 [INFO] [RESULT] predict_one(doughnut004T(1).JPG, conf=0.01): 2 dets, classes={'doughnut': 1, 'coin': 1}
2026-09-03 09:07:42 [INFO] [RESULT] predict_one(doughnut004S(1).JPG, conf=0.01): 2 dets, classes={'doughnut': 1, 'coin': 1}
2026-09-03 09:07:42 [INFO] [RESULT] predict_one(doughnut004S(10).JPG, conf=0.01): 2 dets, classes={'doughnut': 1, 'coin': 1}
2026-09-03 09:07:42 [INFO] [RESULT] predict_one(doughnut004S(11).JPG, conf=0.01): 2 dets, classes={'doughnut': 1, 'coin': 1}
2026-09-03 09:07:42 [INFO] [RESULT] predict_one(doughnut004S(12).JPG, conf=0.01): 2 dets, classes={'doughnut': 1, 'coin': 1}
2026-09-03 09:07:42 [INFO] [RESULT] predict_one(doughnut004S(13).JPG, conf=0.01): 2 dets, classes={'doughnut': 1, 'coin': 1}
2026-09-03 09:07:42 [INFO] [RESULT] predict_one(doughnut004S(14).JPG, conf=0.01): 2 dets, classes={'doughnut': 1, 'coin': 1}
2026-09-03 09:07:42 [INFO] [RESULT] predict_one(doughnut004S(15).JPG, conf=0.01): 2 dets, classes={'doughnut': 1, 'coin': 1}
2026-09-03 09:07:42 [INFO] [RESULT] predict_one(doughnut004S(2).JPG, conf=0.01): 3 dets, classes={'doughnut': 1, 'coin': 2}
2026-09-03 09:07:42 [INFO] [RESULT] predict_one(doughnut004S(3).JPG, conf=0.01): 3 dets, classes={'doughnut': 1, 'coin': 2}
2026-09-03 09:07:42 [INFO] [RESULT] predict_one(doughnut004S(4).JPG, conf=0.01): 2 dets, classes={'doughnut': 1, 'coin': 1}
2026-09-03 09:07:42 [INFO] [RESULT] predict_one(doughnut004S(5).JPG, conf=0.01): 2 dets, classes={'doughnut': 1, 'coin': 1}
2026-09-03 09:07:42 [INFO] [RESULT] predict_one(doughnut004S(6).JPG, conf=0.01): 2 dets, classes={'doughnut': 1, 'coin': 1}
2026-09-03 09:07:42 [INFO] [RESULT] predict_one(doughnut004S(7).JPG, conf=0.01): 6 dets, classes={'doughnut': 1, 'coin': 2, 'qiwi': 1, 'banana': 1, 'bread': 1}
2026-09-03 09:07:42 [INFO] [RESULT] predict_one(doughnut004S(8).JPG, conf=0.01): 3 dets, classes={'doughnut': 1, 'coin': 2}
2026-09-03 09:07:42 [INFO] [RESULT] predict_one(doughnut004S(9).JPG, conf=0.01): 4 dets, classes={'doughnut': 1, 'coin': 2, 'qiwi': 1}
2026-09-03 09:07:42 [INFO] [RESULT] predict_one(doughnut004T(10).JPG, conf=0.01): 2 dets, classes={'doughnut': 1, 'coin': 1}
2026-09-03 09:07:42 [INFO] [RESULT] predict_one(doughnut004T(11).JPG, conf=0.01): 2 dets, classes={'doughnut': 1, 'coin': 1}
2026-09-03 09:07:42 [INFO] [RESULT] predict_one(doughnut004T(12).JPG, conf=0.01): 2 dets, classes={'doughnut': 1, 'coin': 1}
2026-09-03 09:07:42 [INFO] [RESULT] predict_one(doughnut004T(13).JPG, conf=0.01): 2 dets, classes={'doughnut': 1, 'coin': 1}
2026-09-03 09:07:42 [INFO] [RESULT] predict_one(doughnut004T(14).JPG, conf=0.01): 2 dets, classes={'doughnut': 1, 'coin': 1}
2026-09-03 09:07:42 [INFO] [RESULT] predict_one(doughnut004T(15).JPG, conf=0.01): 2 dets, classes={'doughnut': 1, 'coin': 1}
2026-09-03 09:07:42 [INFO] [RESULT] predict_one(doughnut004T(2).JPG, conf=0.01): 2 dets, classes={'doughnut': 1, 'coin': 1}
2026-09-03 09:07:43 [INFO] [RESULT] predict_one(doughnut004T(3).JPG, conf=0.01): 2 dets, classes={'doughnut': 1, 'coin': 1}
2026-09-03 09:07:43 [INFO] [RESULT] predict_one(doughnut004T(4).JPG, conf=0.01): 2 dets, classes={'doughnut': 1, 'coin': 1}
2026-09-03 09:07:43 [INFO] [RESULT] predict_one(doughnut004T(5).JPG, conf=0.01): 2 dets, classes={'doughnut': 1, 'coin': 1}
2026-09-03 09:07:43 [INFO] [RESULT] predict_one(doughnut004T(6).JPG, conf=0.01): 2 dets, classes={'doughnut': 1, 'coin': 1}
2026-09-03 09:07:43 [INFO] [RESULT] predict_one(doughnut004T(7).JPG, conf=0.01): 2 dets, classes={'doughnut': 1, 'coin': 1}
2026-09-03 09:07:43 [INFO] [RESULT] predict_one(doughnut004T(8).JPG, conf=0.01): 2 dets, classes={'doughnut': 1, 'coin': 1}
2026-09-03 09:07:43 [INFO] [RESULT] predict_one(doughnut004T(9).JPG, conf=0.01): 2 dets, classes={'doughnut': 1, 'coin': 1}
2026-09-03 09:07:43 [INFO] [RESULT] predict_one(egg001T(1).JPG, conf=0.01): 2 dets, classes={'egg': 1, 'coin': 1}
2026-09-03 09:07:43 [INFO] [RESULT] predict_one(egg001S(1).JPG, conf=0.01): 2 dets, classes={'egg': 1, 'coin': 1}
2026-09-03 09:07:43 [INFO] [RESULT] predict_one(egg001S(2).JPG, conf=0.01): 2 dets, classes={'egg': 1, 'coin': 1}
2026-09-03 09:07:43 [INFO] [RESULT] predict_one(egg001S(3).JPG, conf=0.01): 2 dets, classes={'egg': 1, 'coin': 1}
2026-09-03 09:07:43 [INFO] [RESULT] predict_one(egg001S(4).JPG, conf=0.01): 2 dets, classes={'egg': 1, 'coin': 1}
2026-09-03 09:07:43 [INFO] [RESULT] predict_one(egg001S(5).JPG, conf=0.01): 2 dets, classes={'egg': 1, 'coin': 1}
2026-09-03 09:07:43 [INFO] [RESULT] predict_one(egg001S(6).JPG, conf=0.01): 2 dets, classes={'egg': 1, 'coin': 1}
2026-09-03 09:07:43 [INFO] [RESULT] predict_one(egg001S(7).JPG, conf=0.01): 3 dets, classes={'egg': 1, 'coin': 2}
2026-09-03 09:07:43 [INFO] [RESULT] predict_one(egg001T(2).JPG, conf=0.01): 2 dets, classes={'egg': 1, 'coin': 1}
2026-09-03 09:07:43 [INFO] [RESULT] predict_one(egg001T(3).JPG, conf=0.01): 2 dets, classes={'egg': 1, 'coin': 1}
2026-09-03 09:07:43 [INFO] [RESULT] predict_one(egg001T(4).JPG, conf=0.01): 2 dets, classes={'egg': 1, 'coin': 1}
2026-09-03 09:07:43 [INFO] [RESULT] predict_one(egg001T(5).JPG, conf=0.01): 2 dets, classes={'egg': 1, 'coin': 1}
2026-09-03 09:07:43 [INFO] [RESULT] predict_one(egg001T(6).JPG, conf=0.01): 2 dets, classes={'egg': 1, 'coin': 1}
2026-09-03 09:07:43 [INFO] [RESULT] predict_one(egg001T(7).JPG, conf=0.01): 2 dets, classes={'egg': 1, 'coin': 1}
2026-09-03 09:07:43 [INFO] [RESULT] predict_one(egg003T(1).JPG, conf=0.01): 2 dets, classes={'egg': 1, 'coin': 1}
2026-09-03 09:07:43 [INFO] [RESULT] predict_one(egg003S(1).JPG, conf=0.01): 2 dets, classes={'egg': 1, 'coin': 1}
2026-09-03 09:07:43 [INFO] [RESULT] predict_one(egg003S(2).JPG, conf=0.01): 2 dets, classes={'egg': 1, 'coin': 1}
2026-09-03 09:07:43 [INFO] [RESULT] predict_one(egg003S(3).JPG, conf=0.01): 2 dets, classes={'egg': 1, 'coin': 1}
2026-09-03 09:07:43 [INFO] [RESULT] predict_one(egg003S(4).JPG, conf=0.01): 2 dets, classes={'egg': 1, 'coin': 1}
2026-09-03 09:07:43 [INFO] [RESULT] predict_one(egg003S(5).JPG, conf=0.01): 2 dets, classes={'egg': 1, 'coin': 1}
2026-09-03 09:07:43 [INFO] [RESULT] predict_one(egg003S(6).JPG, conf=0.01): 2 dets, classes={'egg': 1, 'coin': 1}
2026-09-03 09:07:43 [INFO] [RESULT] predict_one(egg003T(2).JPG, conf=0.01): 2 dets, classes={'egg': 1, 'coin': 1}
2026-09-03 09:07:43 [INFO] [RESULT] predict_one(egg003T(3).JPG, conf=0.01): 2 dets, classes={'egg': 1, 'coin': 1}
2026-09-03 09:07:43 [INFO] [RESULT] predict_one(egg003T(4).JPG, conf=0.01): 2 dets, classes={'egg': 1, 'coin': 1}
2026-09-03 09:07:43 [INFO] [RESULT] predict_one(egg003T(5).JPG, conf=0.01): 2 dets, classes={'egg': 1, 'coin': 1}
2026-09-03 09:07:43 [INFO] [RESULT] predict_one(egg003T(6).JPG, conf=0.01): 2 dets, classes={'egg': 1, 'coin': 1}
2026-09-03 09:07:43 [INFO] [RESULT] predict_one(fired_dough_twist001T(1).JPG, conf=0.01): 2 dets, classes={'fried_dough_twist': 1, 'coin': 1}
2026-09-03 09:07:43 [INFO] [RESULT] predict_one(fired_dough_twist001S(1).JPG, conf=0.01): 2 dets, classes={'fried_dough_twist': 1, 'coin': 1}
2026-09-03 09:07:43 [INFO] [RESULT] predict_one(fired_dough_twist001S(2).JPG, conf=0.01): 2 dets, classes={'fried_dough_twist': 1, 'coin': 1}
2026-09-03 09:07:43 [INFO] [RESULT] predict_one(fired_dough_twist001S(3).JPG, conf=0.01): 2 dets, classes={'fried_dough_twist': 1, 'coin': 1}
2026-09-03 09:07:44 [INFO] [RESULT] predict_one(fired_dough_twist001S(4).JPG, conf=0.01): 2 dets, classes={'fried_dough_twist': 1, 'coin': 1}
2026-09-03 09:07:44 [INFO] [RESULT] predict_one(fired_dough_twist001S(5).JPG, conf=0.01): 2 dets, classes={'fried_dough_twist': 1, 'coin': 1}
2026-09-03 09:07:44 [INFO] [RESULT] predict_one(fired_dough_twist001S(6).JPG, conf=0.01): 2 dets, classes={'fried_dough_twist': 1, 'coin': 1}
2026-09-03 09:07:44 [INFO] [RESULT] predict_one(fired_dough_twist001S(7).JPG, conf=0.01): 2 dets, classes={'fried_dough_twist': 1, 'coin': 1}
2026-09-03 09:07:44 [INFO] [RESULT] predict_one(fired_dough_twist001S(8).JPG, conf=0.01): 2 dets, classes={'fried_dough_twist': 1, 'coin': 1}
2026-09-03 09:07:44 [INFO] [RESULT] predict_one(fired_dough_twist001S(9).JPG, conf=0.01): 2 dets, classes={'fried_dough_twist': 1, 'coin': 1}
2026-09-03 09:07:44 [INFO] [RESULT] predict_one(fired_dough_twist001T(2).JPG, conf=0.01): 2 dets, classes={'fried_dough_twist': 1, 'coin': 1}
2026-09-03 09:07:44 [INFO] [RESULT] predict_one(fired_dough_twist001T(3).JPG, conf=0.01): 2 dets, classes={'fried_dough_twist': 1, 'coin': 1}
2026-09-03 09:07:44 [INFO] [RESULT] predict_one(fired_dough_twist001T(4).JPG, conf=0.01): 2 dets, classes={'fried_dough_twist': 1, 'coin': 1}
2026-09-03 09:07:44 [INFO] [RESULT] predict_one(fired_dough_twist001T(5).JPG, conf=0.01): 2 dets, classes={'fried_dough_twist': 1, 'coin': 1}
2026-09-03 09:07:44 [INFO] [RESULT] predict_one(fired_dough_twist001T(6).JPG, conf=0.01): 2 dets, classes={'fried_dough_twist': 1, 'coin': 1}
2026-09-03 09:07:44 [INFO] [RESULT] predict_one(fired_dough_twist001T(7).JPG, conf=0.01): 2 dets, classes={'fried_dough_twist': 1, 'coin': 1}
2026-09-03 09:07:44 [INFO] [RESULT] predict_one(fired_dough_twist001T(8).JPG, conf=0.01): 2 dets, classes={'fried_dough_twist': 1, 'coin': 1}
2026-09-03 09:07:44 [INFO] [RESULT] predict_one(fired_dough_twist001T(9).JPG, conf=0.01): 2 dets, classes={'fried_dough_twist': 1, 'coin': 1}
2026-09-03 09:07:44 [INFO] [RESULT] predict_one(fired_dough_twist002T(1).JPG, conf=0.01): 2 dets, classes={'fried_dough_twist': 1, 'coin': 1}
2026-09-03 09:07:44 [INFO] [RESULT] predict_one(fired_dough_twist002S(1).JPG, conf=0.01): 2 dets, classes={'fried_dough_twist': 1, 'coin': 1}
2026-09-03 09:07:44 [INFO] [RESULT] predict_one(fired_dough_twist002S(10).JPG, conf=0.01): 2 dets, classes={'fried_dough_twist': 1, 'coin': 1}
2026-09-03 09:07:44 [INFO] [RESULT] predict_one(fired_dough_twist002S(2).JPG, conf=0.01): 2 dets, classes={'fried_dough_twist': 1, 'coin': 1}
2026-09-03 09:07:44 [INFO] [RESULT] predict_one(fired_dough_twist002S(3).JPG, conf=0.01): 2 dets, classes={'fried_dough_twist': 1, 'coin': 1}
2026-09-03 09:07:44 [INFO] [RESULT] predict_one(fired_dough_twist002S(4).JPG, conf=0.01): 2 dets, classes={'fried_dough_twist': 1, 'coin': 1}
2026-09-03 09:07:44 [INFO] [RESULT] predict_one(fired_dough_twist002S(5).JPG, conf=0.01): 2 dets, classes={'fried_dough_twist': 1, 'coin': 1}
2026-09-03 09:07:44 [INFO] [RESULT] predict_one(fired_dough_twist002S(6).JPG, conf=0.01): 2 dets, classes={'fried_dough_twist': 1, 'coin': 1}
2026-09-03 09:07:44 [INFO] [RESULT] predict_one(fired_dough_twist002S(7).JPG, conf=0.01): 2 dets, classes={'fried_dough_twist': 1, 'coin': 1}
2026-09-03 09:07:44 [INFO] [RESULT] predict_one(fired_dough_twist002S(8).JPG, conf=0.01): 2 dets, classes={'fried_dough_twist': 1, 'coin': 1}
2026-09-03 09:07:44 [INFO] [RESULT] predict_one(fired_dough_twist002S(9).JPG, conf=0.01): 2 dets, classes={'fried_dough_twist': 1, 'coin': 1}
2026-09-03 09:07:44 [INFO] [RESULT] predict_one(fired_dough_twist002T(10).JPG, conf=0.01): 2 dets, classes={'fried_dough_twist': 1, 'coin': 1}
2026-09-03 09:07:44 [INFO] [RESULT] predict_one(fired_dough_twist002T(2).JPG, conf=0.01): 2 dets, classes={'fried_dough_twist': 1, 'coin': 1}
2026-09-03 09:07:44 [INFO] [RESULT] predict_one(fired_dough_twist002T(3).JPG, conf=0.01): 2 dets, classes={'fried_dough_twist': 1, 'coin': 1}
2026-09-03 09:07:44 [INFO] [RESULT] predict_one(fired_dough_twist002T(4).JPG, conf=0.01): 2 dets, classes={'fried_dough_twist': 1, 'coin': 1}
2026-09-03 09:07:44 [INFO] [RESULT] predict_one(fired_dough_twist002T(5).JPG, conf=0.01): 2 dets, classes={'fried_dough_twist': 1, 'coin': 1}
2026-09-03 09:07:44 [INFO] [RESULT] predict_one(fired_dough_twist002T(6).JPG, conf=0.01): 2 dets, classes={'fried_dough_twist': 1, 'coin': 1}
2026-09-03 09:07:44 [INFO] [RESULT] predict_one(fired_dough_twist002T(7).JPG, conf=0.01): 2 dets, classes={'fried_dough_twist': 1, 'coin': 1}
2026-09-03 09:07:44 [INFO] [RESULT] predict_one(fired_dough_twist002T(8).JPG, conf=0.01): 2 dets, classes={'fried_dough_twist': 1, 'coin': 1}
2026-09-03 09:07:44 [INFO] [RESULT] predict_one(fired_dough_twist002T(9).JPG, conf=0.01): 2 dets, classes={'fried_dough_twist': 1, 'coin': 1}
2026-09-03 09:07:44 [INFO] [RESULT] predict_one(fired_dough_twist003T(1).JPG, conf=0.01): 2 dets, classes={'fried_dough_twist': 1, 'coin': 1}
2026-09-03 09:07:44 [INFO] [RESULT] predict_one(fired_dough_twist003S(1).JPG, conf=0.01): 2 dets, classes={'fried_dough_twist': 1, 'coin': 1}
2026-09-03 09:07:44 [INFO] [RESULT] predict_one(fired_dough_twist003S(10).JPG, conf=0.01): 2 dets, classes={'fried_dough_twist': 1, 'coin': 1}
2026-09-03 09:07:44 [INFO] [RESULT] predict_one(fired_dough_twist003S(2).JPG, conf=0.01): 2 dets, classes={'fried_dough_twist': 1, 'coin': 1}
2026-09-03 09:07:44 [INFO] [RESULT] predict_one(fired_dough_twist003S(3).JPG, conf=0.01): 2 dets, classes={'coin': 1, 'fried_dough_twist': 1}
2026-09-03 09:07:44 [INFO] [RESULT] predict_one(fired_dough_twist003S(4).JPG, conf=0.01): 2 dets, classes={'fried_dough_twist': 1, 'coin': 1}
2026-09-03 09:07:44 [INFO] [RESULT] predict_one(fired_dough_twist003S(5).JPG, conf=0.01): 2 dets, classes={'fried_dough_twist': 1, 'coin': 1}
2026-09-03 09:07:44 [INFO] [RESULT] predict_one(fired_dough_twist003S(6).JPG, conf=0.01): 2 dets, classes={'coin': 1, 'fried_dough_twist': 1}
2026-09-03 09:07:44 [INFO] [RESULT] predict_one(fired_dough_twist003S(7).JPG, conf=0.01): 2 dets, classes={'coin': 1, 'fried_dough_twist': 1}
2026-09-03 09:07:44 [INFO] [RESULT] predict_one(fired_dough_twist003S(8).JPG, conf=0.01): 2 dets, classes={'fried_dough_twist': 1, 'coin': 1}
2026-09-03 09:07:44 [INFO] [RESULT] predict_one(fired_dough_twist003S(9).JPG, conf=0.01): 2 dets, classes={'fried_dough_twist': 1, 'coin': 1}
2026-09-03 09:07:44 [INFO] [RESULT] predict_one(fired_dough_twist003T(10).JPG, conf=0.01): 2 dets, classes={'fried_dough_twist': 1, 'coin': 1}
2026-09-03 09:07:44 [INFO] [RESULT] predict_one(fired_dough_twist003T(2).JPG, conf=0.01): 2 dets, classes={'coin': 1, 'fried_dough_twist': 1}
2026-09-03 09:07:44 [INFO] [RESULT] predict_one(fired_dough_twist003T(3).JPG, conf=0.01): 2 dets, classes={'fried_dough_twist': 1, 'coin': 1}
2026-09-03 09:07:44 [INFO] [RESULT] predict_one(fired_dough_twist003T(4).JPG, conf=0.01): 2 dets, classes={'fried_dough_twist': 1, 'coin': 1}
2026-09-03 09:07:44 [INFO] [RESULT] predict_one(fired_dough_twist003T(5).JPG, conf=0.01): 2 dets, classes={'fried_dough_twist': 1, 'coin': 1}
2026-09-03 09:07:45 [INFO] [RESULT] predict_one(fired_dough_twist003T(6).JPG, conf=0.01): 2 dets, classes={'fried_dough_twist': 1, 'coin': 1}
2026-09-03 09:07:45 [INFO] [RESULT] predict_one(fired_dough_twist003T(7).JPG, conf=0.01): 2 dets, classes={'fried_dough_twist': 1, 'coin': 1}
2026-09-03 09:07:45 [INFO] [RESULT] predict_one(fired_dough_twist003T(8).JPG, conf=0.01): 2 dets, classes={'fried_dough_twist': 1, 'coin': 1}
2026-09-03 09:07:45 [INFO] [RESULT] predict_one(fired_dough_twist003T(9).JPG, conf=0.01): 2 dets, classes={'fried_dough_twist': 1, 'coin': 1}
2026-09-03 09:07:45 [INFO] [RESULT] predict_one(grape001T(1).JPG, conf=0.01): 2 dets, classes={'grape': 1, 'coin': 1}
2026-09-03 09:07:45 [INFO] [RESULT] predict_one(grape001S(1).JPG, conf=0.01): 2 dets, classes={'grape': 1, 'coin': 1}
2026-09-03 09:07:45 [INFO] [RESULT] predict_one(grape001S(10).JPG, conf=0.01): 2 dets, classes={'grape': 1, 'coin': 1}
2026-09-03 09:07:45 [INFO] [RESULT] predict_one(grape001S(11).JPG, conf=0.01): 2 dets, classes={'grape': 1, 'coin': 1}
2026-09-03 09:07:45 [INFO] [RESULT] predict_one(grape001S(12).JPG, conf=0.01): 2 dets, classes={'grape': 1, 'coin': 1}
2026-09-03 09:07:45 [INFO] [RESULT] predict_one(grape001S(2).JPG, conf=0.01): 2 dets, classes={'grape': 1, 'coin': 1}
2026-09-03 09:07:45 [INFO] [RESULT] predict_one(grape001S(3).JPG, conf=0.01): 3 dets, classes={'grape': 1, 'coin': 1, 'egg': 1}
2026-09-03 09:07:45 [INFO] [RESULT] predict_one(grape001S(4).JPG, conf=0.01): 2 dets, classes={'grape': 1, 'coin': 1}
2026-09-03 09:07:45 [INFO] [RESULT] predict_one(grape001S(5).JPG, conf=0.01): 3 dets, classes={'grape': 2, 'coin': 1}
2026-09-03 09:07:45 [INFO] [RESULT] predict_one(grape001S(6).JPG, conf=0.01): 2 dets, classes={'grape': 1, 'coin': 1}
2026-09-03 09:07:45 [INFO] [RESULT] predict_one(grape001S(7).JPG, conf=0.01): 2 dets, classes={'grape': 1, 'coin': 1}
2026-09-03 09:07:45 [INFO] [RESULT] predict_one(grape001S(8).JPG, conf=0.01): 2 dets, classes={'grape': 1, 'coin': 1}
2026-09-03 09:07:45 [INFO] [RESULT] predict_one(grape001S(9).JPG, conf=0.01): 2 dets, classes={'grape': 1, 'coin': 1}
2026-09-03 09:07:45 [INFO] [RESULT] predict_one(grape001T(10).JPG, conf=0.01): 2 dets, classes={'grape': 1, 'coin': 1}
2026-09-03 09:07:45 [INFO] [RESULT] predict_one(grape001T(11).JPG, conf=0.01): 2 dets, classes={'grape': 1, 'coin': 1}
2026-09-03 09:07:45 [INFO] [RESULT] predict_one(grape001T(12).JPG, conf=0.01): 2 dets, classes={'grape': 1, 'coin': 1}
2026-09-03 09:07:45 [INFO] [RESULT] predict_one(grape001T(2).JPG, conf=0.01): 2 dets, classes={'grape': 1, 'coin': 1}
2026-09-03 09:07:45 [INFO] [RESULT] predict_one(grape001T(3).JPG, conf=0.01): 2 dets, classes={'grape': 1, 'coin': 1}
2026-09-03 09:07:45 [INFO] [RESULT] predict_one(grape001T(4).JPG, conf=0.01): 2 dets, classes={'grape': 1, 'coin': 1}
2026-09-03 09:07:45 [INFO] [RESULT] predict_one(grape001T(5).JPG, conf=0.01): 2 dets, classes={'grape': 1, 'coin': 1}
2026-09-03 09:07:45 [INFO] [RESULT] predict_one(grape001T(6).JPG, conf=0.01): 2 dets, classes={'grape': 1, 'coin': 1}
2026-09-03 09:07:45 [INFO] [RESULT] predict_one(grape001T(7).JPG, conf=0.01): 2 dets, classes={'grape': 1, 'coin': 1}
2026-09-03 09:07:45 [INFO] [RESULT] predict_one(grape001T(8).JPG, conf=0.01): 2 dets, classes={'grape': 1, 'coin': 1}
2026-09-03 09:07:45 [INFO] [RESULT] predict_one(grape001T(9).JPG, conf=0.01): 2 dets, classes={'grape': 1, 'coin': 1}
2026-09-03 09:07:45 [INFO] [RESULT] predict_one(lemon001T(1).JPG, conf=0.01): 2 dets, classes={'lemon': 1, 'coin': 1}
2026-09-03 09:07:45 [INFO] [RESULT] predict_one(lemon001S(1).JPG, conf=0.01): 2 dets, classes={'lemon': 1, 'coin': 1}
2026-09-03 09:07:45 [INFO] [RESULT] predict_one(lemon001S(10).JPG, conf=0.01): 2 dets, classes={'lemon': 1, 'coin': 1}
2026-09-03 09:07:45 [INFO] [RESULT] predict_one(lemon001S(11).JPG, conf=0.01): 2 dets, classes={'lemon': 1, 'coin': 1}
2026-09-03 09:07:45 [INFO] [RESULT] predict_one(lemon001S(12).JPG, conf=0.01): 2 dets, classes={'lemon': 1, 'coin': 1}
2026-09-03 09:07:45 [INFO] [RESULT] predict_one(lemon001S(13).JPG, conf=0.01): 2 dets, classes={'lemon': 1, 'coin': 1}
2026-09-03 09:07:45 [INFO] [RESULT] predict_one(lemon001S(14).JPG, conf=0.01): 2 dets, classes={'lemon': 1, 'coin': 1}
2026-09-03 09:07:45 [INFO] [RESULT] predict_one(lemon001S(15).JPG, conf=0.01): 2 dets, classes={'lemon': 1, 'coin': 1}
2026-09-03 09:07:45 [INFO] [RESULT] predict_one(lemon001S(16).JPG, conf=0.01): 2 dets, classes={'lemon': 1, 'coin': 1}
2026-09-03 09:07:45 [INFO] [RESULT] predict_one(lemon001S(17).JPG, conf=0.01): 2 dets, classes={'lemon': 1, 'coin': 1}
2026-09-03 09:07:45 [INFO] [RESULT] predict_one(lemon001S(18).JPG, conf=0.01): 2 dets, classes={'lemon': 1, 'coin': 1}
2026-09-03 09:07:45 [INFO] [RESULT] predict_one(lemon001S(2).JPG, conf=0.01): 2 dets, classes={'lemon': 1, 'coin': 1}
2026-09-03 09:07:45 [INFO] [RESULT] predict_one(lemon001S(3).JPG, conf=0.01): 2 dets, classes={'lemon': 1, 'coin': 1}
2026-09-03 09:07:45 [INFO] [RESULT] predict_one(lemon001S(4).JPG, conf=0.01): 2 dets, classes={'lemon': 1, 'coin': 1}
2026-09-03 09:07:45 [INFO] [RESULT] predict_one(lemon001S(5).JPG, conf=0.01): 2 dets, classes={'lemon': 1, 'coin': 1}
2026-09-03 09:07:45 [INFO] [RESULT] predict_one(lemon001S(6).JPG, conf=0.01): 2 dets, classes={'lemon': 1, 'coin': 1}
2026-09-03 09:07:45 [INFO] [RESULT] predict_one(lemon001S(7).JPG, conf=0.01): 2 dets, classes={'lemon': 1, 'coin': 1}
2026-09-03 09:07:45 [INFO] [RESULT] predict_one(lemon001S(8).JPG, conf=0.01): 2 dets, classes={'lemon': 1, 'coin': 1}
2026-09-03 09:07:46 [INFO] [RESULT] predict_one(lemon001S(9).JPG, conf=0.01): 2 dets, classes={'lemon': 1, 'coin': 1}
2026-09-03 09:07:46 [INFO] [RESULT] predict_one(lemon001T(10).JPG, conf=0.01): 2 dets, classes={'lemon': 1, 'coin': 1}
2026-09-03 09:07:46 [INFO] [RESULT] predict_one(lemon001T(11).JPG, conf=0.01): 2 dets, classes={'lemon': 1, 'coin': 1}
2026-09-03 09:07:46 [INFO] [RESULT] predict_one(lemon001T(12).JPG, conf=0.01): 2 dets, classes={'lemon': 1, 'coin': 1}
2026-09-03 09:07:46 [INFO] [RESULT] predict_one(lemon001T(13).JPG, conf=0.01): 2 dets, classes={'lemon': 1, 'coin': 1}
2026-09-03 09:07:46 [INFO] [RESULT] predict_one(lemon001T(14).JPG, conf=0.01): 2 dets, classes={'lemon': 1, 'coin': 1}
2026-09-03 09:07:46 [INFO] [RESULT] predict_one(lemon001T(15).JPG, conf=0.01): 2 dets, classes={'lemon': 1, 'coin': 1}
2026-09-03 09:07:46 [INFO] [RESULT] predict_one(lemon001T(16).JPG, conf=0.01): 3 dets, classes={'lemon': 1, 'coin': 2}
2026-09-03 09:07:46 [INFO] [RESULT] predict_one(lemon001T(17).JPG, conf=0.01): 2 dets, classes={'lemon': 1, 'coin': 1}
2026-09-03 09:07:46 [INFO] [RESULT] predict_one(lemon001T(18).JPG, conf=0.01): 2 dets, classes={'lemon': 1, 'coin': 1}
2026-09-03 09:07:46 [INFO] [RESULT] predict_one(lemon001T(2).JPG, conf=0.01): 2 dets, classes={'lemon': 1, 'coin': 1}
2026-09-03 09:07:46 [INFO] [RESULT] predict_one(lemon001T(3).JPG, conf=0.01): 2 dets, classes={'lemon': 1, 'coin': 1}
2026-09-03 09:07:46 [INFO] [RESULT] predict_one(lemon001T(4).JPG, conf=0.01): 4 dets, classes={'lemon': 1, 'coin': 3}
2026-09-03 09:07:46 [INFO] [RESULT] predict_one(lemon001T(5).JPG, conf=0.01): 2 dets, classes={'lemon': 1, 'coin': 1}
2026-09-03 09:07:46 [INFO] [RESULT] predict_one(lemon001T(6).JPG, conf=0.01): 2 dets, classes={'lemon': 1, 'coin': 1}
2026-09-03 09:07:46 [INFO] [RESULT] predict_one(lemon001T(7).JPG, conf=0.01): 2 dets, classes={'lemon': 1, 'coin': 1}
2026-09-03 09:07:46 [INFO] [RESULT] predict_one(lemon001T(8).JPG, conf=0.01): 2 dets, classes={'lemon': 1, 'coin': 1}
2026-09-03 09:07:46 [INFO] [RESULT] predict_one(lemon001T(9).JPG, conf=0.01): 2 dets, classes={'lemon': 1, 'coin': 1}
2026-09-03 09:07:46 [INFO] [RESULT] predict_one(lemon002T(1).JPG, conf=0.01): 2 dets, classes={'lemon': 1, 'coin': 1}
2026-09-03 09:07:46 [INFO] [RESULT] predict_one(lemon002S(1).JPG, conf=0.01): 2 dets, classes={'lemon': 1, 'coin': 1}
2026-09-03 09:07:46 [INFO] [RESULT] predict_one(lemon002S(10).JPG, conf=0.01): 2 dets, classes={'lemon': 1, 'coin': 1}
2026-09-03 09:07:46 [INFO] [RESULT] predict_one(lemon002S(11).JPG, conf=0.01): 2 dets, classes={'lemon': 1, 'coin': 1}
2026-09-03 09:07:46 [INFO] [RESULT] predict_one(lemon002S(12).JPG, conf=0.01): 3 dets, classes={'lemon': 1, 'coin': 2}
2026-09-03 09:07:46 [INFO] [RESULT] predict_one(lemon002S(13).JPG, conf=0.01): 2 dets, classes={'lemon': 1, 'coin': 1}
2026-09-03 09:07:46 [INFO] [RESULT] predict_one(lemon002S(14).JPG, conf=0.01): 2 dets, classes={'lemon': 1, 'coin': 1}
2026-09-03 09:07:46 [INFO] [RESULT] predict_one(lemon002S(15).JPG, conf=0.01): 2 dets, classes={'lemon': 1, 'coin': 1}
2026-09-03 09:07:46 [INFO] [RESULT] predict_one(lemon002S(16).JPG, conf=0.01): 2 dets, classes={'lemon': 1, 'coin': 1}
2026-09-03 09:07:46 [INFO] [RESULT] predict_one(lemon002S(17).JPG, conf=0.01): 2 dets, classes={'lemon': 1, 'coin': 1}
2026-09-03 09:07:46 [INFO] [RESULT] predict_one(lemon002S(18).JPG, conf=0.01): 2 dets, classes={'lemon': 1, 'coin': 1}
2026-09-03 09:07:46 [INFO] [RESULT] predict_one(lemon002S(19).JPG, conf=0.01): 3 dets, classes={'lemon': 1, 'coin': 2}
2026-09-03 09:07:46 [INFO] [RESULT] predict_one(lemon002S(2).JPG, conf=0.01): 2 dets, classes={'lemon': 1, 'coin': 1}
2026-09-03 09:07:46 [INFO] [RESULT] predict_one(lemon002S(20).JPG, conf=0.01): 2 dets, classes={'lemon': 1, 'coin': 1}
2026-09-03 09:07:46 [INFO] [RESULT] predict_one(lemon002S(21).JPG, conf=0.01): 2 dets, classes={'lemon': 1, 'coin': 1}
2026-09-03 09:07:46 [INFO] [RESULT] predict_one(lemon002S(22).JPG, conf=0.01): 3 dets, classes={'lemon': 1, 'coin': 2}
2026-09-03 09:07:46 [INFO] [RESULT] predict_one(lemon002S(23).JPG, conf=0.01): 2 dets, classes={'lemon': 1, 'coin': 1}
2026-09-03 09:07:46 [INFO] [RESULT] predict_one(lemon002S(24).JPG, conf=0.01): 2 dets, classes={'lemon': 1, 'coin': 1}
2026-09-03 09:07:46 [INFO] [RESULT] predict_one(lemon002S(25).JPG, conf=0.01): 3 dets, classes={'lemon': 1, 'coin': 2}
2026-09-03 09:07:46 [INFO] [RESULT] predict_one(lemon002S(26).JPG, conf=0.01): 3 dets, classes={'coin': 2, 'lemon': 1}
2026-09-03 09:07:46 [INFO] [RESULT] predict_one(lemon002S(3).JPG, conf=0.01): 2 dets, classes={'lemon': 1, 'coin': 1}
2026-09-03 09:07:46 [INFO] [RESULT] predict_one(lemon002S(4).JPG, conf=0.01): 2 dets, classes={'lemon': 1, 'coin': 1}
2026-09-03 09:07:46 [INFO] [RESULT] predict_one(lemon002S(5).JPG, conf=0.01): 2 dets, classes={'lemon': 1, 'coin': 1}
2026-09-03 09:07:46 [INFO] [RESULT] predict_one(lemon002S(6).JPG, conf=0.01): 2 dets, classes={'lemon': 1, 'coin': 1}
2026-09-03 09:07:46 [INFO] [RESULT] predict_one(lemon002S(7).JPG, conf=0.01): 2 dets, classes={'lemon': 1, 'coin': 1}
2026-09-03 09:07:46 [INFO] [RESULT] predict_one(lemon002S(8).JPG, conf=0.01): 2 dets, classes={'lemon': 1, 'coin': 1}
2026-09-03 09:07:46 [INFO] [RESULT] predict_one(lemon002S(9).JPG, conf=0.01): 2 dets, classes={'lemon': 1, 'coin': 1}
2026-09-03 09:07:46 [INFO] [RESULT] predict_one(lemon002T(10).JPG, conf=0.01): 2 dets, classes={'lemon': 1, 'coin': 1}
2026-09-03 09:07:47 [INFO] [RESULT] predict_one(lemon002T(11).JPG, conf=0.01): 2 dets, classes={'lemon': 1, 'coin': 1}
2026-09-03 09:07:47 [INFO] [RESULT] predict_one(lemon002T(12).JPG, conf=0.01): 2 dets, classes={'lemon': 1, 'coin': 1}
2026-09-03 09:07:47 [INFO] [RESULT] predict_one(lemon002T(13).JPG, conf=0.01): 2 dets, classes={'lemon': 1, 'coin': 1}
2026-09-03 09:07:47 [INFO] [RESULT] predict_one(lemon002T(14).JPG, conf=0.01): 2 dets, classes={'lemon': 1, 'coin': 1}
2026-09-03 09:07:47 [INFO] [RESULT] predict_one(lemon002T(15).JPG, conf=0.01): 2 dets, classes={'lemon': 1, 'coin': 1}
2026-09-03 09:07:47 [INFO] [RESULT] predict_one(lemon002T(16).JPG, conf=0.01): 2 dets, classes={'lemon': 1, 'coin': 1}
2026-09-03 09:07:47 [INFO] [RESULT] predict_one(lemon002T(17).JPG, conf=0.01): 2 dets, classes={'lemon': 1, 'coin': 1}
2026-09-03 09:07:47 [INFO] [RESULT] predict_one(lemon002T(18).JPG, conf=0.01): 2 dets, classes={'lemon': 1, 'coin': 1}
2026-09-03 09:07:47 [INFO] [RESULT] predict_one(lemon002T(19).JPG, conf=0.01): 2 dets, classes={'lemon': 1, 'coin': 1}
2026-09-03 09:07:47 [INFO] [RESULT] predict_one(lemon002T(2).JPG, conf=0.01): 2 dets, classes={'lemon': 1, 'coin': 1}
2026-09-03 09:07:47 [INFO] [RESULT] predict_one(lemon002T(20).JPG, conf=0.01): 2 dets, classes={'lemon': 1, 'coin': 1}
2026-09-03 09:07:47 [INFO] [RESULT] predict_one(lemon002T(21).JPG, conf=0.01): 2 dets, classes={'lemon': 1, 'coin': 1}
2026-09-03 09:07:47 [INFO] [RESULT] predict_one(lemon002T(22).JPG, conf=0.01): 2 dets, classes={'lemon': 1, 'coin': 1}
2026-09-03 09:07:47 [INFO] [RESULT] predict_one(lemon002T(23).JPG, conf=0.01): 2 dets, classes={'lemon': 1, 'coin': 1}
2026-09-03 09:07:47 [INFO] [RESULT] predict_one(lemon002T(24).JPG, conf=0.01): 2 dets, classes={'lemon': 1, 'coin': 1}
2026-09-03 09:07:47 [INFO] [RESULT] predict_one(lemon002T(25).JPG, conf=0.01): 2 dets, classes={'lemon': 1, 'coin': 1}
2026-09-03 09:07:47 [INFO] [RESULT] predict_one(lemon002T(26).JPG, conf=0.01): 2 dets, classes={'lemon': 1, 'coin': 1}
2026-09-03 09:07:47 [INFO] [RESULT] predict_one(lemon002T(3).JPG, conf=0.01): 2 dets, classes={'lemon': 1, 'coin': 1}
2026-09-03 09:07:47 [INFO] [RESULT] predict_one(lemon002T(4).JPG, conf=0.01): 2 dets, classes={'lemon': 1, 'coin': 1}
2026-09-03 09:07:47 [INFO] [RESULT] predict_one(lemon002T(5).JPG, conf=0.01): 2 dets, classes={'lemon': 1, 'coin': 1}
2026-09-03 09:07:47 [INFO] [RESULT] predict_one(lemon002T(6).JPG, conf=0.01): 2 dets, classes={'lemon': 1, 'coin': 1}
2026-09-03 09:07:47 [INFO] [RESULT] predict_one(lemon002T(7).JPG, conf=0.01): 2 dets, classes={'lemon': 1, 'coin': 1}
2026-09-03 09:07:47 [INFO] [RESULT] predict_one(lemon002T(8).JPG, conf=0.01): 2 dets, classes={'lemon': 1, 'coin': 1}
2026-09-03 09:07:47 [INFO] [RESULT] predict_one(lemon002T(9).JPG, conf=0.01): 2 dets, classes={'lemon': 1, 'coin': 1}
2026-09-03 09:07:47 [INFO] [RESULT] predict_one(litchi001T(1).JPG, conf=0.01): 2 dets, classes={'litchi': 1, 'coin': 1}
2026-09-03 09:07:47 [INFO] [RESULT] predict_one(litchi001S(1).JPG, conf=0.01): 2 dets, classes={'litchi': 1, 'coin': 1}
2026-09-03 09:07:47 [INFO] [RESULT] predict_one(litchi001S(2).JPG, conf=0.01): 2 dets, classes={'litchi': 1, 'coin': 1}
2026-09-03 09:07:47 [INFO] [RESULT] predict_one(litchi001S(3).JPG, conf=0.01): 2 dets, classes={'litchi': 1, 'coin': 1}
2026-09-03 09:07:47 [INFO] [RESULT] predict_one(litchi001S(4).JPG, conf=0.01): 2 dets, classes={'litchi': 1, 'coin': 1}
2026-09-03 09:07:47 [INFO] [RESULT] predict_one(litchi001S(5).JPG, conf=0.01): 2 dets, classes={'litchi': 1, 'coin': 1}
2026-09-03 09:07:47 [INFO] [RESULT] predict_one(litchi001S(6).JPG, conf=0.01): 2 dets, classes={'litchi': 1, 'coin': 1}
2026-09-03 09:07:47 [INFO] [RESULT] predict_one(litchi001S(7).JPG, conf=0.01): 2 dets, classes={'litchi': 1, 'coin': 1}
2026-09-03 09:07:47 [INFO] [RESULT] predict_one(litchi001T(2).JPG, conf=0.01): 2 dets, classes={'litchi': 1, 'coin': 1}
2026-09-03 09:07:47 [INFO] [RESULT] predict_one(litchi001T(3).JPG, conf=0.01): 2 dets, classes={'litchi': 1, 'coin': 1}
2026-09-03 09:07:47 [INFO] [RESULT] predict_one(litchi001T(4).JPG, conf=0.01): 2 dets, classes={'litchi': 1, 'coin': 1}
2026-09-03 09:07:47 [INFO] [RESULT] predict_one(litchi001T(5).JPG, conf=0.01): 2 dets, classes={'litchi': 1, 'coin': 1}
2026-09-03 09:07:47 [INFO] [RESULT] predict_one(litchi001T(6).JPG, conf=0.01): 2 dets, classes={'litchi': 1, 'coin': 1}
2026-09-03 09:07:47 [INFO] [RESULT] predict_one(litchi001T(7).JPG, conf=0.01): 2 dets, classes={'litchi': 1, 'coin': 1}
2026-09-03 09:07:47 [INFO] [RESULT] predict_one(litchi002T(1).JPG, conf=0.01): 2 dets, classes={'litchi': 1, 'coin': 1}
2026-09-03 09:07:47 [INFO] [RESULT] predict_one(litchi002S(1).JPG, conf=0.01): 3 dets, classes={'litchi': 1, 'coin': 2}
2026-09-03 09:07:47 [INFO] [RESULT] predict_one(litchi002S(2).JPG, conf=0.01): 3 dets, classes={'litchi': 1, 'coin': 2}
2026-09-03 09:07:47 [INFO] [RESULT] predict_one(litchi002S(3).JPG, conf=0.01): 2 dets, classes={'litchi': 1, 'coin': 1}
2026-09-03 09:07:47 [INFO] [RESULT] predict_one(litchi002S(4).JPG, conf=0.01): 2 dets, classes={'litchi': 1, 'coin': 1}
2026-09-03 09:07:47 [INFO] [RESULT] predict_one(litchi002S(5).JPG, conf=0.01): 2 dets, classes={'litchi': 1, 'coin': 1}
2026-09-03 09:07:47 [INFO] [RESULT] predict_one(litchi002S(6).JPG, conf=0.01): 2 dets, classes={'litchi': 1, 'coin': 1}
2026-09-03 09:07:47 [INFO] [RESULT] predict_one(litchi002S(7).JPG, conf=0.01): 2 dets, classes={'litchi': 1, 'coin': 1}
2026-09-03 09:07:48 [INFO] [RESULT] predict_one(litchi002S(8).JPG, conf=0.01): 2 dets, classes={'litchi': 1, 'coin': 1}
2026-09-03 09:07:48 [INFO] [RESULT] predict_one(litchi002T(2).JPG, conf=0.01): 3 dets, classes={'litchi': 2, 'coin': 1}
2026-09-03 09:07:48 [INFO] [RESULT] predict_one(litchi002T(3).JPG, conf=0.01): 2 dets, classes={'litchi': 1, 'coin': 1}
2026-09-03 09:07:48 [INFO] [RESULT] predict_one(litchi002T(4).JPG, conf=0.01): 3 dets, classes={'litchi': 2, 'coin': 1}
2026-09-03 09:07:48 [INFO] [RESULT] predict_one(litchi002T(5).JPG, conf=0.01): 2 dets, classes={'litchi': 1, 'coin': 1}
2026-09-03 09:07:48 [INFO] [RESULT] predict_one(litchi002T(6).JPG, conf=0.01): 2 dets, classes={'litchi': 1, 'coin': 1}
2026-09-03 09:07:48 [INFO] [RESULT] predict_one(litchi002T(7).JPG, conf=0.01): 2 dets, classes={'litchi': 1, 'coin': 1}
2026-09-03 09:07:48 [INFO] [RESULT] predict_one(litchi002T(8).JPG, conf=0.01): 2 dets, classes={'litchi': 1, 'coin': 1}
2026-09-03 09:07:48 [INFO] [RESULT] predict_one(mango001T(1).JPG, conf=0.01): 2 dets, classes={'mango': 1, 'coin': 1}
2026-09-03 09:07:48 [INFO] [RESULT] predict_one(mango001S(1).JPG, conf=0.01): 2 dets, classes={'mango': 1, 'coin': 1}
2026-09-03 09:07:48 [INFO] [RESULT] predict_one(mango001S(2).JPG, conf=0.01): 2 dets, classes={'mango': 1, 'coin': 1}
2026-09-03 09:07:48 [INFO] [RESULT] predict_one(mango001S(3).JPG, conf=0.01): 2 dets, classes={'mango': 1, 'coin': 1}
2026-09-03 09:07:48 [INFO] [RESULT] predict_one(mango001S(4).JPG, conf=0.01): 2 dets, classes={'mango': 1, 'coin': 1}
2026-09-03 09:07:48 [INFO] [RESULT] predict_one(mango001S(5).JPG, conf=0.01): 2 dets, classes={'mango': 1, 'coin': 1}
2026-09-03 09:07:48 [INFO] [RESULT] predict_one(mango001S(6).JPG, conf=0.01): 2 dets, classes={'mango': 1, 'coin': 1}
2026-09-03 09:07:48 [INFO] [RESULT] predict_one(mango001S(7).JPG, conf=0.01): 2 dets, classes={'mango': 1, 'coin': 1}
2026-09-03 09:07:48 [INFO] [RESULT] predict_one(mango001S(8).JPG, conf=0.01): 2 dets, classes={'mango': 1, 'coin': 1}
2026-09-03 09:07:48 [INFO] [RESULT] predict_one(mango001T(2).JPG, conf=0.01): 2 dets, classes={'mango': 1, 'coin': 1}
2026-09-03 09:07:48 [INFO] [RESULT] predict_one(mango001T(3).JPG, conf=0.01): 2 dets, classes={'mango': 1, 'coin': 1}
2026-09-03 09:07:48 [INFO] [RESULT] predict_one(mango001T(4).JPG, conf=0.01): 2 dets, classes={'mango': 1, 'coin': 1}
2026-09-03 09:07:48 [INFO] [RESULT] predict_one(mango001T(5).JPG, conf=0.01): 2 dets, classes={'mango': 1, 'coin': 1}
2026-09-03 09:07:48 [INFO] [RESULT] predict_one(mango001T(6).JPG, conf=0.01): 2 dets, classes={'mango': 1, 'coin': 1}
2026-09-03 09:07:48 [INFO] [RESULT] predict_one(mango001T(7).JPG, conf=0.01): 2 dets, classes={'mango': 1, 'coin': 1}
2026-09-03 09:07:48 [INFO] [RESULT] predict_one(mango001T(8).JPG, conf=0.01): 2 dets, classes={'mango': 1, 'coin': 1}
2026-09-03 09:07:48 [INFO] [RESULT] predict_one(mango002T(1).JPG, conf=0.01): 2 dets, classes={'mango': 1, 'coin': 1}
2026-09-03 09:07:48 [INFO] [RESULT] predict_one(mango002S(1).JPG, conf=0.01): 2 dets, classes={'mango': 1, 'coin': 1}
2026-09-03 09:07:48 [INFO] [RESULT] predict_one(mango002S(10).JPG, conf=0.01): 3 dets, classes={'mango': 1, 'coin': 1, 'orange': 1}
2026-09-03 09:07:48 [INFO] [RESULT] predict_one(mango002S(2).JPG, conf=0.01): 2 dets, classes={'mango': 1, 'coin': 1}
2026-09-03 09:07:48 [INFO] [RESULT] predict_one(mango002S(3).JPG, conf=0.01): 2 dets, classes={'mango': 1, 'coin': 1}
2026-09-03 09:07:48 [INFO] [RESULT] predict_one(mango002S(4).JPG, conf=0.01): 2 dets, classes={'mango': 1, 'coin': 1}
2026-09-03 09:07:48 [INFO] [RESULT] predict_one(mango002S(5).JPG, conf=0.01): 2 dets, classes={'mango': 1, 'coin': 1}
2026-09-03 09:07:48 [INFO] [RESULT] predict_one(mango002S(6).JPG, conf=0.01): 2 dets, classes={'mango': 1, 'coin': 1}
2026-09-03 09:07:48 [INFO] [RESULT] predict_one(mango002S(7).JPG, conf=0.01): 2 dets, classes={'mango': 1, 'coin': 1}
2026-09-03 09:07:48 [INFO] [RESULT] predict_one(mango002S(8).JPG, conf=0.01): 2 dets, classes={'mango': 1, 'coin': 1}
2026-09-03 09:07:48 [INFO] [RESULT] predict_one(mango002S(9).JPG, conf=0.01): 2 dets, classes={'mango': 1, 'coin': 1}
2026-09-03 09:07:48 [INFO] [RESULT] predict_one(mango002T(10).JPG, conf=0.01): 2 dets, classes={'mango': 1, 'coin': 1}
2026-09-03 09:07:48 [INFO] [RESULT] predict_one(mango002T(2).JPG, conf=0.01): 2 dets, classes={'mango': 1, 'coin': 1}
2026-09-03 09:07:48 [INFO] [RESULT] predict_one(mango002T(3).JPG, conf=0.01): 2 dets, classes={'mango': 1, 'coin': 1}
2026-09-03 09:07:48 [INFO] [RESULT] predict_one(mango002T(4).JPG, conf=0.01): 2 dets, classes={'mango': 1, 'coin': 1}
2026-09-03 09:07:48 [INFO] [RESULT] predict_one(mango002T(5).JPG, conf=0.01): 2 dets, classes={'mango': 1, 'coin': 1}
2026-09-03 09:07:48 [INFO] [RESULT] predict_one(mango002T(6).JPG, conf=0.01): 2 dets, classes={'mango': 1, 'coin': 1}
2026-09-03 09:07:48 [INFO] [RESULT] predict_one(mango002T(7).JPG, conf=0.01): 2 dets, classes={'mango': 1, 'coin': 1}
2026-09-03 09:07:48 [INFO] [RESULT] predict_one(mango002T(8).JPG, conf=0.01): 2 dets, classes={'mango': 1, 'coin': 1}
2026-09-03 09:07:48 [INFO] [RESULT] predict_one(mango002T(9).JPG, conf=0.01): 2 dets, classes={'mango': 1, 'coin': 1}
2026-09-03 09:07:48 [INFO] [RESULT] predict_one(mango003T(1).JPG, conf=0.01): 2 dets, classes={'mango': 1, 'coin': 1}
2026-09-03 09:07:48 [INFO] [RESULT] predict_one(mango003S(1).JPG, conf=0.01): 2 dets, classes={'mango': 1, 'coin': 1}
2026-09-03 09:07:48 [INFO] [RESULT] predict_one(mango003S(10).JPG, conf=0.01): 2 dets, classes={'mango': 1, 'coin': 1}
2026-09-03 09:07:48 [INFO] [RESULT] predict_one(mango003S(11).JPG, conf=0.01): 2 dets, classes={'mango': 1, 'coin': 1}
2026-09-03 09:07:48 [INFO] [RESULT] predict_one(mango003S(2).JPG, conf=0.01): 2 dets, classes={'mango': 1, 'coin': 1}
2026-09-03 09:07:48 [INFO] [RESULT] predict_one(mango003S(3).JPG, conf=0.01): 3 dets, classes={'mango': 1, 'coin': 2}
2026-09-03 09:07:48 [INFO] [RESULT] predict_one(mango003S(4).JPG, conf=0.01): 3 dets, classes={'mango': 1, 'coin': 1, 'bread': 1}
2026-09-03 09:07:49 [INFO] [RESULT] predict_one(mango003S(5).JPG, conf=0.01): 2 dets, classes={'mango': 1, 'coin': 1}
2026-09-03 09:07:49 [INFO] [RESULT] predict_one(mango003S(6).JPG, conf=0.01): 2 dets, classes={'mango': 1, 'coin': 1}
2026-09-03 09:07:49 [INFO] [RESULT] predict_one(mango003S(7).JPG, conf=0.01): 2 dets, classes={'mango': 1, 'coin': 1}
2026-09-03 09:07:49 [INFO] [RESULT] predict_one(mango003S(8).JPG, conf=0.01): 2 dets, classes={'mango': 1, 'coin': 1}
2026-09-03 09:07:49 [INFO] [RESULT] predict_one(mango003S(9).JPG, conf=0.01): 2 dets, classes={'mango': 1, 'coin': 1}
2026-09-03 09:07:49 [INFO] [RESULT] predict_one(mango003T(10).JPG, conf=0.01): 2 dets, classes={'mango': 1, 'coin': 1}
2026-09-03 09:07:49 [INFO] [RESULT] predict_one(mango003T(11).JPG, conf=0.01): 2 dets, classes={'mango': 1, 'coin': 1}
2026-09-03 09:07:49 [INFO] [RESULT] predict_one(mango003T(2).JPG, conf=0.01): 2 dets, classes={'mango': 1, 'coin': 1}
2026-09-03 09:07:49 [INFO] [RESULT] predict_one(mango003T(3).JPG, conf=0.01): 4 dets, classes={'mango': 1, 'coin': 1, 'qiwi': 1, 'plum': 1}
2026-09-03 09:07:49 [INFO] [RESULT] predict_one(mango003T(4).JPG, conf=0.01): 2 dets, classes={'mango': 1, 'coin': 1}
2026-09-03 09:07:49 [INFO] [RESULT] predict_one(mango003T(5).JPG, conf=0.01): 3 dets, classes={'mango': 1, 'coin': 1, 'bun': 1}
2026-09-03 09:07:49 [INFO] [RESULT] predict_one(mango003T(6).JPG, conf=0.01): 2 dets, classes={'mango': 1, 'coin': 1}
2026-09-03 09:07:49 [INFO] [RESULT] predict_one(mango003T(7).JPG, conf=0.01): 2 dets, classes={'mango': 1, 'coin': 1}
2026-09-03 09:07:49 [INFO] [RESULT] predict_one(mango003T(8).JPG, conf=0.01): 2 dets, classes={'mango': 1, 'coin': 1}
2026-09-03 09:07:49 [INFO] [RESULT] predict_one(mango003T(9).JPG, conf=0.01): 2 dets, classes={'mango': 1, 'coin': 1}
2026-09-03 09:07:49 [INFO] [RESULT] predict_one(mango004T(1).JPG, conf=0.01): 2 dets, classes={'mango': 1, 'coin': 1}
2026-09-03 09:07:49 [INFO] [RESULT] predict_one(mango004S(1).JPG, conf=0.01): 2 dets, classes={'mango': 1, 'coin': 1}
2026-09-03 09:07:49 [INFO] [RESULT] predict_one(mango004S(10).JPG, conf=0.01): 2 dets, classes={'mango': 1, 'coin': 1}
2026-09-03 09:07:49 [INFO] [RESULT] predict_one(mango004S(2).JPG, conf=0.01): 2 dets, classes={'mango': 1, 'coin': 1}
2026-09-03 09:07:49 [INFO] [RESULT] predict_one(mango004S(3).JPG, conf=0.01): 2 dets, classes={'mango': 1, 'coin': 1}
2026-09-03 09:07:49 [INFO] [RESULT] predict_one(mango004S(4).JPG, conf=0.01): 2 dets, classes={'mango': 1, 'coin': 1}
2026-09-03 09:07:49 [INFO] [RESULT] predict_one(mango004S(5).JPG, conf=0.01): 3 dets, classes={'mango': 1, 'coin': 2}
2026-09-03 09:07:49 [INFO] [RESULT] predict_one(mango004S(6).JPG, conf=0.01): 2 dets, classes={'mango': 1, 'coin': 1}
2026-09-03 09:07:49 [INFO] [RESULT] predict_one(mango004S(7).JPG, conf=0.01): 3 dets, classes={'mango': 1, 'coin': 2}
2026-09-03 09:07:49 [INFO] [RESULT] predict_one(mango004S(8).JPG, conf=0.01): 2 dets, classes={'mango': 1, 'coin': 1}
2026-09-03 09:07:49 [INFO] [RESULT] predict_one(mango004S(9).JPG, conf=0.01): 2 dets, classes={'mango': 1, 'coin': 1}
2026-09-03 09:07:49 [INFO] [RESULT] predict_one(mango004T(10).JPG, conf=0.01): 2 dets, classes={'mango': 1, 'coin': 1}
2026-09-03 09:07:49 [INFO] [RESULT] predict_one(mango004T(2).JPG, conf=0.01): 2 dets, classes={'mango': 1, 'coin': 1}
2026-09-03 09:07:49 [INFO] [RESULT] predict_one(mango004T(3).JPG, conf=0.01): 2 dets, classes={'mango': 1, 'coin': 1}
2026-09-03 09:07:49 [INFO] [RESULT] predict_one(mango004T(4).JPG, conf=0.01): 2 dets, classes={'mango': 1, 'coin': 1}
2026-09-03 09:07:49 [INFO] [RESULT] predict_one(mango004T(5).JPG, conf=0.01): 2 dets, classes={'mango': 1, 'coin': 1}
2026-09-03 09:07:49 [INFO] [RESULT] predict_one(mango004T(6).JPG, conf=0.01): 2 dets, classes={'mango': 1, 'coin': 1}
2026-09-03 09:07:49 [INFO] [RESULT] predict_one(mango004T(7).JPG, conf=0.01): 2 dets, classes={'mango': 1, 'coin': 1}
2026-09-03 09:07:49 [INFO] [RESULT] predict_one(mango004T(8).JPG, conf=0.01): 2 dets, classes={'mango': 1, 'coin': 1}
2026-09-03 09:07:49 [INFO] [RESULT] predict_one(mango004T(9).JPG, conf=0.01): 2 dets, classes={'mango': 1, 'coin': 1}
2026-09-03 09:07:49 [INFO] [RESULT] predict_one(mango005T(1).JPG, conf=0.01): 2 dets, classes={'mango': 1, 'coin': 1}
2026-09-03 09:07:49 [INFO] [RESULT] predict_one(mango005S(1).JPG, conf=0.01): 2 dets, classes={'mango': 1, 'coin': 1}
2026-09-03 09:07:49 [INFO] [RESULT] predict_one(mango005S(10).JPG, conf=0.01): 3 dets, classes={'mango': 1, 'coin': 2}
2026-09-03 09:07:49 [INFO] [RESULT] predict_one(mango005S(11).JPG, conf=0.01): 2 dets, classes={'mango': 1, 'coin': 1}
2026-09-03 09:07:49 [INFO] [RESULT] predict_one(mango005S(12).JPG, conf=0.01): 2 dets, classes={'mango': 1, 'coin': 1}
2026-09-03 09:07:49 [INFO] [RESULT] predict_one(mango005S(2).JPG, conf=0.01): 3 dets, classes={'mango': 1, 'coin': 1, 'qiwi': 1}
2026-09-03 09:07:49 [INFO] [RESULT] predict_one(mango005S(3).JPG, conf=0.01): 2 dets, classes={'mango': 1, 'coin': 1}
2026-09-03 09:07:49 [INFO] [RESULT] predict_one(mango005S(4).JPG, conf=0.01): 3 dets, classes={'mango': 1, 'coin': 2}
2026-09-03 09:07:49 [INFO] [RESULT] predict_one(mango005S(5).JPG, conf=0.01): 2 dets, classes={'mango': 1, 'coin': 1}
2026-09-03 09:07:49 [INFO] [RESULT] predict_one(mango005S(6).JPG, conf=0.01): 3 dets, classes={'mango': 1, 'coin': 1, 'qiwi': 1}
2026-09-03 09:07:50 [INFO] [RESULT] predict_one(mango005S(7).JPG, conf=0.01): 2 dets, classes={'mango': 1, 'coin': 1}
2026-09-03 09:07:50 [INFO] [RESULT] predict_one(mango005S(8).JPG, conf=0.01): 3 dets, classes={'mango': 1, 'coin': 2}
2026-09-03 09:07:50 [INFO] [RESULT] predict_one(mango005S(9).JPG, conf=0.01): 4 dets, classes={'mango': 1, 'coin': 2, 'banana': 1}
2026-09-03 09:07:50 [INFO] [RESULT] predict_one(mango005T(10).JPG, conf=0.01): 2 dets, classes={'mango': 1, 'coin': 1}
2026-09-03 09:07:50 [INFO] [RESULT] predict_one(mango005T(11).JPG, conf=0.01): 2 dets, classes={'mango': 1, 'coin': 1}
2026-09-03 09:07:50 [INFO] [RESULT] predict_one(mango005T(12).JPG, conf=0.01): 2 dets, classes={'mango': 1, 'coin': 1}
2026-09-03 09:07:50 [INFO] [RESULT] predict_one(mango005T(2).JPG, conf=0.01): 2 dets, classes={'mango': 1, 'coin': 1}
2026-09-03 09:07:50 [INFO] [RESULT] predict_one(mango005T(3).JPG, conf=0.01): 2 dets, classes={'mango': 1, 'coin': 1}
2026-09-03 09:07:50 [INFO] [RESULT] predict_one(mango005T(4).JPG, conf=0.01): 2 dets, classes={'mango': 1, 'coin': 1}
2026-09-03 09:07:50 [INFO] [RESULT] predict_one(mango005T(5).JPG, conf=0.01): 2 dets, classes={'mango': 1, 'coin': 1}
2026-09-03 09:07:50 [INFO] [RESULT] predict_one(mango005T(6).JPG, conf=0.01): 2 dets, classes={'mango': 1, 'coin': 1}
2026-09-03 09:07:50 [INFO] [RESULT] predict_one(mango005T(7).JPG, conf=0.01): 2 dets, classes={'mango': 1, 'coin': 1}
2026-09-03 09:07:50 [INFO] [RESULT] predict_one(mango005T(8).JPG, conf=0.01): 2 dets, classes={'mango': 1, 'coin': 1}
2026-09-03 09:07:50 [INFO] [RESULT] predict_one(mango005T(9).JPG, conf=0.01): 2 dets, classes={'mango': 1, 'coin': 1}
2026-09-03 09:07:50 [INFO] [RESULT] predict_one(mix001T(1).JPG, conf=0.01): 3 dets, classes={'apple': 1, 'orange': 1, 'coin': 1}
2026-09-03 09:07:50 [INFO] [RESULT] predict_one(mix001S(1).JPG, conf=0.01): 3 dets, classes={'orange': 1, 'apple': 1, 'coin': 1}
2026-09-03 09:07:50 [INFO] [RESULT] predict_one(mix001S(2).JPG, conf=0.01): 3 dets, classes={'apple': 1, 'orange': 1, 'coin': 1}
2026-09-03 09:07:50 [INFO] [RESULT] predict_one(mix001T(2).JPG, conf=0.01): 3 dets, classes={'apple': 1, 'orange': 1, 'coin': 1}
2026-09-03 09:07:50 [INFO] [RESULT] predict_one(mix002T(1).JPG, conf=0.01): 3 dets, classes={'banana': 1, 'apple': 1, 'coin': 1}
2026-09-03 09:07:50 [INFO] [RESULT] predict_one(mix002S(1).JPG, conf=0.01): 3 dets, classes={'apple': 1, 'coin': 1, 'banana': 1}
2026-09-03 09:07:50 [INFO] [RESULT] predict_one(mix002S(2).JPG, conf=0.01): 3 dets, classes={'banana': 1, 'apple': 1, 'coin': 1}
2026-09-03 09:07:50 [INFO] [RESULT] predict_one(mix002S(3).JPG, conf=0.01): 3 dets, classes={'apple': 1, 'banana': 1, 'coin': 1}
2026-09-03 09:07:50 [INFO] [RESULT] predict_one(mix002S(4).JPG, conf=0.01): 5 dets, classes={'banana': 3, 'apple': 1, 'coin': 1}
2026-09-03 09:07:50 [INFO] [RESULT] predict_one(mix002T(2).JPG, conf=0.01): 7 dets, classes={'banana': 3, 'apple': 1, 'grape': 1, 'plum': 1, 'coin': 1}
2026-09-03 09:07:50 [INFO] [RESULT] predict_one(mix002T(3).JPG, conf=0.01): 3 dets, classes={'banana': 1, 'apple': 1, 'coin': 1}
2026-09-03 09:07:50 [INFO] [RESULT] predict_one(mix002T(4).JPG, conf=0.01): 3 dets, classes={'banana': 1, 'apple': 1, 'coin': 1}
2026-09-03 09:07:50 [INFO] [RESULT] predict_one(mix003T(1).JPG, conf=0.01): 3 dets, classes={'qiwi': 1, 'apple': 1, 'coin': 1}
2026-09-03 09:07:50 [INFO] [RESULT] predict_one(mix003S(1).JPG, conf=0.01): 3 dets, classes={'apple': 1, 'qiwi': 1, 'coin': 1}
2026-09-03 09:07:50 [INFO] [RESULT] predict_one(mix003S(2).JPG, conf=0.01): 3 dets, classes={'apple': 1, 'qiwi': 1, 'coin': 1}
2026-09-03 09:07:50 [INFO] [RESULT] predict_one(mix003S(3).JPG, conf=0.01): 3 dets, classes={'qiwi': 1, 'apple': 1, 'coin': 1}
2026-09-03 09:07:50 [INFO] [RESULT] predict_one(mix003T(2).JPG, conf=0.01): 3 dets, classes={'qiwi': 1, 'apple': 1, 'coin': 1}
2026-09-03 09:07:50 [INFO] [RESULT] predict_one(mix003T(3).JPG, conf=0.01): 3 dets, classes={'apple': 1, 'qiwi': 1, 'coin': 1}
2026-09-03 09:07:50 [INFO] [RESULT] predict_one(mix004T(1).JPG, conf=0.01): 3 dets, classes={'apple': 1, 'qiwi': 1, 'coin': 1}
2026-09-03 09:07:50 [INFO] [RESULT] predict_one(mix004S(1).JPG, conf=0.01): 3 dets, classes={'apple': 1, 'qiwi': 1, 'coin': 1}
2026-09-03 09:07:50 [INFO] [RESULT] predict_one(mix004S(2).JPG, conf=0.01): 3 dets, classes={'apple': 1, 'qiwi': 1, 'coin': 1}
2026-09-03 09:07:50 [INFO] [RESULT] predict_one(mix004S(3).JPG, conf=0.01): 3 dets, classes={'apple': 1, 'qiwi': 1, 'coin': 1}
2026-09-03 09:07:50 [INFO] [RESULT] predict_one(mix004S(4).JPG, conf=0.01): 3 dets, classes={'qiwi': 1, 'apple': 1, 'coin': 1}
2026-09-03 09:07:50 [INFO] [RESULT] predict_one(mix004T(2).JPG, conf=0.01): 3 dets, classes={'apple': 1, 'qiwi': 1, 'coin': 1}
2026-09-03 09:07:50 [INFO] [RESULT] predict_one(mix004T(3).JPG, conf=0.01): 3 dets, classes={'apple': 1, 'qiwi': 1, 'coin': 1}
2026-09-03 09:07:50 [INFO] [RESULT] predict_one(mix004T(4).JPG, conf=0.01): 3 dets, classes={'qiwi': 1, 'apple': 1, 'coin': 1}
2026-09-03 09:07:50 [INFO] [RESULT] predict_one(mix005T(4).JPG, conf=0.01): 3 dets, classes={'mango': 1, 'qiwi': 1, 'coin': 1}
2026-09-03 09:07:50 [INFO] [RESULT] predict_one(mix005S(4).JPG, conf=0.01): 2 dets, classes={'mango': 1, 'qiwi': 1}
2026-09-03 09:07:50 [INFO] [RESULT] predict_one(mix005T(6).JPG, conf=0.01): 3 dets, classes={'mango': 1, 'qiwi': 1, 'coin': 1}
2026-09-03 09:07:50 [INFO] [RESULT] predict_one(mix006T(1).JPG, conf=0.01): 4 dets, classes={'banana': 1, 'mango': 1, 'coin': 2}
2026-09-03 09:07:50 [INFO] [RESULT] predict_one(mix006S(1).JPG, conf=0.01): 3 dets, classes={'banana': 1, 'mango': 1, 'coin': 1}
2026-09-03 09:07:50 [INFO] [RESULT] predict_one(mix006S(2).JPG, conf=0.01): 3 dets, classes={'banana': 1, 'mango': 1, 'coin': 1}
2026-09-03 09:07:50 [INFO] [RESULT] predict_one(mix006S(3).JPG, conf=0.01): 3 dets, classes={'mango': 1, 'banana': 1, 'coin': 1}
2026-09-03 09:07:50 [INFO] [RESULT] predict_one(mix006S(4).JPG, conf=0.01): 3 dets, classes={'banana': 1, 'mango': 1, 'coin': 1}
2026-09-03 09:07:50 [INFO] [RESULT] predict_one(mix006T(2).JPG, conf=0.01): 3 dets, classes={'mango': 1, 'banana': 1, 'coin': 1}
2026-09-03 09:07:50 [INFO] [RESULT] predict_one(mix006T(3).JPG, conf=0.01): 3 dets, classes={'banana': 1, 'mango': 1, 'coin': 1}
2026-09-03 09:07:50 [INFO] [RESULT] predict_one(mix006T(4).JPG, conf=0.01): 3 dets, classes={'banana': 1, 'mango': 1, 'coin': 1}
2026-09-03 09:07:50 [INFO] [RESULT] predict_one(mix007T(1).JPG, conf=0.01): 3 dets, classes={'banana': 1, 'mango': 1, 'coin': 1}
2026-09-03 09:07:51 [INFO] [RESULT] predict_one(mix007S(1).JPG, conf=0.01): 3 dets, classes={'mango': 1, 'banana': 1, 'coin': 1}
2026-09-03 09:07:51 [INFO] [RESULT] predict_one(mix007S(2).JPG, conf=0.01): 4 dets, classes={'mango': 1, 'banana': 1, 'coin': 2}
2026-09-03 09:07:51 [INFO] [RESULT] predict_one(mix007S(3).JPG, conf=0.01): 4 dets, classes={'mango': 1, 'banana': 1, 'coin': 2}
2026-09-03 09:07:51 [INFO] [RESULT] predict_one(mix007S(4).JPG, conf=0.01): 5 dets, classes={'mango': 1, 'banana': 1, 'coin': 3}
2026-09-03 09:07:51 [INFO] [RESULT] predict_one(mix007S(5).JPG, conf=0.01): 3 dets, classes={'mango': 1, 'banana': 1, 'coin': 1}
2026-09-03 09:07:51 [INFO] [RESULT] predict_one(mix007T(2).JPG, conf=0.01): 3 dets, classes={'banana': 1, 'mango': 1, 'coin': 1}
2026-09-03 09:07:51 [INFO] [RESULT] predict_one(mix007T(3).JPG, conf=0.01): 3 dets, classes={'banana': 1, 'mango': 1, 'coin': 1}
2026-09-03 09:07:51 [INFO] [RESULT] predict_one(mix007T(4).JPG, conf=0.01): 4 dets, classes={'mango': 1, 'banana': 1, 'coin': 2}
2026-09-03 09:07:51 [INFO] [RESULT] predict_one(mix007T(5).JPG, conf=0.01): 3 dets, classes={'banana': 1, 'mango': 1, 'coin': 1}
2026-09-03 09:07:51 [INFO] [RESULT] predict_one(mooncake001T(1).JPG, conf=0.01): 2 dets, classes={'mooncake': 1, 'coin': 1}
2026-09-03 09:07:51 [INFO] [RESULT] predict_one(mooncake001S(1).JPG, conf=0.01): 3 dets, classes={'mooncake': 1, 'coin': 2}
2026-09-03 09:07:51 [INFO] [RESULT] predict_one(mooncake001S(10).JPG, conf=0.01): 2 dets, classes={'mooncake': 1, 'coin': 1}
2026-09-03 09:07:51 [INFO] [RESULT] predict_one(mooncake001S(11).JPG, conf=0.01): 2 dets, classes={'coin': 1, 'mooncake': 1}
2026-09-03 09:07:51 [INFO] [RESULT] predict_one(mooncake001S(12).JPG, conf=0.01): 4 dets, classes={'mooncake': 1, 'coin': 2, 'qiwi': 1}
2026-09-03 09:07:51 [INFO] [RESULT] predict_one(mooncake001S(13).JPG, conf=0.01): 2 dets, classes={'mooncake': 1, 'coin': 1}
2026-09-03 09:07:51 [INFO] [RESULT] predict_one(mooncake001S(14).JPG, conf=0.01): 2 dets, classes={'mooncake': 1, 'coin': 1}
2026-09-03 09:07:51 [INFO] [RESULT] predict_one(mooncake001S(15).JPG, conf=0.01): 2 dets, classes={'mooncake': 1, 'coin': 1}
2026-09-03 09:07:51 [INFO] [RESULT] predict_one(mooncake001S(16).JPG, conf=0.01): 4 dets, classes={'mooncake': 2, 'coin': 2}
2026-09-03 09:07:51 [INFO] [RESULT] predict_one(mooncake001S(2).JPG, conf=0.01): 2 dets, classes={'mooncake': 1, 'coin': 1}
2026-09-03 09:07:51 [INFO] [RESULT] predict_one(mooncake001S(3).JPG, conf=0.01): 3 dets, classes={'mooncake': 1, 'coin': 2}
2026-09-03 09:07:51 [INFO] [RESULT] predict_one(mooncake001S(4).JPG, conf=0.01): 2 dets, classes={'mooncake': 1, 'coin': 1}
2026-09-03 09:07:51 [INFO] [RESULT] predict_one(mooncake001S(5).JPG, conf=0.01): 2 dets, classes={'coin': 1, 'mooncake': 1}
2026-09-03 09:07:51 [INFO] [RESULT] predict_one(mooncake001S(6).JPG, conf=0.01): 3 dets, classes={'coin': 2, 'mooncake': 1}
2026-09-03 09:07:51 [INFO] [RESULT] predict_one(mooncake001S(7).JPG, conf=0.01): 4 dets, classes={'mooncake': 1, 'coin': 2, 'fried_dough_twist': 1}
2026-09-03 09:07:51 [INFO] [RESULT] predict_one(mooncake001S(8).JPG, conf=0.01): 3 dets, classes={'coin': 2, 'mooncake': 1}
2026-09-03 09:07:51 [INFO] [RESULT] predict_one(mooncake001S(9).JPG, conf=0.01): 2 dets, classes={'mooncake': 1, 'coin': 1}
2026-09-03 09:07:51 [INFO] [RESULT] predict_one(mooncake001T(10).JPG, conf=0.01): 2 dets, classes={'mooncake': 1, 'coin': 1}
2026-09-03 09:07:51 [INFO] [RESULT] predict_one(mooncake001T(11).JPG, conf=0.01): 3 dets, classes={'mooncake': 1, 'coin': 2}
2026-09-03 09:07:51 [INFO] [RESULT] predict_one(mooncake001T(12).JPG, conf=0.01): 2 dets, classes={'mooncake': 1, 'coin': 1}
2026-09-03 09:07:51 [INFO] [RESULT] predict_one(mooncake001T(13).JPG, conf=0.01): 2 dets, classes={'mooncake': 1, 'coin': 1}
2026-09-03 09:07:51 [INFO] [RESULT] predict_one(mooncake001T(14).JPG, conf=0.01): 2 dets, classes={'mooncake': 1, 'coin': 1}
2026-09-03 09:07:51 [INFO] [RESULT] predict_one(mooncake001T(15).JPG, conf=0.01): 2 dets, classes={'mooncake': 1, 'coin': 1}
2026-09-03 09:07:51 [INFO] [RESULT] predict_one(mooncake001T(16).JPG, conf=0.01): 2 dets, classes={'mooncake': 1, 'coin': 1}
2026-09-03 09:07:51 [INFO] [RESULT] predict_one(mooncake001T(2).JPG, conf=0.01): 2 dets, classes={'mooncake': 1, 'coin': 1}
2026-09-03 09:07:51 [INFO] [RESULT] predict_one(mooncake001T(3).JPG, conf=0.01): 2 dets, classes={'mooncake': 1, 'coin': 1}
2026-09-03 09:07:51 [INFO] [RESULT] predict_one(mooncake001T(4).JPG, conf=0.01): 2 dets, classes={'mooncake': 1, 'coin': 1}
2026-09-03 09:07:51 [INFO] [RESULT] predict_one(mooncake001T(5).JPG, conf=0.01): 2 dets, classes={'mooncake': 1, 'coin': 1}
2026-09-03 09:07:51 [INFO] [RESULT] predict_one(mooncake001T(6).JPG, conf=0.01): 2 dets, classes={'mooncake': 1, 'coin': 1}
2026-09-03 09:07:51 [INFO] [RESULT] predict_one(mooncake001T(7).JPG, conf=0.01): 2 dets, classes={'mooncake': 1, 'coin': 1}
2026-09-03 09:07:51 [INFO] [RESULT] predict_one(mooncake001T(8).JPG, conf=0.01): 2 dets, classes={'mooncake': 1, 'coin': 1}
2026-09-03 09:07:51 [INFO] [RESULT] predict_one(mooncake001T(9).JPG, conf=0.01): 2 dets, classes={'mooncake': 1, 'coin': 1}
2026-09-03 09:07:51 [INFO] [RESULT] predict_one(mooncake002T(1).JPG, conf=0.01): 2 dets, classes={'mooncake': 1, 'coin': 1}
2026-09-03 09:07:51 [INFO] [RESULT] predict_one(mooncake002S(1).JPG, conf=0.01): 3 dets, classes={'mooncake': 1, 'coin': 2}
2026-09-03 09:07:51 [INFO] [RESULT] predict_one(mooncake002S(10).JPG, conf=0.01): 2 dets, classes={'mooncake': 1, 'coin': 1}
2026-09-03 09:07:51 [INFO] [RESULT] predict_one(mooncake002S(11).JPG, conf=0.01): 2 dets, classes={'mooncake': 1, 'coin': 1}
2026-09-03 09:07:51 [INFO] [RESULT] predict_one(mooncake002S(12).JPG, conf=0.01): 3 dets, classes={'mooncake': 1, 'coin': 2}
2026-09-03 09:07:51 [INFO] [RESULT] predict_one(mooncake002S(13).JPG, conf=0.01): 3 dets, classes={'mooncake': 1, 'coin': 2}
2026-09-03 09:07:52 [INFO] [RESULT] predict_one(mooncake002S(14).JPG, conf=0.01): 3 dets, classes={'coin': 2, 'mooncake': 1}
2026-09-03 09:07:52 [INFO] [RESULT] predict_one(mooncake002S(15).JPG, conf=0.01): 2 dets, classes={'mooncake': 1, 'coin': 1}
2026-09-03 09:07:52 [INFO] [RESULT] predict_one(mooncake002S(16).JPG, conf=0.01): 2 dets, classes={'mooncake': 1, 'coin': 1}
2026-09-03 09:07:52 [INFO] [RESULT] predict_one(mooncake002S(17).JPG, conf=0.01): 2 dets, classes={'mooncake': 1, 'coin': 1}
2026-09-03 09:07:52 [INFO] [RESULT] predict_one(mooncake002S(2).JPG, conf=0.01): 3 dets, classes={'mooncake': 1, 'coin': 2}
2026-09-03 09:07:52 [INFO] [RESULT] predict_one(mooncake002S(3).JPG, conf=0.01): 2 dets, classes={'mooncake': 1, 'coin': 1}
2026-09-03 09:07:52 [INFO] [RESULT] predict_one(mooncake002S(4).JPG, conf=0.01): 2 dets, classes={'mooncake': 1, 'coin': 1}
2026-09-03 09:07:52 [INFO] [RESULT] predict_one(mooncake002S(5).JPG, conf=0.01): 2 dets, classes={'mooncake': 1, 'coin': 1}
2026-09-03 09:07:52 [INFO] [RESULT] predict_one(mooncake002S(6).JPG, conf=0.01): 2 dets, classes={'mooncake': 1, 'coin': 1}
2026-09-03 09:07:52 [INFO] [RESULT] predict_one(mooncake002S(7).JPG, conf=0.01): 3 dets, classes={'mooncake': 1, 'coin': 2}
2026-09-03 09:07:52 [INFO] [RESULT] predict_one(mooncake002S(8).JPG, conf=0.01): 2 dets, classes={'coin': 1, 'mooncake': 1}
2026-09-03 09:07:52 [INFO] [RESULT] predict_one(mooncake002S(9).JPG, conf=0.01): 3 dets, classes={'mooncake': 1, 'coin': 2}
2026-09-03 09:07:52 [INFO] [RESULT] predict_one(mooncake002T(10).JPG, conf=0.01): 2 dets, classes={'mooncake': 1, 'coin': 1}
2026-09-03 09:07:52 [INFO] [RESULT] predict_one(mooncake002T(11).JPG, conf=0.01): 2 dets, classes={'mooncake': 1, 'coin': 1}
2026-09-03 09:07:52 [INFO] [RESULT] predict_one(mooncake002T(12).JPG, conf=0.01): 2 dets, classes={'mooncake': 1, 'coin': 1}
2026-09-03 09:07:52 [INFO] [RESULT] predict_one(mooncake002T(13).JPG, conf=0.01): 2 dets, classes={'mooncake': 1, 'coin': 1}
2026-09-03 09:07:52 [INFO] [RESULT] predict_one(mooncake002T(14).JPG, conf=0.01): 2 dets, classes={'mooncake': 1, 'coin': 1}
2026-09-03 09:07:52 [INFO] [RESULT] predict_one(mooncake002T(15).JPG, conf=0.01): 2 dets, classes={'mooncake': 1, 'coin': 1}
2026-09-03 09:07:52 [INFO] [RESULT] predict_one(mooncake002T(16).JPG, conf=0.01): 2 dets, classes={'mooncake': 1, 'coin': 1}
2026-09-03 09:07:52 [INFO] [RESULT] predict_one(mooncake002T(17).JPG, conf=0.01): 2 dets, classes={'mooncake': 1, 'coin': 1}
2026-09-03 09:07:52 [INFO] [RESULT] predict_one(mooncake002T(2).JPG, conf=0.01): 2 dets, classes={'mooncake': 1, 'coin': 1}
2026-09-03 09:07:52 [INFO] [RESULT] predict_one(mooncake002T(3).JPG, conf=0.01): 2 dets, classes={'mooncake': 1, 'coin': 1}
2026-09-03 09:07:52 [INFO] [RESULT] predict_one(mooncake002T(4).JPG, conf=0.01): 2 dets, classes={'mooncake': 1, 'coin': 1}
2026-09-03 09:07:52 [INFO] [RESULT] predict_one(mooncake002T(5).JPG, conf=0.01): 2 dets, classes={'mooncake': 1, 'coin': 1}
2026-09-03 09:07:52 [INFO] [RESULT] predict_one(mooncake002T(6).JPG, conf=0.01): 2 dets, classes={'mooncake': 1, 'coin': 1}
2026-09-03 09:07:52 [INFO] [RESULT] predict_one(mooncake002T(7).JPG, conf=0.01): 2 dets, classes={'mooncake': 1, 'coin': 1}
2026-09-03 09:07:52 [INFO] [RESULT] predict_one(mooncake002T(8).JPG, conf=0.01): 2 dets, classes={'mooncake': 1, 'coin': 1}
2026-09-03 09:07:52 [INFO] [RESULT] predict_one(mooncake002T(9).JPG, conf=0.01): 2 dets, classes={'mooncake': 1, 'coin': 1}
2026-09-03 09:07:52 [INFO] [RESULT] predict_one(mooncake003T(1).JPG, conf=0.01): 2 dets, classes={'mooncake': 1, 'coin': 1}
2026-09-03 09:07:52 [INFO] [RESULT] predict_one(mooncake003S(1).JPG, conf=0.01): 2 dets, classes={'mooncake': 1, 'coin': 1}
2026-09-03 09:07:52 [INFO] [RESULT] predict_one(mooncake003S(10).JPG, conf=0.01): 2 dets, classes={'mooncake': 1, 'coin': 1}
2026-09-03 09:07:52 [INFO] [RESULT] predict_one(mooncake003S(11).JPG, conf=0.01): 2 dets, classes={'mooncake': 1, 'coin': 1}
2026-09-03 09:07:52 [INFO] [RESULT] predict_one(mooncake003S(12).JPG, conf=0.01): 2 dets, classes={'mooncake': 1, 'coin': 1}
2026-09-03 09:07:52 [INFO] [RESULT] predict_one(mooncake003S(13).JPG, conf=0.01): 2 dets, classes={'mooncake': 1, 'coin': 1}
2026-09-03 09:07:52 [INFO] [RESULT] predict_one(mooncake003S(2).JPG, conf=0.01): 2 dets, classes={'mooncake': 1, 'coin': 1}
2026-09-03 09:07:52 [INFO] [RESULT] predict_one(mooncake003S(3).JPG, conf=0.01): 2 dets, classes={'mooncake': 1, 'coin': 1}
2026-09-03 09:07:52 [INFO] [RESULT] predict_one(mooncake003S(4).JPG, conf=0.01): 2 dets, classes={'mooncake': 1, 'coin': 1}
2026-09-03 09:07:52 [INFO] [RESULT] predict_one(mooncake003S(5).JPG, conf=0.01): 2 dets, classes={'coin': 1, 'mooncake': 1}
2026-09-03 09:07:52 [INFO] [RESULT] predict_one(mooncake003S(6).JPG, conf=0.01): 2 dets, classes={'mooncake': 1, 'coin': 1}
2026-09-03 09:07:52 [INFO] [RESULT] predict_one(mooncake003S(7).JPG, conf=0.01): 2 dets, classes={'mooncake': 1, 'coin': 1}
2026-09-03 09:07:52 [INFO] [RESULT] predict_one(mooncake003S(8).JPG, conf=0.01): 2 dets, classes={'mooncake': 1, 'coin': 1}
2026-09-03 09:07:52 [INFO] [RESULT] predict_one(mooncake003S(9).JPG, conf=0.01): 2 dets, classes={'mooncake': 1, 'coin': 1}
2026-09-03 09:07:52 [INFO] [RESULT] predict_one(mooncake003T(10).JPG, conf=0.01): 2 dets, classes={'mooncake': 1, 'coin': 1}
2026-09-03 09:07:52 [INFO] [RESULT] predict_one(mooncake003T(11).JPG, conf=0.01): 2 dets, classes={'mooncake': 1, 'coin': 1}
2026-09-03 09:07:52 [INFO] [RESULT] predict_one(mooncake003T(12).JPG, conf=0.01): 2 dets, classes={'mooncake': 1, 'coin': 1}
2026-09-03 09:07:52 [INFO] [RESULT] predict_one(mooncake003T(13).JPG, conf=0.01): 2 dets, classes={'mooncake': 1, 'coin': 1}
2026-09-03 09:07:52 [INFO] [RESULT] predict_one(mooncake003T(2).JPG, conf=0.01): 2 dets, classes={'mooncake': 1, 'coin': 1}
2026-09-03 09:07:52 [INFO] [RESULT] predict_one(mooncake003T(3).JPG, conf=0.01): 2 dets, classes={'mooncake': 1, 'coin': 1}
2026-09-03 09:07:52 [INFO] [RESULT] predict_one(mooncake003T(4).JPG, conf=0.01): 2 dets, classes={'mooncake': 1, 'coin': 1}
2026-09-03 09:07:52 [INFO] [RESULT] predict_one(mooncake003T(5).JPG, conf=0.01): 2 dets, classes={'mooncake': 1, 'coin': 1}
2026-09-03 09:07:52 [INFO] [RESULT] predict_one(mooncake003T(6).JPG, conf=0.01): 2 dets, classes={'mooncake': 1, 'coin': 1}
2026-09-03 09:07:53 [INFO] [RESULT] predict_one(mooncake003T(7).JPG, conf=0.01): 2 dets, classes={'mooncake': 1, 'coin': 1}
2026-09-03 09:07:53 [INFO] [RESULT] predict_one(mooncake003T(8).JPG, conf=0.01): 2 dets, classes={'mooncake': 1, 'coin': 1}
2026-09-03 09:07:53 [INFO] [RESULT] predict_one(mooncake003T(9).JPG, conf=0.01): 2 dets, classes={'mooncake': 1, 'coin': 1}
2026-09-03 09:07:53 [INFO] [RESULT] predict_one(orange001T(1).JPG, conf=0.01): 2 dets, classes={'orange': 1, 'coin': 1}
2026-09-03 09:07:53 [INFO] [RESULT] predict_one(orange001S(1).JPG, conf=0.01): 2 dets, classes={'orange': 1, 'coin': 1}
2026-09-03 09:07:53 [INFO] [RESULT] predict_one(orange001S(2).JPG, conf=0.01): 3 dets, classes={'orange': 1, 'coin': 2}
2026-09-03 09:07:53 [INFO] [RESULT] predict_one(orange001T(2).JPG, conf=0.01): 2 dets, classes={'orange': 1, 'coin': 1}
2026-09-03 09:07:53 [INFO] [RESULT] predict_one(orange001T(3).JPG, conf=0.01): 2 dets, classes={'orange': 1, 'coin': 1}
2026-09-03 09:07:53 [INFO] [RESULT] predict_one(orange001T(4).JPG, conf=0.01): 2 dets, classes={'orange': 1, 'coin': 1}
2026-09-03 09:07:53 [INFO] [RESULT] predict_one(orange002T(1).JPG, conf=0.01): 2 dets, classes={'orange': 1, 'coin': 1}
2026-09-03 09:07:53 [INFO] [RESULT] predict_one(orange002S(1).JPG, conf=0.01): 2 dets, classes={'orange': 1, 'coin': 1}
2026-09-03 09:07:53 [INFO] [RESULT] predict_one(orange002S(2).JPG, conf=0.01): 2 dets, classes={'orange': 1, 'coin': 1}
2026-09-03 09:07:53 [INFO] [RESULT] predict_one(orange002S(3).JPG, conf=0.01): 2 dets, classes={'orange': 1, 'coin': 1}
2026-09-03 09:07:53 [INFO] [RESULT] predict_one(orange002S(4).JPG, conf=0.01): 2 dets, classes={'orange': 1, 'coin': 1}
2026-09-03 09:07:53 [INFO] [RESULT] predict_one(orange002T(2).JPG, conf=0.01): 2 dets, classes={'orange': 1, 'coin': 1}
2026-09-03 09:07:53 [INFO] [RESULT] predict_one(orange003T(1).JPG, conf=0.01): 2 dets, classes={'orange': 1, 'coin': 1}
2026-09-03 09:07:53 [INFO] [RESULT] predict_one(orange003S(1).JPG, conf=0.01): 2 dets, classes={'orange': 1, 'coin': 1}
2026-09-03 09:07:53 [INFO] [RESULT] predict_one(orange003S(2).JPG, conf=0.01): 2 dets, classes={'orange': 1, 'coin': 1}
2026-09-03 09:07:53 [INFO] [RESULT] predict_one(orange003S(3).JPG, conf=0.01): 2 dets, classes={'orange': 1, 'coin': 1}
2026-09-03 09:07:53 [INFO] [RESULT] predict_one(orange003S(4).JPG, conf=0.01): 2 dets, classes={'orange': 1, 'coin': 1}
2026-09-03 09:07:53 [INFO] [RESULT] predict_one(orange003S(5).JPG, conf=0.01): 2 dets, classes={'orange': 1, 'coin': 1}
2026-09-03 09:07:53 [INFO] [RESULT] predict_one(orange003S(6).JPG, conf=0.01): 2 dets, classes={'orange': 1, 'coin': 1}
2026-09-03 09:07:53 [INFO] [RESULT] predict_one(orange003S(7).JPG, conf=0.01): 2 dets, classes={'orange': 1, 'coin': 1}
2026-09-03 09:07:53 [INFO] [RESULT] predict_one(orange003S(8).JPG, conf=0.01): 2 dets, classes={'coin': 1, 'orange': 1}
2026-09-03 09:07:53 [INFO] [RESULT] predict_one(orange003T(2).JPG, conf=0.01): 2 dets, classes={'orange': 1, 'coin': 1}
2026-09-03 09:07:53 [INFO] [RESULT] predict_one(orange003T(3).JPG, conf=0.01): 2 dets, classes={'orange': 1, 'coin': 1}
2026-09-03 09:07:53 [INFO] [RESULT] predict_one(orange003T(4).JPG, conf=0.01): 2 dets, classes={'orange': 1, 'coin': 1}
2026-09-03 09:07:53 [INFO] [RESULT] predict_one(orange003T(5).JPG, conf=0.01): 2 dets, classes={'orange': 1, 'coin': 1}
2026-09-03 09:07:53 [INFO] [RESULT] predict_one(orange003T(6).JPG, conf=0.01): 2 dets, classes={'orange': 1, 'coin': 1}
2026-09-03 09:07:53 [INFO] [RESULT] predict_one(orange003T(7).JPG, conf=0.01): 2 dets, classes={'orange': 1, 'coin': 1}
2026-09-03 09:07:53 [INFO] [RESULT] predict_one(orange003T(8).JPG, conf=0.01): 2 dets, classes={'orange': 1, 'coin': 1}
2026-09-03 09:07:53 [INFO] [RESULT] predict_one(orange004T(1).JPG, conf=0.01): 2 dets, classes={'orange': 1, 'coin': 1}
2026-09-03 09:07:53 [INFO] [RESULT] predict_one(orange004S(1).JPG, conf=0.01): 2 dets, classes={'orange': 1, 'coin': 1}
2026-09-03 09:07:53 [INFO] [RESULT] predict_one(orange004S(2).JPG, conf=0.01): 2 dets, classes={'orange': 1, 'coin': 1}
2026-09-03 09:07:53 [INFO] [RESULT] predict_one(orange004S(3).JPG, conf=0.01): 2 dets, classes={'orange': 1, 'coin': 1}
2026-09-03 09:07:53 [INFO] [RESULT] predict_one(orange004S(4).JPG, conf=0.01): 2 dets, classes={'orange': 1, 'coin': 1}
2026-09-03 09:07:53 [INFO] [RESULT] predict_one(orange004T(2).JPG, conf=0.01): 2 dets, classes={'orange': 1, 'coin': 1}
2026-09-03 09:07:53 [INFO] [RESULT] predict_one(orange004T(3).JPG, conf=0.01): 2 dets, classes={'orange': 1, 'coin': 1}
2026-09-03 09:07:53 [INFO] [RESULT] predict_one(orange004T(4).JPG, conf=0.01): 2 dets, classes={'orange': 1, 'coin': 1}
2026-09-03 09:07:53 [INFO] [RESULT] predict_one(orange005T(1).JPG, conf=0.01): 2 dets, classes={'orange': 1, 'coin': 1}
2026-09-03 09:07:53 [INFO] [RESULT] predict_one(orange005S(1).JPG, conf=0.01): 2 dets, classes={'orange': 1, 'coin': 1}
2026-09-03 09:07:53 [INFO] [RESULT] predict_one(orange005S(2).JPG, conf=0.01): 2 dets, classes={'orange': 1, 'coin': 1}
2026-09-03 09:07:53 [INFO] [RESULT] predict_one(orange005S(3).JPG, conf=0.01): 2 dets, classes={'orange': 1, 'coin': 1}
2026-09-03 09:07:53 [INFO] [RESULT] predict_one(orange005S(4).JPG, conf=0.01): 2 dets, classes={'orange': 1, 'coin': 1}
2026-09-03 09:07:53 [INFO] [RESULT] predict_one(orange005T(2).JPG, conf=0.01): 2 dets, classes={'orange': 1, 'coin': 1}
2026-09-03 09:07:53 [INFO] [RESULT] predict_one(orange005T(3).JPG, conf=0.01): 2 dets, classes={'orange': 1, 'coin': 1}
2026-09-03 09:07:53 [INFO] [RESULT] predict_one(orange005T(4).JPG, conf=0.01): 2 dets, classes={'orange': 1, 'coin': 1}
2026-09-03 09:07:53 [INFO] [RESULT] predict_one(orange006T(1).JPG, conf=0.01): 2 dets, classes={'orange': 1, 'coin': 1}
2026-09-03 09:07:53 [INFO] [RESULT] predict_one(orange006S(1).JPG, conf=0.01): 2 dets, classes={'orange': 1, 'coin': 1}
2026-09-03 09:07:53 [INFO] [RESULT] predict_one(orange006S(2).JPG, conf=0.01): 2 dets, classes={'orange': 1, 'coin': 1}
2026-09-03 09:07:54 [INFO] [RESULT] predict_one(orange006S(3).JPG, conf=0.01): 3 dets, classes={'orange': 1, 'coin': 2}
2026-09-03 09:07:54 [INFO] [RESULT] predict_one(orange006S(4).JPG, conf=0.01): 2 dets, classes={'orange': 1, 'coin': 1}
2026-09-03 09:07:54 [INFO] [RESULT] predict_one(orange006T(2).JPG, conf=0.01): 2 dets, classes={'orange': 1, 'coin': 1}
2026-09-03 09:07:54 [INFO] [RESULT] predict_one(orange006T(3).JPG, conf=0.01): 2 dets, classes={'orange': 1, 'coin': 1}
2026-09-03 09:07:54 [INFO] [RESULT] predict_one(orange006T(4).JPG, conf=0.01): 2 dets, classes={'orange': 1, 'coin': 1}
2026-09-03 09:07:54 [INFO] [RESULT] predict_one(orange007T(1).JPG, conf=0.01): 2 dets, classes={'orange': 1, 'coin': 1}
2026-09-03 09:07:54 [INFO] [RESULT] predict_one(orange007S(1).JPG, conf=0.01): 2 dets, classes={'orange': 1, 'coin': 1}
2026-09-03 09:07:54 [INFO] [RESULT] predict_one(orange007S(2).JPG, conf=0.01): 2 dets, classes={'orange': 1, 'coin': 1}
2026-09-03 09:07:54 [INFO] [RESULT] predict_one(orange007S(3).JPG, conf=0.01): 2 dets, classes={'orange': 1, 'coin': 1}
2026-09-03 09:07:54 [INFO] [RESULT] predict_one(orange007S(4).JPG, conf=0.01): 2 dets, classes={'orange': 1, 'coin': 1}
2026-09-03 09:07:54 [INFO] [RESULT] predict_one(orange007S(5).JPG, conf=0.01): 2 dets, classes={'orange': 1, 'coin': 1}
2026-09-03 09:07:54 [INFO] [RESULT] predict_one(orange007S(6).JPG, conf=0.01): 2 dets, classes={'orange': 1, 'coin': 1}
2026-09-03 09:07:54 [INFO] [RESULT] predict_one(orange007S(7).JPG, conf=0.01): 2 dets, classes={'orange': 1, 'coin': 1}
2026-09-03 09:07:54 [INFO] [RESULT] predict_one(orange007S(8).JPG, conf=0.01): 2 dets, classes={'orange': 1, 'coin': 1}
2026-09-03 09:07:54 [INFO] [RESULT] predict_one(orange007T(2).JPG, conf=0.01): 2 dets, classes={'orange': 1, 'coin': 1}
2026-09-03 09:07:54 [INFO] [RESULT] predict_one(orange007T(3).JPG, conf=0.01): 2 dets, classes={'orange': 1, 'coin': 1}
2026-09-03 09:07:54 [INFO] [RESULT] predict_one(orange007T(4).JPG, conf=0.01): 2 dets, classes={'orange': 1, 'coin': 1}
2026-09-03 09:07:54 [INFO] [RESULT] predict_one(orange007T(5).JPG, conf=0.01): 3 dets, classes={'orange': 1, 'coin': 1, 'qiwi': 1}
2026-09-03 09:07:54 [INFO] [RESULT] predict_one(orange007T(6).JPG, conf=0.01): 2 dets, classes={'orange': 1, 'coin': 1}
2026-09-03 09:07:54 [INFO] [RESULT] predict_one(orange007T(7).JPG, conf=0.01): 2 dets, classes={'orange': 1, 'coin': 1}
2026-09-03 09:07:54 [INFO] [RESULT] predict_one(orange007T(8).JPG, conf=0.01): 2 dets, classes={'orange': 1, 'coin': 1}
2026-09-03 09:07:54 [INFO] [RESULT] predict_one(peach001T(1).JPG, conf=0.01): 2 dets, classes={'peach': 1, 'coin': 1}
2026-09-03 09:07:54 [INFO] [RESULT] predict_one(peach001S(1).JPG, conf=0.01): 2 dets, classes={'peach': 1, 'coin': 1}
2026-09-03 09:07:54 [INFO] [RESULT] predict_one(peach001S(10).JPG, conf=0.01): 2 dets, classes={'peach': 1, 'coin': 1}
2026-09-03 09:07:54 [INFO] [RESULT] predict_one(peach001S(11).JPG, conf=0.01): 2 dets, classes={'peach': 1, 'coin': 1}
2026-09-03 09:07:54 [INFO] [RESULT] predict_one(peach001S(12).JPG, conf=0.01): 2 dets, classes={'peach': 1, 'coin': 1}
2026-09-03 09:07:54 [INFO] [RESULT] predict_one(peach001S(13).JPG, conf=0.01): 2 dets, classes={'peach': 1, 'coin': 1}
2026-09-03 09:07:54 [INFO] [RESULT] predict_one(peach001S(14).JPG, conf=0.01): 2 dets, classes={'peach': 1, 'coin': 1}
2026-09-03 09:07:54 [INFO] [RESULT] predict_one(peach001S(15).JPG, conf=0.01): 2 dets, classes={'peach': 1, 'coin': 1}
2026-09-03 09:07:54 [INFO] [RESULT] predict_one(peach001S(16).JPG, conf=0.01): 2 dets, classes={'peach': 1, 'coin': 1}
2026-09-03 09:07:54 [INFO] [RESULT] predict_one(peach001S(2).JPG, conf=0.01): 2 dets, classes={'peach': 1, 'coin': 1}
2026-09-03 09:07:54 [INFO] [RESULT] predict_one(peach001S(3).JPG, conf=0.01): 2 dets, classes={'peach': 1, 'coin': 1}
2026-09-03 09:07:54 [INFO] [RESULT] predict_one(peach001S(4).JPG, conf=0.01): 2 dets, classes={'peach': 1, 'coin': 1}
2026-09-03 09:07:54 [INFO] [RESULT] predict_one(peach001S(5).JPG, conf=0.01): 2 dets, classes={'peach': 1, 'coin': 1}
2026-09-03 09:07:54 [INFO] [RESULT] predict_one(peach001S(6).JPG, conf=0.01): 2 dets, classes={'peach': 1, 'coin': 1}
2026-09-03 09:07:54 [INFO] [RESULT] predict_one(peach001S(7).JPG, conf=0.01): 2 dets, classes={'peach': 1, 'coin': 1}
2026-09-03 09:07:54 [INFO] [RESULT] predict_one(peach001S(8).JPG, conf=0.01): 2 dets, classes={'peach': 1, 'coin': 1}
2026-09-03 09:07:54 [INFO] [RESULT] predict_one(peach001S(9).JPG, conf=0.01): 2 dets, classes={'peach': 1, 'coin': 1}
2026-09-03 09:07:54 [INFO] [RESULT] predict_one(peach001T(10).JPG, conf=0.01): 2 dets, classes={'peach': 1, 'coin': 1}
2026-09-03 09:07:54 [INFO] [RESULT] predict_one(peach001T(11).JPG, conf=0.01): 2 dets, classes={'peach': 1, 'coin': 1}
2026-09-03 09:07:54 [INFO] [RESULT] predict_one(peach001T(12).JPG, conf=0.01): 2 dets, classes={'peach': 1, 'coin': 1}
2026-09-03 09:07:54 [INFO] [RESULT] predict_one(peach001T(13).JPG, conf=0.01): 2 dets, classes={'peach': 1, 'coin': 1}
2026-09-03 09:07:54 [INFO] [RESULT] predict_one(peach001T(14).JPG, conf=0.01): 2 dets, classes={'peach': 1, 'coin': 1}
2026-09-03 09:07:54 [INFO] [RESULT] predict_one(peach001T(15).JPG, conf=0.01): 2 dets, classes={'peach': 1, 'coin': 1}
2026-09-03 09:07:54 [INFO] [RESULT] predict_one(peach001T(16).JPG, conf=0.01): 2 dets, classes={'peach': 1, 'coin': 1}
2026-09-03 09:07:54 [INFO] [RESULT] predict_one(peach001T(2).JPG, conf=0.01): 2 dets, classes={'peach': 1, 'coin': 1}
2026-09-03 09:07:54 [INFO] [RESULT] predict_one(peach001T(3).JPG, conf=0.01): 2 dets, classes={'peach': 1, 'coin': 1}
2026-09-03 09:07:54 [INFO] [RESULT] predict_one(peach001T(4).JPG, conf=0.01): 2 dets, classes={'peach': 1, 'coin': 1}
2026-09-03 09:07:54 [INFO] [RESULT] predict_one(peach001T(5).JPG, conf=0.01): 2 dets, classes={'peach': 1, 'coin': 1}
2026-09-03 09:07:54 [INFO] [RESULT] predict_one(peach001T(6).JPG, conf=0.01): 2 dets, classes={'peach': 1, 'coin': 1}
2026-09-03 09:07:54 [INFO] [RESULT] predict_one(peach001T(7).JPG, conf=0.01): 2 dets, classes={'peach': 1, 'coin': 1}
2026-09-03 09:07:54 [INFO] [RESULT] predict_one(peach001T(8).JPG, conf=0.01): 2 dets, classes={'peach': 1, 'coin': 1}
2026-09-03 09:07:54 [INFO] [RESULT] predict_one(peach001T(9).JPG, conf=0.01): 3 dets, classes={'peach': 1, 'coin': 1, 'grape': 1}
2026-09-03 09:07:54 [INFO] [RESULT] predict_one(peach002T(1).JPG, conf=0.01): 2 dets, classes={'peach': 1, 'coin': 1}
2026-09-03 09:07:54 [INFO] [RESULT] predict_one(peach002S(1).JPG, conf=0.01): 2 dets, classes={'peach': 1, 'coin': 1}
2026-09-03 09:07:55 [INFO] [RESULT] predict_one(peach002S(2).JPG, conf=0.01): 2 dets, classes={'peach': 1, 'coin': 1}
2026-09-03 09:07:55 [INFO] [RESULT] predict_one(peach002S(3).JPG, conf=0.01): 2 dets, classes={'peach': 1, 'coin': 1}
2026-09-03 09:07:55 [INFO] [RESULT] predict_one(peach002S(4).JPG, conf=0.01): 2 dets, classes={'peach': 1, 'coin': 1}
2026-09-03 09:07:55 [INFO] [RESULT] predict_one(peach002S(5).JPG, conf=0.01): 2 dets, classes={'peach': 1, 'coin': 1}
2026-09-03 09:07:55 [INFO] [RESULT] predict_one(peach002S(6).JPG, conf=0.01): 3 dets, classes={'peach': 1, 'coin': 2}
2026-09-03 09:07:55 [INFO] [RESULT] predict_one(peach002S(7).JPG, conf=0.01): 4 dets, classes={'peach': 1, 'coin': 2, 'banana': 1}
2026-09-03 09:07:55 [INFO] [RESULT] predict_one(peach002S(8).JPG, conf=0.01): 2 dets, classes={'peach': 1, 'coin': 1}
2026-09-03 09:07:55 [INFO] [RESULT] predict_one(peach002T(2).JPG, conf=0.01): 2 dets, classes={'peach': 1, 'coin': 1}
2026-09-03 09:07:55 [INFO] [RESULT] predict_one(peach002T(3).JPG, conf=0.01): 2 dets, classes={'peach': 1, 'coin': 1}
2026-09-03 09:07:55 [INFO] [RESULT] predict_one(peach002T(4).JPG, conf=0.01): 2 dets, classes={'peach': 1, 'coin': 1}
2026-09-03 09:07:55 [INFO] [RESULT] predict_one(peach002T(5).JPG, conf=0.01): 2 dets, classes={'peach': 1, 'coin': 1}
2026-09-03 09:07:55 [INFO] [RESULT] predict_one(peach002T(6).JPG, conf=0.01): 2 dets, classes={'peach': 1, 'coin': 1}
2026-09-03 09:07:55 [INFO] [RESULT] predict_one(peach002T(7).JPG, conf=0.01): 2 dets, classes={'peach': 1, 'coin': 1}
2026-09-03 09:07:55 [INFO] [RESULT] predict_one(peach002T(8).JPG, conf=0.01): 2 dets, classes={'peach': 1, 'coin': 1}
2026-09-03 09:07:55 [INFO] [RESULT] predict_one(pear001T(1).JPG, conf=0.01): 2 dets, classes={'pear': 1, 'coin': 1}
2026-09-03 09:07:55 [INFO] [RESULT] predict_one(pear001S(1).JPG, conf=0.01): 2 dets, classes={'pear': 1, 'coin': 1}
2026-09-03 09:07:55 [INFO] [RESULT] predict_one(pear001S(10).JPG, conf=0.01): 2 dets, classes={'pear': 1, 'coin': 1}
2026-09-03 09:07:55 [INFO] [RESULT] predict_one(pear001S(11).JPG, conf=0.01): 2 dets, classes={'pear': 1, 'coin': 1}
2026-09-03 09:07:55 [INFO] [RESULT] predict_one(pear001S(12).JPG, conf=0.01): 2 dets, classes={'pear': 1, 'coin': 1}
2026-09-03 09:07:55 [INFO] [RESULT] predict_one(pear001S(13).JPG, conf=0.01): 2 dets, classes={'pear': 1, 'coin': 1}
2026-09-03 09:07:55 [INFO] [RESULT] predict_one(pear001S(14).JPG, conf=0.01): 2 dets, classes={'pear': 1, 'coin': 1}
2026-09-03 09:07:55 [INFO] [RESULT] predict_one(pear001S(15).JPG, conf=0.01): 2 dets, classes={'pear': 1, 'coin': 1}
2026-09-03 09:07:55 [INFO] [RESULT] predict_one(pear001S(16).JPG, conf=0.01): 2 dets, classes={'pear': 1, 'coin': 1}
2026-09-03 09:07:55 [INFO] [RESULT] predict_one(pear001S(2).JPG, conf=0.01): 2 dets, classes={'pear': 1, 'coin': 1}
2026-09-03 09:07:55 [INFO] [RESULT] predict_one(pear001S(3).JPG, conf=0.01): 2 dets, classes={'pear': 1, 'coin': 1}
2026-09-03 09:07:55 [INFO] [RESULT] predict_one(pear001S(4).JPG, conf=0.01): 2 dets, classes={'pear': 1, 'coin': 1}
2026-09-03 09:07:55 [INFO] [RESULT] predict_one(pear001S(5).JPG, conf=0.01): 2 dets, classes={'pear': 1, 'coin': 1}
2026-09-03 09:07:55 [INFO] [RESULT] predict_one(pear001S(6).JPG, conf=0.01): 2 dets, classes={'pear': 1, 'coin': 1}
2026-09-03 09:07:55 [INFO] [RESULT] predict_one(pear001S(7).JPG, conf=0.01): 2 dets, classes={'pear': 1, 'coin': 1}
2026-09-03 09:07:55 [INFO] [RESULT] predict_one(pear001S(8).JPG, conf=0.01): 2 dets, classes={'pear': 1, 'coin': 1}
2026-09-03 09:07:55 [INFO] [RESULT] predict_one(pear001S(9).JPG, conf=0.01): 2 dets, classes={'pear': 1, 'coin': 1}
2026-09-03 09:07:55 [INFO] [RESULT] predict_one(pear001T(10).JPG, conf=0.01): 2 dets, classes={'pear': 1, 'coin': 1}
2026-09-03 09:07:55 [INFO] [RESULT] predict_one(pear001T(11).JPG, conf=0.01): 2 dets, classes={'pear': 1, 'coin': 1}
2026-09-03 09:07:55 [INFO] [RESULT] predict_one(pear001T(12).JPG, conf=0.01): 2 dets, classes={'pear': 1, 'coin': 1}
2026-09-03 09:07:55 [INFO] [RESULT] predict_one(pear001T(13).JPG, conf=0.01): 2 dets, classes={'pear': 1, 'coin': 1}
2026-09-03 09:07:55 [INFO] [RESULT] predict_one(pear001T(14).JPG, conf=0.01): 2 dets, classes={'pear': 1, 'coin': 1}
2026-09-03 09:07:55 [INFO] [RESULT] predict_one(pear001T(15).JPG, conf=0.01): 2 dets, classes={'pear': 1, 'coin': 1}
2026-09-03 09:07:55 [INFO] [RESULT] predict_one(pear001T(16).JPG, conf=0.01): 2 dets, classes={'pear': 1, 'coin': 1}
2026-09-03 09:07:55 [INFO] [RESULT] predict_one(pear001T(2).JPG, conf=0.01): 2 dets, classes={'pear': 1, 'coin': 1}
2026-09-03 09:07:55 [INFO] [RESULT] predict_one(pear001T(3).JPG, conf=0.01): 2 dets, classes={'pear': 1, 'coin': 1}
2026-09-03 09:07:55 [INFO] [RESULT] predict_one(pear001T(4).JPG, conf=0.01): 2 dets, classes={'pear': 1, 'coin': 1}
2026-09-03 09:07:55 [INFO] [RESULT] predict_one(pear001T(5).JPG, conf=0.01): 2 dets, classes={'pear': 1, 'coin': 1}
2026-09-03 09:07:55 [INFO] [RESULT] predict_one(pear001T(6).JPG, conf=0.01): 2 dets, classes={'pear': 1, 'coin': 1}
2026-09-03 09:07:55 [INFO] [RESULT] predict_one(pear001T(7).JPG, conf=0.01): 2 dets, classes={'pear': 1, 'coin': 1}
2026-09-03 09:07:55 [INFO] [RESULT] predict_one(pear001T(8).JPG, conf=0.01): 2 dets, classes={'pear': 1, 'coin': 1}
2026-09-03 09:07:55 [INFO] [RESULT] predict_one(pear001T(9).JPG, conf=0.01): 2 dets, classes={'pear': 1, 'coin': 1}
2026-09-03 09:07:55 [INFO] [RESULT] predict_one(pear002T(1).JPG, conf=0.01): 2 dets, classes={'pear': 1, 'coin': 1}
2026-09-03 09:07:55 [INFO] [RESULT] predict_one(pear002S(1).JPG, conf=0.01): 2 dets, classes={'pear': 1, 'coin': 1}
2026-09-03 09:07:55 [INFO] [RESULT] predict_one(pear002S(10).JPG, conf=0.01): 2 dets, classes={'pear': 1, 'coin': 1}
2026-09-03 09:07:56 [INFO] [RESULT] predict_one(pear002S(11).JPG, conf=0.01): 2 dets, classes={'pear': 1, 'coin': 1}
2026-09-03 09:07:56 [INFO] [RESULT] predict_one(pear002S(12).JPG, conf=0.01): 2 dets, classes={'pear': 1, 'coin': 1}
2026-09-03 09:07:56 [INFO] [RESULT] predict_one(pear002S(13).JPG, conf=0.01): 2 dets, classes={'pear': 1, 'coin': 1}
2026-09-03 09:07:56 [INFO] [RESULT] predict_one(pear002S(14).JPG, conf=0.01): 2 dets, classes={'pear': 1, 'coin': 1}
2026-09-03 09:07:56 [INFO] [RESULT] predict_one(pear002S(15).JPG, conf=0.01): 2 dets, classes={'pear': 1, 'coin': 1}
2026-09-03 09:07:56 [INFO] [RESULT] predict_one(pear002S(16).JPG, conf=0.01): 2 dets, classes={'pear': 1, 'coin': 1}
2026-09-03 09:07:56 [INFO] [RESULT] predict_one(pear002S(17).JPG, conf=0.01): 3 dets, classes={'pear': 1, 'coin': 2}
2026-09-03 09:07:56 [INFO] [RESULT] predict_one(pear002S(18).JPG, conf=0.01): 2 dets, classes={'pear': 1, 'coin': 1}
2026-09-03 09:07:56 [INFO] [RESULT] predict_one(pear002S(19).JPG, conf=0.01): 2 dets, classes={'pear': 1, 'coin': 1}
2026-09-03 09:07:56 [INFO] [RESULT] predict_one(pear002S(2).JPG, conf=0.01): 2 dets, classes={'pear': 1, 'coin': 1}
2026-09-03 09:07:56 [INFO] [RESULT] predict_one(pear002S(20).JPG, conf=0.01): 2 dets, classes={'pear': 1, 'coin': 1}
2026-09-03 09:07:56 [INFO] [RESULT] predict_one(pear002S(3).JPG, conf=0.01): 2 dets, classes={'pear': 1, 'coin': 1}
2026-09-03 09:07:56 [INFO] [RESULT] predict_one(pear002S(4).JPG, conf=0.01): 2 dets, classes={'pear': 1, 'coin': 1}
2026-09-03 09:07:56 [INFO] [RESULT] predict_one(pear002S(5).JPG, conf=0.01): 2 dets, classes={'pear': 1, 'coin': 1}
2026-09-03 09:07:56 [INFO] [RESULT] predict_one(pear002S(6).JPG, conf=0.01): 2 dets, classes={'pear': 1, 'coin': 1}
2026-09-03 09:07:56 [INFO] [RESULT] predict_one(pear002S(7).JPG, conf=0.01): 2 dets, classes={'pear': 1, 'coin': 1}
2026-09-03 09:07:56 [INFO] [RESULT] predict_one(pear002S(8).JPG, conf=0.01): 2 dets, classes={'pear': 1, 'coin': 1}
2026-09-03 09:07:56 [INFO] [RESULT] predict_one(pear002S(9).JPG, conf=0.01): 2 dets, classes={'pear': 1, 'coin': 1}
2026-09-03 09:07:56 [INFO] [RESULT] predict_one(pear002T(10).JPG, conf=0.01): 2 dets, classes={'pear': 1, 'coin': 1}
2026-09-03 09:07:56 [INFO] [RESULT] predict_one(pear002T(11).JPG, conf=0.01): 2 dets, classes={'pear': 1, 'coin': 1}
2026-09-03 09:07:56 [INFO] [RESULT] predict_one(pear002T(12).JPG, conf=0.01): 2 dets, classes={'pear': 1, 'coin': 1}
2026-09-03 09:07:56 [INFO] [RESULT] predict_one(pear002T(13).JPG, conf=0.01): 2 dets, classes={'pear': 1, 'coin': 1}
2026-09-03 09:07:56 [INFO] [RESULT] predict_one(pear002T(14).JPG, conf=0.01): 2 dets, classes={'pear': 1, 'coin': 1}
2026-09-03 09:07:56 [INFO] [RESULT] predict_one(pear002T(15).JPG, conf=0.01): 2 dets, classes={'pear': 1, 'coin': 1}
2026-09-03 09:07:56 [INFO] [RESULT] predict_one(pear002T(16).JPG, conf=0.01): 2 dets, classes={'pear': 1, 'coin': 1}
2026-09-03 09:07:56 [INFO] [RESULT] predict_one(pear002T(17).JPG, conf=0.01): 2 dets, classes={'pear': 1, 'coin': 1}
2026-09-03 09:07:56 [INFO] [RESULT] predict_one(pear002T(18).JPG, conf=0.01): 2 dets, classes={'pear': 1, 'coin': 1}
2026-09-03 09:07:56 [INFO] [RESULT] predict_one(pear002T(19).JPG, conf=0.01): 2 dets, classes={'pear': 1, 'coin': 1}
2026-09-03 09:07:56 [INFO] [RESULT] predict_one(pear002T(2).JPG, conf=0.01): 2 dets, classes={'pear': 1, 'coin': 1}
2026-09-03 09:07:56 [INFO] [RESULT] predict_one(pear002T(20).JPG, conf=0.01): 2 dets, classes={'pear': 1, 'coin': 1}
2026-09-03 09:07:56 [INFO] [RESULT] predict_one(pear002T(3).JPG, conf=0.01): 2 dets, classes={'pear': 1, 'coin': 1}
2026-09-03 09:07:56 [INFO] [RESULT] predict_one(pear002T(4).JPG, conf=0.01): 2 dets, classes={'pear': 1, 'coin': 1}
2026-09-03 09:07:56 [INFO] [RESULT] predict_one(pear002T(5).JPG, conf=0.01): 2 dets, classes={'pear': 1, 'coin': 1}
2026-09-03 09:07:56 [INFO] [RESULT] predict_one(pear002T(6).JPG, conf=0.01): 2 dets, classes={'pear': 1, 'coin': 1}
2026-09-03 09:07:56 [INFO] [RESULT] predict_one(pear002T(7).JPG, conf=0.01): 2 dets, classes={'pear': 1, 'coin': 1}
2026-09-03 09:07:56 [INFO] [RESULT] predict_one(pear002T(8).JPG, conf=0.01): 2 dets, classes={'pear': 1, 'coin': 1}
2026-09-03 09:07:56 [INFO] [RESULT] predict_one(pear002T(9).JPG, conf=0.01): 2 dets, classes={'pear': 1, 'coin': 1}
2026-09-03 09:07:56 [INFO] [RESULT] predict_one(pear003T(1).JPG, conf=0.01): 2 dets, classes={'pear': 1, 'coin': 1}
2026-09-03 09:07:56 [INFO] [RESULT] predict_one(pear003S(1).JPG, conf=0.01): 2 dets, classes={'pear': 1, 'coin': 1}
2026-09-03 09:07:56 [INFO] [RESULT] predict_one(pear003S(10).JPG, conf=0.01): 2 dets, classes={'pear': 1, 'coin': 1}
2026-09-03 09:07:56 [INFO] [RESULT] predict_one(pear003S(11).JPG, conf=0.01): 2 dets, classes={'pear': 1, 'coin': 1}
2026-09-03 09:07:56 [INFO] [RESULT] predict_one(pear003S(12).JPG, conf=0.01): 2 dets, classes={'pear': 1, 'coin': 1}
2026-09-03 09:07:56 [INFO] [RESULT] predict_one(pear003S(13).JPG, conf=0.01): 2 dets, classes={'pear': 1, 'coin': 1}
2026-09-03 09:07:56 [INFO] [RESULT] predict_one(pear003S(14).JPG, conf=0.01): 2 dets, classes={'pear': 1, 'coin': 1}
2026-09-03 09:07:56 [INFO] [RESULT] predict_one(pear003S(15).JPG, conf=0.01): 2 dets, classes={'pear': 1, 'coin': 1}
2026-09-03 09:07:56 [INFO] [RESULT] predict_one(pear003S(16).JPG, conf=0.01): 2 dets, classes={'pear': 1, 'coin': 1}
2026-09-03 09:07:56 [INFO] [RESULT] predict_one(pear003S(2).JPG, conf=0.01): 2 dets, classes={'pear': 1, 'coin': 1}
2026-09-03 09:07:56 [INFO] [RESULT] predict_one(pear003S(3).JPG, conf=0.01): 2 dets, classes={'pear': 1, 'coin': 1}
2026-09-03 09:07:56 [INFO] [RESULT] predict_one(pear003S(4).JPG, conf=0.01): 2 dets, classes={'pear': 1, 'coin': 1}
2026-09-03 09:07:56 [INFO] [RESULT] predict_one(pear003S(5).JPG, conf=0.01): 2 dets, classes={'pear': 1, 'coin': 1}
2026-09-03 09:07:56 [INFO] [RESULT] predict_one(pear003S(6).JPG, conf=0.01): 2 dets, classes={'pear': 1, 'coin': 1}
2026-09-03 09:07:56 [INFO] [RESULT] predict_one(pear003S(7).JPG, conf=0.01): 2 dets, classes={'pear': 1, 'coin': 1}
2026-09-03 09:07:56 [INFO] [RESULT] predict_one(pear003S(8).JPG, conf=0.01): 2 dets, classes={'pear': 1, 'coin': 1}
2026-09-03 09:07:56 [INFO] [RESULT] predict_one(pear003S(9).JPG, conf=0.01): 2 dets, classes={'pear': 1, 'coin': 1}
2026-09-03 09:07:57 [INFO] [RESULT] predict_one(pear003T(10).JPG, conf=0.01): 3 dets, classes={'pear': 1, 'coin': 2}
2026-09-03 09:07:57 [INFO] [RESULT] predict_one(pear003T(11).JPG, conf=0.01): 3 dets, classes={'pear': 1, 'coin': 2}
2026-09-03 09:07:57 [INFO] [RESULT] predict_one(pear003T(12).JPG, conf=0.01): 2 dets, classes={'pear': 1, 'coin': 1}
2026-09-03 09:07:57 [INFO] [RESULT] predict_one(pear003T(13).JPG, conf=0.01): 2 dets, classes={'pear': 1, 'coin': 1}
2026-09-03 09:07:57 [INFO] [RESULT] predict_one(pear003T(14).JPG, conf=0.01): 2 dets, classes={'pear': 1, 'coin': 1}
2026-09-03 09:07:57 [INFO] [RESULT] predict_one(pear003T(15).JPG, conf=0.01): 2 dets, classes={'pear': 1, 'coin': 1}
2026-09-03 09:07:57 [INFO] [RESULT] predict_one(pear003T(16).JPG, conf=0.01): 2 dets, classes={'pear': 1, 'coin': 1}
2026-09-03 09:07:57 [INFO] [RESULT] predict_one(pear003T(2).JPG, conf=0.01): 2 dets, classes={'pear': 1, 'coin': 1}
2026-09-03 09:07:57 [INFO] [RESULT] predict_one(pear003T(3).JPG, conf=0.01): 2 dets, classes={'pear': 1, 'coin': 1}
2026-09-03 09:07:57 [INFO] [RESULT] predict_one(pear003T(4).JPG, conf=0.01): 3 dets, classes={'pear': 1, 'coin': 2}
2026-09-03 09:07:57 [INFO] [RESULT] predict_one(pear003T(5).JPG, conf=0.01): 3 dets, classes={'pear': 1, 'coin': 2}
2026-09-03 09:07:57 [INFO] [RESULT] predict_one(pear003T(6).JPG, conf=0.01): 3 dets, classes={'pear': 1, 'coin': 2}
2026-09-03 09:07:57 [INFO] [RESULT] predict_one(pear003T(7).JPG, conf=0.01): 2 dets, classes={'pear': 1, 'coin': 1}
2026-09-03 09:07:57 [INFO] [RESULT] predict_one(pear003T(8).JPG, conf=0.01): 3 dets, classes={'pear': 1, 'coin': 2}
2026-09-03 09:07:57 [INFO] [RESULT] predict_one(pear003T(9).JPG, conf=0.01): 3 dets, classes={'pear': 1, 'coin': 2}
2026-09-03 09:07:57 [INFO] [RESULT] predict_one(plum001T(1).JPG, conf=0.01): 2 dets, classes={'plum': 1, 'coin': 1}
2026-09-03 09:07:57 [INFO] [RESULT] predict_one(plum001S(1).JPG, conf=0.01): 2 dets, classes={'plum': 1, 'coin': 1}
2026-09-03 09:07:57 [INFO] [RESULT] predict_one(plum001S(10).JPG, conf=0.01): 3 dets, classes={'plum': 1, 'coin': 2}
2026-09-03 09:07:57 [INFO] [RESULT] predict_one(plum001S(11).JPG, conf=0.01): 2 dets, classes={'plum': 1, 'coin': 1}
2026-09-03 09:07:57 [INFO] [RESULT] predict_one(plum001S(12).JPG, conf=0.01): 3 dets, classes={'plum': 1, 'coin': 2}
2026-09-03 09:07:57 [INFO] [RESULT] predict_one(plum001S(13).JPG, conf=0.01): 3 dets, classes={'plum': 1, 'coin': 2}
2026-09-03 09:07:57 [INFO] [RESULT] predict_one(plum001S(14).JPG, conf=0.01): 2 dets, classes={'plum': 1, 'coin': 1}
2026-09-03 09:07:57 [INFO] [RESULT] predict_one(plum001S(15).JPG, conf=0.01): 2 dets, classes={'plum': 1, 'coin': 1}
2026-09-03 09:07:57 [INFO] [RESULT] predict_one(plum001S(16).JPG, conf=0.01): 2 dets, classes={'plum': 1, 'coin': 1}
2026-09-03 09:07:57 [INFO] [RESULT] predict_one(plum001S(17).JPG, conf=0.01): 2 dets, classes={'plum': 1, 'coin': 1}
2026-09-03 09:07:57 [INFO] [RESULT] predict_one(plum001S(18).JPG, conf=0.01): 2 dets, classes={'plum': 1, 'coin': 1}
2026-09-03 09:07:57 [INFO] [RESULT] predict_one(plum001S(19).JPG, conf=0.01): 2 dets, classes={'plum': 1, 'coin': 1}
2026-09-03 09:07:57 [INFO] [RESULT] predict_one(plum001S(2).JPG, conf=0.01): 2 dets, classes={'plum': 1, 'coin': 1}
2026-09-03 09:07:57 [INFO] [RESULT] predict_one(plum001S(20).JPG, conf=0.01): 3 dets, classes={'plum': 1, 'coin': 2}
2026-09-03 09:07:57 [INFO] [RESULT] predict_one(plum001S(21).JPG, conf=0.01): 2 dets, classes={'plum': 1, 'coin': 1}
2026-09-03 09:07:57 [INFO] [RESULT] predict_one(plum001S(22).JPG, conf=0.01): 2 dets, classes={'plum': 1, 'coin': 1}
2026-09-03 09:07:57 [INFO] [RESULT] predict_one(plum001S(3).JPG, conf=0.01): 2 dets, classes={'plum': 1, 'coin': 1}
2026-09-03 09:07:57 [INFO] [RESULT] predict_one(plum001S(4).JPG, conf=0.01): 5 dets, classes={'plum': 2, 'coin': 2, 'qiwi': 1}
2026-09-03 09:07:57 [INFO] [RESULT] predict_one(plum001S(5).JPG, conf=0.01): 2 dets, classes={'plum': 1, 'coin': 1}
2026-09-03 09:07:57 [INFO] [RESULT] predict_one(plum001S(6).JPG, conf=0.01): 2 dets, classes={'plum': 1, 'coin': 1}
2026-09-03 09:07:57 [INFO] [RESULT] predict_one(plum001S(7).JPG, conf=0.01): 2 dets, classes={'plum': 1, 'coin': 1}
2026-09-03 09:07:57 [INFO] [RESULT] predict_one(plum001S(8).JPG, conf=0.01): 2 dets, classes={'plum': 1, 'coin': 1}
2026-09-03 09:07:57 [INFO] [RESULT] predict_one(plum001S(9).JPG, conf=0.01): 2 dets, classes={'plum': 1, 'coin': 1}
2026-09-03 09:07:57 [INFO] [RESULT] predict_one(plum001T(10).JPG, conf=0.01): 2 dets, classes={'plum': 1, 'coin': 1}
2026-09-03 09:07:57 [INFO] [RESULT] predict_one(plum001T(11).JPG, conf=0.01): 2 dets, classes={'plum': 1, 'coin': 1}
2026-09-03 09:07:57 [INFO] [RESULT] predict_one(plum001T(12).JPG, conf=0.01): 2 dets, classes={'plum': 1, 'coin': 1}
2026-09-03 09:07:57 [INFO] [RESULT] predict_one(plum001T(13).JPG, conf=0.01): 2 dets, classes={'plum': 1, 'coin': 1}
2026-09-03 09:07:57 [INFO] [RESULT] predict_one(plum001T(14).JPG, conf=0.01): 2 dets, classes={'plum': 1, 'coin': 1}
2026-09-03 09:07:57 [INFO] [RESULT] predict_one(plum001T(15).JPG, conf=0.01): 2 dets, classes={'plum': 1, 'coin': 1}
2026-09-03 09:07:57 [INFO] [RESULT] predict_one(plum001T(16).JPG, conf=0.01): 2 dets, classes={'plum': 1, 'coin': 1}
2026-09-03 09:07:57 [INFO] [RESULT] predict_one(plum001T(17).JPG, conf=0.01): 2 dets, classes={'plum': 1, 'coin': 1}
2026-09-03 09:07:57 [INFO] [RESULT] predict_one(plum001T(18).JPG, conf=0.01): 2 dets, classes={'plum': 1, 'coin': 1}
2026-09-03 09:07:57 [INFO] [RESULT] predict_one(plum001T(19).JPG, conf=0.01): 2 dets, classes={'plum': 1, 'coin': 1}
2026-09-03 09:07:58 [INFO] [RESULT] predict_one(plum001T(2).JPG, conf=0.01): 2 dets, classes={'plum': 1, 'coin': 1}
2026-09-03 09:07:58 [INFO] [RESULT] predict_one(plum001T(20).JPG, conf=0.01): 2 dets, classes={'plum': 1, 'coin': 1}
2026-09-03 09:07:58 [INFO] [RESULT] predict_one(plum001T(21).JPG, conf=0.01): 2 dets, classes={'plum': 1, 'coin': 1}
2026-09-03 09:07:58 [INFO] [RESULT] predict_one(plum001T(22).JPG, conf=0.01): 2 dets, classes={'plum': 1, 'coin': 1}
2026-09-03 09:07:58 [INFO] [RESULT] predict_one(plum001T(3).JPG, conf=0.01): 2 dets, classes={'plum': 1, 'coin': 1}
2026-09-03 09:07:58 [INFO] [RESULT] predict_one(plum001T(4).JPG, conf=0.01): 2 dets, classes={'plum': 1, 'coin': 1}
2026-09-03 09:07:58 [INFO] [RESULT] predict_one(plum001T(5).JPG, conf=0.01): 2 dets, classes={'plum': 1, 'coin': 1}
2026-09-03 09:07:58 [INFO] [RESULT] predict_one(plum001T(6).JPG, conf=0.01): 2 dets, classes={'plum': 1, 'coin': 1}
2026-09-03 09:07:58 [INFO] [RESULT] predict_one(plum001T(7).JPG, conf=0.01): 2 dets, classes={'plum': 1, 'coin': 1}
2026-09-03 09:07:58 [INFO] [RESULT] predict_one(plum001T(8).JPG, conf=0.01): 2 dets, classes={'plum': 1, 'coin': 1}
2026-09-03 09:07:58 [INFO] [RESULT] predict_one(plum001T(9).JPG, conf=0.01): 2 dets, classes={'plum': 1, 'coin': 1}
2026-09-03 09:07:58 [INFO] [RESULT] predict_one(plum002T(1).JPG, conf=0.01): 2 dets, classes={'plum': 1, 'coin': 1}
2026-09-03 09:07:58 [INFO] [RESULT] predict_one(plum002S(1).JPG, conf=0.01): 2 dets, classes={'plum': 1, 'coin': 1}
2026-09-03 09:07:58 [INFO] [RESULT] predict_one(plum002S(10).JPG, conf=0.01): 2 dets, classes={'plum': 1, 'coin': 1}
2026-09-03 09:07:58 [INFO] [RESULT] predict_one(plum002S(11).JPG, conf=0.01): 2 dets, classes={'plum': 1, 'coin': 1}
2026-09-03 09:07:58 [INFO] [RESULT] predict_one(plum002S(12).JPG, conf=0.01): 2 dets, classes={'plum': 1, 'coin': 1}
2026-09-03 09:07:58 [INFO] [RESULT] predict_one(plum002S(13).JPG, conf=0.01): 2 dets, classes={'plum': 1, 'coin': 1}
2026-09-03 09:07:58 [INFO] [RESULT] predict_one(plum002S(14).JPG, conf=0.01): 2 dets, classes={'plum': 1, 'coin': 1}
2026-09-03 09:07:58 [INFO] [RESULT] predict_one(plum002S(15).JPG, conf=0.01): 2 dets, classes={'plum': 1, 'coin': 1}
2026-09-03 09:07:58 [INFO] [RESULT] predict_one(plum002S(16).JPG, conf=0.01): 2 dets, classes={'plum': 1, 'coin': 1}
2026-09-03 09:07:58 [INFO] [RESULT] predict_one(plum002S(17).JPG, conf=0.01): 2 dets, classes={'plum': 1, 'coin': 1}
2026-09-03 09:07:58 [INFO] [RESULT] predict_one(plum002S(18).JPG, conf=0.01): 2 dets, classes={'plum': 1, 'coin': 1}
2026-09-03 09:07:58 [INFO] [RESULT] predict_one(plum002S(19).JPG, conf=0.01): 2 dets, classes={'plum': 1, 'coin': 1}
2026-09-03 09:07:58 [INFO] [RESULT] predict_one(plum002S(2).JPG, conf=0.01): 2 dets, classes={'plum': 1, 'coin': 1}
2026-09-03 09:07:58 [INFO] [RESULT] predict_one(plum002S(3).JPG, conf=0.01): 2 dets, classes={'plum': 1, 'coin': 1}
2026-09-03 09:07:58 [INFO] [RESULT] predict_one(plum002S(4).JPG, conf=0.01): 2 dets, classes={'plum': 1, 'coin': 1}
2026-09-03 09:07:58 [INFO] [RESULT] predict_one(plum002S(5).JPG, conf=0.01): 2 dets, classes={'plum': 1, 'coin': 1}
2026-09-03 09:07:58 [INFO] [RESULT] predict_one(plum002S(6).JPG, conf=0.01): 2 dets, classes={'plum': 1, 'coin': 1}
2026-09-03 09:07:58 [INFO] [RESULT] predict_one(plum002S(7).JPG, conf=0.01): 2 dets, classes={'plum': 1, 'coin': 1}
2026-09-03 09:07:58 [INFO] [RESULT] predict_one(plum002S(8).JPG, conf=0.01): 2 dets, classes={'plum': 1, 'coin': 1}
2026-09-03 09:07:58 [INFO] [RESULT] predict_one(plum002S(9).JPG, conf=0.01): 2 dets, classes={'plum': 1, 'coin': 1}
2026-09-03 09:07:58 [INFO] [RESULT] predict_one(plum002T(10).JPG, conf=0.01): 2 dets, classes={'plum': 1, 'coin': 1}
2026-09-03 09:07:58 [INFO] [RESULT] predict_one(plum002T(11).JPG, conf=0.01): 2 dets, classes={'plum': 1, 'coin': 1}
2026-09-03 09:07:58 [INFO] [RESULT] predict_one(plum002T(12).JPG, conf=0.01): 2 dets, classes={'plum': 1, 'coin': 1}
2026-09-03 09:07:58 [INFO] [RESULT] predict_one(plum002T(13).JPG, conf=0.01): 2 dets, classes={'plum': 1, 'coin': 1}
2026-09-03 09:07:58 [INFO] [RESULT] predict_one(plum002T(14).JPG, conf=0.01): 2 dets, classes={'plum': 1, 'coin': 1}
2026-09-03 09:07:58 [INFO] [RESULT] predict_one(plum002T(15).JPG, conf=0.01): 2 dets, classes={'plum': 1, 'coin': 1}
2026-09-03 09:07:58 [INFO] [RESULT] predict_one(plum002T(16).JPG, conf=0.01): 2 dets, classes={'plum': 1, 'coin': 1}
2026-09-03 09:07:58 [INFO] [RESULT] predict_one(plum002T(17).JPG, conf=0.01): 2 dets, classes={'plum': 1, 'coin': 1}
2026-09-03 09:07:58 [INFO] [RESULT] predict_one(plum002T(18).JPG, conf=0.01): 2 dets, classes={'plum': 1, 'coin': 1}
2026-09-03 09:07:58 [INFO] [RESULT] predict_one(plum002T(19).JPG, conf=0.01): 2 dets, classes={'plum': 1, 'coin': 1}
2026-09-03 09:07:58 [INFO] [RESULT] predict_one(plum002T(2).JPG, conf=0.01): 2 dets, classes={'plum': 1, 'coin': 1}
2026-09-03 09:07:58 [INFO] [RESULT] predict_one(plum002T(3).JPG, conf=0.01): 2 dets, classes={'plum': 1, 'coin': 1}
2026-09-03 09:07:58 [INFO] [RESULT] predict_one(plum002T(4).JPG, conf=0.01): 2 dets, classes={'plum': 1, 'coin': 1}
2026-09-03 09:07:58 [INFO] [RESULT] predict_one(plum002T(5).JPG, conf=0.01): 2 dets, classes={'plum': 1, 'coin': 1}
2026-09-03 09:07:58 [INFO] [RESULT] predict_one(plum002T(6).JPG, conf=0.01): 2 dets, classes={'plum': 1, 'coin': 1}
2026-09-03 09:07:58 [INFO] [RESULT] predict_one(plum002T(7).JPG, conf=0.01): 2 dets, classes={'plum': 1, 'coin': 1}
2026-09-03 09:07:58 [INFO] [RESULT] predict_one(plum002T(8).JPG, conf=0.01): 2 dets, classes={'plum': 1, 'coin': 1}
2026-09-03 09:07:58 [INFO] [RESULT] predict_one(plum002T(9).JPG, conf=0.01): 2 dets, classes={'plum': 1, 'coin': 1}
2026-09-03 09:07:58 [INFO] [RESULT] predict_one(qiwi001T(1).JPG, conf=0.01): 2 dets, classes={'qiwi': 1, 'coin': 1}
2026-09-03 09:07:59 [INFO] [RESULT] predict_one(qiwi001S(1).JPG, conf=0.01): 2 dets, classes={'qiwi': 1, 'coin': 1}
2026-09-03 09:07:59 [INFO] [RESULT] predict_one(qiwi001S(2).JPG, conf=0.01): 2 dets, classes={'qiwi': 1, 'coin': 1}
2026-09-03 09:07:59 [INFO] [RESULT] predict_one(qiwi001S(3).JPG, conf=0.01): 2 dets, classes={'qiwi': 1, 'coin': 1}
2026-09-03 09:07:59 [INFO] [RESULT] predict_one(qiwi001S(4).JPG, conf=0.01): 2 dets, classes={'qiwi': 1, 'coin': 1}
2026-09-03 09:07:59 [INFO] [RESULT] predict_one(qiwi001T(2).JPG, conf=0.01): 2 dets, classes={'qiwi': 1, 'coin': 1}
2026-09-03 09:07:59 [INFO] [RESULT] predict_one(qiwi001T(3).JPG, conf=0.01): 2 dets, classes={'qiwi': 1, 'coin': 1}
2026-09-03 09:07:59 [INFO] [RESULT] predict_one(qiwi001T(4).JPG, conf=0.01): 3 dets, classes={'qiwi': 1, 'coin': 2}
2026-09-03 09:07:59 [INFO] [RESULT] predict_one(qiwi002T(1).JPG, conf=0.01): 2 dets, classes={'qiwi': 1, 'coin': 1}
2026-09-03 09:07:59 [INFO] [RESULT] predict_one(qiwi002S(1).JPG, conf=0.01): 2 dets, classes={'qiwi': 1, 'coin': 1}
2026-09-03 09:07:59 [INFO] [RESULT] predict_one(qiwi002S(2).JPG, conf=0.01): 2 dets, classes={'qiwi': 1, 'coin': 1}
2026-09-03 09:07:59 [INFO] [RESULT] predict_one(qiwi002S(3).JPG, conf=0.01): 2 dets, classes={'qiwi': 1, 'coin': 1}
2026-09-03 09:07:59 [INFO] [RESULT] predict_one(qiwi002T(2).JPG, conf=0.01): 2 dets, classes={'qiwi': 1, 'coin': 1}
2026-09-03 09:07:59 [INFO] [RESULT] predict_one(qiwi002T(3).JPG, conf=0.01): 2 dets, classes={'qiwi': 1, 'coin': 1}
2026-09-03 09:07:59 [INFO] [RESULT] predict_one(qiwi003T(1).JPG, conf=0.01): 2 dets, classes={'qiwi': 1, 'coin': 1}
2026-09-03 09:07:59 [INFO] [RESULT] predict_one(qiwi003S(1).JPG, conf=0.01): 2 dets, classes={'qiwi': 1, 'coin': 1}
2026-09-03 09:07:59 [INFO] [RESULT] predict_one(qiwi003S(2).JPG, conf=0.01): 2 dets, classes={'qiwi': 1, 'coin': 1}
2026-09-03 09:07:59 [INFO] [RESULT] predict_one(qiwi003S(3).JPG, conf=0.01): 2 dets, classes={'qiwi': 1, 'coin': 1}
2026-09-03 09:07:59 [INFO] [RESULT] predict_one(qiwi003S(4).JPG, conf=0.01): 2 dets, classes={'qiwi': 1, 'coin': 1}
2026-09-03 09:07:59 [INFO] [RESULT] predict_one(qiwi003T(2).JPG, conf=0.01): 2 dets, classes={'qiwi': 1, 'coin': 1}
2026-09-03 09:07:59 [INFO] [RESULT] predict_one(qiwi003T(3).JPG, conf=0.01): 2 dets, classes={'qiwi': 1, 'coin': 1}
2026-09-03 09:07:59 [INFO] [RESULT] predict_one(qiwi003T(4).JPG, conf=0.01): 3 dets, classes={'qiwi': 1, 'coin': 1, 'grape': 1}
2026-09-03 09:07:59 [INFO] [RESULT] predict_one(qiwi004T(1).JPG, conf=0.01): 2 dets, classes={'qiwi': 1, 'coin': 1}
2026-09-03 09:07:59 [INFO] [RESULT] predict_one(qiwi004S(1).JPG, conf=0.01): 2 dets, classes={'qiwi': 1, 'coin': 1}
2026-09-03 09:07:59 [INFO] [RESULT] predict_one(qiwi004S(2).JPG, conf=0.01): 2 dets, classes={'qiwi': 1, 'coin': 1}
2026-09-03 09:07:59 [INFO] [RESULT] predict_one(qiwi004S(3).JPG, conf=0.01): 2 dets, classes={'qiwi': 1, 'coin': 1}
2026-09-03 09:07:59 [INFO] [RESULT] predict_one(qiwi004S(4).JPG, conf=0.01): 2 dets, classes={'qiwi': 1, 'coin': 1}
2026-09-03 09:07:59 [INFO] [RESULT] predict_one(qiwi004S(5).JPG, conf=0.01): 2 dets, classes={'qiwi': 1, 'coin': 1}
2026-09-03 09:07:59 [INFO] [RESULT] predict_one(qiwi004S(6).JPG, conf=0.01): 2 dets, classes={'qiwi': 1, 'coin': 1}
2026-09-03 09:07:59 [INFO] [RESULT] predict_one(qiwi004S(7).JPG, conf=0.01): 2 dets, classes={'qiwi': 1, 'coin': 1}
2026-09-03 09:07:59 [INFO] [RESULT] predict_one(qiwi004S(8).JPG, conf=0.01): 2 dets, classes={'qiwi': 1, 'coin': 1}
2026-09-03 09:07:59 [INFO] [RESULT] predict_one(qiwi004T(2).JPG, conf=0.01): 2 dets, classes={'qiwi': 1, 'coin': 1}
2026-09-03 09:07:59 [INFO] [RESULT] predict_one(qiwi004T(3).JPG, conf=0.01): 2 dets, classes={'qiwi': 1, 'coin': 1}
2026-09-03 09:07:59 [INFO] [RESULT] predict_one(qiwi004T(4).JPG, conf=0.01): 2 dets, classes={'qiwi': 1, 'coin': 1}
2026-09-03 09:07:59 [INFO] [RESULT] predict_one(qiwi004T(5).JPG, conf=0.01): 3 dets, classes={'qiwi': 2, 'coin': 1}
2026-09-03 09:07:59 [INFO] [RESULT] predict_one(qiwi004T(6).JPG, conf=0.01): 2 dets, classes={'qiwi': 1, 'coin': 1}
2026-09-03 09:07:59 [INFO] [RESULT] predict_one(qiwi004T(7).JPG, conf=0.01): 2 dets, classes={'qiwi': 1, 'coin': 1}
2026-09-03 09:07:59 [INFO] [RESULT] predict_one(qiwi004T(8).JPG, conf=0.01): 3 dets, classes={'qiwi': 1, 'coin': 1, 'banana': 1}
2026-09-03 09:07:59 [INFO] [RESULT] predict_one(sachima001T(1).JPG, conf=0.01): 2 dets, classes={'sachima': 1, 'coin': 1}
2026-09-03 09:07:59 [INFO] [RESULT] predict_one(sachima001S(1).JPG, conf=0.01): 2 dets, classes={'sachima': 1, 'coin': 1}
2026-09-03 09:07:59 [INFO] [RESULT] predict_one(sachima001S(10).JPG, conf=0.01): 2 dets, classes={'sachima': 1, 'coin': 1}
2026-09-03 09:07:59 [INFO] [RESULT] predict_one(sachima001S(11).JPG, conf=0.01): 2 dets, classes={'sachima': 1, 'coin': 1}
2026-09-03 09:07:59 [INFO] [RESULT] predict_one(sachima001S(12).JPG, conf=0.01): 3 dets, classes={'sachima': 1, 'coin': 2}
2026-09-03 09:07:59 [INFO] [RESULT] predict_one(sachima001S(2).JPG, conf=0.01): 2 dets, classes={'sachima': 1, 'coin': 1}
2026-09-03 09:07:59 [INFO] [RESULT] predict_one(sachima001S(3).JPG, conf=0.01): 2 dets, classes={'sachima': 1, 'coin': 1}
2026-09-03 09:07:59 [INFO] [RESULT] predict_one(sachima001S(4).JPG, conf=0.01): 2 dets, classes={'sachima': 1, 'coin': 1}
2026-09-03 09:07:59 [INFO] [RESULT] predict_one(sachima001S(5).JPG, conf=0.01): 2 dets, classes={'sachima': 1, 'coin': 1}
2026-09-03 09:07:59 [INFO] [RESULT] predict_one(sachima001S(6).JPG, conf=0.01): 2 dets, classes={'sachima': 1, 'coin': 1}
2026-09-03 09:07:59 [INFO] [RESULT] predict_one(sachima001S(7).JPG, conf=0.01): 2 dets, classes={'sachima': 1, 'coin': 1}
2026-09-03 09:07:59 [INFO] [RESULT] predict_one(sachima001S(8).JPG, conf=0.01): 2 dets, classes={'sachima': 1, 'coin': 1}
2026-09-03 09:08:00 [INFO] [RESULT] predict_one(sachima001S(9).JPG, conf=0.01): 2 dets, classes={'sachima': 1, 'coin': 1}
2026-09-03 09:08:00 [INFO] [RESULT] predict_one(sachima001T(10).JPG, conf=0.01): 2 dets, classes={'sachima': 1, 'coin': 1}
2026-09-03 09:08:00 [INFO] [RESULT] predict_one(sachima001T(11).JPG, conf=0.01): 2 dets, classes={'sachima': 1, 'coin': 1}
2026-09-03 09:08:00 [INFO] [RESULT] predict_one(sachima001T(12).JPG, conf=0.01): 2 dets, classes={'sachima': 1, 'coin': 1}
2026-09-03 09:08:00 [INFO] [RESULT] predict_one(sachima001T(2).JPG, conf=0.01): 2 dets, classes={'sachima': 1, 'coin': 1}
2026-09-03 09:08:00 [INFO] [RESULT] predict_one(sachima001T(3).JPG, conf=0.01): 2 dets, classes={'sachima': 1, 'coin': 1}
2026-09-03 09:08:00 [INFO] [RESULT] predict_one(sachima001T(4).JPG, conf=0.01): 2 dets, classes={'sachima': 1, 'coin': 1}
2026-09-03 09:08:00 [INFO] [RESULT] predict_one(sachima001T(5).JPG, conf=0.01): 2 dets, classes={'sachima': 1, 'coin': 1}
2026-09-03 09:08:00 [INFO] [RESULT] predict_one(sachima001T(6).JPG, conf=0.01): 2 dets, classes={'sachima': 1, 'coin': 1}
2026-09-03 09:08:00 [INFO] [RESULT] predict_one(sachima001T(7).JPG, conf=0.01): 2 dets, classes={'sachima': 1, 'coin': 1}
2026-09-03 09:08:00 [INFO] [RESULT] predict_one(sachima001T(8).JPG, conf=0.01): 2 dets, classes={'sachima': 1, 'coin': 1}
2026-09-03 09:08:00 [INFO] [RESULT] predict_one(sachima001T(9).JPG, conf=0.01): 2 dets, classes={'sachima': 1, 'coin': 1}
2026-09-03 09:08:00 [INFO] [RESULT] predict_one(sachima002T(1).JPG, conf=0.01): 2 dets, classes={'sachima': 1, 'coin': 1}
2026-09-03 09:08:00 [INFO] [RESULT] predict_one(sachima002S(1).JPG, conf=0.01): 2 dets, classes={'sachima': 1, 'coin': 1}
2026-09-03 09:08:00 [INFO] [RESULT] predict_one(sachima002S(10).JPG, conf=0.01): 2 dets, classes={'sachima': 1, 'coin': 1}
2026-09-03 09:08:00 [INFO] [RESULT] predict_one(sachima002S(11).JPG, conf=0.01): 2 dets, classes={'sachima': 1, 'coin': 1}
2026-09-03 09:08:00 [INFO] [RESULT] predict_one(sachima002S(12).JPG, conf=0.01): 2 dets, classes={'sachima': 1, 'coin': 1}
2026-09-03 09:08:00 [INFO] [RESULT] predict_one(sachima002S(13).JPG, conf=0.01): 2 dets, classes={'sachima': 1, 'coin': 1}
2026-09-03 09:08:00 [INFO] [RESULT] predict_one(sachima002S(14).JPG, conf=0.01): 2 dets, classes={'sachima': 1, 'coin': 1}
2026-09-03 09:08:00 [INFO] [RESULT] predict_one(sachima002S(15).JPG, conf=0.01): 2 dets, classes={'sachima': 1, 'coin': 1}
2026-09-03 09:08:00 [INFO] [RESULT] predict_one(sachima002S(2).JPG, conf=0.01): 2 dets, classes={'sachima': 1, 'coin': 1}
2026-09-03 09:08:00 [INFO] [RESULT] predict_one(sachima002S(3).JPG, conf=0.01): 2 dets, classes={'sachima': 1, 'coin': 1}
2026-09-03 09:08:00 [INFO] [RESULT] predict_one(sachima002S(4).JPG, conf=0.01): 2 dets, classes={'sachima': 1, 'coin': 1}
2026-09-03 09:08:00 [INFO] [RESULT] predict_one(sachima002S(5).JPG, conf=0.01): 2 dets, classes={'sachima': 1, 'coin': 1}
2026-09-03 09:08:00 [INFO] [RESULT] predict_one(sachima002S(6).JPG, conf=0.01): 2 dets, classes={'sachima': 1, 'coin': 1}
2026-09-03 09:08:00 [INFO] [RESULT] predict_one(sachima002S(7).JPG, conf=0.01): 2 dets, classes={'sachima': 1, 'coin': 1}
2026-09-03 09:08:00 [INFO] [RESULT] predict_one(sachima002S(8).JPG, conf=0.01): 2 dets, classes={'sachima': 1, 'coin': 1}
2026-09-03 09:08:00 [INFO] [RESULT] predict_one(sachima002S(9).JPG, conf=0.01): 2 dets, classes={'sachima': 1, 'coin': 1}
2026-09-03 09:08:00 [INFO] [RESULT] predict_one(sachima002T(10).JPG, conf=0.01): 2 dets, classes={'sachima': 1, 'coin': 1}
2026-09-03 09:08:00 [INFO] [RESULT] predict_one(sachima002T(11).JPG, conf=0.01): 2 dets, classes={'sachima': 1, 'coin': 1}
2026-09-03 09:08:00 [INFO] [RESULT] predict_one(sachima002T(12).JPG, conf=0.01): 2 dets, classes={'sachima': 1, 'coin': 1}
2026-09-03 09:08:00 [INFO] [RESULT] predict_one(sachima002T(13).JPG, conf=0.01): 2 dets, classes={'sachima': 1, 'coin': 1}
2026-09-03 09:08:00 [INFO] [RESULT] predict_one(sachima002T(14).JPG, conf=0.01): 2 dets, classes={'sachima': 1, 'coin': 1}
2026-09-03 09:08:00 [INFO] [RESULT] predict_one(sachima002T(15).JPG, conf=0.01): 2 dets, classes={'sachima': 1, 'coin': 1}
2026-09-03 09:08:00 [INFO] [RESULT] predict_one(sachima002T(2).JPG, conf=0.01): 2 dets, classes={'sachima': 1, 'coin': 1}
2026-09-03 09:08:00 [INFO] [RESULT] predict_one(sachima002T(3).JPG, conf=0.01): 2 dets, classes={'sachima': 1, 'coin': 1}
2026-09-03 09:08:00 [INFO] [RESULT] predict_one(sachima002T(4).JPG, conf=0.01): 2 dets, classes={'sachima': 1, 'coin': 1}
2026-09-03 09:08:00 [INFO] [RESULT] predict_one(sachima002T(5).JPG, conf=0.01): 2 dets, classes={'sachima': 1, 'coin': 1}
2026-09-03 09:08:00 [INFO] [RESULT] predict_one(sachima002T(6).JPG, conf=0.01): 2 dets, classes={'sachima': 1, 'coin': 1}
2026-09-03 09:08:00 [INFO] [RESULT] predict_one(sachima002T(7).JPG, conf=0.01): 2 dets, classes={'sachima': 1, 'coin': 1}
2026-09-03 09:08:00 [INFO] [RESULT] predict_one(sachima002T(8).JPG, conf=0.01): 2 dets, classes={'sachima': 1, 'coin': 1}
2026-09-03 09:08:00 [INFO] [RESULT] predict_one(sachima002T(9).JPG, conf=0.01): 2 dets, classes={'sachima': 1, 'coin': 1}
2026-09-03 09:08:00 [INFO] [RESULT] predict_one(tomato001T(1).JPG, conf=0.01): 2 dets, classes={'tomato': 1, 'coin': 1}
2026-09-03 09:08:00 [INFO] [RESULT] predict_one(tomato001S(1).JPG, conf=0.01): 2 dets, classes={'tomato': 1, 'coin': 1}
2026-09-03 09:08:00 [INFO] [RESULT] predict_one(tomato001S(10).JPG, conf=0.01): 2 dets, classes={'tomato': 1, 'coin': 1}
2026-09-03 09:08:00 [INFO] [RESULT] predict_one(tomato001S(2).JPG, conf=0.01): 2 dets, classes={'tomato': 1, 'coin': 1}
2026-09-03 09:08:00 [INFO] [RESULT] predict_one(tomato001S(3).JPG, conf=0.01): 2 dets, classes={'tomato': 1, 'coin': 1}
2026-09-03 09:08:00 [INFO] [RESULT] predict_one(tomato001S(4).JPG, conf=0.01): 2 dets, classes={'tomato': 1, 'coin': 1}
2026-09-03 09:08:00 [INFO] [RESULT] predict_one(tomato001S(5).JPG, conf=0.01): 2 dets, classes={'tomato': 1, 'coin': 1}
2026-09-03 09:08:00 [INFO] [RESULT] predict_one(tomato001S(6).JPG, conf=0.01): 2 dets, classes={'tomato': 1, 'coin': 1}
2026-09-03 09:08:00 [INFO] [RESULT] predict_one(tomato001S(7).JPG, conf=0.01): 3 dets, classes={'tomato': 1, 'coin': 2}
2026-09-03 09:08:00 [INFO] [RESULT] predict_one(tomato001S(8).JPG, conf=0.01): 2 dets, classes={'tomato': 1, 'coin': 1}
2026-09-03 09:08:01 [INFO] [RESULT] predict_one(tomato001S(9).JPG, conf=0.01): 2 dets, classes={'tomato': 1, 'coin': 1}
2026-09-03 09:08:01 [INFO] [RESULT] predict_one(tomato001T(10).JPG, conf=0.01): 2 dets, classes={'tomato': 1, 'coin': 1}
2026-09-03 09:08:01 [INFO] [RESULT] predict_one(tomato001T(2).JPG, conf=0.01): 2 dets, classes={'tomato': 1, 'coin': 1}
2026-09-03 09:08:01 [INFO] [RESULT] predict_one(tomato001T(3).JPG, conf=0.01): 2 dets, classes={'tomato': 1, 'coin': 1}
2026-09-03 09:08:01 [INFO] [RESULT] predict_one(tomato001T(4).JPG, conf=0.01): 2 dets, classes={'tomato': 1, 'coin': 1}
2026-09-03 09:08:01 [INFO] [RESULT] predict_one(tomato001T(5).JPG, conf=0.01): 2 dets, classes={'tomato': 1, 'coin': 1}
2026-09-03 09:08:01 [INFO] [RESULT] predict_one(tomato001T(6).JPG, conf=0.01): 2 dets, classes={'tomato': 1, 'coin': 1}
2026-09-03 09:08:01 [INFO] [RESULT] predict_one(tomato001T(7).JPG, conf=0.01): 2 dets, classes={'tomato': 1, 'coin': 1}
2026-09-03 09:08:01 [INFO] [RESULT] predict_one(tomato001T(8).JPG, conf=0.01): 2 dets, classes={'tomato': 1, 'coin': 1}
2026-09-03 09:08:01 [INFO] [RESULT] predict_one(tomato001T(9).JPG, conf=0.01): 2 dets, classes={'tomato': 1, 'coin': 1}
2026-09-03 09:08:01 [INFO] [RESULT] predict_one(tomato002T(1).JPG, conf=0.01): 2 dets, classes={'tomato': 1, 'coin': 1}
2026-09-03 09:08:01 [INFO] [RESULT] predict_one(tomato002S(1).JPG, conf=0.01): 2 dets, classes={'tomato': 1, 'coin': 1}
2026-09-03 09:08:01 [INFO] [RESULT] predict_one(tomato002S(10).JPG, conf=0.01): 2 dets, classes={'tomato': 1, 'coin': 1}
2026-09-03 09:08:01 [INFO] [RESULT] predict_one(tomato002S(11).JPG, conf=0.01): 2 dets, classes={'tomato': 1, 'coin': 1}
2026-09-03 09:08:01 [INFO] [RESULT] predict_one(tomato002S(12).JPG, conf=0.01): 2 dets, classes={'tomato': 1, 'coin': 1}
2026-09-03 09:08:01 [INFO] [RESULT] predict_one(tomato002S(13).JPG, conf=0.01): 3 dets, classes={'tomato': 1, 'coin': 2}
2026-09-03 09:08:01 [INFO] [RESULT] predict_one(tomato002S(14).JPG, conf=0.01): 2 dets, classes={'tomato': 1, 'coin': 1}
2026-09-03 09:08:01 [INFO] [RESULT] predict_one(tomato002S(15).JPG, conf=0.01): 2 dets, classes={'tomato': 1, 'coin': 1}
2026-09-03 09:08:01 [INFO] [RESULT] predict_one(tomato002S(2).JPG, conf=0.01): 3 dets, classes={'tomato': 1, 'coin': 2}
2026-09-03 09:08:01 [INFO] [RESULT] predict_one(tomato002S(3).JPG, conf=0.01): 2 dets, classes={'tomato': 1, 'coin': 1}
2026-09-03 09:08:01 [INFO] [RESULT] predict_one(tomato002S(4).JPG, conf=0.01): 2 dets, classes={'tomato': 1, 'coin': 1}
2026-09-03 09:08:01 [INFO] [RESULT] predict_one(tomato002S(5).JPG, conf=0.01): 3 dets, classes={'tomato': 1, 'coin': 2}
2026-09-03 09:08:01 [INFO] [RESULT] predict_one(tomato002S(6).JPG, conf=0.01): 2 dets, classes={'tomato': 1, 'coin': 1}
2026-09-03 09:08:01 [INFO] [RESULT] predict_one(tomato002S(7).JPG, conf=0.01): 2 dets, classes={'coin': 1, 'tomato': 1}
2026-09-03 09:08:01 [INFO] [RESULT] predict_one(tomato002S(8).JPG, conf=0.01): 2 dets, classes={'tomato': 1, 'coin': 1}
2026-09-03 09:08:01 [INFO] [RESULT] predict_one(tomato002S(9).JPG, conf=0.01): 2 dets, classes={'tomato': 1, 'coin': 1}
2026-09-03 09:08:01 [INFO] [RESULT] predict_one(tomato002T(10).JPG, conf=0.01): 2 dets, classes={'tomato': 1, 'coin': 1}
2026-09-03 09:08:01 [INFO] [RESULT] predict_one(tomato002T(11).JPG, conf=0.01): 4 dets, classes={'tomato': 1, 'coin': 2, 'banana': 1}
2026-09-03 09:08:01 [INFO] [RESULT] predict_one(tomato002T(12).JPG, conf=0.01): 2 dets, classes={'tomato': 1, 'coin': 1}
2026-09-03 09:08:01 [INFO] [RESULT] predict_one(tomato002T(13).JPG, conf=0.01): 5 dets, classes={'tomato': 1, 'coin': 4}
2026-09-03 09:08:01 [INFO] [RESULT] predict_one(tomato002T(14).JPG, conf=0.01): 2 dets, classes={'tomato': 1, 'coin': 1}
2026-09-03 09:08:01 [INFO] [RESULT] predict_one(tomato002T(15).JPG, conf=0.01): 2 dets, classes={'tomato': 1, 'coin': 1}
2026-09-03 09:08:01 [INFO] [RESULT] predict_one(tomato002T(2).JPG, conf=0.01): 2 dets, classes={'tomato': 1, 'coin': 1}
2026-09-03 09:08:01 [INFO] [RESULT] predict_one(tomato002T(3).JPG, conf=0.01): 2 dets, classes={'tomato': 1, 'coin': 1}
2026-09-03 09:08:01 [INFO] [RESULT] predict_one(tomato002T(4).JPG, conf=0.01): 2 dets, classes={'tomato': 1, 'coin': 1}
2026-09-03 09:08:01 [INFO] [RESULT] predict_one(tomato002T(5).JPG, conf=0.01): 2 dets, classes={'tomato': 1, 'coin': 1}
2026-09-03 09:08:01 [INFO] [RESULT] predict_one(tomato002T(6).JPG, conf=0.01): 4 dets, classes={'tomato': 1, 'coin': 3}
2026-09-03 09:08:01 [INFO] [RESULT] predict_one(tomato002T(7).JPG, conf=0.01): 2 dets, classes={'tomato': 1, 'coin': 1}
2026-09-03 09:08:01 [INFO] [RESULT] predict_one(tomato002T(8).JPG, conf=0.01): 2 dets, classes={'tomato': 1, 'coin': 1}
2026-09-03 09:08:01 [INFO] [RESULT] predict_one(tomato002T(9).JPG, conf=0.01): 2 dets, classes={'tomato': 1, 'coin': 1}
2026-09-03 09:08:01 [INFO]   Train samples processed: 6772
2026-09-03 09:08:01 [INFO]   Beta calibration done: 19 classes -> betas_train_conf30.json
2026-09-03 09:08:01 [INFO]   Split 'test_final': 928/928 images resolved
2026-09-03 09:08:01 [INFO]   (top, side) pairs: 6398
2026-09-03 09:08:01 [INFO] [RESULT] predict_one(apple017T(1).JPG, conf=0.01): 2 dets, classes={'apple': 1, 'coin': 1}
2026-09-03 09:08:01 [INFO] [RESULT] predict_one(apple017S(1).JPG, conf=0.01): 2 dets, classes={'coin': 1, 'apple': 1}
2026-09-03 09:08:01 [INFO] [RESULT] predict_one(apple017S(10).JPG, conf=0.01): 2 dets, classes={'apple': 1, 'coin': 1}
2026-09-03 09:08:01 [INFO] [RESULT] predict_one(apple017S(11).JPG, conf=0.01): 2 dets, classes={'apple': 1, 'coin': 1}
2026-09-03 09:08:01 [INFO] [RESULT] predict_one(apple017S(12).JPG, conf=0.01): 2 dets, classes={'apple': 1, 'coin': 1}
2026-09-03 09:08:01 [INFO] [RESULT] predict_one(apple017S(13).JPG, conf=0.01): 2 dets, classes={'apple': 1, 'coin': 1}
2026-09-03 09:08:01 [INFO] [RESULT] predict_one(apple017S(14).JPG, conf=0.01): 2 dets, classes={'apple': 1, 'coin': 1}
2026-09-03 09:08:01 [INFO] [RESULT] predict_one(apple017S(15).JPG, conf=0.01): 2 dets, classes={'apple': 1, 'coin': 1}
2026-09-03 09:08:01 [INFO] [RESULT] predict_one(apple017S(16).JPG, conf=0.01): 2 dets, classes={'apple': 1, 'coin': 1}
2026-09-03 09:08:02 [INFO] [RESULT] predict_one(apple017S(17).JPG, conf=0.01): 2 dets, classes={'apple': 1, 'coin': 1}
2026-09-03 09:08:02 [INFO] [RESULT] predict_one(apple017S(18).JPG, conf=0.01): 2 dets, classes={'apple': 1, 'coin': 1}
2026-09-03 09:08:02 [INFO] [RESULT] predict_one(apple017S(19).JPG, conf=0.01): 2 dets, classes={'coin': 1, 'apple': 1}
2026-09-03 09:08:02 [INFO] [RESULT] predict_one(apple017S(2).JPG, conf=0.01): 2 dets, classes={'coin': 1, 'apple': 1}
2026-09-03 09:08:02 [INFO] [RESULT] predict_one(apple017S(20).JPG, conf=0.01): 2 dets, classes={'coin': 1, 'apple': 1}
2026-09-03 09:08:02 [INFO] [RESULT] predict_one(apple017S(21).JPG, conf=0.01): 2 dets, classes={'apple': 1, 'coin': 1}
2026-09-03 09:08:02 [INFO] [RESULT] predict_one(apple017S(22).JPG, conf=0.01): 2 dets, classes={'coin': 1, 'apple': 1}
2026-09-03 09:08:02 [INFO] [RESULT] predict_one(apple017S(23).JPG, conf=0.01): 2 dets, classes={'coin': 1, 'apple': 1}
2026-09-03 09:08:02 [INFO] [RESULT] predict_one(apple017S(24).JPG, conf=0.01): 2 dets, classes={'coin': 1, 'apple': 1}
2026-09-03 09:08:02 [INFO] [RESULT] predict_one(apple017S(25).JPG, conf=0.01): 3 dets, classes={'coin': 1, 'apple': 1, 'peach': 1}
2026-09-03 09:08:02 [INFO] [RESULT] predict_one(apple017S(26).JPG, conf=0.01): 2 dets, classes={'coin': 1, 'apple': 1}
2026-09-03 09:08:02 [INFO] [RESULT] predict_one(apple017S(27).JPG, conf=0.01): 2 dets, classes={'coin': 1, 'apple': 1}
2026-09-03 09:08:02 [INFO] [RESULT] predict_one(apple017S(3).JPG, conf=0.01): 2 dets, classes={'coin': 1, 'apple': 1}
2026-09-03 09:08:02 [INFO] [RESULT] predict_one(apple017S(4).JPG, conf=0.01): 2 dets, classes={'coin': 1, 'apple': 1}
2026-09-03 09:08:02 [INFO] [RESULT] predict_one(apple017S(5).JPG, conf=0.01): 2 dets, classes={'coin': 1, 'apple': 1}
2026-09-03 09:08:02 [INFO] [RESULT] predict_one(apple017S(6).JPG, conf=0.01): 2 dets, classes={'apple': 1, 'coin': 1}
2026-09-03 09:08:02 [INFO] [RESULT] predict_one(apple017S(7).JPG, conf=0.01): 2 dets, classes={'coin': 1, 'apple': 1}
2026-09-03 09:08:02 [INFO] [RESULT] predict_one(apple017S(8).JPG, conf=0.01): 2 dets, classes={'coin': 1, 'apple': 1}
2026-09-03 09:08:02 [INFO] [RESULT] predict_one(apple017S(9).JPG, conf=0.01): 2 dets, classes={'apple': 1, 'coin': 1}
2026-09-03 09:08:02 [INFO] [RESULT] predict_one(apple017T(10).JPG, conf=0.01): 2 dets, classes={'apple': 1, 'coin': 1}
2026-09-03 09:08:02 [INFO] [RESULT] predict_one(apple017T(11).JPG, conf=0.01): 2 dets, classes={'apple': 1, 'coin': 1}
2026-09-03 09:08:02 [INFO] [RESULT] predict_one(apple017T(12).JPG, conf=0.01): 2 dets, classes={'apple': 1, 'coin': 1}
2026-09-03 09:08:02 [INFO] [RESULT] predict_one(apple017T(13).JPG, conf=0.01): 2 dets, classes={'apple': 1, 'coin': 1}
2026-09-03 09:08:02 [INFO] [RESULT] predict_one(apple017T(14).JPG, conf=0.01): 3 dets, classes={'apple': 1, 'coin': 2}
2026-09-03 09:08:02 [INFO] [RESULT] predict_one(apple017T(15).JPG, conf=0.01): 3 dets, classes={'apple': 1, 'coin': 2}
2026-09-03 09:08:02 [INFO] [RESULT] predict_one(apple017T(16).JPG, conf=0.01): 2 dets, classes={'apple': 1, 'coin': 1}
2026-09-03 09:08:02 [INFO] [RESULT] predict_one(apple017T(17).JPG, conf=0.01): 2 dets, classes={'apple': 1, 'coin': 1}
2026-09-03 09:08:02 [INFO] [RESULT] predict_one(apple017T(18).JPG, conf=0.01): 2 dets, classes={'apple': 1, 'coin': 1}
2026-09-03 09:08:02 [INFO] [RESULT] predict_one(apple017T(19).JPG, conf=0.01): 2 dets, classes={'apple': 1, 'coin': 1}
2026-09-03 09:08:02 [INFO] [RESULT] predict_one(apple017T(2).JPG, conf=0.01): 2 dets, classes={'apple': 1, 'coin': 1}
2026-09-03 09:08:02 [INFO] [RESULT] predict_one(apple017T(20).JPG, conf=0.01): 2 dets, classes={'apple': 1, 'coin': 1}
2026-09-03 09:08:02 [INFO] [RESULT] predict_one(apple017T(21).JPG, conf=0.01): 2 dets, classes={'apple': 1, 'coin': 1}
2026-09-03 09:08:02 [INFO] [RESULT] predict_one(apple017T(22).JPG, conf=0.01): 4 dets, classes={'apple': 1, 'coin': 2, 'grape': 1}
2026-09-03 09:08:02 [INFO] [RESULT] predict_one(apple017T(23).JPG, conf=0.01): 2 dets, classes={'apple': 1, 'coin': 1}
2026-09-03 09:08:02 [INFO] [RESULT] predict_one(apple017T(24).JPG, conf=0.01): 2 dets, classes={'apple': 1, 'coin': 1}
2026-09-03 09:08:02 [INFO] [RESULT] predict_one(apple017T(25).JPG, conf=0.01): 2 dets, classes={'apple': 1, 'coin': 1}
2026-09-03 09:08:02 [INFO] [RESULT] predict_one(apple017T(26).JPG, conf=0.01): 2 dets, classes={'apple': 1, 'coin': 1}
2026-09-03 09:08:02 [INFO] [RESULT] predict_one(apple017T(27).JPG, conf=0.01): 2 dets, classes={'apple': 1, 'coin': 1}
2026-09-03 09:08:02 [INFO] [RESULT] predict_one(apple017T(3).JPG, conf=0.01): 2 dets, classes={'apple': 1, 'coin': 1}
2026-09-03 09:08:02 [INFO] [RESULT] predict_one(apple017T(4).JPG, conf=0.01): 2 dets, classes={'apple': 1, 'coin': 1}
2026-09-03 09:08:02 [INFO] [RESULT] predict_one(apple017T(5).JPG, conf=0.01): 2 dets, classes={'apple': 1, 'coin': 1}
2026-09-03 09:08:02 [INFO] [RESULT] predict_one(apple017T(6).JPG, conf=0.01): 2 dets, classes={'apple': 1, 'coin': 1}
2026-09-03 09:08:02 [INFO] [RESULT] predict_one(apple017T(7).JPG, conf=0.01): 2 dets, classes={'apple': 1, 'coin': 1}
2026-09-03 09:08:02 [INFO] [RESULT] predict_one(apple017T(8).JPG, conf=0.01): 2 dets, classes={'apple': 1, 'coin': 1}
2026-09-03 09:08:02 [INFO] [RESULT] predict_one(apple017T(9).JPG, conf=0.01): 2 dets, classes={'apple': 1, 'coin': 1}
2026-09-03 09:08:02 [INFO] [RESULT] predict_one(apple018T(1).JPG, conf=0.01): 6 dets, classes={'apple': 1, 'coin': 3, 'grape': 2}
2026-09-03 09:08:02 [INFO] [RESULT] predict_one(apple018S(1).JPG, conf=0.01): 2 dets, classes={'apple': 1, 'coin': 1}
2026-09-03 09:08:02 [INFO] [RESULT] predict_one(apple018S(10).JPG, conf=0.01): 2 dets, classes={'apple': 1, 'coin': 1}
2026-09-03 09:08:02 [INFO] [RESULT] predict_one(apple018S(11).JPG, conf=0.01): 2 dets, classes={'apple': 1, 'coin': 1}
2026-09-03 09:08:02 [INFO] [RESULT] predict_one(apple018S(2).JPG, conf=0.01): 3 dets, classes={'coin': 2, 'apple': 1}
2026-09-03 09:08:02 [INFO] [RESULT] predict_one(apple018S(3).JPG, conf=0.01): 3 dets, classes={'apple': 1, 'coin': 2}
2026-09-03 09:08:03 [INFO] [RESULT] predict_one(apple018S(4).JPG, conf=0.01): 2 dets, classes={'apple': 1, 'coin': 1}
2026-09-03 09:08:03 [INFO] [RESULT] predict_one(apple018S(5).JPG, conf=0.01): 3 dets, classes={'apple': 1, 'coin': 2}
2026-09-03 09:08:03 [INFO] [RESULT] predict_one(apple018S(6).JPG, conf=0.01): 5 dets, classes={'apple': 1, 'coin': 2, 'banana': 1, 'qiwi': 1}
2026-09-03 09:08:03 [INFO] [RESULT] predict_one(apple018S(7).JPG, conf=0.01): 2 dets, classes={'apple': 1, 'coin': 1}
2026-09-03 09:08:03 [INFO] [RESULT] predict_one(apple018S(8).JPG, conf=0.01): 2 dets, classes={'apple': 1, 'coin': 1}
2026-09-03 09:08:03 [INFO] [RESULT] predict_one(apple018S(9).JPG, conf=0.01): 2 dets, classes={'apple': 1, 'coin': 1}
2026-09-03 09:08:03 [INFO] [RESULT] predict_one(apple018T(10).JPG, conf=0.01): 2 dets, classes={'apple': 1, 'coin': 1}
2026-09-03 09:08:03 [INFO] [RESULT] predict_one(apple018T(11).JPG, conf=0.01): 3 dets, classes={'apple': 1, 'coin': 2}
2026-09-03 09:08:03 [INFO] [RESULT] predict_one(apple018T(2).JPG, conf=0.01): 2 dets, classes={'apple': 1, 'coin': 1}
2026-09-03 09:08:03 [INFO] [RESULT] predict_one(apple018T(3).JPG, conf=0.01): 2 dets, classes={'apple': 1, 'coin': 1}
2026-09-03 09:08:03 [INFO] [RESULT] predict_one(apple018T(4).JPG, conf=0.01): 2 dets, classes={'apple': 1, 'coin': 1}
2026-09-03 09:08:03 [INFO] [RESULT] predict_one(apple018T(5).JPG, conf=0.01): 2 dets, classes={'apple': 1, 'coin': 1}
2026-09-03 09:08:03 [INFO] [RESULT] predict_one(apple018T(6).JPG, conf=0.01): 2 dets, classes={'apple': 1, 'coin': 1}
2026-09-03 09:08:03 [INFO] [RESULT] predict_one(apple018T(7).JPG, conf=0.01): 2 dets, classes={'apple': 1, 'coin': 1}
2026-09-03 09:08:03 [INFO] [RESULT] predict_one(apple018T(8).JPG, conf=0.01): 2 dets, classes={'apple': 1, 'coin': 1}
2026-09-03 09:08:03 [INFO] [RESULT] predict_one(apple018T(9).JPG, conf=0.01): 2 dets, classes={'apple': 1, 'coin': 1}
2026-09-03 09:08:03 [INFO] [RESULT] predict_one(apple019T(1).JPG, conf=0.01): 2 dets, classes={'apple': 1, 'coin': 1}
2026-09-03 09:08:03 [INFO] [RESULT] predict_one(apple019S(1).JPG, conf=0.01): 2 dets, classes={'apple': 1, 'coin': 1}
2026-09-03 09:08:03 [INFO] [RESULT] predict_one(apple019S(2).JPG, conf=0.01): 2 dets, classes={'apple': 1, 'coin': 1}
2026-09-03 09:08:03 [INFO] [RESULT] predict_one(apple019S(3).JPG, conf=0.01): 2 dets, classes={'apple': 1, 'coin': 1}
2026-09-03 09:08:03 [INFO] [RESULT] predict_one(apple019S(4).JPG, conf=0.01): 2 dets, classes={'apple': 1, 'coin': 1}
2026-09-03 09:08:03 [INFO] [RESULT] predict_one(apple019S(5).JPG, conf=0.01): 2 dets, classes={'apple': 1, 'coin': 1}
2026-09-03 09:08:03 [INFO] [RESULT] predict_one(apple019S(6).JPG, conf=0.01): 2 dets, classes={'apple': 1, 'coin': 1}
2026-09-03 09:08:03 [INFO] [RESULT] predict_one(apple019S(7).JPG, conf=0.01): 4 dets, classes={'coin': 1, 'mango': 1, 'apple': 1, 'orange': 1}
2026-09-03 09:08:03 [INFO] [RESULT] predict_one(apple019T(2).JPG, conf=0.01): 2 dets, classes={'apple': 1, 'coin': 1}
2026-09-03 09:08:03 [INFO] [RESULT] predict_one(apple019T(3).JPG, conf=0.01): 2 dets, classes={'apple': 1, 'coin': 1}
2026-09-03 09:08:03 [INFO] [RESULT] predict_one(apple019T(4).JPG, conf=0.01): 2 dets, classes={'apple': 1, 'coin': 1}
2026-09-03 09:08:03 [INFO] [RESULT] predict_one(apple019T(5).JPG, conf=0.01): 3 dets, classes={'apple': 1, 'coin': 2}
2026-09-03 09:08:03 [INFO] [RESULT] predict_one(apple019T(6).JPG, conf=0.01): 2 dets, classes={'apple': 1, 'coin': 1}
2026-09-03 09:08:03 [INFO] [RESULT] predict_one(apple019T(7).JPG, conf=0.01): 3 dets, classes={'apple': 1, 'coin': 2}
2026-09-03 09:08:03 [INFO] [RESULT] predict_one(banana013T(1).JPG, conf=0.01): 3 dets, classes={'banana': 1, 'coin': 2}
2026-09-03 09:08:03 [INFO] [RESULT] predict_one(banana013S(1).JPG, conf=0.01): 2 dets, classes={'banana': 1, 'coin': 1}
2026-09-03 09:08:03 [INFO] [RESULT] predict_one(banana013S(10).JPG, conf=0.01): 2 dets, classes={'banana': 1, 'coin': 1}
2026-09-03 09:08:03 [INFO] [RESULT] predict_one(banana013S(11).JPG, conf=0.01): 2 dets, classes={'banana': 1, 'coin': 1}
2026-09-03 09:08:03 [INFO] [RESULT] predict_one(banana013S(12).JPG, conf=0.01): 2 dets, classes={'coin': 1, 'banana': 1}
2026-09-03 09:08:03 [INFO] [RESULT] predict_one(banana013S(2).JPG, conf=0.01): 2 dets, classes={'banana': 1, 'coin': 1}
2026-09-03 09:08:03 [INFO] [RESULT] predict_one(banana013S(3).JPG, conf=0.01): 2 dets, classes={'banana': 1, 'coin': 1}
2026-09-03 09:08:03 [INFO] [RESULT] predict_one(banana013S(4).JPG, conf=0.01): 2 dets, classes={'banana': 1, 'coin': 1}
2026-09-03 09:08:03 [INFO] [RESULT] predict_one(banana013S(5).JPG, conf=0.01): 2 dets, classes={'banana': 1, 'coin': 1}
2026-09-03 09:08:03 [INFO] [RESULT] predict_one(banana013S(6).JPG, conf=0.01): 2 dets, classes={'coin': 1, 'banana': 1}
2026-09-03 09:08:03 [INFO] [RESULT] predict_one(banana013S(7).JPG, conf=0.01): 2 dets, classes={'banana': 1, 'coin': 1}
2026-09-03 09:08:03 [INFO] [RESULT] predict_one(banana013S(8).JPG, conf=0.01): 2 dets, classes={'banana': 1, 'coin': 1}
2026-09-03 09:08:03 [INFO] [RESULT] predict_one(banana013S(9).JPG, conf=0.01): 2 dets, classes={'banana': 1, 'coin': 1}
2026-09-03 09:08:03 [INFO] [RESULT] predict_one(banana013T(10).JPG, conf=0.01): 2 dets, classes={'banana': 1, 'coin': 1}
2026-09-03 09:08:03 [INFO] [RESULT] predict_one(banana013T(11).JPG, conf=0.01): 4 dets, classes={'banana': 1, 'coin': 2, 'qiwi': 1}
2026-09-03 09:08:03 [INFO] [RESULT] predict_one(banana013T(12).JPG, conf=0.01): 2 dets, classes={'banana': 1, 'coin': 1}
2026-09-03 09:08:03 [INFO] [RESULT] predict_one(banana013T(2).JPG, conf=0.01): 2 dets, classes={'banana': 1, 'coin': 1}
2026-09-03 09:08:03 [INFO] [RESULT] predict_one(banana013T(3).JPG, conf=0.01): 2 dets, classes={'banana': 1, 'coin': 1}
2026-09-03 09:08:03 [INFO] [RESULT] predict_one(banana013T(4).JPG, conf=0.01): 2 dets, classes={'banana': 1, 'coin': 1}
2026-09-03 09:08:04 [INFO] [RESULT] predict_one(banana013T(5).JPG, conf=0.01): 2 dets, classes={'banana': 1, 'coin': 1}
2026-09-03 09:08:04 [INFO] [RESULT] predict_one(banana013T(6).JPG, conf=0.01): 4 dets, classes={'banana': 1, 'coin': 2, 'plum': 1}
2026-09-03 09:08:04 [INFO] [RESULT] predict_one(banana013T(7).JPG, conf=0.01): 2 dets, classes={'banana': 1, 'coin': 1}
2026-09-03 09:08:04 [INFO] [RESULT] predict_one(banana013T(8).JPG, conf=0.01): 2 dets, classes={'banana': 1, 'coin': 1}
2026-09-03 09:08:04 [INFO] [RESULT] predict_one(banana013T(9).JPG, conf=0.01): 4 dets, classes={'banana': 2, 'coin': 2}
2026-09-03 09:08:04 [INFO] [RESULT] predict_one(banana014T(1).JPG, conf=0.01): 2 dets, classes={'banana': 1, 'coin': 1}
2026-09-03 09:08:04 [INFO] [RESULT] predict_one(banana014S(1).JPG, conf=0.01): 2 dets, classes={'banana': 1, 'coin': 1}
2026-09-03 09:08:04 [INFO] [RESULT] predict_one(banana014S(10).JPG, conf=0.01): 2 dets, classes={'banana': 1, 'coin': 1}
2026-09-03 09:08:04 [INFO] [RESULT] predict_one(banana014S(2).JPG, conf=0.01): 2 dets, classes={'banana': 1, 'coin': 1}
2026-09-03 09:08:04 [INFO] [RESULT] predict_one(banana014S(3).JPG, conf=0.01): 2 dets, classes={'banana': 1, 'coin': 1}
2026-09-03 09:08:04 [INFO] [RESULT] predict_one(banana014S(4).JPG, conf=0.01): 3 dets, classes={'coin': 2, 'banana': 1}
2026-09-03 09:08:04 [INFO] [RESULT] predict_one(banana014S(5).JPG, conf=0.01): 2 dets, classes={'banana': 1, 'coin': 1}
2026-09-03 09:08:04 [INFO] [RESULT] predict_one(banana014S(6).JPG, conf=0.01): 3 dets, classes={'banana': 1, 'coin': 2}
2026-09-03 09:08:04 [INFO] [RESULT] predict_one(banana014S(7).JPG, conf=0.01): 2 dets, classes={'banana': 1, 'coin': 1}
2026-09-03 09:08:04 [INFO] [RESULT] predict_one(banana014S(8).JPG, conf=0.01): 2 dets, classes={'banana': 1, 'coin': 1}
2026-09-03 09:08:04 [INFO] [RESULT] predict_one(banana014S(9).JPG, conf=0.01): 2 dets, classes={'banana': 1, 'coin': 1}
2026-09-03 09:08:04 [INFO] [RESULT] predict_one(banana014T(10).JPG, conf=0.01): 2 dets, classes={'banana': 1, 'coin': 1}
2026-09-03 09:08:04 [INFO] [RESULT] predict_one(banana014T(2).JPG, conf=0.01): 2 dets, classes={'banana': 1, 'coin': 1}
2026-09-03 09:08:04 [INFO] [RESULT] predict_one(banana014T(3).JPG, conf=0.01): 2 dets, classes={'banana': 1, 'coin': 1}
2026-09-03 09:08:04 [INFO] [RESULT] predict_one(banana014T(4).JPG, conf=0.01): 2 dets, classes={'banana': 1, 'coin': 1}
2026-09-03 09:08:04 [INFO] [RESULT] predict_one(banana014T(5).JPG, conf=0.01): 2 dets, classes={'banana': 1, 'coin': 1}
2026-09-03 09:08:04 [INFO] [RESULT] predict_one(banana014T(6).JPG, conf=0.01): 2 dets, classes={'banana': 1, 'coin': 1}
2026-09-03 09:08:04 [INFO] [RESULT] predict_one(banana014T(7).JPG, conf=0.01): 2 dets, classes={'banana': 1, 'coin': 1}
2026-09-03 09:08:04 [INFO] [RESULT] predict_one(banana014T(8).JPG, conf=0.01): 2 dets, classes={'banana': 1, 'coin': 1}
2026-09-03 09:08:04 [INFO] [RESULT] predict_one(banana014T(9).JPG, conf=0.01): 2 dets, classes={'banana': 1, 'coin': 1}
2026-09-03 09:08:04 [INFO] [RESULT] predict_one(banana015T(1).JPG, conf=0.01): 2 dets, classes={'banana': 1, 'coin': 1}
2026-09-03 09:08:04 [INFO] [RESULT] predict_one(banana015S(1).JPG, conf=0.01): 4 dets, classes={'coin': 1, 'banana': 3}
2026-09-03 09:08:04 [INFO] [RESULT] predict_one(banana015S(2).JPG, conf=0.01): 4 dets, classes={'banana': 3, 'coin': 1}
2026-09-03 09:08:04 [INFO] [RESULT] predict_one(banana015S(3).JPG, conf=0.01): 2 dets, classes={'banana': 1, 'coin': 1}
2026-09-03 09:08:04 [INFO] [RESULT] predict_one(banana015S(4).JPG, conf=0.01): 3 dets, classes={'banana': 2, 'coin': 1}
2026-09-03 09:08:04 [INFO] [RESULT] predict_one(banana015S(5).JPG, conf=0.01): 2 dets, classes={'banana': 1, 'coin': 1}
2026-09-03 09:08:04 [INFO] [RESULT] predict_one(banana015S(6).JPG, conf=0.01): 3 dets, classes={'banana': 1, 'coin': 1, 'doughnut': 1}
2026-09-03 09:08:04 [INFO] [RESULT] predict_one(banana015S(7).JPG, conf=0.01): 3 dets, classes={'coin': 1, 'banana': 2}
2026-09-03 09:08:04 [INFO] [RESULT] predict_one(banana015S(8).JPG, conf=0.01): 2 dets, classes={'coin': 1, 'banana': 1}
2026-09-03 09:08:04 [INFO] [RESULT] predict_one(banana015T(2).JPG, conf=0.01): 3 dets, classes={'banana': 1, 'coin': 2}
2026-09-03 09:08:04 [INFO] [RESULT] predict_one(banana015T(3).JPG, conf=0.01): 3 dets, classes={'banana': 1, 'coin': 2}
2026-09-03 09:08:04 [INFO] [RESULT] predict_one(banana015T(4).JPG, conf=0.01): 2 dets, classes={'banana': 1, 'coin': 1}
2026-09-03 09:08:04 [INFO] [RESULT] predict_one(banana015T(5).JPG, conf=0.01): 2 dets, classes={'banana': 1, 'coin': 1}
2026-09-03 09:08:04 [INFO] [RESULT] predict_one(banana015T(6).JPG, conf=0.01): 2 dets, classes={'banana': 1, 'coin': 1}
2026-09-03 09:08:04 [INFO] [RESULT] predict_one(banana015T(7).JPG, conf=0.01): 2 dets, classes={'banana': 1, 'coin': 1}
2026-09-03 09:08:04 [INFO] [RESULT] predict_one(banana015T(8).JPG, conf=0.01): 3 dets, classes={'banana': 1, 'coin': 2}
2026-09-03 09:08:04 [INFO] [RESULT] predict_one(bread006T(1).JPG, conf=0.01): 2 dets, classes={'bread': 1, 'coin': 1}
2026-09-03 09:08:04 [INFO] [RESULT] predict_one(bread006S(1).JPG, conf=0.01): 2 dets, classes={'coin': 1, 'bread': 1}
2026-09-03 09:08:04 [INFO] [RESULT] predict_one(bread006S(2).JPG, conf=0.01): 2 dets, classes={'coin': 1, 'bread': 1}
2026-09-03 09:08:04 [INFO] [RESULT] predict_one(bread006S(3).JPG, conf=0.01): 6 dets, classes={'coin': 2, 'bread': 2, 'grape': 1, 'fried_dough_twist': 1}
2026-09-03 09:08:04 [INFO] [RESULT] predict_one(bread006S(4).JPG, conf=0.01): 2 dets, classes={'bread': 1, 'coin': 1}
2026-09-03 09:08:04 [INFO] [RESULT] predict_one(bread006T(2).JPG, conf=0.01): 2 dets, classes={'bread': 1, 'coin': 1}
2026-09-03 09:08:04 [INFO] [RESULT] predict_one(bread006T(3).JPG, conf=0.01): 2 dets, classes={'bread': 1, 'coin': 1}
2026-09-03 09:08:04 [INFO] [RESULT] predict_one(bread006T(4).JPG, conf=0.01): 3 dets, classes={'bread': 1, 'coin': 2}
2026-09-03 09:08:04 [INFO] [RESULT] predict_one(bread007T(1).JPG, conf=0.01): 3 dets, classes={'bread': 1, 'coin': 1, 'banana': 1}
2026-09-03 09:08:04 [INFO] [RESULT] predict_one(bread007S(1).JPG, conf=0.01): 2 dets, classes={'bread': 1, 'coin': 1}
2026-09-03 09:08:04 [INFO] [RESULT] predict_one(bread007S(2).JPG, conf=0.01): 3 dets, classes={'coin': 1, 'doughnut': 1, 'bread': 1}
2026-09-03 09:08:04 [INFO] [RESULT] predict_one(bread007S(3).JPG, conf=0.01): 2 dets, classes={'coin': 1, 'bread': 1}
2026-09-03 09:08:04 [INFO] [RESULT] predict_one(bread007S(4).JPG, conf=0.01): 3 dets, classes={'coin': 1, 'doughnut': 1, 'banana': 1}
2026-09-03 09:08:04 [INFO] [RESULT] predict_one(bread007S(5).JPG, conf=0.01): 4 dets, classes={'coin': 1, 'banana': 1, 'bread': 1, 'doughnut': 1}
2026-09-03 09:08:04 [INFO] [RESULT] predict_one(bread007S(6).JPG, conf=0.01): 2 dets, classes={'bread': 1, 'coin': 1}
2026-09-03 09:08:04 [INFO] [RESULT] predict_one(bread007S(7).JPG, conf=0.01): 4 dets, classes={'coin': 1, 'doughnut': 1, 'bread': 1, 'banana': 1}
2026-09-03 09:08:05 [INFO] [RESULT] predict_one(bread007S(8).JPG, conf=0.01): 2 dets, classes={'coin': 1, 'bread': 1}
2026-09-03 09:08:05 [INFO] [RESULT] predict_one(bread007T(2).JPG, conf=0.01): 2 dets, classes={'bread': 1, 'coin': 1}
2026-09-03 09:08:05 [INFO] [RESULT] predict_one(bread007T(3).JPG, conf=0.01): 2 dets, classes={'bread': 1, 'coin': 1}
2026-09-03 09:08:05 [INFO] [RESULT] predict_one(bread007T(4).JPG, conf=0.01): 3 dets, classes={'bread': 1, 'coin': 1, 'qiwi': 1}
2026-09-03 09:08:05 [INFO] [RESULT] predict_one(bread007T(5).JPG, conf=0.01): 3 dets, classes={'coin': 1, 'qiwi': 1, 'bread': 1}
2026-09-03 09:08:05 [INFO] [RESULT] predict_one(bread007T(6).JPG, conf=0.01): 2 dets, classes={'bread': 1, 'coin': 1}
2026-09-03 09:08:05 [INFO] [RESULT] predict_one(bread007T(7).JPG, conf=0.01): 3 dets, classes={'bread': 1, 'coin': 1, 'qiwi': 1}
2026-09-03 09:08:05 [INFO] [RESULT] predict_one(bread007T(8).JPG, conf=0.01): 2 dets, classes={'bread': 1, 'coin': 1}
2026-09-03 09:08:05 [INFO] [RESULT] predict_one(bun006T(1).JPG, conf=0.01): 2 dets, classes={'bun': 1, 'coin': 1}
2026-09-03 09:08:05 [INFO] [RESULT] predict_one(bun006S(1).JPG, conf=0.01): 2 dets, classes={'bun': 1, 'coin': 1}
2026-09-03 09:08:05 [INFO] [RESULT] predict_one(bun006S(2).JPG, conf=0.01): 2 dets, classes={'bun': 1, 'coin': 1}
2026-09-03 09:08:05 [INFO] [RESULT] predict_one(bun006S(3).JPG, conf=0.01): 2 dets, classes={'bun': 1, 'coin': 1}
2026-09-03 09:08:05 [INFO] [RESULT] predict_one(bun006S(4).JPG, conf=0.01): 2 dets, classes={'bun': 1, 'coin': 1}
2026-09-03 09:08:05 [INFO] [RESULT] predict_one(bun006S(5).JPG, conf=0.01): 2 dets, classes={'bun': 1, 'coin': 1}
2026-09-03 09:08:05 [INFO] [RESULT] predict_one(bun006S(6).JPG, conf=0.01): 2 dets, classes={'bun': 1, 'coin': 1}
2026-09-03 09:08:05 [INFO] [RESULT] predict_one(bun006S(7).JPG, conf=0.01): 2 dets, classes={'bun': 1, 'coin': 1}
2026-09-03 09:08:05 [INFO] [RESULT] predict_one(bun006S(8).JPG, conf=0.01): 2 dets, classes={'bun': 1, 'coin': 1}
2026-09-03 09:08:05 [INFO] [RESULT] predict_one(bun006T(2).JPG, conf=0.01): 2 dets, classes={'bun': 1, 'coin': 1}
2026-09-03 09:08:05 [INFO] [RESULT] predict_one(bun006T(3).JPG, conf=0.01): 2 dets, classes={'bun': 1, 'coin': 1}
2026-09-03 09:08:05 [INFO] [RESULT] predict_one(bun006T(4).JPG, conf=0.01): 2 dets, classes={'bun': 1, 'coin': 1}
2026-09-03 09:08:05 [INFO] [RESULT] predict_one(bun006T(5).JPG, conf=0.01): 2 dets, classes={'bun': 1, 'coin': 1}
2026-09-03 09:08:05 [INFO] [RESULT] predict_one(bun006T(6).JPG, conf=0.01): 2 dets, classes={'bun': 1, 'coin': 1}
2026-09-03 09:08:05 [INFO] [RESULT] predict_one(bun006T(7).JPG, conf=0.01): 2 dets, classes={'bun': 1, 'coin': 1}
2026-09-03 09:08:05 [INFO] [RESULT] predict_one(bun006T(8).JPG, conf=0.01): 2 dets, classes={'bun': 1, 'coin': 1}
2026-09-03 09:08:05 [INFO] [RESULT] predict_one(bun007T(1).JPG, conf=0.01): 2 dets, classes={'coin': 1, 'bun': 1}
2026-09-03 09:08:05 [INFO] [RESULT] predict_one(bun007S(1).JPG, conf=0.01): 2 dets, classes={'bun': 1, 'coin': 1}
2026-09-03 09:08:05 [INFO] [RESULT] predict_one(bun007S(2).JPG, conf=0.01): 2 dets, classes={'bun': 1, 'coin': 1}
2026-09-03 09:08:05 [INFO] [RESULT] predict_one(bun007S(3).JPG, conf=0.01): 2 dets, classes={'bun': 1, 'coin': 1}
2026-09-03 09:08:05 [INFO] [RESULT] predict_one(bun007S(4).JPG, conf=0.01): 2 dets, classes={'bun': 1, 'coin': 1}
2026-09-03 09:08:05 [INFO] [RESULT] predict_one(bun007T(2).JPG, conf=0.01): 2 dets, classes={'bun': 1, 'coin': 1}
2026-09-03 09:08:05 [INFO] [RESULT] predict_one(bun007T(3).JPG, conf=0.01): 2 dets, classes={'bun': 1, 'coin': 1}
2026-09-03 09:08:05 [INFO] [RESULT] predict_one(bun007T(4).JPG, conf=0.01): 2 dets, classes={'bun': 1, 'coin': 1}
2026-09-03 09:08:05 [INFO] [RESULT] predict_one(bun008T(1).JPG, conf=0.01): 2 dets, classes={'bun': 1, 'coin': 1}
2026-09-03 09:08:05 [INFO] [RESULT] predict_one(bun008S(1).JPG, conf=0.01): 2 dets, classes={'bun': 1, 'coin': 1}
2026-09-03 09:08:05 [INFO] [RESULT] predict_one(bun008S(2).JPG, conf=0.01): 2 dets, classes={'bun': 1, 'coin': 1}
2026-09-03 09:08:05 [INFO] [RESULT] predict_one(bun008S(3).JPG, conf=0.01): 2 dets, classes={'bun': 1, 'coin': 1}
2026-09-03 09:08:05 [INFO] [RESULT] predict_one(bun008S(4).JPG, conf=0.01): 2 dets, classes={'bun': 1, 'coin': 1}
2026-09-03 09:08:05 [INFO] [RESULT] predict_one(bun008T(2).JPG, conf=0.01): 2 dets, classes={'bun': 1, 'coin': 1}
2026-09-03 09:08:05 [INFO] [RESULT] predict_one(bun008T(3).JPG, conf=0.01): 2 dets, classes={'bun': 1, 'coin': 1}
2026-09-03 09:08:05 [INFO] [RESULT] predict_one(bun008T(4).JPG, conf=0.01): 4 dets, classes={'bun': 1, 'coin': 1, 'grape': 1, 'plum': 1}
2026-09-03 09:08:05 [INFO] [RESULT] predict_one(doughnut008T(1).JPG, conf=0.01): 2 dets, classes={'doughnut': 1, 'coin': 1}
2026-09-03 09:08:05 [INFO] [RESULT] predict_one(doughnut008S(1).JPG, conf=0.01): 2 dets, classes={'doughnut': 1, 'coin': 1}
2026-09-03 09:08:05 [INFO] [RESULT] predict_one(doughnut008S(10).JPG, conf=0.01): 2 dets, classes={'doughnut': 1, 'coin': 1}
2026-09-03 09:08:05 [INFO] [RESULT] predict_one(doughnut008S(11).JPG, conf=0.01): 2 dets, classes={'doughnut': 1, 'coin': 1}
2026-09-03 09:08:05 [INFO] [RESULT] predict_one(doughnut008S(12).JPG, conf=0.01): 2 dets, classes={'doughnut': 1, 'coin': 1}
2026-09-03 09:08:05 [INFO] [RESULT] predict_one(doughnut008S(13).JPG, conf=0.01): 2 dets, classes={'doughnut': 1, 'coin': 1}
2026-09-03 09:08:05 [INFO] [RESULT] predict_one(doughnut008S(14).JPG, conf=0.01): 2 dets, classes={'doughnut': 1, 'coin': 1}
2026-09-03 09:08:05 [INFO] [RESULT] predict_one(doughnut008S(2).JPG, conf=0.01): 2 dets, classes={'doughnut': 1, 'coin': 1}
2026-09-03 09:08:06 [INFO] [RESULT] predict_one(doughnut008S(3).JPG, conf=0.01): 2 dets, classes={'doughnut': 1, 'coin': 1}
2026-09-03 09:08:06 [INFO] [RESULT] predict_one(doughnut008S(4).JPG, conf=0.01): 2 dets, classes={'doughnut': 1, 'coin': 1}
2026-09-03 09:08:06 [INFO] [RESULT] predict_one(doughnut008S(5).JPG, conf=0.01): 2 dets, classes={'doughnut': 1, 'coin': 1}
2026-09-03 09:08:06 [INFO] [RESULT] predict_one(doughnut008S(6).JPG, conf=0.01): 2 dets, classes={'doughnut': 1, 'coin': 1}
2026-09-03 09:08:06 [INFO] [RESULT] predict_one(doughnut008S(7).JPG, conf=0.01): 2 dets, classes={'doughnut': 1, 'coin': 1}
2026-09-03 09:08:06 [INFO] [RESULT] predict_one(doughnut008S(8).JPG, conf=0.01): 2 dets, classes={'doughnut': 1, 'coin': 1}
2026-09-03 09:08:06 [INFO] [RESULT] predict_one(doughnut008S(9).JPG, conf=0.01): 2 dets, classes={'doughnut': 1, 'coin': 1}
2026-09-03 09:08:06 [INFO] [RESULT] predict_one(doughnut008T(10).JPG, conf=0.01): 2 dets, classes={'doughnut': 1, 'coin': 1}
2026-09-03 09:08:06 [INFO] [RESULT] predict_one(doughnut008T(11).JPG, conf=0.01): 2 dets, classes={'doughnut': 1, 'coin': 1}
2026-09-03 09:08:06 [INFO] [RESULT] predict_one(doughnut008T(12).JPG, conf=0.01): 2 dets, classes={'doughnut': 1, 'coin': 1}
2026-09-03 09:08:06 [INFO] [RESULT] predict_one(doughnut008T(13).JPG, conf=0.01): 2 dets, classes={'doughnut': 1, 'coin': 1}
2026-09-03 09:08:06 [INFO] [RESULT] predict_one(doughnut008T(14).JPG, conf=0.01): 2 dets, classes={'doughnut': 1, 'coin': 1}
2026-09-03 09:08:06 [INFO] [RESULT] predict_one(doughnut008T(2).JPG, conf=0.01): 2 dets, classes={'doughnut': 1, 'coin': 1}
2026-09-03 09:08:06 [INFO] [RESULT] predict_one(doughnut008T(3).JPG, conf=0.01): 2 dets, classes={'doughnut': 1, 'coin': 1}
2026-09-03 09:08:06 [INFO] [RESULT] predict_one(doughnut008T(4).JPG, conf=0.01): 2 dets, classes={'doughnut': 1, 'coin': 1}
2026-09-03 09:08:06 [INFO] [RESULT] predict_one(doughnut008T(5).JPG, conf=0.01): 2 dets, classes={'doughnut': 1, 'coin': 1}
2026-09-03 09:08:06 [INFO] [RESULT] predict_one(doughnut008T(6).JPG, conf=0.01): 2 dets, classes={'doughnut': 1, 'coin': 1}
2026-09-03 09:08:06 [INFO] [RESULT] predict_one(doughnut008T(7).JPG, conf=0.01): 2 dets, classes={'doughnut': 1, 'coin': 1}
2026-09-03 09:08:06 [INFO] [RESULT] predict_one(doughnut008T(8).JPG, conf=0.01): 2 dets, classes={'doughnut': 1, 'coin': 1}
2026-09-03 09:08:06 [INFO] [RESULT] predict_one(doughnut008T(9).JPG, conf=0.01): 2 dets, classes={'doughnut': 1, 'coin': 1}
2026-09-03 09:08:06 [INFO] [RESULT] predict_one(doughnut009T(1).JPG, conf=0.01): 2 dets, classes={'doughnut': 1, 'coin': 1}
2026-09-03 09:08:06 [INFO] [RESULT] predict_one(doughnut009S(1).JPG, conf=0.01): 2 dets, classes={'doughnut': 1, 'coin': 1}
2026-09-03 09:08:06 [INFO] [RESULT] predict_one(doughnut009S(10).JPG, conf=0.01): 2 dets, classes={'doughnut': 1, 'coin': 1}
2026-09-03 09:08:06 [INFO] [RESULT] predict_one(doughnut009S(11).JPG, conf=0.01): 2 dets, classes={'doughnut': 1, 'coin': 1}
2026-09-03 09:08:06 [INFO] [RESULT] predict_one(doughnut009S(12).JPG, conf=0.01): 2 dets, classes={'doughnut': 1, 'coin': 1}
2026-09-03 09:08:06 [INFO] [RESULT] predict_one(doughnut009S(13).JPG, conf=0.01): 2 dets, classes={'doughnut': 1, 'coin': 1}
2026-09-03 09:08:06 [INFO] [RESULT] predict_one(doughnut009S(14).JPG, conf=0.01): 2 dets, classes={'doughnut': 1, 'coin': 1}
2026-09-03 09:08:06 [INFO] [RESULT] predict_one(doughnut009S(2).JPG, conf=0.01): 2 dets, classes={'doughnut': 1, 'coin': 1}
2026-09-03 09:08:06 [INFO] [RESULT] predict_one(doughnut009S(3).JPG, conf=0.01): 2 dets, classes={'doughnut': 1, 'coin': 1}
2026-09-03 09:08:06 [INFO] [RESULT] predict_one(doughnut009S(4).JPG, conf=0.01): 2 dets, classes={'doughnut': 1, 'coin': 1}
2026-09-03 09:08:06 [INFO] [RESULT] predict_one(doughnut009S(5).JPG, conf=0.01): 2 dets, classes={'doughnut': 1, 'coin': 1}
2026-09-03 09:08:06 [INFO] [RESULT] predict_one(doughnut009S(6).JPG, conf=0.01): 2 dets, classes={'doughnut': 1, 'coin': 1}
2026-09-03 09:08:06 [INFO] [RESULT] predict_one(doughnut009S(7).JPG, conf=0.01): 2 dets, classes={'doughnut': 1, 'coin': 1}
2026-09-03 09:08:06 [INFO] [RESULT] predict_one(doughnut009S(8).JPG, conf=0.01): 2 dets, classes={'doughnut': 1, 'coin': 1}
2026-09-03 09:08:06 [INFO] [RESULT] predict_one(doughnut009S(9).JPG, conf=0.01): 2 dets, classes={'doughnut': 1, 'coin': 1}
2026-09-03 09:08:06 [INFO] [RESULT] predict_one(doughnut009T(10).JPG, conf=0.01): 2 dets, classes={'doughnut': 1, 'coin': 1}
2026-09-03 09:08:06 [INFO] [RESULT] predict_one(doughnut009T(11).JPG, conf=0.01): 2 dets, classes={'doughnut': 1, 'coin': 1}
2026-09-03 09:08:06 [INFO] [RESULT] predict_one(doughnut009T(12).JPG, conf=0.01): 2 dets, classes={'doughnut': 1, 'coin': 1}
2026-09-03 09:08:06 [INFO] [RESULT] predict_one(doughnut009T(13).JPG, conf=0.01): 2 dets, classes={'doughnut': 1, 'coin': 1}
2026-09-03 09:08:06 [INFO] [RESULT] predict_one(doughnut009T(14).JPG, conf=0.01): 2 dets, classes={'doughnut': 1, 'coin': 1}
2026-09-03 09:08:06 [INFO] [RESULT] predict_one(doughnut009T(2).JPG, conf=0.01): 2 dets, classes={'doughnut': 1, 'coin': 1}
2026-09-03 09:08:06 [INFO] [RESULT] predict_one(doughnut009T(3).JPG, conf=0.01): 2 dets, classes={'doughnut': 1, 'coin': 1}
2026-09-03 09:08:06 [INFO] [RESULT] predict_one(doughnut009T(4).JPG, conf=0.01): 2 dets, classes={'doughnut': 1, 'coin': 1}
2026-09-03 09:08:06 [INFO] [RESULT] predict_one(doughnut009T(5).JPG, conf=0.01): 2 dets, classes={'doughnut': 1, 'coin': 1}
2026-09-03 09:08:07 [INFO] [RESULT] predict_one(doughnut009T(6).JPG, conf=0.01): 2 dets, classes={'doughnut': 1, 'coin': 1}
2026-09-03 09:08:07 [INFO] [RESULT] predict_one(doughnut009T(7).JPG, conf=0.01): 2 dets, classes={'doughnut': 1, 'coin': 1}
2026-09-03 09:08:07 [INFO] [RESULT] predict_one(doughnut009T(8).JPG, conf=0.01): 2 dets, classes={'doughnut': 1, 'coin': 1}
2026-09-03 09:08:07 [INFO] [RESULT] predict_one(doughnut009T(9).JPG, conf=0.01): 2 dets, classes={'doughnut': 1, 'coin': 1}
2026-09-03 09:08:07 [INFO] [RESULT] predict_one(egg006T(1).JPG, conf=0.01): 2 dets, classes={'egg': 1, 'coin': 1}
2026-09-03 09:08:07 [INFO] [RESULT] predict_one(egg006S(1).JPG, conf=0.01): 2 dets, classes={'egg': 1, 'coin': 1}
2026-09-03 09:08:07 [INFO] [RESULT] predict_one(egg006S(2).JPG, conf=0.01): 2 dets, classes={'coin': 1, 'egg': 1}
2026-09-03 09:08:07 [INFO] [RESULT] predict_one(egg006S(3).JPG, conf=0.01): 2 dets, classes={'egg': 1, 'coin': 1}
2026-09-03 09:08:07 [INFO] [RESULT] predict_one(egg006S(4).JPG, conf=0.01): 2 dets, classes={'coin': 1, 'egg': 1}
2026-09-03 09:08:07 [INFO] [RESULT] predict_one(egg006S(5).JPG, conf=0.01): 2 dets, classes={'coin': 1, 'egg': 1}
2026-09-03 09:08:07 [INFO] [RESULT] predict_one(egg006S(6).JPG, conf=0.01): 3 dets, classes={'egg': 1, 'coin': 2}
2026-09-03 09:08:07 [INFO] [RESULT] predict_one(egg006S(7).JPG, conf=0.01): 2 dets, classes={'egg': 1, 'coin': 1}
2026-09-03 09:08:07 [INFO] [RESULT] predict_one(egg006S(8).JPG, conf=0.01): 2 dets, classes={'egg': 1, 'coin': 1}
2026-09-03 09:08:07 [INFO] [RESULT] predict_one(egg006T(2).JPG, conf=0.01): 3 dets, classes={'coin': 1, 'mango': 1, 'egg': 1}
2026-09-03 09:08:07 [INFO] [RESULT] predict_one(egg006T(3).JPG, conf=0.01): 2 dets, classes={'egg': 1, 'coin': 1}
2026-09-03 09:08:07 [INFO] [RESULT] predict_one(egg006T(4).JPG, conf=0.01): 2 dets, classes={'egg': 1, 'coin': 1}
2026-09-03 09:08:07 [INFO] [RESULT] predict_one(egg006T(5).JPG, conf=0.01): 2 dets, classes={'egg': 1, 'coin': 1}
2026-09-03 09:08:07 [INFO] [RESULT] predict_one(egg006T(6).JPG, conf=0.01): 3 dets, classes={'coin': 1, 'egg': 1, 'mango': 1}
2026-09-03 09:08:07 [INFO] [RESULT] predict_one(egg006T(7).JPG, conf=0.01): 2 dets, classes={'coin': 1, 'mango': 1}
2026-09-03 09:08:07 [INFO] [RESULT] predict_one(egg006T(8).JPG, conf=0.01): 2 dets, classes={'coin': 1, 'egg': 1}
2026-09-03 09:08:07 [INFO] [RESULT] predict_one(egg007T(1).JPG, conf=0.01): 2 dets, classes={'egg': 1, 'coin': 1}
2026-09-03 09:08:07 [INFO] [RESULT] predict_one(egg007S(1).JPG, conf=0.01): 2 dets, classes={'egg': 1, 'coin': 1}
2026-09-03 09:08:07 [INFO] [RESULT] predict_one(egg007S(2).JPG, conf=0.01): 2 dets, classes={'egg': 1, 'coin': 1}
2026-09-03 09:08:07 [INFO] [RESULT] predict_one(egg007S(3).JPG, conf=0.01): 2 dets, classes={'egg': 1, 'coin': 1}
2026-09-03 09:08:07 [INFO] [RESULT] predict_one(egg007S(4).JPG, conf=0.01): 2 dets, classes={'egg': 1, 'coin': 1}
2026-09-03 09:08:07 [INFO] [RESULT] predict_one(egg007S(5).JPG, conf=0.01): 2 dets, classes={'egg': 1, 'coin': 1}
2026-09-03 09:08:07 [INFO] [RESULT] predict_one(egg007S(6).JPG, conf=0.01): 2 dets, classes={'egg': 1, 'coin': 1}
2026-09-03 09:08:07 [INFO] [RESULT] predict_one(egg007S(7).JPG, conf=0.01): 2 dets, classes={'egg': 1, 'coin': 1}
2026-09-03 09:08:07 [INFO] [RESULT] predict_one(egg007S(8).JPG, conf=0.01): 2 dets, classes={'egg': 1, 'coin': 1}
2026-09-03 09:08:07 [INFO] [RESULT] predict_one(egg007S(9).JPG, conf=0.01): 2 dets, classes={'egg': 1, 'coin': 1}
2026-09-03 09:08:07 [INFO] [RESULT] predict_one(egg007T(2).JPG, conf=0.01): 2 dets, classes={'egg': 1, 'coin': 1}
2026-09-03 09:08:07 [INFO] [RESULT] predict_one(egg007T(3).JPG, conf=0.01): 2 dets, classes={'egg': 1, 'coin': 1}
2026-09-03 09:08:07 [INFO] [RESULT] predict_one(egg007T(4).JPG, conf=0.01): 2 dets, classes={'egg': 1, 'coin': 1}
2026-09-03 09:08:07 [INFO] [RESULT] predict_one(egg007T(5).JPG, conf=0.01): 2 dets, classes={'egg': 1, 'coin': 1}
2026-09-03 09:08:07 [INFO] [RESULT] predict_one(egg007T(6).JPG, conf=0.01): 2 dets, classes={'egg': 1, 'coin': 1}
2026-09-03 09:08:07 [INFO] [RESULT] predict_one(egg007T(7).JPG, conf=0.01): 2 dets, classes={'coin': 1, 'egg': 1}
2026-09-03 09:08:07 [INFO] [RESULT] predict_one(egg007T(8).JPG, conf=0.01): 2 dets, classes={'coin': 1, 'egg': 1}
2026-09-03 09:08:07 [INFO] [RESULT] predict_one(egg007T(9).JPG, conf=0.01): 2 dets, classes={'egg': 1, 'coin': 1}
2026-09-03 09:08:07 [INFO] [RESULT] predict_one(fired_dough_twist006T(1).JPG, conf=0.01): 6 dets, classes={'fried_dough_twist': 1, 'coin': 4, 'grape': 1}
2026-09-03 09:08:07 [INFO] [RESULT] predict_one(fired_dough_twist006S(1).JPG, conf=0.01): 4 dets, classes={'fried_dough_twist': 1, 'coin': 3}
2026-09-03 09:08:07 [INFO] [RESULT] predict_one(fired_dough_twist006S(2).JPG, conf=0.01): 3 dets, classes={'fried_dough_twist': 1, 'coin': 2}
2026-09-03 09:08:07 [INFO] [RESULT] predict_one(fired_dough_twist006S(3).JPG, conf=0.01): 2 dets, classes={'fried_dough_twist': 1, 'coin': 1}
2026-09-03 09:08:07 [INFO] [RESULT] predict_one(fired_dough_twist006S(4).JPG, conf=0.01): 4 dets, classes={'fried_dough_twist': 1, 'coin': 2, 'bun': 1}
2026-09-03 09:08:07 [INFO] [RESULT] predict_one(fired_dough_twist006S(5).JPG, conf=0.01): 3 dets, classes={'coin': 2, 'fried_dough_twist': 1}
2026-09-03 09:08:07 [INFO] [RESULT] predict_one(fired_dough_twist006S(6).JPG, conf=0.01): 2 dets, classes={'coin': 1, 'fried_dough_twist': 1}
2026-09-03 09:08:07 [INFO] [RESULT] predict_one(fired_dough_twist006S(7).JPG, conf=0.01): 4 dets, classes={'fried_dough_twist': 1, 'coin': 2, 'bun': 1}
2026-09-03 09:08:07 [INFO] [RESULT] predict_one(fired_dough_twist006T(2).JPG, conf=0.01): 6 dets, classes={'fried_dough_twist': 2, 'coin': 4}
2026-09-03 09:08:07 [INFO] [RESULT] predict_one(fired_dough_twist006T(3).JPG, conf=0.01): 8 dets, classes={'fried_dough_twist': 1, 'coin': 6, 'banana': 1}
2026-09-03 09:08:08 [INFO] [RESULT] predict_one(fired_dough_twist006T(4).JPG, conf=0.01): 8 dets, classes={'fried_dough_twist': 2, 'coin': 3, 'banana': 3}
2026-09-03 09:08:08 [INFO] [RESULT] predict_one(fired_dough_twist006T(5).JPG, conf=0.01): 7 dets, classes={'coin': 4, 'fried_dough_twist': 2, 'grape': 1}
2026-09-03 09:08:08 [INFO] [RESULT] predict_one(fired_dough_twist006T(6).JPG, conf=0.01): 7 dets, classes={'fried_dough_twist': 1, 'coin': 4, 'grape': 1, 'qiwi': 1}
2026-09-03 09:08:08 [INFO] [RESULT] predict_one(fired_dough_twist006T(7).JPG, conf=0.01): 8 dets, classes={'coin': 3, 'fried_dough_twist': 1, 'grape': 3, 'plum': 1}
2026-09-03 09:08:08 [INFO] [RESULT] predict_one(fired_dough_twist007T(1).JPG, conf=0.01): 2 dets, classes={'fried_dough_twist': 1, 'coin': 1}
2026-09-03 09:08:08 [INFO] [RESULT] predict_one(fired_dough_twist007S(1).JPG, conf=0.01): 2 dets, classes={'coin': 1, 'banana': 1}
2026-09-03 09:08:08 [INFO] [RESULT] predict_one(fired_dough_twist007S(2).JPG, conf=0.01): 4 dets, classes={'coin': 1, 'fried_dough_twist': 1, 'banana': 1, 'mango': 1}
2026-09-03 09:08:08 [INFO] [RESULT] predict_one(fired_dough_twist007S(3).JPG, conf=0.01): 3 dets, classes={'coin': 1, 'fried_dough_twist': 1, 'banana': 1}
2026-09-03 09:08:08 [INFO] [RESULT] predict_one(fired_dough_twist007S(4).JPG, conf=0.01): 3 dets, classes={'coin': 1, 'banana': 1, 'fried_dough_twist': 1}
2026-09-03 09:08:08 [INFO] [RESULT] predict_one(fired_dough_twist007S(5).JPG, conf=0.01): 2 dets, classes={'fried_dough_twist': 1, 'coin': 1}
2026-09-03 09:08:08 [INFO] [RESULT] predict_one(fired_dough_twist007S(6).JPG, conf=0.01): 2 dets, classes={'coin': 1, 'fried_dough_twist': 1}
2026-09-03 09:08:08 [INFO] [RESULT] predict_one(fired_dough_twist007S(7).JPG, conf=0.01): 3 dets, classes={'coin': 1, 'fried_dough_twist': 1, 'banana': 1}
2026-09-03 09:08:08 [INFO] [RESULT] predict_one(fired_dough_twist007T(2).JPG, conf=0.01): 3 dets, classes={'fried_dough_twist': 1, 'coin': 2}
2026-09-03 09:08:08 [INFO] [RESULT] predict_one(fired_dough_twist007T(3).JPG, conf=0.01): 4 dets, classes={'coin': 3, 'fried_dough_twist': 1}
2026-09-03 09:08:08 [INFO] [RESULT] predict_one(fired_dough_twist007T(4).JPG, conf=0.01): 4 dets, classes={'fried_dough_twist': 1, 'coin': 3}
2026-09-03 09:08:08 [INFO] [RESULT] predict_one(fired_dough_twist007T(5).JPG, conf=0.01): 4 dets, classes={'coin': 2, 'fried_dough_twist': 1, 'banana': 1}
2026-09-03 09:08:08 [INFO] [RESULT] predict_one(fired_dough_twist007T(6).JPG, conf=0.01): 3 dets, classes={'fried_dough_twist': 1, 'coin': 2}
2026-09-03 09:08:08 [INFO] [RESULT] predict_one(fired_dough_twist007T(7).JPG, conf=0.01): 4 dets, classes={'coin': 2, 'banana': 1, 'fried_dough_twist': 1}
2026-09-03 09:08:08 [INFO] [RESULT] predict_one(grape002T(1).JPG, conf=0.01): 2 dets, classes={'grape': 1, 'coin': 1}
2026-09-03 09:08:08 [INFO] [RESULT] predict_one(grape002S(1).JPG, conf=0.01): 5 dets, classes={'grape': 1, 'coin': 2, 'plum': 1, 'qiwi': 1}
2026-09-03 09:08:08 [INFO] [RESULT] predict_one(grape002S(10).JPG, conf=0.01): 2 dets, classes={'grape': 1, 'coin': 1}
2026-09-03 09:08:08 [INFO] [RESULT] predict_one(grape002S(11).JPG, conf=0.01): 2 dets, classes={'grape': 1, 'coin': 1}
2026-09-03 09:08:08 [INFO] [RESULT] predict_one(grape002S(12).JPG, conf=0.01): 2 dets, classes={'grape': 1, 'coin': 1}
2026-09-03 09:08:08 [INFO] [RESULT] predict_one(grape002S(13).JPG, conf=0.01): 2 dets, classes={'grape': 1, 'coin': 1}
2026-09-03 09:08:08 [INFO] [RESULT] predict_one(grape002S(14).JPG, conf=0.01): 2 dets, classes={'grape': 1, 'coin': 1}
2026-09-03 09:08:08 [INFO] [RESULT] predict_one(grape002S(15).JPG, conf=0.01): 3 dets, classes={'grape': 1, 'coin': 1, 'fried_dough_twist': 1}
2026-09-03 09:08:08 [INFO] [RESULT] predict_one(grape002S(16).JPG, conf=0.01): 2 dets, classes={'grape': 1, 'coin': 1}
2026-09-03 09:08:08 [INFO] [RESULT] predict_one(grape002S(17).JPG, conf=0.01): 6 dets, classes={'grape': 1, 'coin': 2, 'plum': 1, 'egg': 1, 'qiwi': 1}
2026-09-03 09:08:08 [INFO] [RESULT] predict_one(grape002S(2).JPG, conf=0.01): 4 dets, classes={'grape': 2, 'coin': 1, 'orange': 1}
2026-09-03 09:08:08 [INFO] [RESULT] predict_one(grape002S(3).JPG, conf=0.01): 2 dets, classes={'grape': 1, 'coin': 1}
2026-09-03 09:08:08 [INFO] [RESULT] predict_one(grape002S(4).JPG, conf=0.01): 3 dets, classes={'grape': 1, 'coin': 1, 'tomato': 1}
2026-09-03 09:08:08 [INFO] [RESULT] predict_one(grape002S(5).JPG, conf=0.01): 3 dets, classes={'grape': 1, 'coin': 1, 'egg': 1}
2026-09-03 09:08:08 [INFO] [RESULT] predict_one(grape002S(6).JPG, conf=0.01): 7 dets, classes={'grape': 2, 'coin': 2, 'plum': 1, 'egg': 1, 'orange': 1}
2026-09-03 09:08:08 [INFO] [RESULT] predict_one(grape002S(7).JPG, conf=0.01): 2 dets, classes={'grape': 1, 'coin': 1}
2026-09-03 09:08:08 [INFO] [RESULT] predict_one(grape002S(8).JPG, conf=0.01): 5 dets, classes={'grape': 1, 'coin': 1, 'plum': 1, 'egg': 1, 'orange': 1}
2026-09-03 09:08:08 [INFO] [RESULT] predict_one(grape002S(9).JPG, conf=0.01): 2 dets, classes={'grape': 1, 'coin': 1}
2026-09-03 09:08:08 [INFO] [RESULT] predict_one(grape002T(10).JPG, conf=0.01): 3 dets, classes={'grape': 1, 'coin': 1, 'tomato': 1}
2026-09-03 09:08:08 [INFO] [RESULT] predict_one(grape002T(11).JPG, conf=0.01): 2 dets, classes={'grape': 1, 'coin': 1}
2026-09-03 09:08:08 [INFO] [RESULT] predict_one(grape002T(12).JPG, conf=0.01): 2 dets, classes={'grape': 1, 'coin': 1}
2026-09-03 09:08:08 [INFO] [RESULT] predict_one(grape002T(13).JPG, conf=0.01): 2 dets, classes={'grape': 1, 'coin': 1}
2026-09-03 09:08:08 [INFO] [RESULT] predict_one(grape002T(14).JPG, conf=0.01): 2 dets, classes={'grape': 1, 'coin': 1}
2026-09-03 09:08:08 [INFO] [RESULT] predict_one(grape002T(15).JPG, conf=0.01): 2 dets, classes={'grape': 1, 'coin': 1}
2026-09-03 09:08:08 [INFO] [RESULT] predict_one(grape002T(16).JPG, conf=0.01): 2 dets, classes={'grape': 1, 'coin': 1}
2026-09-03 09:08:08 [INFO] [RESULT] predict_one(grape002T(17).JPG, conf=0.01): 3 dets, classes={'grape': 1, 'coin': 1, 'tomato': 1}
2026-09-03 09:08:08 [INFO] [RESULT] predict_one(grape002T(2).JPG, conf=0.01): 2 dets, classes={'grape': 1, 'coin': 1}
2026-09-03 09:08:08 [INFO] [RESULT] predict_one(grape002T(3).JPG, conf=0.01): 2 dets, classes={'grape': 1, 'coin': 1}
2026-09-03 09:08:08 [INFO] [RESULT] predict_one(grape002T(4).JPG, conf=0.01): 2 dets, classes={'grape': 1, 'coin': 1}
2026-09-03 09:08:08 [INFO] [RESULT] predict_one(grape002T(5).JPG, conf=0.01): 2 dets, classes={'grape': 1, 'coin': 1}
2026-09-03 09:08:08 [INFO] [RESULT] predict_one(grape002T(6).JPG, conf=0.01): 3 dets, classes={'grape': 1, 'coin': 2}
2026-09-03 09:08:08 [INFO] [RESULT] predict_one(grape002T(7).JPG, conf=0.01): 2 dets, classes={'grape': 1, 'coin': 1}
2026-09-03 09:08:08 [INFO] [RESULT] predict_one(grape002T(8).JPG, conf=0.01): 2 dets, classes={'grape': 1, 'coin': 1}
2026-09-03 09:08:08 [INFO] [RESULT] predict_one(grape002T(9).JPG, conf=0.01): 2 dets, classes={'grape': 1, 'coin': 1}
2026-09-03 09:08:08 [INFO] [RESULT] predict_one(lemon003T(1).JPG, conf=0.01): 2 dets, classes={'lemon': 1, 'coin': 1}
2026-09-03 09:08:08 [INFO] [RESULT] predict_one(lemon003S(1).JPG, conf=0.01): 2 dets, classes={'lemon': 1, 'coin': 1}
2026-09-03 09:08:08 [INFO] [RESULT] predict_one(lemon003S(10).JPG, conf=0.01): 3 dets, classes={'lemon': 1, 'coin': 2}
2026-09-03 09:08:08 [INFO] [RESULT] predict_one(lemon003S(11).JPG, conf=0.01): 2 dets, classes={'lemon': 1, 'coin': 1}
2026-09-03 09:08:09 [INFO] [RESULT] predict_one(lemon003S(12).JPG, conf=0.01): 2 dets, classes={'lemon': 1, 'coin': 1}
2026-09-03 09:08:09 [INFO] [RESULT] predict_one(lemon003S(13).JPG, conf=0.01): 2 dets, classes={'lemon': 1, 'coin': 1}
2026-09-03 09:08:09 [INFO] [RESULT] predict_one(lemon003S(14).JPG, conf=0.01): 2 dets, classes={'lemon': 1, 'coin': 1}
2026-09-03 09:08:09 [INFO] [RESULT] predict_one(lemon003S(15).JPG, conf=0.01): 2 dets, classes={'lemon': 1, 'coin': 1}
2026-09-03 09:08:09 [INFO] [RESULT] predict_one(lemon003S(16).JPG, conf=0.01): 2 dets, classes={'lemon': 1, 'coin': 1}
2026-09-03 09:08:09 [INFO] [RESULT] predict_one(lemon003S(17).JPG, conf=0.01): 2 dets, classes={'lemon': 1, 'coin': 1}
2026-09-03 09:08:09 [INFO] [RESULT] predict_one(lemon003S(18).JPG, conf=0.01): 2 dets, classes={'lemon': 1, 'coin': 1}
2026-09-03 09:08:09 [INFO] [RESULT] predict_one(lemon003S(2).JPG, conf=0.01): 2 dets, classes={'lemon': 1, 'coin': 1}
2026-09-03 09:08:09 [INFO] [RESULT] predict_one(lemon003S(3).JPG, conf=0.01): 2 dets, classes={'lemon': 1, 'coin': 1}
2026-09-03 09:08:09 [INFO] [RESULT] predict_one(lemon003S(4).JPG, conf=0.01): 2 dets, classes={'lemon': 1, 'coin': 1}
2026-09-03 09:08:09 [INFO] [RESULT] predict_one(lemon003S(5).JPG, conf=0.01): 2 dets, classes={'lemon': 1, 'coin': 1}
2026-09-03 09:08:09 [INFO] [RESULT] predict_one(lemon003S(6).JPG, conf=0.01): 2 dets, classes={'lemon': 1, 'coin': 1}
2026-09-03 09:08:09 [INFO] [RESULT] predict_one(lemon003S(7).JPG, conf=0.01): 2 dets, classes={'lemon': 1, 'coin': 1}
2026-09-03 09:08:09 [INFO] [RESULT] predict_one(lemon003S(8).JPG, conf=0.01): 2 dets, classes={'lemon': 1, 'coin': 1}
2026-09-03 09:08:09 [INFO] [RESULT] predict_one(lemon003S(9).JPG, conf=0.01): 2 dets, classes={'lemon': 1, 'coin': 1}
2026-09-03 09:08:09 [INFO] [RESULT] predict_one(lemon003T(10).JPG, conf=0.01): 2 dets, classes={'lemon': 1, 'coin': 1}
2026-09-03 09:08:09 [INFO] [RESULT] predict_one(lemon003T(11).JPG, conf=0.01): 2 dets, classes={'lemon': 1, 'coin': 1}
2026-09-03 09:08:09 [INFO] [RESULT] predict_one(lemon003T(12).JPG, conf=0.01): 2 dets, classes={'lemon': 1, 'coin': 1}
2026-09-03 09:08:09 [INFO] [RESULT] predict_one(lemon003T(13).JPG, conf=0.01): 2 dets, classes={'lemon': 1, 'coin': 1}
2026-09-03 09:08:09 [INFO] [RESULT] predict_one(lemon003T(14).JPG, conf=0.01): 2 dets, classes={'lemon': 1, 'coin': 1}
2026-09-03 09:08:09 [INFO] [RESULT] predict_one(lemon003T(15).JPG, conf=0.01): 2 dets, classes={'lemon': 1, 'coin': 1}
2026-09-03 09:08:09 [INFO] [RESULT] predict_one(lemon003T(16).JPG, conf=0.01): 2 dets, classes={'lemon': 1, 'coin': 1}
2026-09-03 09:08:09 [INFO] [RESULT] predict_one(lemon003T(17).JPG, conf=0.01): 2 dets, classes={'lemon': 1, 'coin': 1}
2026-09-03 09:08:09 [INFO] [RESULT] predict_one(lemon003T(18).JPG, conf=0.01): 2 dets, classes={'lemon': 1, 'coin': 1}
2026-09-03 09:08:09 [INFO] [RESULT] predict_one(lemon003T(2).JPG, conf=0.01): 2 dets, classes={'lemon': 1, 'coin': 1}
2026-09-03 09:08:09 [INFO] [RESULT] predict_one(lemon003T(3).JPG, conf=0.01): 2 dets, classes={'lemon': 1, 'coin': 1}
2026-09-03 09:08:09 [INFO] [RESULT] predict_one(lemon003T(4).JPG, conf=0.01): 2 dets, classes={'lemon': 1, 'coin': 1}
2026-09-03 09:08:09 [INFO] [RESULT] predict_one(lemon003T(5).JPG, conf=0.01): 2 dets, classes={'lemon': 1, 'coin': 1}
2026-09-03 09:08:09 [INFO] [RESULT] predict_one(lemon003T(6).JPG, conf=0.01): 2 dets, classes={'lemon': 1, 'coin': 1}
2026-09-03 09:08:09 [INFO] [RESULT] predict_one(lemon003T(7).JPG, conf=0.01): 2 dets, classes={'lemon': 1, 'coin': 1}
2026-09-03 09:08:09 [INFO] [RESULT] predict_one(lemon003T(8).JPG, conf=0.01): 2 dets, classes={'lemon': 1, 'coin': 1}
2026-09-03 09:08:09 [INFO] [RESULT] predict_one(lemon003T(9).JPG, conf=0.01): 2 dets, classes={'lemon': 1, 'coin': 1}
2026-09-03 09:08:09 [INFO] [RESULT] predict_one(lemon004T(1).JPG, conf=0.01): 2 dets, classes={'lemon': 1, 'coin': 1}
2026-09-03 09:08:09 [INFO] [RESULT] predict_one(lemon004S(1).JPG, conf=0.01): 2 dets, classes={'lemon': 1, 'coin': 1}
2026-09-03 09:08:09 [INFO] [RESULT] predict_one(lemon004S(10).JPG, conf=0.01): 2 dets, classes={'lemon': 1, 'coin': 1}
2026-09-03 09:08:09 [INFO] [RESULT] predict_one(lemon004S(11).JPG, conf=0.01): 2 dets, classes={'lemon': 1, 'coin': 1}
2026-09-03 09:08:09 [INFO] [RESULT] predict_one(lemon004S(12).JPG, conf=0.01): 2 dets, classes={'lemon': 1, 'coin': 1}
2026-09-03 09:08:09 [INFO] [RESULT] predict_one(lemon004S(2).JPG, conf=0.01): 2 dets, classes={'lemon': 1, 'coin': 1}
2026-09-03 09:08:09 [INFO] [RESULT] predict_one(lemon004S(3).JPG, conf=0.01): 2 dets, classes={'lemon': 1, 'coin': 1}
2026-09-03 09:08:09 [INFO] [RESULT] predict_one(lemon004S(4).JPG, conf=0.01): 2 dets, classes={'lemon': 1, 'coin': 1}
2026-09-03 09:08:09 [INFO] [RESULT] predict_one(lemon004S(5).JPG, conf=0.01): 2 dets, classes={'lemon': 1, 'coin': 1}
2026-09-03 09:08:09 [INFO] [RESULT] predict_one(lemon004S(6).JPG, conf=0.01): 2 dets, classes={'lemon': 1, 'coin': 1}
2026-09-03 09:08:09 [INFO] [RESULT] predict_one(lemon004S(7).JPG, conf=0.01): 2 dets, classes={'lemon': 1, 'coin': 1}
2026-09-03 09:08:09 [INFO] [RESULT] predict_one(lemon004S(8).JPG, conf=0.01): 2 dets, classes={'lemon': 1, 'coin': 1}
2026-09-03 09:08:09 [INFO] [RESULT] predict_one(lemon004S(9).JPG, conf=0.01): 2 dets, classes={'lemon': 1, 'coin': 1}
2026-09-03 09:08:09 [INFO] [RESULT] predict_one(lemon004T(10).JPG, conf=0.01): 2 dets, classes={'lemon': 1, 'coin': 1}
2026-09-03 09:08:09 [INFO] [RESULT] predict_one(lemon004T(11).JPG, conf=0.01): 2 dets, classes={'lemon': 1, 'coin': 1}
2026-09-03 09:08:09 [INFO] [RESULT] predict_one(lemon004T(12).JPG, conf=0.01): 2 dets, classes={'lemon': 1, 'coin': 1}
2026-09-03 09:08:10 [INFO] [RESULT] predict_one(lemon004T(2).JPG, conf=0.01): 2 dets, classes={'lemon': 1, 'coin': 1}
2026-09-03 09:08:10 [INFO] [RESULT] predict_one(lemon004T(3).JPG, conf=0.01): 2 dets, classes={'lemon': 1, 'coin': 1}
2026-09-03 09:08:10 [INFO] [RESULT] predict_one(lemon004T(4).JPG, conf=0.01): 2 dets, classes={'lemon': 1, 'coin': 1}
2026-09-03 09:08:10 [INFO] [RESULT] predict_one(lemon004T(5).JPG, conf=0.01): 2 dets, classes={'lemon': 1, 'coin': 1}
2026-09-03 09:08:10 [INFO] [RESULT] predict_one(lemon004T(6).JPG, conf=0.01): 2 dets, classes={'lemon': 1, 'coin': 1}
2026-09-03 09:08:10 [INFO] [RESULT] predict_one(lemon004T(7).JPG, conf=0.01): 2 dets, classes={'lemon': 1, 'coin': 1}
2026-09-03 09:08:10 [INFO] [RESULT] predict_one(lemon004T(8).JPG, conf=0.01): 2 dets, classes={'lemon': 1, 'coin': 1}
2026-09-03 09:08:10 [INFO] [RESULT] predict_one(lemon004T(9).JPG, conf=0.01): 2 dets, classes={'lemon': 1, 'coin': 1}
2026-09-03 09:08:10 [INFO] [RESULT] predict_one(litchi004T(1).JPG, conf=0.01): 2 dets, classes={'litchi': 1, 'coin': 1}
2026-09-03 09:08:10 [INFO] [RESULT] predict_one(litchi004S(1).JPG, conf=0.01): 3 dets, classes={'litchi': 1, 'coin': 2}
2026-09-03 09:08:10 [INFO] [RESULT] predict_one(litchi004S(2).JPG, conf=0.01): 5 dets, classes={'litchi': 1, 'coin': 2, 'plum': 1, 'fried_dough_twist': 1}
2026-09-03 09:08:10 [INFO] [RESULT] predict_one(litchi004S(3).JPG, conf=0.01): 4 dets, classes={'litchi': 1, 'coin': 2, 'grape': 1}
2026-09-03 09:08:10 [INFO] [RESULT] predict_one(litchi004S(4).JPG, conf=0.01): 4 dets, classes={'litchi': 1, 'coin': 2, 'plum': 1}
2026-09-03 09:08:10 [INFO] [RESULT] predict_one(litchi004S(5).JPG, conf=0.01): 4 dets, classes={'litchi': 1, 'coin': 2, 'fried_dough_twist': 1}
2026-09-03 09:08:10 [INFO] [RESULT] predict_one(litchi004S(6).JPG, conf=0.01): 3 dets, classes={'litchi': 1, 'coin': 2}
2026-09-03 09:08:10 [INFO] [RESULT] predict_one(litchi004S(7).JPG, conf=0.01): 2 dets, classes={'litchi': 1, 'coin': 1}
2026-09-03 09:08:10 [INFO] [RESULT] predict_one(litchi004S(8).JPG, conf=0.01): 4 dets, classes={'litchi': 2, 'coin': 2}
2026-09-03 09:08:10 [INFO] [RESULT] predict_one(litchi004T(2).JPG, conf=0.01): 2 dets, classes={'litchi': 1, 'coin': 1}
2026-09-03 09:08:10 [INFO] [RESULT] predict_one(litchi004T(3).JPG, conf=0.01): 2 dets, classes={'litchi': 1, 'coin': 1}
2026-09-03 09:08:10 [INFO] [RESULT] predict_one(litchi004T(4).JPG, conf=0.01): 2 dets, classes={'litchi': 1, 'coin': 1}
2026-09-03 09:08:10 [INFO] [RESULT] predict_one(litchi004T(5).JPG, conf=0.01): 2 dets, classes={'litchi': 1, 'coin': 1}
2026-09-03 09:08:10 [INFO] [RESULT] predict_one(litchi004T(6).JPG, conf=0.01): 2 dets, classes={'litchi': 1, 'coin': 1}
2026-09-03 09:08:10 [INFO] [RESULT] predict_one(litchi004T(7).JPG, conf=0.01): 2 dets, classes={'litchi': 1, 'coin': 1}
2026-09-03 09:08:10 [INFO] [RESULT] predict_one(litchi004T(8).JPG, conf=0.01): 2 dets, classes={'litchi': 1, 'coin': 1}
2026-09-03 09:08:10 [INFO] [RESULT] predict_one(litchi005T(1).JPG, conf=0.01): 2 dets, classes={'litchi': 1, 'coin': 1}
2026-09-03 09:08:10 [INFO] [RESULT] predict_one(litchi005S(1).JPG, conf=0.01): 4 dets, classes={'litchi': 1, 'coin': 2, 'bun': 1}
2026-09-03 09:08:10 [INFO] [RESULT] predict_one(litchi005S(2).JPG, conf=0.01): 3 dets, classes={'litchi': 1, 'coin': 2}
2026-09-03 09:08:10 [INFO] [RESULT] predict_one(litchi005S(3).JPG, conf=0.01): 2 dets, classes={'litchi': 1, 'coin': 1}
2026-09-03 09:08:10 [INFO] [RESULT] predict_one(litchi005S(4).JPG, conf=0.01): 3 dets, classes={'litchi': 1, 'coin': 2}
2026-09-03 09:08:10 [INFO] [RESULT] predict_one(litchi005S(5).JPG, conf=0.01): 3 dets, classes={'litchi': 1, 'coin': 2}
2026-09-03 09:08:10 [INFO] [RESULT] predict_one(litchi005S(6).JPG, conf=0.01): 3 dets, classes={'litchi': 1, 'coin': 2}
2026-09-03 09:08:10 [INFO] [RESULT] predict_one(litchi005S(7).JPG, conf=0.01): 2 dets, classes={'litchi': 1, 'coin': 1}
2026-09-03 09:08:10 [INFO] [RESULT] predict_one(litchi005S(8).JPG, conf=0.01): 3 dets, classes={'litchi': 1, 'coin': 2}
2026-09-03 09:08:10 [INFO] [RESULT] predict_one(litchi005T(2).JPG, conf=0.01): 2 dets, classes={'litchi': 1, 'coin': 1}
2026-09-03 09:08:10 [INFO] [RESULT] predict_one(litchi005T(3).JPG, conf=0.01): 2 dets, classes={'litchi': 1, 'coin': 1}
2026-09-03 09:08:10 [INFO] [RESULT] predict_one(litchi005T(4).JPG, conf=0.01): 2 dets, classes={'litchi': 1, 'coin': 1}
2026-09-03 09:08:10 [INFO] [RESULT] predict_one(litchi005T(5).JPG, conf=0.01): 2 dets, classes={'litchi': 1, 'coin': 1}
2026-09-03 09:08:10 [INFO] [RESULT] predict_one(litchi005T(6).JPG, conf=0.01): 2 dets, classes={'litchi': 1, 'coin': 1}
2026-09-03 09:08:10 [INFO] [RESULT] predict_one(litchi005T(7).JPG, conf=0.01): 2 dets, classes={'litchi': 1, 'coin': 1}
2026-09-03 09:08:10 [INFO] [RESULT] predict_one(litchi005T(8).JPG, conf=0.01): 2 dets, classes={'litchi': 1, 'coin': 1}
2026-09-03 09:08:10 [INFO] [RESULT] predict_one(mango008T(1).JPG, conf=0.01): 2 dets, classes={'mango': 1, 'coin': 1}
2026-09-03 09:08:10 [INFO] [RESULT] predict_one(mango008S(1).JPG, conf=0.01): 3 dets, classes={'mango': 1, 'coin': 2}
2026-09-03 09:08:10 [INFO] [RESULT] predict_one(mango008S(2).JPG, conf=0.01): 2 dets, classes={'mango': 1, 'coin': 1}
2026-09-03 09:08:10 [INFO] [RESULT] predict_one(mango008S(3).JPG, conf=0.01): 2 dets, classes={'mango': 1, 'coin': 1}
2026-09-03 09:08:10 [INFO] [RESULT] predict_one(mango008S(4).JPG, conf=0.01): 4 dets, classes={'mango': 1, 'coin': 3}
2026-09-03 09:08:10 [INFO] [RESULT] predict_one(mango008S(5).JPG, conf=0.01): 2 dets, classes={'mango': 1, 'coin': 1}
2026-09-03 09:08:10 [INFO] [RESULT] predict_one(mango008S(6).JPG, conf=0.01): 4 dets, classes={'mango': 1, 'coin': 3}
2026-09-03 09:08:10 [INFO] [RESULT] predict_one(mango008S(7).JPG, conf=0.01): 2 dets, classes={'mango': 1, 'coin': 1}
2026-09-03 09:08:10 [INFO] [RESULT] predict_one(mango008S(8).JPG, conf=0.01): 3 dets, classes={'mango': 1, 'coin': 2}
2026-09-03 09:08:10 [INFO] [RESULT] predict_one(mango008T(2).JPG, conf=0.01): 2 dets, classes={'mango': 1, 'coin': 1}
2026-09-03 09:08:11 [INFO] [RESULT] predict_one(mango008T(3).JPG, conf=0.01): 2 dets, classes={'mango': 1, 'coin': 1}
2026-09-03 09:08:11 [INFO] [RESULT] predict_one(mango008T(4).JPG, conf=0.01): 2 dets, classes={'mango': 1, 'coin': 1}
2026-09-03 09:08:11 [INFO] [RESULT] predict_one(mango008T(5).JPG, conf=0.01): 2 dets, classes={'mango': 1, 'coin': 1}
2026-09-03 09:08:11 [INFO] [RESULT] predict_one(mango008T(6).JPG, conf=0.01): 2 dets, classes={'mango': 1, 'coin': 1}
2026-09-03 09:08:11 [INFO] [RESULT] predict_one(mango008T(7).JPG, conf=0.01): 2 dets, classes={'mango': 1, 'coin': 1}
2026-09-03 09:08:11 [INFO] [RESULT] predict_one(mango008T(8).JPG, conf=0.01): 4 dets, classes={'mango': 1, 'coin': 3}
2026-09-03 09:08:11 [INFO] [RESULT] predict_one(mango009T(1).JPG, conf=0.01): 2 dets, classes={'mango': 1, 'coin': 1}
2026-09-03 09:08:11 [INFO] [RESULT] predict_one(mango009S(1).JPG, conf=0.01): 2 dets, classes={'mango': 1, 'coin': 1}
2026-09-03 09:08:11 [INFO] [RESULT] predict_one(mango009S(10).JPG, conf=0.01): 2 dets, classes={'mango': 1, 'coin': 1}
2026-09-03 09:08:11 [INFO] [RESULT] predict_one(mango009S(11).JPG, conf=0.01): 2 dets, classes={'mango': 1, 'coin': 1}
2026-09-03 09:08:11 [INFO] [RESULT] predict_one(mango009S(12).JPG, conf=0.01): 2 dets, classes={'mango': 1, 'coin': 1}
2026-09-03 09:08:11 [INFO] [RESULT] predict_one(mango009S(13).JPG, conf=0.01): 2 dets, classes={'mango': 1, 'coin': 1}
2026-09-03 09:08:11 [INFO] [RESULT] predict_one(mango009S(2).JPG, conf=0.01): 2 dets, classes={'mango': 1, 'coin': 1}
2026-09-03 09:08:11 [INFO] [RESULT] predict_one(mango009S(3).JPG, conf=0.01): 2 dets, classes={'mango': 1, 'coin': 1}
2026-09-03 09:08:11 [INFO] [RESULT] predict_one(mango009S(4).JPG, conf=0.01): 2 dets, classes={'mango': 1, 'coin': 1}
2026-09-03 09:08:11 [INFO] [RESULT] predict_one(mango009S(5).JPG, conf=0.01): 2 dets, classes={'mango': 1, 'coin': 1}
2026-09-03 09:08:11 [INFO] [RESULT] predict_one(mango009S(6).JPG, conf=0.01): 2 dets, classes={'mango': 1, 'coin': 1}
2026-09-03 09:08:11 [INFO] [RESULT] predict_one(mango009S(7).JPG, conf=0.01): 2 dets, classes={'mango': 1, 'coin': 1}
2026-09-03 09:08:11 [INFO] [RESULT] predict_one(mango009S(8).JPG, conf=0.01): 2 dets, classes={'mango': 1, 'coin': 1}
2026-09-03 09:08:11 [INFO] [RESULT] predict_one(mango009S(9).JPG, conf=0.01): 2 dets, classes={'mango': 1, 'coin': 1}
2026-09-03 09:08:11 [INFO] [RESULT] predict_one(mango009T(10).JPG, conf=0.01): 2 dets, classes={'mango': 1, 'coin': 1}
2026-09-03 09:08:11 [INFO] [RESULT] predict_one(mango009T(11).JPG, conf=0.01): 2 dets, classes={'mango': 1, 'coin': 1}
2026-09-03 09:08:11 [INFO] [RESULT] predict_one(mango009T(12).JPG, conf=0.01): 2 dets, classes={'mango': 1, 'coin': 1}
2026-09-03 09:08:11 [INFO] [RESULT] predict_one(mango009T(13).JPG, conf=0.01): 2 dets, classes={'mango': 1, 'coin': 1}
2026-09-03 09:08:11 [INFO] [RESULT] predict_one(mango009T(2).JPG, conf=0.01): 2 dets, classes={'mango': 1, 'coin': 1}
2026-09-03 09:08:11 [INFO] [RESULT] predict_one(mango009T(3).JPG, conf=0.01): 2 dets, classes={'mango': 1, 'coin': 1}
2026-09-03 09:08:11 [INFO] [RESULT] predict_one(mango009T(4).JPG, conf=0.01): 2 dets, classes={'mango': 1, 'coin': 1}
2026-09-03 09:08:11 [INFO] [RESULT] predict_one(mango009T(5).JPG, conf=0.01): 2 dets, classes={'mango': 1, 'coin': 1}
2026-09-03 09:08:11 [INFO] [RESULT] predict_one(mango009T(6).JPG, conf=0.01): 2 dets, classes={'mango': 1, 'coin': 1}
2026-09-03 09:08:11 [INFO] [RESULT] predict_one(mango009T(7).JPG, conf=0.01): 2 dets, classes={'mango': 1, 'coin': 1}
2026-09-03 09:08:11 [INFO] [RESULT] predict_one(mango009T(8).JPG, conf=0.01): 2 dets, classes={'mango': 1, 'coin': 1}
2026-09-03 09:08:11 [INFO] [RESULT] predict_one(mango009T(9).JPG, conf=0.01): 2 dets, classes={'mango': 1, 'coin': 1}
2026-09-03 09:08:11 [INFO] [RESULT] predict_one(mango010T(1).JPG, conf=0.01): 2 dets, classes={'coin': 1, 'mango': 1}
2026-09-03 09:08:11 [INFO] [RESULT] predict_one(mango010S(1).JPG, conf=0.01): 2 dets, classes={'mango': 1, 'coin': 1}
2026-09-03 09:08:11 [INFO] [RESULT] predict_one(mango010S(10).JPG, conf=0.01): 3 dets, classes={'coin': 1, 'mango': 1, 'peach': 1}
2026-09-03 09:08:11 [INFO] [RESULT] predict_one(mango010S(11).JPG, conf=0.01): 2 dets, classes={'mango': 1, 'coin': 1}
2026-09-03 09:08:11 [INFO] [RESULT] predict_one(mango010S(2).JPG, conf=0.01): 2 dets, classes={'mango': 1, 'coin': 1}
2026-09-03 09:08:11 [INFO] [RESULT] predict_one(mango010S(3).JPG, conf=0.01): 2 dets, classes={'mango': 1, 'coin': 1}
2026-09-03 09:08:11 [INFO] [RESULT] predict_one(mango010S(4).JPG, conf=0.01): 2 dets, classes={'mango': 1, 'coin': 1}
2026-09-03 09:08:11 [INFO] [RESULT] predict_one(mango010S(5).JPG, conf=0.01): 3 dets, classes={'mango': 1, 'coin': 1, 'bun': 1}
2026-09-03 09:08:11 [INFO] [RESULT] predict_one(mango010S(6).JPG, conf=0.01): 3 dets, classes={'mango': 1, 'coin': 2}
2026-09-03 09:08:11 [INFO] [RESULT] predict_one(mango010S(7).JPG, conf=0.01): 2 dets, classes={'mango': 1, 'coin': 1}
2026-09-03 09:08:11 [INFO] [RESULT] predict_one(mango010S(8).JPG, conf=0.01): 2 dets, classes={'mango': 1, 'coin': 1}
2026-09-03 09:08:11 [INFO] [RESULT] predict_one(mango010S(9).JPG, conf=0.01): 5 dets, classes={'coin': 2, 'mango': 1, 'doughnut': 1, 'fried_dough_twist': 1}
2026-09-03 09:08:11 [INFO] [RESULT] predict_one(mango010T(10).JPG, conf=0.01): 3 dets, classes={'coin': 1, 'mango': 1, 'mooncake': 1}
2026-09-03 09:08:11 [INFO] [RESULT] predict_one(mango010T(11).JPG, conf=0.01): 2 dets, classes={'mango': 1, 'coin': 1}
2026-09-03 09:08:11 [INFO] [RESULT] predict_one(mango010T(2).JPG, conf=0.01): 2 dets, classes={'mango': 1, 'coin': 1}
2026-09-03 09:08:12 [INFO] [RESULT] predict_one(mango010T(3).JPG, conf=0.01): 2 dets, classes={'mango': 1, 'coin': 1}
2026-09-03 09:08:12 [INFO] [RESULT] predict_one(mango010T(4).JPG, conf=0.01): 2 dets, classes={'mango': 1, 'coin': 1}
2026-09-03 09:08:12 [INFO] [RESULT] predict_one(mango010T(5).JPG, conf=0.01): 2 dets, classes={'mango': 1, 'coin': 1}
2026-09-03 09:08:12 [INFO] [RESULT] predict_one(mango010T(6).JPG, conf=0.01): 2 dets, classes={'mango': 1, 'coin': 1}
2026-09-03 09:08:12 [INFO] [RESULT] predict_one(mango010T(7).JPG, conf=0.01): 2 dets, classes={'mango': 1, 'coin': 1}
2026-09-03 09:08:12 [INFO] [RESULT] predict_one(mango010T(8).JPG, conf=0.01): 2 dets, classes={'mango': 1, 'coin': 1}
2026-09-03 09:08:12 [INFO] [RESULT] predict_one(mango010T(9).JPG, conf=0.01): 2 dets, classes={'mango': 1, 'coin': 1}
2026-09-03 09:08:12 [INFO] [RESULT] predict_one(mix011T(1).JPG, conf=0.01): 3 dets, classes={'orange': 1, 'tomato': 1, 'coin': 1}
2026-09-03 09:08:12 [INFO] [RESULT] predict_one(mix011S(1).JPG, conf=0.01): 4 dets, classes={'orange': 1, 'coin': 1, 'tomato': 1, 'apple': 1}
2026-09-03 09:08:12 [INFO] [RESULT] predict_one(mix011S(2).JPG, conf=0.01): 3 dets, classes={'orange': 1, 'coin': 1, 'apple': 1}
2026-09-03 09:08:12 [INFO] [RESULT] predict_one(mix011S(3).JPG, conf=0.01): 3 dets, classes={'orange': 1, 'tomato': 1, 'coin': 1}
2026-09-03 09:08:12 [INFO] [RESULT] predict_one(mix011S(4).JPG, conf=0.01): 5 dets, classes={'orange': 1, 'coin': 2, 'tomato': 1, 'apple': 1}
2026-09-03 09:08:12 [INFO] [RESULT] predict_one(mix011T(2).JPG, conf=0.01): 4 dets, classes={'orange': 1, 'coin': 1, 'tomato': 1, 'apple': 1}
2026-09-03 09:08:12 [INFO] [RESULT] predict_one(mix011T(3).JPG, conf=0.01): 3 dets, classes={'orange': 1, 'coin': 1, 'apple': 1}
2026-09-03 09:08:12 [INFO] [RESULT] predict_one(mix011T(4).JPG, conf=0.01): 4 dets, classes={'orange': 1, 'coin': 2, 'tomato': 1}
2026-09-03 09:08:12 [INFO] [RESULT] predict_one(mix012T(1).JPG, conf=0.01): 4 dets, classes={'orange': 1, 'lemon': 1, 'coin': 2}
2026-09-03 09:08:12 [INFO] [RESULT] predict_one(mix012S(1).JPG, conf=0.01): 3 dets, classes={'orange': 1, 'lemon': 1, 'coin': 1}
2026-09-03 09:08:12 [INFO] [RESULT] predict_one(mix012S(2).JPG, conf=0.01): 3 dets, classes={'orange': 1, 'lemon': 1, 'coin': 1}
2026-09-03 09:08:12 [INFO] [RESULT] predict_one(mix012S(3).JPG, conf=0.01): 4 dets, classes={'orange': 1, 'lemon': 1, 'coin': 2}
2026-09-03 09:08:12 [INFO] [RESULT] predict_one(mix012S(4).JPG, conf=0.01): 4 dets, classes={'orange': 1, 'lemon': 1, 'coin': 2}
2026-09-03 09:08:12 [INFO] [RESULT] predict_one(mix012T(2).JPG, conf=0.01): 3 dets, classes={'orange': 1, 'lemon': 1, 'coin': 1}
2026-09-03 09:08:12 [INFO] [RESULT] predict_one(mix012T(3).JPG, conf=0.01): 4 dets, classes={'orange': 1, 'lemon': 1, 'coin': 2}
2026-09-03 09:08:12 [INFO] [RESULT] predict_one(mix012T(4).JPG, conf=0.01): 4 dets, classes={'lemon': 1, 'orange': 1, 'coin': 2}
2026-09-03 09:08:12 [INFO] [RESULT] predict_one(mix013T(1).JPG, conf=0.01): 5 dets, classes={'lemon': 1, 'pear': 1, 'coin': 2, 'plum': 1}
2026-09-03 09:08:12 [INFO] [RESULT] predict_one(mix013S(1).JPG, conf=0.01): 3 dets, classes={'lemon': 1, 'coin': 1, 'pear': 1}
2026-09-03 09:08:12 [INFO] [RESULT] predict_one(mix013S(2).JPG, conf=0.01): 3 dets, classes={'pear': 1, 'lemon': 1, 'coin': 1}
2026-09-03 09:08:12 [INFO] [RESULT] predict_one(mix013S(3).JPG, conf=0.01): 3 dets, classes={'lemon': 1, 'pear': 1, 'coin': 1}
2026-09-03 09:08:12 [INFO] [RESULT] predict_one(mix013S(4).JPG, conf=0.01): 3 dets, classes={'pear': 1, 'coin': 1, 'lemon': 1}
2026-09-03 09:08:12 [INFO] [RESULT] predict_one(mix013T(2).JPG, conf=0.01): 3 dets, classes={'lemon': 1, 'pear': 1, 'coin': 1}
2026-09-03 09:08:12 [INFO] [RESULT] predict_one(mix013T(3).JPG, conf=0.01): 3 dets, classes={'lemon': 1, 'pear': 1, 'coin': 1}
2026-09-03 09:08:12 [INFO] [RESULT] predict_one(mix013T(4).JPG, conf=0.01): 3 dets, classes={'lemon': 1, 'coin': 1, 'pear': 1}
2026-09-03 09:08:12 [INFO] [RESULT] predict_one(mix014T(1).JPG, conf=0.01): 3 dets, classes={'mango': 1, 'coin': 1, 'pear': 1}
2026-09-03 09:08:12 [INFO] [RESULT] predict_one(mix014S(1).JPG, conf=0.01): 3 dets, classes={'mango': 1, 'pear': 1, 'coin': 1}
2026-09-03 09:08:12 [INFO] [RESULT] predict_one(mix014S(2).JPG, conf=0.01): 3 dets, classes={'pear': 1, 'mango': 1, 'coin': 1}
2026-09-03 09:08:12 [INFO] [RESULT] predict_one(mix014S(3).JPG, conf=0.01): 3 dets, classes={'pear': 1, 'coin': 1, 'mango': 1}
2026-09-03 09:08:12 [INFO] [RESULT] predict_one(mix014S(4).JPG, conf=0.01): 3 dets, classes={'pear': 1, 'mango': 1, 'coin': 1}
2026-09-03 09:08:12 [INFO] [RESULT] predict_one(mix014T(2).JPG, conf=0.01): 3 dets, classes={'mango': 1, 'pear': 1, 'coin': 1}
2026-09-03 09:08:12 [INFO] [RESULT] predict_one(mix014T(3).JPG, conf=0.01): 3 dets, classes={'mango': 1, 'pear': 1, 'coin': 1}
2026-09-03 09:08:12 [INFO] [RESULT] predict_one(mix014T(4).JPG, conf=0.01): 3 dets, classes={'mango': 1, 'coin': 1, 'pear': 1}
2026-09-03 09:08:12 [INFO] [RESULT] predict_one(mooncake005T(1).JPG, conf=0.01): 2 dets, classes={'mooncake': 1, 'coin': 1}
2026-09-03 09:08:12 [INFO] [RESULT] predict_one(mooncake005S(1).JPG, conf=0.01): 2 dets, classes={'mooncake': 1, 'coin': 1}
2026-09-03 09:08:12 [INFO] [RESULT] predict_one(mooncake005S(2).JPG, conf=0.01): 2 dets, classes={'mooncake': 1, 'coin': 1}
2026-09-03 09:08:12 [INFO] [RESULT] predict_one(mooncake005S(3).JPG, conf=0.01): 2 dets, classes={'mooncake': 1, 'coin': 1}
2026-09-03 09:08:12 [INFO] [RESULT] predict_one(mooncake005S(4).JPG, conf=0.01): 2 dets, classes={'mooncake': 1, 'coin': 1}
2026-09-03 09:08:12 [INFO] [RESULT] predict_one(mooncake005S(5).JPG, conf=0.01): 2 dets, classes={'mooncake': 1, 'coin': 1}
2026-09-03 09:08:12 [INFO] [RESULT] predict_one(mooncake005S(6).JPG, conf=0.01): 2 dets, classes={'mooncake': 1, 'coin': 1}
2026-09-03 09:08:12 [INFO] [RESULT] predict_one(mooncake005S(7).JPG, conf=0.01): 2 dets, classes={'mooncake': 1, 'coin': 1}
2026-09-03 09:08:12 [INFO] [RESULT] predict_one(mooncake005T(2).JPG, conf=0.01): 2 dets, classes={'mooncake': 1, 'coin': 1}
2026-09-03 09:08:12 [INFO] [RESULT] predict_one(mooncake005T(3).JPG, conf=0.01): 2 dets, classes={'mooncake': 1, 'coin': 1}
2026-09-03 09:08:12 [INFO] [RESULT] predict_one(mooncake005T(4).JPG, conf=0.01): 2 dets, classes={'mooncake': 1, 'coin': 1}
2026-09-03 09:08:12 [INFO] [RESULT] predict_one(mooncake005T(5).JPG, conf=0.01): 2 dets, classes={'mooncake': 1, 'coin': 1}
2026-09-03 09:08:12 [INFO] [RESULT] predict_one(mooncake005T(6).JPG, conf=0.01): 2 dets, classes={'mooncake': 1, 'coin': 1}
2026-09-03 09:08:12 [INFO] [RESULT] predict_one(mooncake005T(7).JPG, conf=0.01): 2 dets, classes={'mooncake': 1, 'coin': 1}
2026-09-03 09:08:13 [INFO] [RESULT] predict_one(mooncake006T(1).JPG, conf=0.01): 2 dets, classes={'mooncake': 1, 'coin': 1}
2026-09-03 09:08:13 [INFO] [RESULT] predict_one(mooncake006S(1).JPG, conf=0.01): 2 dets, classes={'mooncake': 1, 'coin': 1}
2026-09-03 09:08:13 [INFO] [RESULT] predict_one(mooncake006S(2).JPG, conf=0.01): 2 dets, classes={'mooncake': 1, 'coin': 1}
2026-09-03 09:08:13 [INFO] [RESULT] predict_one(mooncake006S(3).JPG, conf=0.01): 3 dets, classes={'mooncake': 1, 'coin': 2}
2026-09-03 09:08:13 [INFO] [RESULT] predict_one(mooncake006S(4).JPG, conf=0.01): 2 dets, classes={'mooncake': 1, 'coin': 1}
2026-09-03 09:08:13 [INFO] [RESULT] predict_one(mooncake006S(5).JPG, conf=0.01): 2 dets, classes={'mooncake': 1, 'coin': 1}
2026-09-03 09:08:13 [INFO] [RESULT] predict_one(mooncake006S(6).JPG, conf=0.01): 2 dets, classes={'mooncake': 1, 'coin': 1}
2026-09-03 09:08:13 [INFO] [RESULT] predict_one(mooncake006S(7).JPG, conf=0.01): 2 dets, classes={'mooncake': 1, 'coin': 1}
2026-09-03 09:08:13 [INFO] [RESULT] predict_one(mooncake006S(8).JPG, conf=0.01): 2 dets, classes={'coin': 1, 'mooncake': 1}
2026-09-03 09:08:13 [INFO] [RESULT] predict_one(mooncake006T(2).JPG, conf=0.01): 2 dets, classes={'coin': 1, 'mooncake': 1}
2026-09-03 09:08:13 [INFO] [RESULT] predict_one(mooncake006T(3).JPG, conf=0.01): 2 dets, classes={'mooncake': 1, 'coin': 1}
2026-09-03 09:08:13 [INFO] [RESULT] predict_one(mooncake006T(4).JPG, conf=0.01): 2 dets, classes={'mooncake': 1, 'coin': 1}
2026-09-03 09:08:13 [INFO] [RESULT] predict_one(mooncake006T(5).JPG, conf=0.01): 2 dets, classes={'mooncake': 1, 'coin': 1}
2026-09-03 09:08:13 [INFO] [RESULT] predict_one(mooncake006T(6).JPG, conf=0.01): 2 dets, classes={'mooncake': 1, 'coin': 1}
2026-09-03 09:08:13 [INFO] [RESULT] predict_one(mooncake006T(7).JPG, conf=0.01): 2 dets, classes={'mooncake': 1, 'coin': 1}
2026-09-03 09:08:13 [INFO] [RESULT] predict_one(mooncake006T(8).JPG, conf=0.01): 2 dets, classes={'mooncake': 1, 'coin': 1}
2026-09-03 09:08:13 [INFO] [RESULT] predict_one(orange012T(1).JPG, conf=0.01): 8 dets, classes={'coin': 4, 'orange': 1, 'lemon': 1, 'grape': 1, 'plum': 1}
2026-09-03 09:08:13 [INFO] [RESULT] predict_one(orange012S(1).JPG, conf=0.01): 3 dets, classes={'coin': 1, 'orange': 1, 'mango': 1}
2026-09-03 09:08:13 [INFO] [RESULT] predict_one(orange012S(2).JPG, conf=0.01): 2 dets, classes={'coin': 1, 'orange': 1}
2026-09-03 09:08:13 [INFO] [RESULT] predict_one(orange012S(3).JPG, conf=0.01): 2 dets, classes={'orange': 1, 'coin': 1}
2026-09-03 09:08:13 [INFO] [RESULT] predict_one(orange012S(4).JPG, conf=0.01): 2 dets, classes={'orange': 1, 'coin': 1}
2026-09-03 09:08:13 [INFO] [RESULT] predict_one(orange012S(5).JPG, conf=0.01): 2 dets, classes={'coin': 1, 'orange': 1}
2026-09-03 09:08:13 [INFO] [RESULT] predict_one(orange012S(6).JPG, conf=0.01): 2 dets, classes={'orange': 1, 'coin': 1}
2026-09-03 09:08:13 [INFO] [RESULT] predict_one(orange012S(7).JPG, conf=0.01): 3 dets, classes={'coin': 1, 'mango': 1, 'orange': 1}
2026-09-03 09:08:13 [INFO] [RESULT] predict_one(orange012S(8).JPG, conf=0.01): 2 dets, classes={'orange': 1, 'coin': 1}
2026-09-03 09:08:13 [INFO] [RESULT] predict_one(orange012S(9).JPG, conf=0.01): 3 dets, classes={'coin': 2, 'orange': 1}
2026-09-03 09:08:13 [INFO] [RESULT] predict_one(orange012T(2).JPG, conf=0.01): 7 dets, classes={'coin': 4, 'grape': 2, 'orange': 1}
2026-09-03 09:08:13 [INFO] [RESULT] predict_one(orange012T(3).JPG, conf=0.01): 7 dets, classes={'coin': 3, 'apple': 1, 'plum': 1, 'grape': 2}
2026-09-03 09:08:13 [INFO] [RESULT] predict_one(orange012T(4).JPG, conf=0.01): 9 dets, classes={'coin': 4, 'orange': 1, 'grape': 3, 'lemon': 1}
2026-09-03 09:08:13 [INFO] [RESULT] predict_one(orange012T(5).JPG, conf=0.01): 9 dets, classes={'coin': 5, 'mango': 1, 'orange': 1, 'grape': 1, 'lemon': 1}
2026-09-03 09:08:13 [INFO] [RESULT] predict_one(orange012T(6).JPG, conf=0.01): 8 dets, classes={'orange': 1, 'coin': 4, 'grape': 2, 'plum': 1}
2026-09-03 09:08:13 [INFO] [RESULT] predict_one(orange012T(7).JPG, conf=0.01): 6 dets, classes={'coin': 3, 'lemon': 1, 'grape': 1, 'plum': 1}
2026-09-03 09:08:13 [INFO] [RESULT] predict_one(orange012T(8).JPG, conf=0.01): 7 dets, classes={'coin': 3, 'mango': 1, 'orange': 1, 'grape': 2}
2026-09-03 09:08:13 [INFO] [RESULT] predict_one(orange012T(9).JPG, conf=0.01): 6 dets, classes={'coin': 4, 'mango': 1, 'grape': 1}
2026-09-03 09:08:13 [INFO] [RESULT] predict_one(orange013T(1).JPG, conf=0.01): 3 dets, classes={'orange': 1, 'coin': 1, 'bread': 1}
2026-09-03 09:08:13 [INFO] [RESULT] predict_one(orange013S(1).JPG, conf=0.01): 3 dets, classes={'orange': 1, 'coin': 1, 'fried_dough_twist': 1}
2026-09-03 09:08:13 [INFO] [RESULT] predict_one(orange013S(2).JPG, conf=0.01): 2 dets, classes={'orange': 1, 'coin': 1}
2026-09-03 09:08:13 [INFO] [RESULT] predict_one(orange013S(3).JPG, conf=0.01): 2 dets, classes={'orange': 1, 'coin': 1}
2026-09-03 09:08:13 [INFO] [RESULT] predict_one(orange013S(4).JPG, conf=0.01): 2 dets, classes={'orange': 1, 'coin': 1}
2026-09-03 09:08:13 [INFO] [RESULT] predict_one(orange013S(5).JPG, conf=0.01): 3 dets, classes={'orange': 1, 'coin': 1, 'fried_dough_twist': 1}
2026-09-03 09:08:13 [INFO] [RESULT] predict_one(orange013T(2).JPG, conf=0.01): 4 dets, classes={'coin': 2, 'orange': 1, 'mango': 1}
2026-09-03 09:08:13 [INFO] [RESULT] predict_one(orange013T(3).JPG, conf=0.01): 5 dets, classes={'coin': 1, 'orange': 1, 'mango': 1, 'apple': 1, 'banana': 1}
2026-09-03 09:08:13 [INFO] [RESULT] predict_one(orange013T(4).JPG, conf=0.01): 3 dets, classes={'coin': 1, 'apple': 1, 'banana': 1}
2026-09-03 09:08:13 [INFO] [RESULT] predict_one(orange013T(5).JPG, conf=0.01): 2 dets, classes={'orange': 1, 'coin': 1}
2026-09-03 09:08:13 [INFO] [RESULT] predict_one(orange014T(1).JPG, conf=0.01): 3 dets, classes={'coin': 1, 'apple': 1, 'orange': 1}
2026-09-03 09:08:13 [INFO] [RESULT] predict_one(orange014S(1).JPG, conf=0.01): 3 dets, classes={'orange': 1, 'coin': 2}
2026-09-03 09:08:13 [INFO] [RESULT] predict_one(orange014S(2).JPG, conf=0.01): 3 dets, classes={'coin': 2, 'orange': 1}
2026-09-03 09:08:13 [INFO] [RESULT] predict_one(orange014S(3).JPG, conf=0.01): 2 dets, classes={'orange': 1, 'coin': 1}
2026-09-03 09:08:13 [INFO] [RESULT] predict_one(orange014T(2).JPG, conf=0.01): 2 dets, classes={'apple': 1, 'coin': 1}
2026-09-03 09:08:13 [INFO] [RESULT] predict_one(orange014T(3).JPG, conf=0.01): 3 dets, classes={'coin': 1, 'apple': 1, 'orange': 1}
2026-09-03 09:08:13 [INFO] [RESULT] predict_one(orange015T(1).JPG, conf=0.01): 2 dets, classes={'coin': 1, 'orange': 1}
2026-09-03 09:08:14 [INFO] [RESULT] predict_one(orange015S(1).JPG, conf=0.01): 2 dets, classes={'orange': 1, 'coin': 1}
2026-09-03 09:08:14 [INFO] [RESULT] predict_one(orange015S(2).JPG, conf=0.01): 3 dets, classes={'orange': 1, 'coin': 1, 'banana': 1}
2026-09-03 09:08:14 [INFO] [RESULT] predict_one(orange015S(3).JPG, conf=0.01): 3 dets, classes={'coin': 1, 'orange': 1, 'mango': 1}
2026-09-03 09:08:14 [INFO] [RESULT] predict_one(orange015S(4).JPG, conf=0.01): 4 dets, classes={'mango': 1, 'coin': 2, 'banana': 1}
2026-09-03 09:08:14 [INFO] [RESULT] predict_one(orange015S(5).JPG, conf=0.01): 5 dets, classes={'orange': 1, 'coin': 2, 'banana': 2}
2026-09-03 09:08:14 [INFO] [RESULT] predict_one(orange015S(6).JPG, conf=0.01): 3 dets, classes={'orange': 1, 'coin': 1, 'banana': 1}
2026-09-03 09:08:14 [INFO] [RESULT] predict_one(orange015T(2).JPG, conf=0.01): 2 dets, classes={'orange': 1, 'coin': 1}
2026-09-03 09:08:14 [INFO] [RESULT] predict_one(orange015T(3).JPG, conf=0.01): 2 dets, classes={'orange': 1, 'coin': 1}
2026-09-03 09:08:14 [INFO] [RESULT] predict_one(orange015T(4).JPG, conf=0.01): 4 dets, classes={'orange': 1, 'coin': 3}
2026-09-03 09:08:14 [INFO] [RESULT] predict_one(orange015T(5).JPG, conf=0.01): 2 dets, classes={'orange': 1, 'coin': 1}
2026-09-03 09:08:14 [INFO] [RESULT] predict_one(orange015T(6).JPG, conf=0.01): 3 dets, classes={'coin': 1, 'orange': 1, 'mango': 1}
2026-09-03 09:08:14 [INFO] [RESULT] predict_one(peach004T(1).JPG, conf=0.01): 2 dets, classes={'peach': 1, 'coin': 1}
2026-09-03 09:08:14 [INFO] [RESULT] predict_one(peach004S(1).JPG, conf=0.01): 2 dets, classes={'peach': 1, 'coin': 1}
2026-09-03 09:08:14 [INFO] [RESULT] predict_one(peach004S(10).JPG, conf=0.01): 3 dets, classes={'peach': 1, 'coin': 1, 'qiwi': 1}
2026-09-03 09:08:14 [INFO] [RESULT] predict_one(peach004S(11).JPG, conf=0.01): 2 dets, classes={'peach': 1, 'coin': 1}
2026-09-03 09:08:14 [INFO] [RESULT] predict_one(peach004S(12).JPG, conf=0.01): 2 dets, classes={'peach': 1, 'coin': 1}
2026-09-03 09:08:14 [INFO] [RESULT] predict_one(peach004S(13).JPG, conf=0.01): 4 dets, classes={'peach': 1, 'coin': 2, 'qiwi': 1}
2026-09-03 09:08:14 [INFO] [RESULT] predict_one(peach004S(14).JPG, conf=0.01): 2 dets, classes={'peach': 1, 'coin': 1}
2026-09-03 09:08:14 [INFO] [RESULT] predict_one(peach004S(15).JPG, conf=0.01): 2 dets, classes={'peach': 1, 'coin': 1}
2026-09-03 09:08:14 [INFO] [RESULT] predict_one(peach004S(16).JPG, conf=0.01): 2 dets, classes={'peach': 1, 'coin': 1}
2026-09-03 09:08:14 [INFO] [RESULT] predict_one(peach004S(17).JPG, conf=0.01): 2 dets, classes={'peach': 1, 'coin': 1}
2026-09-03 09:08:14 [INFO] [RESULT] predict_one(peach004S(18).JPG, conf=0.01): 2 dets, classes={'peach': 1, 'coin': 1}
2026-09-03 09:08:14 [INFO] [RESULT] predict_one(peach004S(19).JPG, conf=0.01): 2 dets, classes={'peach': 1, 'coin': 1}
2026-09-03 09:08:14 [INFO] [RESULT] predict_one(peach004S(2).JPG, conf=0.01): 2 dets, classes={'peach': 1, 'coin': 1}
2026-09-03 09:08:14 [INFO] [RESULT] predict_one(peach004S(20).JPG, conf=0.01): 2 dets, classes={'peach': 1, 'coin': 1}
2026-09-03 09:08:14 [INFO] [RESULT] predict_one(peach004S(3).JPG, conf=0.01): 2 dets, classes={'peach': 1, 'coin': 1}
2026-09-03 09:08:14 [INFO] [RESULT] predict_one(peach004S(4).JPG, conf=0.01): 2 dets, classes={'peach': 1, 'coin': 1}
2026-09-03 09:08:14 [INFO] [RESULT] predict_one(peach004S(5).JPG, conf=0.01): 2 dets, classes={'peach': 1, 'coin': 1}
2026-09-03 09:08:14 [INFO] [RESULT] predict_one(peach004S(6).JPG, conf=0.01): 2 dets, classes={'peach': 1, 'coin': 1}
2026-09-03 09:08:14 [INFO] [RESULT] predict_one(peach004S(7).JPG, conf=0.01): 2 dets, classes={'peach': 1, 'coin': 1}
2026-09-03 09:08:14 [INFO] [RESULT] predict_one(peach004S(8).JPG, conf=0.01): 2 dets, classes={'peach': 1, 'coin': 1}
2026-09-03 09:08:14 [INFO] [RESULT] predict_one(peach004S(9).JPG, conf=0.01): 2 dets, classes={'peach': 1, 'coin': 1}
2026-09-03 09:08:14 [INFO] [RESULT] predict_one(peach004T(10).JPG, conf=0.01): 2 dets, classes={'peach': 1, 'coin': 1}
2026-09-03 09:08:14 [INFO] [RESULT] predict_one(peach004T(11).JPG, conf=0.01): 2 dets, classes={'peach': 1, 'coin': 1}
2026-09-03 09:08:14 [INFO] [RESULT] predict_one(peach004T(12).JPG, conf=0.01): 2 dets, classes={'peach': 1, 'coin': 1}
2026-09-03 09:08:14 [INFO] [RESULT] predict_one(peach004T(13).JPG, conf=0.01): 2 dets, classes={'peach': 1, 'coin': 1}
2026-09-03 09:08:14 [INFO] [RESULT] predict_one(peach004T(14).JPG, conf=0.01): 2 dets, classes={'peach': 1, 'coin': 1}
2026-09-03 09:08:14 [INFO] [RESULT] predict_one(peach004T(15).JPG, conf=0.01): 2 dets, classes={'peach': 1, 'coin': 1}
2026-09-03 09:08:14 [INFO] [RESULT] predict_one(peach004T(16).JPG, conf=0.01): 2 dets, classes={'peach': 1, 'coin': 1}
2026-09-03 09:08:14 [INFO] [RESULT] predict_one(peach004T(17).JPG, conf=0.01): 2 dets, classes={'peach': 1, 'coin': 1}
2026-09-03 09:08:14 [INFO] [RESULT] predict_one(peach004T(18).JPG, conf=0.01): 2 dets, classes={'peach': 1, 'coin': 1}
2026-09-03 09:08:14 [INFO] [RESULT] predict_one(peach004T(19).JPG, conf=0.01): 2 dets, classes={'peach': 1, 'coin': 1}
2026-09-03 09:08:14 [INFO] [RESULT] predict_one(peach004T(2).JPG, conf=0.01): 2 dets, classes={'peach': 1, 'coin': 1}
2026-09-03 09:08:14 [INFO] [RESULT] predict_one(peach004T(20).JPG, conf=0.01): 2 dets, classes={'peach': 1, 'coin': 1}
2026-09-03 09:08:14 [INFO] [RESULT] predict_one(peach004T(3).JPG, conf=0.01): 2 dets, classes={'peach': 1, 'coin': 1}
2026-09-03 09:08:14 [INFO] [RESULT] predict_one(peach004T(4).JPG, conf=0.01): 3 dets, classes={'peach': 1, 'coin': 2}
2026-09-03 09:08:14 [INFO] [RESULT] predict_one(peach004T(5).JPG, conf=0.01): 2 dets, classes={'peach': 1, 'coin': 1}
2026-09-03 09:08:14 [INFO] [RESULT] predict_one(peach004T(6).JPG, conf=0.01): 2 dets, classes={'peach': 1, 'coin': 1}
2026-09-03 09:08:14 [INFO] [RESULT] predict_one(peach004T(7).JPG, conf=0.01): 2 dets, classes={'peach': 1, 'coin': 1}
2026-09-03 09:08:14 [INFO] [RESULT] predict_one(peach004T(8).JPG, conf=0.01): 2 dets, classes={'peach': 1, 'coin': 1}
2026-09-03 09:08:14 [INFO] [RESULT] predict_one(peach004T(9).JPG, conf=0.01): 2 dets, classes={'peach': 1, 'coin': 1}
2026-09-03 09:08:14 [INFO] [RESULT] predict_one(peach005T(1).JPG, conf=0.01): 3 dets, classes={'coin': 1, 'peach': 1, 'pear': 1}
2026-09-03 09:08:14 [INFO] [RESULT] predict_one(peach005S(1).JPG, conf=0.01): 3 dets, classes={'coin': 2, 'peach': 1}
2026-09-03 09:08:14 [INFO] [RESULT] predict_one(peach005S(10).JPG, conf=0.01): 5 dets, classes={'pear': 1, 'coin': 2, 'qiwi': 1, 'egg': 1}
2026-09-03 09:08:14 [INFO] [RESULT] predict_one(peach005S(2).JPG, conf=0.01): 3 dets, classes={'coin': 2, 'pear': 1}
2026-09-03 09:08:15 [INFO] [RESULT] predict_one(peach005S(3).JPG, conf=0.01): 2 dets, classes={'lemon': 1, 'coin': 1}
2026-09-03 09:08:15 [INFO] [RESULT] predict_one(peach005S(4).JPG, conf=0.01): 3 dets, classes={'coin': 1, 'peach': 1, 'lemon': 1}
2026-09-03 09:08:15 [INFO] [RESULT] predict_one(peach005S(5).JPG, conf=0.01): 3 dets, classes={'coin': 1, 'pear': 1, 'peach': 1}
2026-09-03 09:08:15 [INFO] [RESULT] predict_one(peach005S(6).JPG, conf=0.01): 3 dets, classes={'pear': 1, 'coin': 2}
2026-09-03 09:08:15 [INFO] [RESULT] predict_one(peach005S(7).JPG, conf=0.01): 2 dets, classes={'coin': 1, 'lemon': 1}
2026-09-03 09:08:15 [INFO] [RESULT] predict_one(peach005S(8).JPG, conf=0.01): 4 dets, classes={'coin': 1, 'pear': 1, 'peach': 1, 'lemon': 1}
2026-09-03 09:08:15 [INFO] [RESULT] predict_one(peach005S(9).JPG, conf=0.01): 4 dets, classes={'pear': 1, 'coin': 2, 'qiwi': 1}
2026-09-03 09:08:15 [INFO] [RESULT] predict_one(peach005T(10).JPG, conf=0.01): 4 dets, classes={'coin': 1, 'pear': 1, 'mango': 1, 'apple': 1}
2026-09-03 09:08:15 [INFO] [RESULT] predict_one(peach005T(2).JPG, conf=0.01): 3 dets, classes={'coin': 1, 'mango': 1, 'peach': 1}
2026-09-03 09:08:15 [INFO] [RESULT] predict_one(peach005T(3).JPG, conf=0.01): 4 dets, classes={'coin': 1, 'pear': 1, 'apple': 1, 'peach': 1}
2026-09-03 09:08:15 [INFO] [RESULT] predict_one(peach005T(4).JPG, conf=0.01): 4 dets, classes={'coin': 1, 'pear': 1, 'peach': 1, 'apple': 1}
2026-09-03 09:08:15 [INFO] [RESULT] predict_one(peach005T(5).JPG, conf=0.01): 2 dets, classes={'peach': 1, 'coin': 1}
2026-09-03 09:08:15 [INFO] [RESULT] predict_one(peach005T(6).JPG, conf=0.01): 2 dets, classes={'coin': 1, 'pear': 1}
2026-09-03 09:08:15 [INFO] [RESULT] predict_one(peach005T(7).JPG, conf=0.01): 3 dets, classes={'coin': 1, 'pear': 1, 'peach': 1}
2026-09-03 09:08:15 [INFO] [RESULT] predict_one(peach005T(8).JPG, conf=0.01): 2 dets, classes={'coin': 1, 'pear': 1}
2026-09-03 09:08:15 [INFO] [RESULT] predict_one(peach005T(9).JPG, conf=0.01): 2 dets, classes={'coin': 1, 'pear': 1}
2026-09-03 09:08:15 [INFO] [RESULT] predict_one(pear005T(1).JPG, conf=0.01): 5 dets, classes={'coin': 3, 'banana': 1, 'mango': 1}
2026-09-03 09:08:15 [INFO] [RESULT] predict_one(pear005S(1).JPG, conf=0.01): 5 dets, classes={'coin': 1, 'apple': 1, 'mango': 1, 'orange': 1, 'pear': 1}
2026-09-03 09:08:15 [INFO] [RESULT] predict_one(pear005S(2).JPG, conf=0.01): 2 dets, classes={'mango': 1, 'coin': 1}
2026-09-03 09:08:15 [INFO] [RESULT] predict_one(pear005S(3).JPG, conf=0.01): 2 dets, classes={'coin': 1, 'mango': 1}
2026-09-03 09:08:15 [INFO] [RESULT] predict_one(pear005S(4).JPG, conf=0.01): 2 dets, classes={'coin': 1, 'mango': 1}
2026-09-03 09:08:15 [INFO] [RESULT] predict_one(pear005S(5).JPG, conf=0.01): 2 dets, classes={'mango': 1, 'coin': 1}
2026-09-03 09:08:15 [INFO] [RESULT] predict_one(pear005S(6).JPG, conf=0.01): 3 dets, classes={'coin': 1, 'pear': 1, 'mango': 1}
2026-09-03 09:08:15 [INFO] [RESULT] predict_one(pear005S(7).JPG, conf=0.01): 2 dets, classes={'mango': 1, 'coin': 1}
2026-09-03 09:08:15 [INFO] [RESULT] predict_one(pear005T(2).JPG, conf=0.01): 7 dets, classes={'coin': 3, 'pear': 1, 'mango': 1, 'grape': 1, 'banana': 1}
2026-09-03 09:08:15 [INFO] [RESULT] predict_one(pear005T(3).JPG, conf=0.01): 6 dets, classes={'coin': 3, 'mango': 1, 'fried_dough_twist': 1, 'grape': 1}
2026-09-03 09:08:15 [INFO] [RESULT] predict_one(pear005T(4).JPG, conf=0.01): 7 dets, classes={'coin': 2, 'grape': 3, 'pear': 1, 'apple': 1}
2026-09-03 09:08:15 [INFO] [RESULT] predict_one(pear005T(5).JPG, conf=0.01): 5 dets, classes={'apple': 1, 'coin': 2, 'grape': 2}
2026-09-03 09:08:15 [INFO] [RESULT] predict_one(pear005T(6).JPG, conf=0.01): 7 dets, classes={'coin': 3, 'banana': 1, 'mango': 1, 'grape': 2}
2026-09-03 09:08:15 [INFO] [RESULT] predict_one(pear005T(7).JPG, conf=0.01): 9 dets, classes={'coin': 5, 'mango': 1, 'lemon': 1, 'grape': 2}
2026-09-03 09:08:15 [INFO] [RESULT] predict_one(pear006T(1).JPG, conf=0.01): 3 dets, classes={'coin': 1, 'banana': 1, 'mango': 1}
2026-09-03 09:08:15 [INFO] [RESULT] predict_one(pear006S(1).JPG, conf=0.01): 3 dets, classes={'coin': 1, 'lemon': 1, 'pear': 1}
2026-09-03 09:08:15 [INFO] [RESULT] predict_one(pear006S(2).JPG, conf=0.01): 4 dets, classes={'coin': 1, 'pear': 1, 'banana': 1, 'fried_dough_twist': 1}
2026-09-03 09:08:15 [INFO] [RESULT] predict_one(pear006S(3).JPG, conf=0.01): 2 dets, classes={'coin': 1, 'pear': 1}
2026-09-03 09:08:15 [INFO] [RESULT] predict_one(pear006S(4).JPG, conf=0.01): 2 dets, classes={'coin': 1, 'pear': 1}
2026-09-03 09:08:15 [INFO] [RESULT] predict_one(pear006S(5).JPG, conf=0.01): 3 dets, classes={'coin': 1, 'mango': 1, 'lemon': 1}
2026-09-03 09:08:15 [INFO] [RESULT] predict_one(pear006S(6).JPG, conf=0.01): 4 dets, classes={'coin': 1, 'pear': 1, 'lemon': 1, 'mango': 1}
2026-09-03 09:08:15 [INFO] [RESULT] predict_one(pear006S(7).JPG, conf=0.01): 5 dets, classes={'mango': 1, 'coin': 2, 'banana': 1, 'fried_dough_twist': 1}
2026-09-03 09:08:15 [INFO] [RESULT] predict_one(pear006S(8).JPG, conf=0.01): 2 dets, classes={'coin': 1, 'mango': 1}
2026-09-03 09:08:15 [INFO] [RESULT] predict_one(pear006S(9).JPG, conf=0.01): 2 dets, classes={'coin': 1, 'mango': 1}
2026-09-03 09:08:15 [INFO] [RESULT] predict_one(pear006T(2).JPG, conf=0.01): 2 dets, classes={'mango': 1, 'coin': 1}
2026-09-03 09:08:15 [INFO] [RESULT] predict_one(pear006T(3).JPG, conf=0.01): 2 dets, classes={'coin': 1, 'doughnut': 1}
2026-09-03 09:08:15 [INFO] [RESULT] predict_one(pear006T(4).JPG, conf=0.01): 2 dets, classes={'mango': 1, 'coin': 1}
2026-09-03 09:08:15 [INFO] [RESULT] predict_one(pear006T(5).JPG, conf=0.01): 2 dets, classes={'lemon': 1, 'coin': 1}
2026-09-03 09:08:15 [INFO] [RESULT] predict_one(pear006T(6).JPG, conf=0.01): 4 dets, classes={'coin': 1, 'mango': 1, 'banana': 1, 'orange': 1}
2026-09-03 09:08:15 [INFO] [RESULT] predict_one(pear006T(7).JPG, conf=0.01): 3 dets, classes={'coin': 1, 'mango': 1, 'banana': 1}
2026-09-03 09:08:15 [INFO] [RESULT] predict_one(pear006T(8).JPG, conf=0.01): 3 dets, classes={'coin': 2, 'mango': 1}
2026-09-03 09:08:15 [INFO] [RESULT] predict_one(pear006T(9).JPG, conf=0.01): 3 dets, classes={'coin': 1, 'mango': 1, 'banana': 1}
2026-09-03 09:08:15 [INFO] [RESULT] predict_one(plum004T(1).JPG, conf=0.01): 2 dets, classes={'plum': 1, 'coin': 1}
2026-09-03 09:08:15 [INFO] [RESULT] predict_one(plum004S(1).JPG, conf=0.01): 2 dets, classes={'plum': 1, 'coin': 1}
2026-09-03 09:08:15 [INFO] [RESULT] predict_one(plum004S(10).JPG, conf=0.01): 2 dets, classes={'plum': 1, 'coin': 1}
2026-09-03 09:08:16 [INFO] [RESULT] predict_one(plum004S(11).JPG, conf=0.01): 2 dets, classes={'plum': 1, 'coin': 1}
2026-09-03 09:08:16 [INFO] [RESULT] predict_one(plum004S(12).JPG, conf=0.01): 2 dets, classes={'plum': 1, 'coin': 1}
2026-09-03 09:08:16 [INFO] [RESULT] predict_one(plum004S(13).JPG, conf=0.01): 2 dets, classes={'plum': 1, 'coin': 1}
2026-09-03 09:08:16 [INFO] [RESULT] predict_one(plum004S(14).JPG, conf=0.01): 2 dets, classes={'plum': 1, 'coin': 1}
2026-09-03 09:08:16 [INFO] [RESULT] predict_one(plum004S(15).JPG, conf=0.01): 2 dets, classes={'plum': 1, 'coin': 1}
2026-09-03 09:08:16 [INFO] [RESULT] predict_one(plum004S(16).JPG, conf=0.01): 2 dets, classes={'plum': 1, 'coin': 1}
2026-09-03 09:08:16 [INFO] [RESULT] predict_one(plum004S(17).JPG, conf=0.01): 2 dets, classes={'plum': 1, 'coin': 1}
2026-09-03 09:08:16 [INFO] [RESULT] predict_one(plum004S(18).JPG, conf=0.01): 2 dets, classes={'plum': 1, 'coin': 1}
2026-09-03 09:08:16 [INFO] [RESULT] predict_one(plum004S(19).JPG, conf=0.01): 2 dets, classes={'plum': 1, 'coin': 1}
2026-09-03 09:08:16 [INFO] [RESULT] predict_one(plum004S(2).JPG, conf=0.01): 2 dets, classes={'plum': 1, 'coin': 1}
2026-09-03 09:08:16 [INFO] [RESULT] predict_one(plum004S(20).JPG, conf=0.01): 2 dets, classes={'plum': 1, 'coin': 1}
2026-09-03 09:08:16 [INFO] [RESULT] predict_one(plum004S(21).JPG, conf=0.01): 2 dets, classes={'plum': 1, 'coin': 1}
2026-09-03 09:08:16 [INFO] [RESULT] predict_one(plum004S(22).JPG, conf=0.01): 2 dets, classes={'plum': 1, 'coin': 1}
2026-09-03 09:08:16 [INFO] [RESULT] predict_one(plum004S(23).JPG, conf=0.01): 2 dets, classes={'plum': 1, 'coin': 1}
2026-09-03 09:08:16 [INFO] [RESULT] predict_one(plum004S(24).JPG, conf=0.01): 2 dets, classes={'plum': 1, 'coin': 1}
2026-09-03 09:08:16 [INFO] [RESULT] predict_one(plum004S(3).JPG, conf=0.01): 2 dets, classes={'plum': 1, 'coin': 1}
2026-09-03 09:08:16 [INFO] [RESULT] predict_one(plum004S(4).JPG, conf=0.01): 2 dets, classes={'plum': 1, 'coin': 1}
2026-09-03 09:08:16 [INFO] [RESULT] predict_one(plum004S(5).JPG, conf=0.01): 2 dets, classes={'plum': 1, 'coin': 1}
2026-09-03 09:08:16 [INFO] [RESULT] predict_one(plum004S(6).JPG, conf=0.01): 2 dets, classes={'plum': 1, 'coin': 1}
2026-09-03 09:08:16 [INFO] [RESULT] predict_one(plum004S(7).JPG, conf=0.01): 2 dets, classes={'plum': 1, 'coin': 1}
2026-09-03 09:08:16 [INFO] [RESULT] predict_one(plum004S(8).JPG, conf=0.01): 2 dets, classes={'plum': 1, 'coin': 1}
2026-09-03 09:08:16 [INFO] [RESULT] predict_one(plum004S(9).JPG, conf=0.01): 2 dets, classes={'plum': 1, 'coin': 1}
2026-09-03 09:08:16 [INFO] [RESULT] predict_one(plum004T(10).JPG, conf=0.01): 2 dets, classes={'plum': 1, 'coin': 1}
2026-09-03 09:08:16 [INFO] [RESULT] predict_one(plum004T(11).JPG, conf=0.01): 2 dets, classes={'plum': 1, 'coin': 1}
2026-09-03 09:08:16 [INFO] [RESULT] predict_one(plum004T(12).JPG, conf=0.01): 2 dets, classes={'plum': 1, 'coin': 1}
2026-09-03 09:08:16 [INFO] [RESULT] predict_one(plum004T(13).JPG, conf=0.01): 2 dets, classes={'plum': 1, 'coin': 1}
2026-09-03 09:08:16 [INFO] [RESULT] predict_one(plum004T(14).JPG, conf=0.01): 2 dets, classes={'plum': 1, 'coin': 1}
2026-09-03 09:08:16 [INFO] [RESULT] predict_one(plum004T(15).JPG, conf=0.01): 2 dets, classes={'plum': 1, 'coin': 1}
2026-09-03 09:08:16 [INFO] [RESULT] predict_one(plum004T(16).JPG, conf=0.01): 2 dets, classes={'plum': 1, 'coin': 1}
2026-09-03 09:08:16 [INFO] [RESULT] predict_one(plum004T(17).JPG, conf=0.01): 2 dets, classes={'plum': 1, 'coin': 1}
2026-09-03 09:08:16 [INFO] [RESULT] predict_one(plum004T(18).JPG, conf=0.01): 2 dets, classes={'plum': 1, 'coin': 1}
2026-09-03 09:08:16 [INFO] [RESULT] predict_one(plum004T(19).JPG, conf=0.01): 2 dets, classes={'plum': 1, 'coin': 1}
2026-09-03 09:08:16 [INFO] [RESULT] predict_one(plum004T(2).JPG, conf=0.01): 2 dets, classes={'plum': 1, 'coin': 1}
2026-09-03 09:08:16 [INFO] [RESULT] predict_one(plum004T(20).JPG, conf=0.01): 2 dets, classes={'plum': 1, 'coin': 1}
2026-09-03 09:08:16 [INFO] [RESULT] predict_one(plum004T(21).JPG, conf=0.01): 2 dets, classes={'plum': 1, 'coin': 1}
2026-09-03 09:08:16 [INFO] [RESULT] predict_one(plum004T(22).JPG, conf=0.01): 2 dets, classes={'plum': 1, 'coin': 1}
2026-09-03 09:08:16 [INFO] [RESULT] predict_one(plum004T(23).JPG, conf=0.01): 2 dets, classes={'plum': 1, 'coin': 1}
2026-09-03 09:08:16 [INFO] [RESULT] predict_one(plum004T(24).JPG, conf=0.01): 2 dets, classes={'plum': 1, 'coin': 1}
2026-09-03 09:08:16 [INFO] [RESULT] predict_one(plum004T(3).JPG, conf=0.01): 2 dets, classes={'plum': 1, 'coin': 1}
2026-09-03 09:08:16 [INFO] [RESULT] predict_one(plum004T(4).JPG, conf=0.01): 2 dets, classes={'plum': 1, 'coin': 1}
2026-09-03 09:08:16 [INFO] [RESULT] predict_one(plum004T(5).JPG, conf=0.01): 2 dets, classes={'plum': 1, 'coin': 1}
2026-09-03 09:08:16 [INFO] [RESULT] predict_one(plum004T(6).JPG, conf=0.01): 2 dets, classes={'plum': 1, 'coin': 1}
2026-09-03 09:08:16 [INFO] [RESULT] predict_one(plum004T(7).JPG, conf=0.01): 2 dets, classes={'plum': 1, 'coin': 1}
2026-09-03 09:08:16 [INFO] [RESULT] predict_one(plum004T(8).JPG, conf=0.01): 2 dets, classes={'plum': 1, 'coin': 1}
2026-09-03 09:08:16 [INFO] [RESULT] predict_one(plum004T(9).JPG, conf=0.01): 2 dets, classes={'plum': 1, 'coin': 1}
2026-09-03 09:08:16 [INFO] [RESULT] predict_one(qiwi007T(1).JPG, conf=0.01): 2 dets, classes={'qiwi': 1, 'coin': 1}
2026-09-03 09:08:16 [INFO] [RESULT] predict_one(qiwi007S(1).JPG, conf=0.01): 2 dets, classes={'qiwi': 1, 'coin': 1}
2026-09-03 09:08:16 [INFO] [RESULT] predict_one(qiwi007S(10).JPG, conf=0.01): 2 dets, classes={'qiwi': 1, 'coin': 1}
2026-09-03 09:08:16 [INFO] [RESULT] predict_one(qiwi007S(11).JPG, conf=0.01): 2 dets, classes={'qiwi': 1, 'coin': 1}
2026-09-03 09:08:16 [INFO] [RESULT] predict_one(qiwi007S(12).JPG, conf=0.01): 2 dets, classes={'qiwi': 1, 'coin': 1}
2026-09-03 09:08:16 [INFO] [RESULT] predict_one(qiwi007S(2).JPG, conf=0.01): 2 dets, classes={'qiwi': 1, 'coin': 1}
2026-09-03 09:08:16 [INFO] [RESULT] predict_one(qiwi007S(3).JPG, conf=0.01): 2 dets, classes={'qiwi': 1, 'coin': 1}
2026-09-03 09:08:17 [INFO] [RESULT] predict_one(qiwi007S(4).JPG, conf=0.01): 2 dets, classes={'qiwi': 1, 'coin': 1}
2026-09-03 09:08:17 [INFO] [RESULT] predict_one(qiwi007S(5).JPG, conf=0.01): 2 dets, classes={'qiwi': 1, 'coin': 1}
2026-09-03 09:08:17 [INFO] [RESULT] predict_one(qiwi007S(6).JPG, conf=0.01): 2 dets, classes={'qiwi': 1, 'coin': 1}
2026-09-03 09:08:17 [INFO] [RESULT] predict_one(qiwi007S(7).JPG, conf=0.01): 3 dets, classes={'qiwi': 1, 'coin': 2}
2026-09-03 09:08:17 [INFO] [RESULT] predict_one(qiwi007S(8).JPG, conf=0.01): 2 dets, classes={'qiwi': 1, 'coin': 1}
2026-09-03 09:08:17 [INFO] [RESULT] predict_one(qiwi007S(9).JPG, conf=0.01): 2 dets, classes={'qiwi': 1, 'coin': 1}
2026-09-03 09:08:17 [INFO] [RESULT] predict_one(qiwi007T(10).JPG, conf=0.01): 2 dets, classes={'qiwi': 1, 'coin': 1}
2026-09-03 09:08:17 [INFO] [RESULT] predict_one(qiwi007T(11).JPG, conf=0.01): 2 dets, classes={'qiwi': 1, 'coin': 1}
2026-09-03 09:08:17 [INFO] [RESULT] predict_one(qiwi007T(12).JPG, conf=0.01): 2 dets, classes={'qiwi': 1, 'coin': 1}
2026-09-03 09:08:17 [INFO] [RESULT] predict_one(qiwi007T(2).JPG, conf=0.01): 2 dets, classes={'qiwi': 1, 'coin': 1}
2026-09-03 09:08:17 [INFO] [RESULT] predict_one(qiwi007T(3).JPG, conf=0.01): 2 dets, classes={'qiwi': 1, 'coin': 1}
2026-09-03 09:08:17 [INFO] [RESULT] predict_one(qiwi007T(4).JPG, conf=0.01): 2 dets, classes={'qiwi': 1, 'coin': 1}
2026-09-03 09:08:17 [INFO] [RESULT] predict_one(qiwi007T(5).JPG, conf=0.01): 2 dets, classes={'qiwi': 1, 'coin': 1}
2026-09-03 09:08:17 [INFO] [RESULT] predict_one(qiwi007T(6).JPG, conf=0.01): 2 dets, classes={'qiwi': 1, 'coin': 1}
2026-09-03 09:08:17 [INFO] [RESULT] predict_one(qiwi007T(7).JPG, conf=0.01): 2 dets, classes={'qiwi': 1, 'coin': 1}
2026-09-03 09:08:17 [INFO] [RESULT] predict_one(qiwi007T(8).JPG, conf=0.01): 2 dets, classes={'qiwi': 1, 'coin': 1}
2026-09-03 09:08:17 [INFO] [RESULT] predict_one(qiwi007T(9).JPG, conf=0.01): 3 dets, classes={'qiwi': 1, 'coin': 1, 'bread': 1}
2026-09-03 09:08:17 [INFO] [RESULT] predict_one(qiwi008T(1).JPG, conf=0.01): 2 dets, classes={'qiwi': 1, 'coin': 1}
2026-09-03 09:08:17 [INFO] [RESULT] predict_one(qiwi008S(1).JPG, conf=0.01): 2 dets, classes={'qiwi': 1, 'coin': 1}
2026-09-03 09:08:17 [INFO] [RESULT] predict_one(qiwi008S(2).JPG, conf=0.01): 3 dets, classes={'coin': 1, 'qiwi': 1, 'mooncake': 1}
2026-09-03 09:08:17 [INFO] [RESULT] predict_one(qiwi008S(3).JPG, conf=0.01): 3 dets, classes={'coin': 1, 'mango': 1, 'fried_dough_twist': 1}
2026-09-03 09:08:17 [INFO] [RESULT] predict_one(qiwi008S(4).JPG, conf=0.01): 2 dets, classes={'coin': 1, 'mango': 1}
2026-09-03 09:08:17 [INFO] [RESULT] predict_one(qiwi008S(5).JPG, conf=0.01): 2 dets, classes={'qiwi': 1, 'coin': 1}
2026-09-03 09:08:17 [INFO] [RESULT] predict_one(qiwi008S(6).JPG, conf=0.01): 2 dets, classes={'coin': 1, 'qiwi': 1}
2026-09-03 09:08:17 [INFO] [RESULT] predict_one(qiwi008S(7).JPG, conf=0.01): 2 dets, classes={'coin': 1, 'mango': 1}
2026-09-03 09:08:17 [INFO] [RESULT] predict_one(qiwi008S(8).JPG, conf=0.01): 2 dets, classes={'qiwi': 1, 'coin': 1}
2026-09-03 09:08:17 [INFO] [RESULT] predict_one(qiwi008S(9).JPG, conf=0.01): 2 dets, classes={'qiwi': 1, 'coin': 1}
2026-09-03 09:08:17 [INFO] [RESULT] predict_one(qiwi008T(2).JPG, conf=0.01): 5 dets, classes={'coin': 3, 'qiwi': 1, 'grape': 1}
2026-09-03 09:08:17 [INFO] [RESULT] predict_one(qiwi008T(3).JPG, conf=0.01): 5 dets, classes={'coin': 3, 'qiwi': 1, 'grape': 1}
2026-09-03 09:08:17 [INFO] [RESULT] predict_one(qiwi008T(4).JPG, conf=0.01): 4 dets, classes={'coin': 3, 'qiwi': 1}
2026-09-03 09:08:17 [INFO] [RESULT] predict_one(qiwi008T(5).JPG, conf=0.01): 4 dets, classes={'coin': 3, 'qiwi': 1}
2026-09-03 09:08:17 [INFO] [RESULT] predict_one(qiwi008T(6).JPG, conf=0.01): 3 dets, classes={'qiwi': 1, 'coin': 2}
2026-09-03 09:08:17 [INFO] [RESULT] predict_one(qiwi008T(7).JPG, conf=0.01): 3 dets, classes={'qiwi': 1, 'coin': 2}
2026-09-03 09:08:17 [INFO] [RESULT] predict_one(qiwi008T(8).JPG, conf=0.01): 3 dets, classes={'coin': 2, 'qiwi': 1}
2026-09-03 09:08:17 [INFO] [RESULT] predict_one(qiwi008T(9).JPG, conf=0.01): 2 dets, classes={'qiwi': 1, 'coin': 1}
2026-09-03 09:08:17 [INFO] [RESULT] predict_one(sachima004T(1).JPG, conf=0.01): 2 dets, classes={'sachima': 1, 'coin': 1}
2026-09-03 09:08:17 [INFO] [RESULT] predict_one(sachima004S(1).JPG, conf=0.01): 2 dets, classes={'sachima': 1, 'coin': 1}
2026-09-03 09:08:17 [INFO] [RESULT] predict_one(sachima004S(10).JPG, conf=0.01): 2 dets, classes={'sachima': 1, 'coin': 1}
2026-09-03 09:08:17 [INFO] [RESULT] predict_one(sachima004S(11).JPG, conf=0.01): 2 dets, classes={'sachima': 1, 'coin': 1}
2026-09-03 09:08:17 [INFO] [RESULT] predict_one(sachima004S(12).JPG, conf=0.01): 2 dets, classes={'coin': 1, 'sachima': 1}
2026-09-03 09:08:17 [INFO] [RESULT] predict_one(sachima004S(13).JPG, conf=0.01): 2 dets, classes={'sachima': 1, 'coin': 1}
2026-09-03 09:08:17 [INFO] [RESULT] predict_one(sachima004S(2).JPG, conf=0.01): 2 dets, classes={'sachima': 1, 'coin': 1}
2026-09-03 09:08:17 [INFO] [RESULT] predict_one(sachima004S(3).JPG, conf=0.01): 2 dets, classes={'sachima': 1, 'coin': 1}
2026-09-03 09:08:17 [INFO] [RESULT] predict_one(sachima004S(4).JPG, conf=0.01): 2 dets, classes={'sachima': 1, 'coin': 1}
2026-09-03 09:08:17 [INFO] [RESULT] predict_one(sachima004S(5).JPG, conf=0.01): 2 dets, classes={'sachima': 1, 'coin': 1}
2026-09-03 09:08:17 [INFO] [RESULT] predict_one(sachima004S(6).JPG, conf=0.01): 2 dets, classes={'sachima': 1, 'coin': 1}
2026-09-03 09:08:17 [INFO] [RESULT] predict_one(sachima004S(7).JPG, conf=0.01): 2 dets, classes={'sachima': 1, 'coin': 1}
2026-09-03 09:08:17 [INFO] [RESULT] predict_one(sachima004S(8).JPG, conf=0.01): 2 dets, classes={'sachima': 1, 'coin': 1}
2026-09-03 09:08:17 [INFO] [RESULT] predict_one(sachima004S(9).JPG, conf=0.01): 2 dets, classes={'sachima': 1, 'coin': 1}
2026-09-03 09:08:18 [INFO] [RESULT] predict_one(sachima004T(10).JPG, conf=0.01): 2 dets, classes={'sachima': 1, 'coin': 1}
2026-09-03 09:08:18 [INFO] [RESULT] predict_one(sachima004T(11).JPG, conf=0.01): 2 dets, classes={'sachima': 1, 'coin': 1}
2026-09-03 09:08:18 [INFO] [RESULT] predict_one(sachima004T(12).JPG, conf=0.01): 2 dets, classes={'sachima': 1, 'coin': 1}
2026-09-03 09:08:18 [INFO] [RESULT] predict_one(sachima004T(13).JPG, conf=0.01): 2 dets, classes={'sachima': 1, 'coin': 1}
2026-09-03 09:08:18 [INFO] [RESULT] predict_one(sachima004T(2).JPG, conf=0.01): 2 dets, classes={'sachima': 1, 'coin': 1}
2026-09-03 09:08:18 [INFO] [RESULT] predict_one(sachima004T(3).JPG, conf=0.01): 2 dets, classes={'sachima': 1, 'coin': 1}
2026-09-03 09:08:18 [INFO] [RESULT] predict_one(sachima004T(4).JPG, conf=0.01): 2 dets, classes={'sachima': 1, 'coin': 1}
2026-09-03 09:08:18 [INFO] [RESULT] predict_one(sachima004T(5).JPG, conf=0.01): 2 dets, classes={'sachima': 1, 'coin': 1}
2026-09-03 09:08:18 [INFO] [RESULT] predict_one(sachima004T(6).JPG, conf=0.01): 2 dets, classes={'sachima': 1, 'coin': 1}
2026-09-03 09:08:18 [INFO] [RESULT] predict_one(sachima004T(7).JPG, conf=0.01): 2 dets, classes={'sachima': 1, 'coin': 1}
2026-09-03 09:08:18 [INFO] [RESULT] predict_one(sachima004T(8).JPG, conf=0.01): 3 dets, classes={'sachima': 1, 'coin': 2}
2026-09-03 09:08:18 [INFO] [RESULT] predict_one(sachima004T(9).JPG, conf=0.01): 2 dets, classes={'sachima': 1, 'coin': 1}
2026-09-03 09:08:18 [INFO] [RESULT] predict_one(sachima005T(1).JPG, conf=0.01): 2 dets, classes={'sachima': 1, 'coin': 1}
2026-09-03 09:08:18 [INFO] [RESULT] predict_one(sachima005S(1).JPG, conf=0.01): 2 dets, classes={'sachima': 1, 'coin': 1}
2026-09-03 09:08:18 [INFO] [RESULT] predict_one(sachima005S(10).JPG, conf=0.01): 2 dets, classes={'sachima': 1, 'coin': 1}
2026-09-03 09:08:18 [INFO] [RESULT] predict_one(sachima005S(11).JPG, conf=0.01): 2 dets, classes={'sachima': 1, 'coin': 1}
2026-09-03 09:08:18 [INFO] [RESULT] predict_one(sachima005S(12).JPG, conf=0.01): 2 dets, classes={'sachima': 1, 'coin': 1}
2026-09-03 09:08:18 [INFO] [RESULT] predict_one(sachima005S(13).JPG, conf=0.01): 2 dets, classes={'sachima': 1, 'coin': 1}
2026-09-03 09:08:18 [INFO] [RESULT] predict_one(sachima005S(14).JPG, conf=0.01): 2 dets, classes={'sachima': 1, 'coin': 1}
2026-09-03 09:08:18 [INFO] [RESULT] predict_one(sachima005S(15).JPG, conf=0.01): 2 dets, classes={'sachima': 1, 'coin': 1}
2026-09-03 09:08:18 [INFO] [RESULT] predict_one(sachima005S(16).JPG, conf=0.01): 2 dets, classes={'coin': 1, 'sachima': 1}
2026-09-03 09:08:18 [INFO] [RESULT] predict_one(sachima005S(17).JPG, conf=0.01): 2 dets, classes={'sachima': 1, 'coin': 1}
2026-09-03 09:08:18 [INFO] [RESULT] predict_one(sachima005S(18).JPG, conf=0.01): 2 dets, classes={'sachima': 1, 'coin': 1}
2026-09-03 09:08:18 [INFO] [RESULT] predict_one(sachima005S(19).JPG, conf=0.01): 2 dets, classes={'sachima': 1, 'coin': 1}
2026-09-03 09:08:18 [INFO] [RESULT] predict_one(sachima005S(2).JPG, conf=0.01): 2 dets, classes={'sachima': 1, 'coin': 1}
2026-09-03 09:08:18 [INFO] [RESULT] predict_one(sachima005S(20).JPG, conf=0.01): 2 dets, classes={'sachima': 1, 'coin': 1}
2026-09-03 09:08:18 [INFO] [RESULT] predict_one(sachima005S(21).JPG, conf=0.01): 2 dets, classes={'coin': 1, 'sachima': 1}
2026-09-03 09:08:18 [INFO] [RESULT] predict_one(sachima005S(22).JPG, conf=0.01): 2 dets, classes={'sachima': 1, 'coin': 1}
2026-09-03 09:08:18 [INFO] [RESULT] predict_one(sachima005S(3).JPG, conf=0.01): 2 dets, classes={'sachima': 1, 'coin': 1}
2026-09-03 09:08:18 [INFO] [RESULT] predict_one(sachima005S(4).JPG, conf=0.01): 2 dets, classes={'sachima': 1, 'coin': 1}
2026-09-03 09:08:18 [INFO] [RESULT] predict_one(sachima005S(5).JPG, conf=0.01): 2 dets, classes={'sachima': 1, 'coin': 1}
2026-09-03 09:08:18 [INFO] [RESULT] predict_one(sachima005S(6).JPG, conf=0.01): 2 dets, classes={'sachima': 1, 'coin': 1}
2026-09-03 09:08:18 [INFO] [RESULT] predict_one(sachima005S(7).JPG, conf=0.01): 2 dets, classes={'sachima': 1, 'coin': 1}
2026-09-03 09:08:18 [INFO] [RESULT] predict_one(sachima005S(8).JPG, conf=0.01): 2 dets, classes={'sachima': 1, 'coin': 1}
2026-09-03 09:08:18 [INFO] [RESULT] predict_one(sachima005S(9).JPG, conf=0.01): 2 dets, classes={'sachima': 1, 'coin': 1}
2026-09-03 09:08:18 [INFO] [RESULT] predict_one(sachima005T(10).JPG, conf=0.01): 2 dets, classes={'sachima': 1, 'coin': 1}
2026-09-03 09:08:18 [INFO] [RESULT] predict_one(sachima005T(11).JPG, conf=0.01): 2 dets, classes={'sachima': 1, 'coin': 1}
2026-09-03 09:08:18 [INFO] [RESULT] predict_one(sachima005T(12).JPG, conf=0.01): 2 dets, classes={'sachima': 1, 'coin': 1}
2026-09-03 09:08:18 [INFO] [RESULT] predict_one(sachima005T(13).JPG, conf=0.01): 2 dets, classes={'sachima': 1, 'coin': 1}
2026-09-03 09:08:18 [INFO] [RESULT] predict_one(sachima005T(14).JPG, conf=0.01): 2 dets, classes={'sachima': 1, 'coin': 1}
2026-09-03 09:08:18 [INFO] [RESULT] predict_one(sachima005T(15).JPG, conf=0.01): 2 dets, classes={'sachima': 1, 'coin': 1}
2026-09-03 09:08:18 [INFO] [RESULT] predict_one(sachima005T(16).JPG, conf=0.01): 2 dets, classes={'sachima': 1, 'coin': 1}
2026-09-03 09:08:18 [INFO] [RESULT] predict_one(sachima005T(17).JPG, conf=0.01): 2 dets, classes={'sachima': 1, 'coin': 1}
2026-09-03 09:08:18 [INFO] [RESULT] predict_one(sachima005T(18).JPG, conf=0.01): 2 dets, classes={'sachima': 1, 'coin': 1}
2026-09-03 09:08:18 [INFO] [RESULT] predict_one(sachima005T(19).JPG, conf=0.01): 2 dets, classes={'sachima': 1, 'coin': 1}
2026-09-03 09:08:18 [INFO] [RESULT] predict_one(sachima005T(2).JPG, conf=0.01): 2 dets, classes={'sachima': 1, 'coin': 1}
2026-09-03 09:08:18 [INFO] [RESULT] predict_one(sachima005T(20).JPG, conf=0.01): 2 dets, classes={'sachima': 1, 'coin': 1}
2026-09-03 09:08:19 [INFO] [RESULT] predict_one(sachima005T(21).JPG, conf=0.01): 2 dets, classes={'sachima': 1, 'coin': 1}
2026-09-03 09:08:19 [INFO] [RESULT] predict_one(sachima005T(22).JPG, conf=0.01): 2 dets, classes={'sachima': 1, 'coin': 1}
2026-09-03 09:08:19 [INFO] [RESULT] predict_one(sachima005T(3).JPG, conf=0.01): 2 dets, classes={'sachima': 1, 'coin': 1}
2026-09-03 09:08:19 [INFO] [RESULT] predict_one(sachima005T(4).JPG, conf=0.01): 2 dets, classes={'sachima': 1, 'coin': 1}
2026-09-03 09:08:19 [INFO] [RESULT] predict_one(sachima005T(5).JPG, conf=0.01): 2 dets, classes={'sachima': 1, 'coin': 1}
2026-09-03 09:08:19 [INFO] [RESULT] predict_one(sachima005T(6).JPG, conf=0.01): 2 dets, classes={'sachima': 1, 'coin': 1}
2026-09-03 09:08:19 [INFO] [RESULT] predict_one(sachima005T(7).JPG, conf=0.01): 2 dets, classes={'sachima': 1, 'coin': 1}
2026-09-03 09:08:19 [INFO] [RESULT] predict_one(sachima005T(8).JPG, conf=0.01): 2 dets, classes={'sachima': 1, 'coin': 1}
2026-09-03 09:08:19 [INFO] [RESULT] predict_one(sachima005T(9).JPG, conf=0.01): 2 dets, classes={'sachima': 1, 'coin': 1}
2026-09-03 09:08:19 [INFO] [RESULT] predict_one(tomato004T(1).JPG, conf=0.01): 2 dets, classes={'tomato': 1, 'coin': 1}
2026-09-03 09:08:19 [INFO] [RESULT] predict_one(tomato004S(1).JPG, conf=0.01): 2 dets, classes={'tomato': 1, 'coin': 1}
2026-09-03 09:08:19 [INFO] [RESULT] predict_one(tomato004S(10).JPG, conf=0.01): 2 dets, classes={'tomato': 1, 'coin': 1}
2026-09-03 09:08:19 [INFO] [RESULT] predict_one(tomato004S(11).JPG, conf=0.01): 2 dets, classes={'tomato': 1, 'coin': 1}
2026-09-03 09:08:19 [INFO] [RESULT] predict_one(tomato004S(12).JPG, conf=0.01): 2 dets, classes={'coin': 1, 'tomato': 1}
2026-09-03 09:08:19 [INFO] [RESULT] predict_one(tomato004S(13).JPG, conf=0.01): 2 dets, classes={'tomato': 1, 'coin': 1}
2026-09-03 09:08:19 [INFO] [RESULT] predict_one(tomato004S(14).JPG, conf=0.01): 2 dets, classes={'tomato': 1, 'coin': 1}
2026-09-03 09:08:19 [INFO] [RESULT] predict_one(tomato004S(15).JPG, conf=0.01): 3 dets, classes={'tomato': 1, 'coin': 2}
2026-09-03 09:08:19 [INFO] [RESULT] predict_one(tomato004S(16).JPG, conf=0.01): 3 dets, classes={'tomato': 1, 'coin': 2}
2026-09-03 09:08:19 [INFO] [RESULT] predict_one(tomato004S(17).JPG, conf=0.01): 2 dets, classes={'tomato': 1, 'coin': 1}
2026-09-03 09:08:19 [INFO] [RESULT] predict_one(tomato004S(18).JPG, conf=0.01): 2 dets, classes={'tomato': 1, 'coin': 1}
2026-09-03 09:08:19 [INFO] [RESULT] predict_one(tomato004S(19).JPG, conf=0.01): 2 dets, classes={'tomato': 1, 'coin': 1}
2026-09-03 09:08:19 [INFO] [RESULT] predict_one(tomato004S(2).JPG, conf=0.01): 4 dets, classes={'coin': 2, 'tomato': 1, 'qiwi': 1}
2026-09-03 09:08:19 [INFO] [RESULT] predict_one(tomato004S(20).JPG, conf=0.01): 2 dets, classes={'tomato': 1, 'coin': 1}
2026-09-03 09:08:19 [INFO] [RESULT] predict_one(tomato004S(21).JPG, conf=0.01): 2 dets, classes={'tomato': 1, 'coin': 1}
2026-09-03 09:08:19 [INFO] [RESULT] predict_one(tomato004S(22).JPG, conf=0.01): 2 dets, classes={'tomato': 1, 'coin': 1}
2026-09-03 09:08:19 [INFO] [RESULT] predict_one(tomato004S(23).JPG, conf=0.01): 2 dets, classes={'tomato': 1, 'coin': 1}
2026-09-03 09:08:19 [INFO] [RESULT] predict_one(tomato004S(24).JPG, conf=0.01): 2 dets, classes={'tomato': 1, 'coin': 1}
2026-09-03 09:08:19 [INFO] [RESULT] predict_one(tomato004S(25).JPG, conf=0.01): 2 dets, classes={'tomato': 1, 'coin': 1}
2026-09-03 09:08:19 [INFO] [RESULT] predict_one(tomato004S(26).JPG, conf=0.01): 2 dets, classes={'tomato': 1, 'coin': 1}
2026-09-03 09:08:19 [INFO] [RESULT] predict_one(tomato004S(27).JPG, conf=0.01): 3 dets, classes={'tomato': 1, 'coin': 2}
2026-09-03 09:08:19 [INFO] [RESULT] predict_one(tomato004S(3).JPG, conf=0.01): 2 dets, classes={'tomato': 1, 'coin': 1}
2026-09-03 09:08:19 [INFO] [RESULT] predict_one(tomato004S(4).JPG, conf=0.01): 4 dets, classes={'tomato': 1, 'coin': 2, 'qiwi': 1}
2026-09-03 09:08:19 [INFO] [RESULT] predict_one(tomato004S(5).JPG, conf=0.01): 2 dets, classes={'tomato': 1, 'coin': 1}
2026-09-03 09:08:19 [INFO] [RESULT] predict_one(tomato004S(6).JPG, conf=0.01): 2 dets, classes={'tomato': 1, 'coin': 1}
2026-09-03 09:08:19 [INFO] [RESULT] predict_one(tomato004S(7).JPG, conf=0.01): 2 dets, classes={'tomato': 1, 'coin': 1}
2026-09-03 09:08:19 [INFO] [RESULT] predict_one(tomato004S(8).JPG, conf=0.01): 4 dets, classes={'tomato': 1, 'coin': 2, 'qiwi': 1}
2026-09-03 09:08:19 [INFO] [RESULT] predict_one(tomato004S(9).JPG, conf=0.01): 2 dets, classes={'tomato': 1, 'coin': 1}
2026-09-03 09:08:19 [INFO] [RESULT] predict_one(tomato004T(10).JPG, conf=0.01): 2 dets, classes={'tomato': 1, 'coin': 1}
2026-09-03 09:08:19 [INFO] [RESULT] predict_one(tomato004T(11).JPG, conf=0.01): 2 dets, classes={'tomato': 1, 'coin': 1}
2026-09-03 09:08:19 [INFO] [RESULT] predict_one(tomato004T(12).JPG, conf=0.01): 2 dets, classes={'tomato': 1, 'coin': 1}
2026-09-03 09:08:19 [INFO] [RESULT] predict_one(tomato004T(13).JPG, conf=0.01): 2 dets, classes={'tomato': 1, 'coin': 1}
2026-09-03 09:08:19 [INFO] [RESULT] predict_one(tomato004T(14).JPG, conf=0.01): 2 dets, classes={'tomato': 1, 'coin': 1}
2026-09-03 09:08:19 [INFO] [RESULT] predict_one(tomato004T(15).JPG, conf=0.01): 2 dets, classes={'tomato': 1, 'coin': 1}
2026-09-03 09:08:19 [INFO] [RESULT] predict_one(tomato004T(16).JPG, conf=0.01): 2 dets, classes={'tomato': 1, 'coin': 1}
2026-09-03 09:08:19 [INFO] [RESULT] predict_one(tomato004T(17).JPG, conf=0.01): 2 dets, classes={'tomato': 1, 'coin': 1}
2026-09-03 09:08:20 [INFO] [RESULT] predict_one(tomato004T(18).JPG, conf=0.01): 2 dets, classes={'tomato': 1, 'coin': 1}
2026-09-03 09:08:20 [INFO] [RESULT] predict_one(tomato004T(19).JPG, conf=0.01): 2 dets, classes={'tomato': 1, 'coin': 1}
2026-09-03 09:08:20 [INFO] [RESULT] predict_one(tomato004T(2).JPG, conf=0.01): 2 dets, classes={'tomato': 1, 'coin': 1}
2026-09-03 09:08:20 [INFO] [RESULT] predict_one(tomato004T(20).JPG, conf=0.01): 2 dets, classes={'tomato': 1, 'coin': 1}
2026-09-03 09:08:20 [INFO] [RESULT] predict_one(tomato004T(21).JPG, conf=0.01): 2 dets, classes={'tomato': 1, 'coin': 1}
2026-09-03 09:08:20 [INFO] [RESULT] predict_one(tomato004T(22).JPG, conf=0.01): 2 dets, classes={'tomato': 1, 'coin': 1}
2026-09-03 09:08:20 [INFO] [RESULT] predict_one(tomato004T(23).JPG, conf=0.01): 2 dets, classes={'tomato': 1, 'coin': 1}
2026-09-03 09:08:20 [INFO] [RESULT] predict_one(tomato004T(24).JPG, conf=0.01): 2 dets, classes={'tomato': 1, 'coin': 1}
2026-09-03 09:08:20 [INFO] [RESULT] predict_one(tomato004T(25).JPG, conf=0.01): 2 dets, classes={'tomato': 1, 'coin': 1}
2026-09-03 09:08:20 [INFO] [RESULT] predict_one(tomato004T(26).JPG, conf=0.01): 2 dets, classes={'tomato': 1, 'coin': 1}
2026-09-03 09:08:20 [INFO] [RESULT] predict_one(tomato004T(27).JPG, conf=0.01): 2 dets, classes={'tomato': 1, 'coin': 1}
2026-09-03 09:08:20 [INFO] [RESULT] predict_one(tomato004T(3).JPG, conf=0.01): 2 dets, classes={'tomato': 1, 'coin': 1}
2026-09-03 09:08:20 [INFO] [RESULT] predict_one(tomato004T(4).JPG, conf=0.01): 2 dets, classes={'tomato': 1, 'coin': 1}
2026-09-03 09:08:20 [INFO] [RESULT] predict_one(tomato004T(5).JPG, conf=0.01): 2 dets, classes={'tomato': 1, 'coin': 1}
2026-09-03 09:08:20 [INFO] [RESULT] predict_one(tomato004T(6).JPG, conf=0.01): 2 dets, classes={'tomato': 1, 'coin': 1}
2026-09-03 09:08:20 [INFO] [RESULT] predict_one(tomato004T(7).JPG, conf=0.01): 2 dets, classes={'tomato': 1, 'coin': 1}
2026-09-03 09:08:20 [INFO] [RESULT] predict_one(tomato004T(8).JPG, conf=0.01): 2 dets, classes={'tomato': 1, 'coin': 1}
2026-09-03 09:08:20 [INFO] [RESULT] predict_one(tomato004T(9).JPG, conf=0.01): 2 dets, classes={'tomato': 1, 'coin': 1}
2026-09-03 09:08:20 [INFO]   Samples after pairing: 6398
2026-09-03 09:08:20 [INFO]   Unique pairs with samples: 6367 / 6398
2026-09-03 09:08:20 [INFO]   Overall ME_vol=4.0355%  |ME_vol|=24.5409%  ME_mass=0.6773%  (n_classes=19)
2026-09-03 09:08:20 [INFO]   Wrote: E:\AI_Research\dlt8\outputs\predictions\07_e2e_yolov8_paper_faithful_20260903-090734\samples_test_final_conf30_beta.csv
2026-09-03 09:08:20 [INFO]   Wrote: E:\AI_Research\dlt8\outputs\predictions\07_e2e_yolov8_paper_faithful_20260903-090734\report_test_final_conf30_beta.json
2026-09-03 09:08:20 [INFO] Pipeline run finished successfully. Artifacts: {'csv': WindowsPath('E:/AI_Research/dlt8/outputs/predictions/07_e2e_yolov8_paper_faithful_20260903-090734/samples_test_final_conf30_beta.csv'), 'json': WindowsPath('E:/AI_Research/dlt8/outputs/predictions/07_e2e_yolov8_paper_faithful_20260903-090734/report_test_final_conf30_beta.json')}
2026-09-03 09:08:20 [INFO] Beta calibrated for 19 classes.
2026-09-03 09:08:20 [INFO]   range  : [0.5989, 1.2437]
2026-09-03 09:08:20 [INFO]   median : 0.9060
2026-09-03 09:08:20 [INFO] [timer] Speed report saved -> E:\AI_Research\dlt8\outputs\predictions\07_e2e_yolov8_paper_faithful_20260903-090734\speed_per_image.json
2026-09-03 09:08:20 [INFO] Summary written -> E:\AI_Research\dlt8\outputs\predictions\07_e2e_yolov8_paper_faithful_20260903-090734\summary.txt
